"ï»¿""Symbol  """,Series,Date,Prev Close,Open Price,High Price,Low Price,Last Price,Close Price,Average Price,Total Traded Quantity,Turnover â¹,No. of Trades
NETFAUTO,EQ,2022-01-25,115.94,119.3,119.3,108.05,118.0,115.77,114.99,"39,629","45,57,129.87",342
NETFAUTO,EQ,2022-01-27,115.77,118.0,118.0,113.19,117.0,114.37,114.48,"22,451","25,70,176.91",431
NETFAUTO,EQ,2022-01-28,114.37,116.1,118.0,115.25,115.5,115.38,116.98,"20,173","23,59,853.39",229
NETFAUTO,EQ,2022-01-31,115.38,118.0,118.98,116.0,118.6,117.42,117.11,"23,694","27,74,875.43",289
NETFAUTO,EQ,2022-02-01,117.42,120.4,120.4,115.6,116.65,116.64,117.27,"11,923","13,98,157.45",318
NETFAUTO,EQ,2022-02-02,116.64,116.5,120.75,116.5,117.0,116.83,117.37,"28,473","33,41,848.44",278
NETFAUTO,EQ,2022-02-03,116.83,118.98,120.5,115.65,116.95,117.43,117.76,"32,903","38,74,562.80",358
NETFAUTO,EQ,2022-02-04,117.43,119.49,119.49,115.8,115.95,115.94,116.51,"23,542","27,42,987.14",460
NETFAUTO,EQ,2022-02-07,115.94,115.94,117.98,113.63,114.4,114.42,114.79,"27,206","31,23,025.92",562
NETFAUTO,EQ,2022-02-08,114.42,114.6,115.9,112.15,114.45,114.15,114.64,"29,365","33,66,288.21",422
NETFAUTO,EQ,2022-02-09,114.15,116.7,116.9,114.6,116.54,116.56,115.97,"24,972","28,96,015.04",301
NETFAUTO,EQ,2022-02-10,116.56,116.56,119.44,115.88,116.97,116.98,117.52,"21,435","25,18,937.96",208
NETFAUTO,EQ,2022-02-11,116.98,116.98,116.98,115.02,115.73,115.84,115.93,"29,216","33,86,892.24",259
NETFAUTO,EQ,2022-02-14,115.84,116.79,116.79,111.05,111.19,111.26,112.72,"72,674","81,92,095.57","1,018"
NETFAUTO,EQ,2022-02-15,111.26,112.95,115.48,110.0,115.47,115.14,113.26,"23,987","27,16,796.96",364
NETFAUTO,EQ,2022-02-16,115.14,118.94,118.94,114.6,115.86,115.29,115.65,"10,072","11,64,820.27",161
NETFAUTO,EQ,2022-02-17,115.29,114.68,116.81,114.68,115.14,115.18,115.6,"15,044","17,39,102.67",180
NETFAUTO,EQ,2022-02-18,115.18,112.9,116.0,112.9,114.5,114.54,114.83,"9,828","11,28,512.64",183
NETFAUTO,EQ,2022-02-21,114.54,116.49,116.49,112.1,114.3,114.13,113.62,"16,821","19,11,284.70",239
NETFAUTO,EQ,2022-02-22,114.13,111.85,120.3,111.85,115.16,114.12,114.9,"56,957","65,44,524.47",527
NETFAUTO,EQ,2022-02-23,114.12,115.78,115.78,112.0,113.38,113.69,114.26,"12,634","14,43,607.60",153
NETFAUTO,EQ,2022-02-24,113.69,110.0,113.45,106.71,110.44,109.08,108.74,"87,673","95,33,551.66","1,252"
NETFAUTO,EQ,2022-02-25,109.08,112.45,113.9,109.17,109.4,109.54,110.04,"13,486","14,83,937.87",288
NETFAUTO,EQ,2022-02-28,109.54,109.54,110.93,106.92,109.65,109.54,108.28,"9,809","10,62,093.80",331
NETFAUTO,EQ,2022-03-02,109.54,110.98,110.98,105.12,105.5,105.53,106.41,"51,051","54,32,190.84","1,152"
NETFAUTO,EQ,2022-03-03,105.53,107.49,107.49,102.8,102.8,103.12,104.1,"44,724","46,55,863.15",989
NETFAUTO,EQ,2022-03-04,103.12,103.0,103.0,99.0,99.58,99.71,100.18,"84,679","84,83,151.36","1,328"
NETFAUTO,EQ,2022-03-07,99.71,99.75,104.69,95.99,101.05,101.34,97.97,"59,027","57,83,032.86","1,266"
NETFAUTO,EQ,2022-03-08,101.34,100.0,100.0,92.01,96.12,96.07,94.6,"2,19,478","2,07,62,692.77","2,535"
NETFAUTO,EQ,2022-03-09,96.07,96.92,99.0,96.02,98.9,98.43,97.61,"36,745","35,86,701.18",498
NETFAUTO,EQ,2022-03-10,98.43,102.41,104.1,98.9,100.15,100.52,102.28,"76,654","78,40,135.63",485
NETFAUTO,EQ,2022-03-11,100.52,101.39,101.39,99.4,100.0,100.32,100.17,"35,037","35,09,771.35",294
NETFAUTO,EQ,2022-03-14,100.32,101.79,101.79,98.75,101.29,101.19,100.08,"21,254","21,27,138.75",344
NETFAUTO,EQ,2022-03-15,101.19,100.8,103.56,99.0,101.74,101.82,101.56,"58,945","59,86,180.48",449
NETFAUTO,EQ,2022-03-16,101.82,103.0,104.5,101.03,103.24,103.08,103.13,"21,433","22,10,402.88",225
NETFAUTO,EQ,2022-03-17,103.08,103.08,106.31,103.08,106.0,105.62,105.4,"44,284","46,67,719.20",341
NETFAUTO,EQ,2022-03-21,105.62,106.0,106.78,104.23,104.68,104.98,106.03,"24,507","25,98,488.60",335
NETFAUTO,EQ,2022-03-22,104.98,108.5,108.5,103.4,105.69,105.75,105.19,"29,116","30,62,712.05",321
NETFAUTO,EQ,2022-03-23,105.75,106.95,106.95,103.85,105.22,105.06,104.87,"28,853","30,25,690.71",274
NETFAUTO,EQ,2022-03-24,105.06,106.0,106.41,102.9,104.6,104.64,103.97,"24,842","25,82,729.46",273
NETFAUTO,EQ,2022-03-25,104.64,105.66,105.66,102.63,104.0,104.03,104.05,"18,551","19,30,183.80",253
NETFAUTO,EQ,2022-03-28,104.03,104.03,105.48,102.6,103.68,104.3,103.92,"9,429","9,79,831.37",256
NETFAUTO,EQ,2022-03-29,104.3,104.3,105.5,103.37,103.9,104.23,104.26,"91,176","95,06,294.49",168
NETFAUTO,EQ,2022-03-30,104.23,105.5,106.1,105.12,105.31,105.44,105.67,"29,619","31,29,855.05",201
NETFAUTO,EQ,2022-03-31,105.44,105.13,106.3,104.76,105.98,105.54,105.85,"13,139","13,90,707.66",171
NETFAUTO,EQ,2022-04-01,105.54,108.95,108.95,104.76,107.0,106.88,106.33,"18,475","19,64,493.92",246
NETFAUTO,EQ,2022-04-04,106.88,107.7,108.52,106.6,108.3,108.17,107.68,"17,790","19,15,687.45",256
NETFAUTO,EQ,2022-04-05,108.17,108.35,110.25,108.2,109.75,110.06,109.61,"18,663","20,45,617.55",263
NETFAUTO,EQ,2022-04-06,110.06,113.9,113.9,108.07,109.6,109.12,108.8,"20,384","22,17,703.60",247
NETFAUTO,EQ,2022-04-07,109.12,109.12,109.89,108.23,108.23,108.8,108.94,"8,492","9,25,076.56",209
NETFAUTO,EQ,2022-04-08,108.8,109.8,109.82,108.1,109.1,109.16,108.97,"8,227","8,96,494.45",176
NETFAUTO,EQ,2022-04-11,109.16,109.74,109.74,108.12,109.43,109.15,109.1,"14,024","15,29,962.28",206
NETFAUTO,EQ,2022-04-12,109.15,106.33,111.68,106.33,108.0,108.23,108.12,"6,931","7,49,359.77",290
NETFAUTO,EQ,2022-04-13,108.23,111.75,111.75,107.5,107.5,107.58,108.51,"15,586","16,91,243.10",177
NETFAUTO,EQ,2022-04-18,107.58,106.98,108.0,106.94,107.7,107.62,107.26,"11,938","12,80,501.04",272
NETFAUTO,EQ,2022-04-19,107.62,107.03,109.0,105.37,107.98,106.97,107.72,"20,318","21,88,632.07",262
NETFAUTO,EQ,2022-04-20,106.97,107.94,109.0,107.1,109.0,108.74,108.65,"39,092","42,47,362.01",189
NETFAUTO,EQ,2022-04-21,108.74,112.0,112.0,108.05,110.74,110.87,110.16,"20,249","22,30,640.46",233
NETFAUTO,EQ,2022-04-22,110.87,109.08,111.47,109.08,110.15,110.2,110.31,"10,472","11,55,199.71",236
NETFAUTO,EQ,2022-04-25,110.2,112.0,112.0,108.07,109.6,109.66,109.84,"15,356","16,86,702.66",248
NETFAUTO,EQ,2022-04-26,109.66,111.48,112.5,109.5,112.4,112.29,111.72,"20,082","22,43,573.85",206
NETFAUTO,EQ,2022-04-27,112.29,113.9,113.9,110.91,112.14,112.34,111.72,"17,688","19,76,171.33",187
NETFAUTO,EQ,2022-04-28,112.34,112.14,112.8,111.57,112.0,112.11,111.99,"12,088","13,53,701.15",154
NETFAUTO,EQ,2022-04-29,112.11,113.68,113.68,110.7,113.0,111.29,112.28,"14,873","16,69,906.34",235
NETFAUTO,EQ,2022-05-02,111.29,110.6,111.9,109.68,110.0,110.02,110.1,"14,028","15,44,533.83",293
NETFAUTO,EQ,2022-05-04,110.02,113.5,113.5,107.0,108.0,107.48,108.36,"21,296","23,07,740.54",399
NETFAUTO,EQ,2022-05-05,107.48,108.98,109.94,107.1,109.94,107.86,108.4,"6,024","6,53,021.41",191
NETFAUTO,EQ,2022-05-06,107.86,107.85,107.85,105.5,107.0,105.84,106.09,"9,043","9,59,375.76",339
NETFAUTO,EQ,2022-05-09,105.84,110.0,110.0,103.85,105.2,105.18,104.95,"19,082","20,02,729.09",281
AUTOBEES,EQ,2022-05-10,105.18,106.0,106.5,103.83,103.83,104.76,105.88,"25,199","26,68,043.43",159
AUTOBEES,EQ,2022-05-11,104.76,109.0,114.0,102.8,104.55,104.44,104.03,"8,555","8,90,004.13",279
AUTOBEES,EQ,2022-05-12,104.44,103.56,104.36,101.36,103.0,102.71,102.18,"13,790","14,09,069.80",419
AUTOBEES,EQ,2022-05-13,102.71,103.74,106.48,103.0,104.82,104.73,105.38,"12,641","13,32,081.43",213
AUTOBEES,EQ,2022-05-16,104.73,106.18,107.25,104.5,107.19,107.15,106.16,"1,76,627","1,87,49,861.70",237
AUTOBEES,EQ,2022-05-17,107.15,109.49,109.72,107.05,109.71,109.44,108.5,"12,647","13,72,169.41",193
AUTOBEES,EQ,2022-05-18,109.44,109.44,110.68,109.11,110.0,109.56,109.93,"9,726","10,69,225.26",172
AUTOBEES,EQ,2022-05-19,109.56,109.49,109.49,105.13,106.97,106.82,107.54,"16,506","17,75,064.38",252
AUTOBEES,EQ,2022-05-20,106.82,108.48,111.01,107.0,108.6,109.24,109.65,"21,980","24,10,149.67",216
AUTOBEES,EQ,2022-05-23,109.24,111.5,112.49,110.0,110.13,111.18,111.4,"28,012","31,20,556.67",267
AUTOBEES,EQ,2022-05-24,111.18,110.15,112.8,110.15,111.22,111.28,111.67,"12,777","14,26,832.02",149
AUTOBEES,EQ,2022-05-25,111.28,111.6,112.76,109.8,110.21,110.23,110.47,"10,074","11,12,838.69",185
AUTOBEES,EQ,2022-05-26,110.23,111.78,111.78,108.78,111.4,111.17,110.28,"6,314","6,96,314.67",202
AUTOBEES,EQ,2022-05-27,111.17,112.75,113.38,111.1,113.27,113.29,112.62,"16,566","18,65,674.21",268
AUTOBEES,EQ,2022-05-30,113.29,115.0,115.97,112.0,115.64,115.43,115.1,"24,285","27,95,283.91",396
AUTOBEES,EQ,2022-05-31,115.43,116.42,117.25,115.75,116.74,116.31,116.24,"53,793","62,52,946.91",324
AUTOBEES,EQ,2022-06-01,116.31,116.4,117.88,115.04,115.68,116.32,116.12,"24,565","28,52,459.03",219
AUTOBEES,EQ,2022-06-02,116.32,116.0,116.0,114.3,115.32,115.02,115.47,"23,877","27,57,130.57",271
AUTOBEES,EQ,2022-06-03,115.02,116.48,116.68,112.79,113.66,113.36,114.12,"27,513","31,39,914.64",337
AUTOBEES,EQ,2022-06-06,113.36,114.78,123.6,111.3,116.9,116.12,114.56,"15,398","17,63,926.71",241
AUTOBEES,EQ,2022-06-07,116.12,120.0,120.0,111.8,115.5,113.96,113.35,"16,655","18,87,853.16",296
AUTOBEES,EQ,2022-06-08,113.96,115.0,115.14,113.4,114.39,114.07,114.1,"8,959","10,22,232.00",182
AUTOBEES,EQ,2022-06-09,114.07,112.3,114.9,112.3,114.22,114.74,114.41,"4,689","5,36,451.66",107
AUTOBEES,EQ,2022-06-10,114.74,114.72,114.72,113.0,114.4,114.23,114.06,"9,362","10,67,834.90",169
AUTOBEES,EQ,2022-06-13,114.23,113.9,113.9,111.0,112.23,112.01,112.14,"25,264","28,33,114.89",369
AUTOBEES,EQ,2022-06-14,112.01,112.79,113.1,110.15,112.0,111.67,111.89,"28,450","31,83,271.07",284
AUTOBEES,EQ,2022-06-15,111.67,112.68,113.2,111.9,112.35,112.65,112.73,"6,948","7,83,235.16",146
AUTOBEES,EQ,2022-06-16,112.65,113.9,114.18,110.0,110.17,110.16,110.99,"20,775","23,05,745.44",382
AUTOBEES,EQ,2022-06-17,110.16,110.0,111.58,108.26,108.5,109.08,108.98,"44,599","48,60,200.36",309
AUTOBEES,EQ,2022-06-20,109.08,110.28,110.28,106.13,108.0,107.94,108.42,"11,438","12,40,150.07",256
AUTOBEES,EQ,2022-06-21,107.94,107.94,110.34,107.94,110.0,110.07,109.98,"16,202","17,81,860.32",110
AUTOBEES,EQ,2022-06-22,110.07,108.38,111.9,108.18,108.4,109.34,110.4,"12,315","13,59,589.89",230
AUTOBEES,EQ,2022-06-23,109.34,108.0,114.65,108.0,114.65,114.26,112.45,"59,962","67,43,001.50",383
AUTOBEES,EQ,2022-06-24,114.26,115.89,116.47,113.81,116.2,115.98,115.66,"37,740","43,64,949.24",356
AUTOBEES,EQ,2022-06-27,115.98,116.98,118.3,116.03,117.1,117.03,117.67,"91,837","1,08,06,216.04",461
AUTOBEES,EQ,2022-06-28,117.03,118.36,119.15,116.45,118.51,119.12,118.08,"2,38,737","2,81,89,471.70",490
AUTOBEES,EQ,2022-06-29,119.12,120.8,120.8,115.23,119.0,118.81,118.27,"18,942","22,40,330.60",327
AUTOBEES,EQ,2022-06-30,118.81,117.23,119.94,117.0,117.0,117.58,118.1,"24,171","28,54,501.07",322
AUTOBEES,EQ,2022-07-01,117.58,119.48,119.48,116.0,118.1,118.05,116.92,"14,969","17,50,134.70",323
AUTOBEES,EQ,2022-07-04,118.05,119.48,119.48,116.8,117.98,117.85,117.66,"9,207","10,83,336.58",312
AUTOBEES,EQ,2022-07-05,117.85,118.8,119.0,116.9,116.9,117.23,117.97,"26,816","31,63,554.56",273
AUTOBEES,EQ,2022-07-06,117.23,117.0,120.62,117.0,120.54,120.17,119.47,"52,670","62,92,372.17",399
AUTOBEES,EQ,2022-07-07,120.17,122.0,122.24,120.03,122.24,122.05,121.98,"2,19,002","2,67,14,718.77",733
AUTOBEES,EQ,2022-07-08,122.05,122.48,124.46,121.42,122.06,122.09,122.85,"1,41,880","1,74,30,264.49",816
AUTOBEES,EQ,2022-07-11,122.09,122.09,124.48,120.8,123.45,123.43,123.12,"1,25,154","1,54,09,289.56",996
AUTOBEES,EQ,2022-07-12,123.43,130.8,130.8,121.63,121.92,122.02,122.58,"56,437","69,17,794.83",738
AUTOBEES,EQ,2022-07-13,122.02,128.0,128.0,121.26,121.9,121.68,122.12,"44,156","53,92,233.57",532
AUTOBEES,EQ,2022-07-14,121.68,120.3,123.18,120.23,122.5,122.39,122.02,"18,373","22,41,961.79",379
AUTOBEES,EQ,2022-07-15,122.39,122.39,125.0,121.83,124.74,124.84,123.77,"1,26,586","1,56,66,996.85",792
AUTOBEES,EQ,2022-07-18,124.84,126.48,128.0,124.76,125.4,125.07,125.63,"2,00,492","2,51,87,964.25",997
AUTOBEES,EQ,2022-07-19,125.07,127.85,127.85,124.0,126.59,126.31,125.92,"43,914","55,29,532.75",570
AUTOBEES,EQ,2022-07-20,126.31,128.0,128.0,126.08,126.09,126.38,127.05,"84,156","1,06,92,178.56",602
AUTOBEES,EQ,2022-07-21,126.38,128.93,128.93,125.25,127.0,126.59,126.15,"1,53,243","1,93,31,318.60",511
AUTOBEES,EQ,2022-07-22,126.59,126.59,128.46,126.59,127.55,127.31,127.47,"45,923","58,53,797.09",559
AUTOBEES,EQ,2022-07-25,127.31,130.0,130.0,125.0,125.24,125.43,126.05,"38,963","49,11,420.97",806
AUTOBEES,EQ,2022-07-26,125.43,126.0,126.15,123.5,124.03,123.82,124.43,"57,013","70,94,218.25",546
AUTOBEES,EQ,2022-07-27,123.82,127.5,127.5,122.63,125.0,124.55,123.66,"46,859","57,94,520.44",352
AUTOBEES,EQ,2022-07-28,124.55,125.0,125.96,123.8,125.39,125.07,124.86,"38,683","48,30,116.84",437
AUTOBEES,EQ,2022-07-29,125.07,126.0,127.98,125.32,126.67,126.4,126.72,"74,105","93,90,918.89",494
AUTOBEES,EQ,2022-08-01,126.4,127.99,131.0,126.8,130.25,130.73,130.03,"1,21,284","1,57,71,153.82",997
AUTOBEES,EQ,2022-08-02,130.73,130.73,131.5,129.27,131.5,131.32,130.36,"78,087","1,01,79,036.68",748
AUTOBEES,EQ,2022-08-03,131.32,137.7,137.7,128.77,130.38,130.24,129.58,"1,61,464","2,09,21,927.79",833
AUTOBEES,EQ,2022-08-04,130.24,130.5,131.44,128.94,131.0,130.78,130.33,"72,282","94,20,418.18",754
AUTOBEES,EQ,2022-08-05,130.78,137.0,137.0,129.06,129.6,129.44,130.36,"31,744","41,38,128.05",645
AUTOBEES,EQ,2022-08-08,129.44,130.88,131.0,128.25,130.5,130.68,130.19,"30,004","39,06,183.48",594
AUTOBEES,EQ,2022-08-10,130.68,131.78,131.78,129.03,131.22,130.78,130.44,"62,358","81,34,229.60",467
AUTOBEES,EQ,2022-08-11,130.78,133.0,133.0,129.95,130.5,130.32,130.81,"61,947","81,03,071.17",427
AUTOBEES,EQ,2022-08-12,130.32,132.0,132.0,130.0,130.76,130.68,130.48,"73,400","95,77,586.96",366
AUTOBEES,EQ,2022-08-16,130.68,132.4,133.9,130.68,133.9,133.62,132.57,"84,138","1,11,54,330.73",667
AUTOBEES,EQ,2022-08-17,133.62,139.7,139.7,133.0,134.0,133.44,133.71,"70,298","93,99,460.74",597
AUTOBEES,EQ,2022-08-18,133.44,134.61,134.61,132.03,133.25,132.55,132.85,"24,116","32,03,726.75",494
AUTOBEES,EQ,2022-08-19,132.55,139.7,139.7,130.51,130.97,131.0,131.39,"53,378","70,13,538.10",687
AUTOBEES,EQ,2022-08-22,131.0,143.9,143.9,128.03,129.15,128.55,128.75,"1,04,810","1,34,94,500.02","1,002"
AUTOBEES,EQ,2022-08-23,128.55,129.37,131.5,127.17,131.5,130.53,129.79,"25,795","33,48,001.38",449
AUTOBEES,EQ,2022-08-24,130.53,143.9,143.9,129.5,130.32,130.9,130.66,"26,645","34,81,392.81",354
AUTOBEES,EQ,2022-08-25,130.9,133.28,133.28,130.0,130.0,130.17,130.81,"28,757","37,61,696.70",461
AUTOBEES,EQ,2022-08-26,130.17,137.7,137.7,129.23,131.08,130.82,131.07,"33,759","44,24,630.39",337
AUTOBEES,EQ,2022-08-29,130.82,137.7,137.7,128.25,130.09,130.26,129.7,"52,789","68,46,812.56",618
AUTOBEES,EQ,2022-08-30,130.26,130.5,134.0,130.5,133.65,133.66,133.04,"49,863","66,33,672.94",515
AUTOBEES,EQ,2022-09-01,133.66,139.7,139.7,131.7,134.93,134.13,134.2,"69,121","92,75,785.57",551
AUTOBEES,EQ,2022-09-02,134.13,133.0,135.5,130.55,133.85,133.61,134.26,"61,967","83,19,620.57",537
AUTOBEES,EQ,2022-09-05,133.61,134.97,134.97,132.28,133.94,133.74,133.73,"23,338","31,20,971.24",505
AUTOBEES,EQ,2022-09-06,133.74,135.99,135.99,133.03,133.5,133.59,134.06,"26,434","35,43,872.20",459
AUTOBEES,EQ,2022-09-07,133.59,133.98,133.99,131.19,132.96,132.36,132.22,"41,003","54,21,474.47",795
AUTOBEES,EQ,2022-09-08,132.36,132.37,133.99,132.37,133.19,132.91,133.5,"24,411","32,58,799.56",392
AUTOBEES,EQ,2022-09-09,132.91,134.59,134.59,132.01,133.7,133.45,133.36,"27,050","36,07,416.63",424
AUTOBEES,EQ,2022-09-12,133.45,134.72,134.72,133.46,134.29,133.92,134.16,"20,913","28,05,750.29",572
AUTOBEES,EQ,2022-09-13,133.92,139.7,139.7,132.53,133.73,133.89,134.02,"29,636","39,71,743.03",443
AUTOBEES,EQ,2022-09-14,133.89,133.88,134.29,131.12,133.9,133.79,133.71,"31,789","42,50,373.24",455
AUTOBEES,EQ,2022-09-15,133.79,133.32,135.88,133.32,134.98,134.67,134.86,"71,883","96,94,039.84",560
AUTOBEES,EQ,2022-09-16,134.67,137.17,137.17,130.05,131.9,131.05,131.67,"65,851","86,70,587.63","1,614"
AUTOBEES,EQ,2022-09-19,131.05,133.0,133.0,130.03,132.27,132.04,131.48,"27,856","36,62,555.70",544
AUTOBEES,EQ,2022-09-20,132.04,133.69,135.0,133.5,134.0,134.48,134.53,"59,259","79,72,270.57",539
AUTOBEES,EQ,2022-09-21,134.48,135.08,135.25,133.0,133.5,133.63,134.24,"36,654","49,20,463.91",573
AUTOBEES,EQ,2022-09-22,133.63,134.36,134.98,132.97,134.8,134.47,133.79,"27,835","37,24,150.51",528
AUTOBEES,EQ,2022-09-23,134.47,135.24,135.24,131.56,132.48,132.49,132.83,"49,589","65,86,743.25",826
AUTOBEES,EQ,2022-09-26,132.49,134.39,134.39,126.75,127.28,127.5,128.06,"1,06,998","1,37,02,575.83","1,583"
AUTOBEES,EQ,2022-09-27,127.5,128.35,128.35,125.51,127.5,126.67,126.56,"45,266","57,28,826.38",835
AUTOBEES,EQ,2022-09-28,126.67,128.0,128.32,124.99,126.1,126.52,127.1,"26,735","33,98,015.60",521
AUTOBEES,EQ,2022-09-29,126.52,128.35,128.5,125.99,126.6,126.26,126.71,"20,591","26,08,986.67",411
AUTOBEES,EQ,2022-09-30,126.26,128.19,128.8,124.74,128.26,128.36,126.83,"48,382","61,36,086.51",624
AUTOBEES,EQ,2022-10-03,128.36,128.18,129.48,125.52,127.0,126.1,126.93,"51,547","65,42,688.95","1,222"
AUTOBEES,EQ,2022-10-04,126.1,131.99,131.99,127.04,128.08,128.3,127.94,"28,825","36,87,796.16",425
AUTOBEES,EQ,2022-10-06,128.3,130.0,130.47,128.29,129.8,129.43,129.58,"18,970","24,58,193.19",524
AUTOBEES,EQ,2022-10-07,129.43,129.99,129.99,128.09,129.39,129.22,129.22,"20,024","25,87,566.93",383
AUTOBEES,EQ,2022-10-10,129.22,129.19,129.2,126.95,128.5,128.35,127.74,"42,183","53,88,443.84",715
AUTOBEES,EQ,2022-10-11,128.35,129.32,129.32,126.2,126.33,126.29,127.01,"76,033","96,56,745.13",729
AUTOBEES,EQ,2022-10-12,126.29,127.39,127.68,126.15,127.67,127.4,126.9,"17,082","21,67,754.77",381
AUTOBEES,EQ,2022-10-13,127.4,128.39,128.39,126.6,127.27,127.03,127.36,"16,529","21,05,150.86",442
AUTOBEES,EQ,2022-10-14,127.03,127.7,128.7,126.1,127.76,126.39,127.28,"23,177","29,50,067.67",441
AUTOBEES,EQ,2022-10-17,126.39,127.35,127.35,125.5,126.75,126.85,126.18,"23,718","29,92,653.87",506
AUTOBEES,EQ,2022-10-18,126.85,126.75,129.13,126.75,128.6,128.69,128.5,"24,755","31,81,123.42",400
AUTOBEES,EQ,2022-10-19,128.69,130.49,130.49,127.68,128.25,128.54,129.15,"17,681","22,83,434.73",321
AUTOBEES,EQ,2022-10-20,128.54,129.36,129.36,126.92,128.98,128.53,127.73,"13,485","17,22,418.54",363
AUTOBEES,EQ,2022-10-21,128.53,129.55,129.55,127.19,127.21,128.13,128.63,"24,183","31,10,635.18",403
AUTOBEES,EQ,2022-10-24,128.13,129.9,130.0,128.33,129.71,129.51,129.41,"17,561","22,72,592.59",469
AUTOBEES,EQ,2022-10-25,129.51,130.93,131.29,128.6,131.0,130.91,130.24,"47,446","61,79,395.35",554
AUTOBEES,EQ,2022-10-27,130.91,135.0,135.0,130.03,131.32,131.03,131.22,"53,526","70,23,432.43",532
AUTOBEES,EQ,2022-10-28,131.03,128.3,134.12,128.3,132.4,133.23,132.3,"77,235","1,02,18,415.26",918
AUTOBEES,EQ,2022-10-31,133.23,134.99,136.98,133.66,135.25,135.41,135.26,"1,03,003","1,39,32,355.26","1,062"
AUTOBEES,EQ,2022-11-01,135.41,136.5,136.5,134.29,135.29,135.21,135.23,"56,998","77,07,589.67",756
AUTOBEES,EQ,2022-11-02,135.21,135.34,135.35,133.71,134.11,134.26,134.19,"55,933","75,05,584.69",644
AUTOBEES,EQ,2022-11-03,134.26,134.88,135.2,132.99,134.24,134.16,134.28,"26,386","35,43,229.47",496
AUTOBEES,EQ,2022-11-04,134.16,135.34,135.34,133.6,134.5,134.03,134.0,"17,977","24,08,881.76",407
AUTOBEES,EQ,2022-11-07,134.03,134.66,135.62,134.0,135.0,135.53,135.0,"41,723","56,32,448.78",566
AUTOBEES,EQ,2022-11-09,135.53,136.79,136.8,134.54,134.94,134.97,135.32,"32,327","43,74,332.53",548
AUTOBEES,EQ,2022-11-10,134.97,135.84,135.84,132.0,132.32,132.24,132.55,"69,112","91,60,975.50","1,063"
AUTOBEES,EQ,2022-11-11,132.24,133.73,137.75,131.61,132.0,131.95,132.19,"63,404","83,81,513.51",776
AUTOBEES,EQ,2022-11-14,131.95,131.95,133.32,131.86,132.36,132.31,132.31,"38,167","50,49,781.46",563
AUTOBEES,EQ,2022-11-15,132.31,132.31,133.19,132.3,132.99,132.83,132.74,"27,677","36,73,864.28",425
AUTOBEES,EQ,2022-11-16,132.83,132.31,134.79,132.01,132.2,132.15,132.92,"46,362","61,62,328.85",559
AUTOBEES,EQ,2022-11-17,132.15,132.06,132.52,130.65,131.18,130.9,131.18,"91,322","1,19,79,814.83",986
AUTOBEES,EQ,2022-11-18,130.9,138.8,138.8,128.62,129.32,129.34,129.49,"84,899","1,09,93,290.93","1,318"
AUTOBEES,EQ,2022-11-21,129.34,130.55,130.55,128.21,129.62,128.51,128.64,"50,064","64,40,461.87","1,031"
AUTOBEES,EQ,2022-11-22,128.51,128.96,128.96,128.2,128.45,128.58,128.53,"66,617","85,62,146.42",551
AUTOBEES,EQ,2022-11-23,128.58,129.57,129.98,128.59,128.92,128.89,129.17,"29,707","38,37,281.36",439
AUTOBEES,EQ,2022-11-24,128.89,130.79,130.79,128.91,129.89,129.54,129.38,"43,428","56,18,578.40",398
AUTOBEES,EQ,2022-11-25,129.54,130.23,131.23,129.0,131.2,130.81,130.51,"60,928","79,51,603.87",593
AUTOBEES,EQ,2022-11-28,130.81,131.93,132.33,130.15,131.59,131.5,131.77,"65,678","86,54,085.19",721
AUTOBEES,EQ,2022-11-29,131.5,132.65,132.65,131.0,131.4,131.2,131.52,"56,624","74,47,096.31",560
AUTOBEES,EQ,2022-11-30,131.2,131.99,134.36,131.62,132.8,133.69,132.77,"62,631","83,15,627.16",621
AUTOBEES,EQ,2022-12-01,133.69,135.38,135.38,116.3,133.0,133.07,133.39,"69,958","93,31,361.16",670
AUTOBEES,EQ,2022-12-02,133.07,134.79,134.79,131.0,132.15,132.07,132.07,"49,775","65,73,939.21",757
AUTOBEES,EQ,2022-12-05,132.07,133.98,133.98,131.0,131.03,131.45,131.56,"99,935","1,31,47,710.62",993
AUTOBEES,EQ,2022-12-06,131.45,131.99,132.0,130.48,131.26,130.84,130.93,"1,04,433","1,36,73,094.60",896
AUTOBEES,EQ,2022-12-07,130.84,131.32,131.94,130.01,130.1,130.25,130.53,"45,933","59,95,601.86",767
AUTOBEES,EQ,2022-12-08,130.25,131.32,131.32,129.21,130.71,130.59,130.45,"27,325","35,64,566.50",435
AUTOBEES,EQ,2022-12-09,130.59,131.32,131.6,129.0,130.05,129.95,130.3,"51,921","67,65,262.38",862
AUTOBEES,EQ,2022-12-12,129.95,130.68,130.68,128.63,129.65,129.9,129.97,"27,055","35,16,272.06",612
AUTOBEES,EQ,2022-12-13,129.9,132.78,132.78,129.91,130.61,130.71,130.73,"24,087","31,48,922.75",397
AUTOBEES,EQ,2022-12-14,130.71,131.33,131.81,130.66,131.31,131.59,131.37,"44,600","58,58,991.28",401
AUTOBEES,EQ,2022-12-15,131.59,130.58,131.58,130.27,130.39,130.59,131.03,"46,421","60,82,587.73",551
AUTOBEES,EQ,2022-12-16,130.59,131.89,131.89,128.62,129.6,129.12,129.05,"72,050","92,98,308.83",979
AUTOBEES,EQ,2022-12-19,129.12,130.89,131.49,129.01,131.4,130.94,130.47,"56,738","74,02,829.97",503
AUTOBEES,EQ,2022-12-20,130.94,132.49,132.8,129.01,130.0,129.93,129.8,"29,968","38,89,783.67",610
AUTOBEES,EQ,2022-12-21,129.93,130.39,130.79,127.56,128.4,128.48,128.83,"58,894","75,87,208.08",828
AUTOBEES,EQ,2022-12-22,128.48,128.99,129.0,126.25,127.1,126.94,127.12,"62,927","79,99,224.19","1,407"
AUTOBEES,EQ,2022-12-23,126.94,126.94,126.98,123.52,124.16,123.79,124.52,"1,30,273","1,62,21,337.25","2,208"
AUTOBEES,EQ,2022-12-26,123.79,123.8,127.0,123.53,125.69,125.97,125.43,"33,620","42,17,027.95",693
AUTOBEES,EQ,2022-12-27,125.97,125.98,127.0,124.03,126.52,126.46,125.91,"45,267","56,99,375.40",496
AUTOBEES,EQ,2022-12-28,126.46,126.7,127.9,126.39,127.6,127.59,127.24,"43,266","55,05,009.80",410
AUTOBEES,EQ,2022-12-29,127.59,127.57,128.07,126.0,128.0,127.51,126.73,"18,585","23,55,344.91",476
AUTOBEES,EQ,2022-12-30,127.51,128.27,128.27,127.0,127.93,127.31,127.7,"20,880","26,66,288.60",388
AUTOBEES,EQ,2023-01-02,127.31,127.31,128.07,127.31,128.05,127.88,127.8,"35,505","45,37,486.83",501
AUTOBEES,EQ,2023-01-03,127.88,128.27,128.27,127.0,128.07,127.8,127.75,"25,942","33,14,147.13",527
AUTOBEES,EQ,2023-01-04,127.8,127.75,128.27,126.25,126.31,126.54,126.73,"33,234","42,11,821.44",703
AUTOBEES,EQ,2023-01-05,126.54,126.72,128.07,126.35,127.0,127.9,127.41,"22,241","28,33,696.87",485
AUTOBEES,EQ,2023-01-06,127.9,129.0,129.28,127.15,127.3,127.67,127.59,"31,440","40,11,351.57",538
AUTOBEES,EQ,2023-01-09,127.67,127.11,129.15,127.11,129.0,128.85,128.79,"47,445","61,10,646.67",492
AUTOBEES,EQ,2023-01-10,128.85,128.14,130.1,128.14,129.69,129.38,129.66,"59,787","77,52,253.12",511
AUTOBEES,EQ,2023-01-11,129.38,129.66,129.66,128.5,128.76,129.03,129.01,"20,115","25,95,125.36",405
AUTOBEES,EQ,2023-01-12,129.03,128.51,130.21,128.51,129.25,129.03,129.03,"26,275","33,90,178.88",356
AUTOBEES,EQ,2023-01-13,129.03,130.29,130.29,128.52,129.8,129.76,129.47,"11,257","14,57,497.51",311
AUTOBEES,EQ,2023-01-16,129.76,130.29,130.29,128.33,128.88,128.68,128.78,"52,143","67,14,724.52",553
AUTOBEES,EQ,2023-01-17,128.68,128.77,129.97,128.49,129.45,129.34,129.0,"32,030","41,32,022.50",364
AUTOBEES,EQ,2023-01-18,129.34,129.98,129.98,128.75,129.45,129.27,129.27,"8,682","11,22,365.43",298
AUTOBEES,EQ,2023-01-19,129.27,129.01,129.89,128.7,129.12,129.07,129.14,"11,455","14,79,266.15",300
AUTOBEES,EQ,2023-01-20,129.07,129.99,129.99,128.1,128.97,128.33,128.64,"33,051","42,51,553.17",425
AUTOBEES,EQ,2023-01-23,128.33,129.74,129.74,128.11,129.2,129.26,129.38,"23,936","30,96,870.47",664
AUTOBEES,EQ,2023-01-24,129.26,130.99,131.13,129.3,131.1,130.94,130.32,"66,231","86,31,027.47",709
AUTOBEES,EQ,2023-01-25,130.94,131.4,131.7,130.15,130.93,130.44,130.62,"82,342","1,07,55,890.54",759
AUTOBEES,EQ,2023-01-27,130.44,131.97,134.33,130.11,131.9,131.61,132.22,"1,86,050","2,46,00,111.82","1,380"
AUTOBEES,EQ,2023-01-30,131.61,131.01,133.92,129.24,132.14,131.98,131.76,"83,780","1,10,39,220.22",758
AUTOBEES,EQ,2023-01-31,131.98,132.88,134.93,132.1,134.35,134.49,133.56,"1,63,015","2,17,73,004.60","1,023"
AUTOBEES,EQ,2023-02-01,134.49,135.33,136.43,131.0,133.15,133.1,134.78,"1,65,358","2,22,87,256.43","1,750"
AUTOBEES,EQ,2023-02-02,133.1,134.57,134.57,132.3,133.5,133.21,133.44,"62,191","82,98,538.10",921
AUTOBEES,EQ,2023-02-03,133.21,133.0,135.5,132.77,135.5,135.01,134.13,"67,173","90,09,733.69",817
AUTOBEES,EQ,2023-02-06,135.01,135.01,135.9,133.86,134.5,134.78,134.46,"58,024","78,01,743.11",859
AUTOBEES,EQ,2023-02-07,134.78,136.27,136.27,132.93,133.88,133.69,133.85,"25,641","34,32,065.50",714
AUTOBEES,EQ,2023-02-08,133.69,134.97,134.97,132.05,133.95,133.8,133.16,"33,328","44,38,076.97",615
AUTOBEES,EQ,2023-02-09,133.8,134.79,134.79,132.53,133.25,133.09,133.25,"17,765","23,67,240.13",593
AUTOBEES,EQ,2023-02-10,133.09,133.89,134.03,132.7,133.8,133.9,133.39,"16,486","21,99,015.95",470
AUTOBEES,EQ,2023-02-13,133.9,133.0,135.28,131.75,132.5,132.67,132.98,"36,271","48,23,372.34",673
AUTOBEES,EQ,2023-02-14,132.67,133.89,133.89,132.03,132.3,132.16,132.57,"23,813","31,56,932.42",416
AUTOBEES,EQ,2023-02-15,132.16,133.29,133.91,132.06,133.75,133.58,133.29,"23,303","31,05,976.04",394
AUTOBEES,EQ,2023-02-16,133.58,137.6,137.6,132.57,133.89,133.21,133.81,"27,778","37,16,848.46",477
AUTOBEES,EQ,2023-02-17,133.21,134.78,134.78,132.47,133.41,132.9,133.07,"18,450","24,55,087.67",451
AUTOBEES,EQ,2023-02-20,132.9,133.05,134.42,132.6,133.4,132.96,133.19,"22,831","30,40,966.14",601
AUTOBEES,EQ,2023-02-21,132.96,132.0,134.19,132.0,133.35,132.94,133.37,"29,992","40,00,022.89",401
AUTOBEES,EQ,2023-02-22,132.94,133.36,133.89,131.0,131.39,131.28,131.79,"27,056","35,65,817.68",719
AUTOBEES,EQ,2023-02-23,131.28,131.51,131.77,130.59,131.67,131.24,131.17,"24,416","32,02,531.51",472
AUTOBEES,EQ,2023-02-24,131.24,132.67,132.67,130.09,130.34,130.21,130.57,"23,787","31,05,835.50",629
AUTOBEES,EQ,2023-02-27,130.21,130.0,131.7,127.25,128.45,128.12,128.32,"97,691","1,25,35,777.91","2,005"
AUTOBEES,EQ,2023-02-28,128.12,129.44,130.14,128.18,129.04,128.84,129.09,"36,827","47,54,154.91",584
AUTOBEES,EQ,2023-03-01,128.84,130.29,130.29,129.38,130.24,130.04,129.97,"43,679","56,77,171.39",554
AUTOBEES,EQ,2023-03-02,130.04,130.96,130.97,128.5,129.6,128.9,129.24,"38,359","49,57,520.23",678
AUTOBEES,EQ,2023-03-03,128.9,129.98,129.98,128.73,129.36,129.28,129.26,"15,076","19,48,743.65",537
AUTOBEES,EQ,2023-03-06,129.28,130.91,130.91,129.29,130.78,130.73,130.45,"22,598","29,48,009.53",621
AUTOBEES,EQ,2023-03-08,130.73,130.99,131.95,130.0,131.65,131.78,130.9,"65,332","85,51,841.83",965
AUTOBEES,EQ,2023-03-09,131.78,131.79,132.91,129.29,129.54,129.37,130.02,"56,375","73,29,922.00","1,490"
AUTOBEES,EQ,2023-03-10,129.37,129.37,130.43,127.51,128.59,128.82,128.71,"41,353","53,22,578.46","1,091"
AUTOBEES,EQ,2023-03-13,128.82,129.93,129.94,125.51,126.98,126.28,126.88,"89,460","1,13,50,890.86","2,451"
AUTOBEES,EQ,2023-03-14,126.28,127.47,127.47,124.41,125.5,124.99,125.21,"99,153","1,24,15,267.22","1,777"
AUTOBEES,EQ,2023-03-15,124.99,128.75,128.75,124.11,124.2,124.37,125.14,"63,852","79,90,540.56","1,101"
AUTOBEES,EQ,2023-03-16,124.37,128.1,128.1,123.4,124.67,124.54,124.13,"62,007","76,96,840.11","1,277"
AUTOBEES,EQ,2023-03-17,124.54,124.67,126.0,123.29,125.99,124.06,124.17,"55,113","68,43,165.03","1,797"
AUTOBEES,EQ,2023-03-20,124.06,124.06,124.49,121.41,123.0,122.78,122.25,"77,790","95,09,639.99","2,232"
AUTOBEES,EQ,2023-03-21,122.78,124.16,124.17,122.58,122.87,122.87,123.04,"31,902","39,25,163.75",795
AUTOBEES,EQ,2023-03-22,122.87,126.55,126.55,122.88,123.56,123.2,123.56,"31,034","38,34,413.53",703
AUTOBEES,EQ,2023-03-23,123.2,124.36,124.36,123.04,123.57,123.49,123.61,"23,020","28,45,526.20",586
AUTOBEES,EQ,2023-03-24,123.49,124.36,124.36,122.38,122.92,122.57,123.08,"58,031","71,42,589.40","1,001"
AUTOBEES,EQ,2023-03-27,122.57,123.23,123.23,121.5,122.31,121.77,122.1,"38,248","46,69,999.14","1,091"
AUTOBEES,EQ,2023-03-28,121.77,126.0,126.0,120.2,120.75,120.51,121.11,"80,954","98,04,397.23","1,488"
AUTOBEES,EQ,2023-03-29,120.51,121.48,125.9,120.52,122.41,122.88,122.06,"25,639","31,29,575.40",612
AUTOBEES,EQ,2023-03-31,122.88,122.99,123.99,122.82,123.4,123.7,123.37,"38,691","47,73,491.83",897
AUTOBEES,EQ,2023-04-03,123.7,123.89,125.65,123.89,125.65,125.51,125.14,"1,02,225","1,27,92,075.48","1,152"
AUTOBEES,EQ,2023-04-05,125.51,125.94,126.39,124.41,125.2,124.9,125.13,"60,780","76,05,207.38","1,239"
AUTOBEES,EQ,2023-04-06,124.9,125.86,125.86,124.49,125.01,125.69,125.39,"39,093","49,01,801.23",761
AUTOBEES,EQ,2023-04-10,125.69,126.89,127.57,125.72,127.48,127.36,127.14,"72,979","92,78,427.56","1,261"
AUTOBEES,EQ,2023-04-11,127.36,127.41,128.83,127.41,128.8,128.6,128.21,"70,370","90,22,209.97",964
AUTOBEES,EQ,2023-04-12,128.6,128.79,130.45,128.21,129.8,129.7,129.52,"92,234","1,19,46,059.02","1,133"
AUTOBEES,EQ,2023-04-13,129.7,130.72,130.87,128.86,130.16,130.42,130.21,"63,376","82,52,160.10",914
AUTOBEES,EQ,2023-04-17,130.42,130.99,132.0,129.13,131.04,131.14,130.65,"1,03,317","1,34,98,079.87","1,168"
AUTOBEES,EQ,2023-04-18,131.14,131.0,132.0,130.63,131.4,131.29,131.37,"56,221","73,85,510.06",772
AUTOBEES,EQ,2023-04-19,131.29,131.98,131.98,129.5,131.02,131.11,131.19,"67,053","87,96,928.18",700
AUTOBEES,EQ,2023-04-20,131.11,131.97,131.97,131.03,131.44,131.44,131.28,"75,697","99,37,780.10",563
AUTOBEES,EQ,2023-04-21,131.44,131.97,131.97,130.11,130.44,130.41,130.45,"23,545","30,71,417.44",630
AUTOBEES,EQ,2023-04-24,130.41,134.3,134.3,129.64,130.0,130.18,130.06,"28,087","36,52,993.52",705
AUTOBEES,EQ,2023-04-25,130.18,130.49,130.9,129.81,130.58,130.13,130.23,"27,113","35,30,834.65",620
AUTOBEES,EQ,2023-04-26,130.13,130.86,131.35,130.3,131.2,131.14,130.88,"45,232","59,19,923.35",559
AUTOBEES,EQ,2023-04-27,131.14,131.96,131.98,130.09,131.95,131.84,131.56,"35,960","47,30,839.34",516
AUTOBEES,EQ,2023-04-28,131.84,132.99,133.25,131.85,132.92,132.97,132.74,"85,560","1,13,56,907.67",746
AUTOBEES,EQ,2023-05-02,132.97,132.98,134.43,132.98,133.28,133.98,133.69,"85,445","1,14,22,955.18","1,188"
AUTOBEES,EQ,2023-05-03,133.98,134.89,134.89,133.25,134.0,133.93,133.73,"42,289","56,55,462.82",720
AUTOBEES,EQ,2023-05-04,133.93,129.9,134.53,129.9,134.01,134.25,134.13,"51,557","69,15,332.19",681
AUTOBEES,EQ,2023-05-05,134.25,135.49,135.75,134.26,134.7,134.63,135.01,"49,280","66,53,187.09",877
AUTOBEES,EQ,2023-05-08,134.63,135.79,137.59,134.64,137.25,137.05,136.71,"1,07,673","1,47,19,512.69","1,238"
AUTOBEES,EQ,2023-05-09,137.05,138.33,138.49,137.0,137.1,137.59,137.88,"75,467","1,04,05,489.28","1,015"
AUTOBEES,EQ,2023-05-10,137.59,138.97,138.97,137.49,138.79,138.69,138.11,"45,408","62,71,481.36",732
AUTOBEES,EQ,2023-05-11,138.69,139.01,139.82,138.7,139.69,139.59,139.26,"93,371","1,30,02,567.41","1,180"
AUTOBEES,EQ,2023-05-12,139.59,139.99,141.15,139.99,140.5,140.36,140.51,"1,50,577","2,11,57,227.42","1,385"
AUTOBEES,EQ,2023-05-15,140.36,139.16,142.1,139.16,141.96,141.66,141.61,"1,04,609","1,48,13,549.76","1,338"
AUTOBEES,EQ,2023-05-16,141.66,142.49,142.49,140.0,140.79,140.26,141.24,"78,720","1,11,18,672.14","1,349"
AUTOBEES,EQ,2023-05-17,140.26,140.83,141.0,139.52,140.12,140.05,140.04,"57,636","80,71,583.11","1,011"
AUTOBEES,EQ,2023-05-18,140.05,140.99,140.99,138.8,139.65,139.18,139.83,"44,693","62,49,627.49",885
AUTOBEES,EQ,2023-05-19,139.18,139.98,144.89,137.54,139.95,140.88,139.04,"69,152","96,14,571.27",997
AUTOBEES,EQ,2023-05-22,140.88,141.43,141.43,139.61,140.35,140.31,140.31,"32,800","46,02,253.54",874
AUTOBEES,EQ,2023-05-23,140.31,141.47,141.51,140.21,141.25,141.02,141.03,"53,305","75,17,689.40",675
AUTOBEES,EQ,2023-05-24,141.02,141.25,141.59,140.54,141.34,141.07,141.25,"25,997","36,72,151.08",597
AUTOBEES,EQ,2023-05-25,141.07,140.97,141.8,139.93,141.8,141.47,141.16,"48,048","67,82,601.08",730
AUTOBEES,EQ,2023-05-26,141.47,141.99,143.07,141.48,142.65,142.46,142.49,"58,282","83,04,785.60",811
AUTOBEES,EQ,2023-05-29,142.46,143.99,144.7,142.85,143.5,143.36,143.44,"73,877","1,05,96,701.97",812
AUTOBEES,EQ,2023-05-30,143.36,142.67,144.0,142.66,143.4,143.3,143.58,"33,483","48,07,372.12",717
AUTOBEES,EQ,2023-05-31,143.3,144.44,144.44,142.52,143.57,143.23,142.94,"35,309","50,47,082.09",701
AUTOBEES,EQ,2023-06-01,143.23,143.98,144.5,143.0,144.02,144.05,143.88,"43,127","62,05,059.71",717
AUTOBEES,EQ,2023-06-02,144.05,139.75,145.3,139.75,145.19,145.12,144.61,"33,878","48,98,940.19",814
AUTOBEES,EQ,2023-06-05,145.12,145.98,147.53,145.29,147.44,147.28,146.96,"84,952","1,24,84,202.07","1,356"
AUTOBEES,EQ,2023-06-06,147.28,147.8,149.0,147.54,149.0,148.89,148.41,"66,940","99,34,686.87","1,079"
AUTOBEES,EQ,2023-06-07,148.89,149.48,150.0,148.49,149.8,149.49,149.41,"94,870","1,41,74,879.47","1,115"
AUTOBEES,EQ,2023-06-08,149.49,150.87,150.87,148.03,148.84,148.4,149.17,"76,356","1,13,89,911.76","1,300"
AUTOBEES,EQ,2023-06-09,148.4,148.84,149.43,147.29,147.98,147.83,148.23,"35,733","52,96,591.79",965
AUTOBEES,EQ,2023-06-12,147.83,148.98,148.98,147.3,148.4,148.36,147.97,"71,980","1,06,50,834.85","1,203"
AUTOBEES,EQ,2023-06-13,148.36,149.48,149.48,147.73,148.0,147.99,148.26,"78,528","1,16,42,459.07","1,245"
AUTOBEES,EQ,2023-06-14,147.99,148.98,148.98,147.9,148.5,148.19,148.32,"27,145","40,26,267.59",683
AUTOBEES,EQ,2023-06-15,148.19,148.33,149.77,148.0,148.0,148.35,149.09,"41,262","61,51,637.28","1,032"
AUTOBEES,EQ,2023-06-16,148.35,149.67,149.88,148.5,149.25,149.19,149.06,"29,245","43,59,115.09",715
AUTOBEES,EQ,2023-06-19,149.19,149.99,149.99,147.73,148.5,148.15,149.08,"51,627","76,96,545.42","1,010"
AUTOBEES,EQ,2023-06-20,148.15,149.67,149.67,147.03,149.48,149.08,148.03,"61,538","91,09,720.59",892
AUTOBEES,EQ,2023-06-21,149.08,149.99,150.09,148.59,149.17,148.96,149.48,"31,922","47,71,684.52",634
AUTOBEES,EQ,2023-06-22,148.96,149.48,149.96,147.96,148.6,148.41,149.21,"46,202","68,93,661.70",828
AUTOBEES,EQ,2023-06-23,148.41,148.98,148.98,146.7,147.5,146.92,147.43,"36,560","53,89,913.73","1,130"
AUTOBEES,EQ,2023-06-26,146.92,147.83,148.9,146.09,148.36,148.48,147.92,"46,694","69,06,984.36",814
AUTOBEES,EQ,2023-06-27,148.48,148.49,149.49,148.49,148.75,148.72,149.07,"19,514","29,08,919.17",531
AUTOBEES,EQ,2023-06-28,148.72,150.27,150.27,148.86,149.98,149.64,149.54,"55,845","83,51,008.41",626
AUTOBEES,EQ,2023-06-30,149.64,150.94,153.5,149.74,153.5,153.06,152.07,"1,69,936","2,58,42,023.98","1,840"
AUTOBEES,EQ,2023-07-03,153.06,153.07,155.35,152.53,153.1,152.78,153.38,"1,07,986","1,65,63,309.19","1,900"
AUTOBEES,EQ,2023-07-04,152.78,153.0,153.22,151.33,152.25,152.12,152.37,"56,336","85,83,676.82","1,172"
AUTOBEES,EQ,2023-07-05,152.12,152.12,154.5,152.0,154.4,154.18,153.19,"65,401","1,00,18,843.61",956
AUTOBEES,EQ,2023-07-06,154.18,154.18,160.5,154.01,159.8,155.81,155.04,"1,18,383","1,83,53,879.71","1,418"
AUTOBEES,EQ,2023-07-07,155.81,155.04,157.45,155.04,156.84,156.51,156.3,"85,522","1,33,67,416.66","1,317"
AUTOBEES,EQ,2023-07-10,156.51,158.0,158.0,155.37,155.84,155.66,156.8,"64,032","1,00,40,232.43","1,443"
AUTOBEES,EQ,2023-07-11,155.66,156.66,158.0,156.01,158.0,157.9,157.52,"67,858","1,06,88,687.31","1,117"
AUTOBEES,EQ,2023-07-12,157.9,160.0,160.0,157.0,157.96,157.9,157.75,"49,491","78,07,173.88","1,100"
AUTOBEES,EQ,2023-07-13,157.9,157.92,159.0,156.15,158.0,156.63,157.58,"1,75,067","2,75,86,947.44","1,374"
AUTOBEES,EQ,2023-07-14,156.63,157.66,158.1,157.07,157.5,157.88,157.66,"46,761","73,72,385.54","1,024"
AUTOBEES,EQ,2023-07-17,157.88,157.89,158.87,156.67,157.6,157.45,157.57,"67,305","1,06,04,950.75","1,451"
AUTOBEES,EQ,2023-07-18,157.45,162.15,162.15,156.24,157.85,157.42,157.02,"85,614","1,34,42,993.86","1,153"
AUTOBEES,EQ,2023-07-19,157.42,157.42,158.0,156.5,158.0,157.24,157.08,"52,222","82,02,986.03","1,058"
AUTOBEES,EQ,2023-07-20,157.24,157.97,157.98,156.6,157.46,157.51,157.05,"37,314","58,60,042.81",858
AUTOBEES,EQ,2023-07-21,157.51,157.5,158.3,156.6,158.18,158.03,157.75,"44,575","70,31,611.58",873
AUTOBEES,EQ,2023-07-24,158.03,158.18,159.0,157.76,159.0,158.27,158.52,"53,181","84,30,302.24","1,001"
AUTOBEES,EQ,2023-07-25,158.27,162.0,162.0,158.01,159.5,159.41,159.27,"44,874","71,46,896.39",826
AUTOBEES,EQ,2023-07-26,159.41,159.42,161.18,159.13,160.29,159.78,160.33,"86,251","1,38,28,781.41","1,158"
AUTOBEES,EQ,2023-07-27,159.78,159.76,159.99,157.18,158.43,158.01,158.26,"1,37,726","2,17,96,716.48","2,456"
AUTOBEES,EQ,2023-07-28,158.01,158.0,158.23,156.68,157.56,157.68,157.28,"34,565","54,36,283.32","1,086"
AUTOBEES,EQ,2023-07-31,157.68,157.69,159.2,157.68,159.18,158.81,158.47,"62,325","98,76,764.20",967
AUTOBEES,EQ,2023-08-01,158.81,159.79,160.33,158.08,159.32,159.15,159.67,"89,527","1,42,95,016.62","1,066"
AUTOBEES,EQ,2023-08-02,159.15,158.11,159.86,155.12,157.75,156.44,156.3,"1,55,932","2,43,71,738.30","3,179"
AUTOBEES,EQ,2023-08-03,156.44,156.98,157.17,155.46,156.1,156.36,156.36,"51,164","80,00,093.21","1,257"
AUTOBEES,EQ,2023-08-04,156.36,157.37,157.73,154.81,157.0,155.74,155.78,"77,228","1,20,30,597.43","1,394"
AUTOBEES,EQ,2023-08-07,155.74,156.97,156.97,155.51,156.26,156.09,156.18,"31,313","48,90,550.41",993
AUTOBEES,EQ,2023-08-08,156.09,157.2,157.2,155.44,156.5,156.07,156.03,"68,992","1,07,64,944.81","1,403"
AUTOBEES,EQ,2023-08-09,156.07,156.86,157.96,155.2,157.75,157.03,156.09,"36,172","56,46,069.85",971
AUTOBEES,EQ,2023-08-10,157.03,157.03,157.42,156.09,157.3,156.59,156.78,"41,307","64,76,034.57",751
AUTOBEES,EQ,2023-08-11,156.59,156.76,157.66,156.2,156.95,156.44,156.83,"24,057","37,72,746.50",723
AUTOBEES,EQ,2023-08-14,156.44,157.39,157.39,153.8,155.2,155.7,154.87,"53,419","82,73,166.28","1,435"
AUTOBEES,EQ,2023-08-16,155.7,160.35,160.35,154.51,156.3,156.65,155.75,"39,167","61,00,209.15",970
AUTOBEES,EQ,2023-08-17,156.65,156.65,157.28,155.85,156.11,156.22,156.28,"30,730","48,02,449.13",615
AUTOBEES,EQ,2023-08-18,156.22,156.22,156.88,155.07,156.42,156.64,156.21,"52,538","82,07,000.49",722
AUTOBEES,EQ,2023-08-21,156.64,156.74,156.99,155.05,156.2,156.55,156.31,"29,578","46,23,467.10",716
AUTOBEES,EQ,2023-08-22,156.55,157.24,157.99,156.55,157.3,157.51,157.29,"23,454","36,89,176.92",670
AUTOBEES,EQ,2023-08-23,157.51,157.52,158.39,156.67,157.65,157.41,157.48,"32,753","51,57,910.12",573
AUTOBEES,EQ,2023-08-24,157.41,162.15,162.15,156.69,157.26,157.28,157.59,"29,351","46,25,344.99",641
AUTOBEES,EQ,2023-08-25,157.28,158.4,158.4,155.71,157.19,156.33,156.62,"33,165","51,94,168.13",872
AUTOBEES,EQ,2023-08-28,156.33,157.45,157.59,156.34,157.0,157.0,157.03,"62,751","98,53,823.43",748
AUTOBEES,EQ,2023-08-29,157.0,161.7,161.7,157.01,158.17,158.25,157.95,"35,200","55,59,831.67",608
AUTOBEES,EQ,2023-08-30,158.25,159.25,159.65,158.26,159.05,159.06,159.25,"72,229","1,15,02,392.69",885
AUTOBEES,EQ,2023-08-31,159.06,159.89,160.1,159.07,159.25,159.53,159.69,"91,201","1,45,63,471.92",862
AUTOBEES,EQ,2023-09-01,159.53,159.86,161.89,159.53,161.87,161.83,160.88,"1,18,235","1,90,21,408.92","1,527"
AUTOBEES,EQ,2023-09-04,161.83,162.0,163.5,161.39,162.3,162.23,162.19,"1,67,925","2,72,35,746.88","2,427"
AUTOBEES,EQ,2023-09-05,162.23,165.0,167.1,162.0,162.4,162.17,162.51,"66,381","1,07,87,535.74","1,502"
AUTOBEES,EQ,2023-09-06,162.17,162.17,163.28,161.12,162.0,161.55,161.72,"67,591","1,09,31,091.51","1,393"
AUTOBEES,EQ,2023-09-07,161.55,161.98,162.62,161.56,162.61,162.41,162.31,"37,777","61,31,769.86",999
AUTOBEES,EQ,2023-09-08,162.41,162.6,163.96,162.6,163.93,163.88,163.44,"74,702","1,22,09,573.04","1,168"
AUTOBEES,EQ,2023-09-11,163.88,164.5,166.75,163.88,166.52,166.48,165.57,"91,126","1,50,87,739.29","1,803"
AUTOBEES,EQ,2023-09-12,166.48,166.48,167.99,161.91,163.4,163.36,163.98,"1,79,145","2,93,76,624.74","2,928"
AUTOBEES,EQ,2023-09-13,163.36,164.0,164.79,162.15,164.0,162.85,162.94,"64,622","1,05,29,778.19","1,395"
AUTOBEES,EQ,2023-09-14,162.85,163.99,166.0,162.95,166.0,164.34,163.89,"48,491","79,47,097.02","1,025"
AUTOBEES,EQ,2023-09-15,164.34,165.83,167.0,165.0,167.0,166.89,166.25,"1,79,967","2,99,18,866.39","1,792"
AUTOBEES,EQ,2023-09-18,166.89,166.96,169.0,166.27,168.32,168.24,168.2,"1,38,852","2,33,54,860.95","2,349"
AUTOBEES,EQ,2023-09-20,168.24,168.24,169.15,166.99,167.75,167.62,168.36,"1,15,730","1,94,83,781.74","1,863"
AUTOBEES,EQ,2023-09-21,167.62,168.0,168.43,164.21,165.0,164.7,165.77,"94,916","1,57,33,950.05","2,365"
AUTOBEES,EQ,2023-09-22,164.7,165.63,165.65,163.79,165.45,165.24,165.21,"76,901","1,27,04,508.95","1,084"
AUTOBEES,EQ,2023-09-25,165.24,167.0,169.0,164.45,164.9,164.96,165.21,"38,541","63,67,192.09","1,447"
AUTOBEES,EQ,2023-09-26,164.96,165.79,166.1,164.51,165.82,165.62,165.77,"72,569","1,20,29,828.91",929
AUTOBEES,EQ,2023-09-27,165.62,166.49,166.49,164.51,165.4,165.22,165.14,"29,289","48,36,841.56","1,133"
AUTOBEES,EQ,2023-09-28,165.22,165.23,165.81,163.0,164.6,163.46,164.32,"1,36,922","2,24,99,041.66","1,980"
AUTOBEES,EQ,2023-09-29,163.46,168.35,168.35,161.53,164.89,164.45,164.46,"59,313","97,54,659.33","1,067"
AUTOBEES,EQ,2023-10-03,164.45,165.99,165.99,162.2,163.0,162.56,162.86,"1,16,292","1,89,38,832.89","2,586"
AUTOBEES,EQ,2023-10-04,162.56,163.99,163.99,159.8,161.0,160.49,160.44,"1,30,241","2,08,95,791.03","3,105"
AUTOBEES,EQ,2023-10-05,160.49,163.71,163.71,160.49,162.97,161.96,161.49,"35,175","56,80,339.57","1,084"
AUTOBEES,EQ,2023-10-06,161.96,163.39,163.39,162.1,163.03,162.83,162.84,"56,132","91,40,514.16",811
AUTOBEES,EQ,2023-10-09,162.83,162.83,162.83,160.34,161.05,160.89,161.13,"54,025","87,04,883.17","1,488"
AUTOBEES,EQ,2023-10-10,160.89,161.96,163.2,160.9,163.14,163.04,162.77,"39,516","64,32,101.49",733
AUTOBEES,EQ,2023-10-11,163.04,163.39,164.64,163.05,164.48,164.38,164.11,"46,406","76,15,734.49",771
AUTOBEES,EQ,2023-10-12,164.38,164.0,165.93,164.0,165.29,165.49,165.42,"49,524","81,92,032.95",810
AUTOBEES,EQ,2023-10-13,165.49,165.43,166.99,164.76,166.99,166.83,166.17,"86,035","1,42,96,310.76",951
AUTOBEES,EQ,2023-10-16,166.83,167.79,168.0,166.22,168.0,167.83,167.59,"56,605","94,86,230.13","1,280"
AUTOBEES,EQ,2023-10-17,167.83,167.06,168.99,167.06,167.94,167.9,168.09,"45,227","76,02,257.25","1,059"
AUTOBEES,EQ,2023-10-18,167.9,168.79,168.8,167.3,168.0,168.03,167.81,"50,920","85,44,992.52","1,169"
AUTOBEES,EQ,2023-10-19,168.03,167.99,168.75,166.77,168.74,168.67,168.0,"42,647","71,64,889.94","1,024"
AUTOBEES,EQ,2023-10-20,168.67,168.59,169.33,167.6,167.77,167.85,168.29,"46,488","78,23,531.05","1,117"
AUTOBEES,EQ,2023-10-23,167.85,162.8,168.0,162.8,165.5,165.35,166.25,"58,288","96,90,176.91","1,688"
AUTOBEES,EQ,2023-10-25,165.35,165.0,166.47,163.09,164.44,164.51,164.74,"65,195","1,07,40,410.87","1,408"
AUTOBEES,EQ,2023-10-26,164.51,164.51,164.51,161.7,162.93,162.37,162.36,"1,26,758","2,05,80,278.74","2,047"
AUTOBEES,EQ,2023-10-27,162.37,163.77,165.5,162.38,164.6,164.39,164.21,"33,747","55,41,693.28","1,161"
AUTOBEES,EQ,2023-10-30,164.39,164.0,165.89,160.98,163.25,163.03,162.38,"81,438","1,32,23,660.25","1,871"
AUTOBEES,EQ,2023-10-31,163.03,164.47,164.47,161.8,162.0,162.08,162.69,"33,567","54,61,034.66","1,244"
AUTOBEES,EQ,2023-11-01,162.08,162.09,162.78,160.62,161.79,161.13,161.6,"39,033","63,07,683.90","1,557"
AUTOBEES,EQ,2023-11-02,161.13,165.95,165.95,161.15,162.55,162.25,161.81,"47,308","76,55,046.62","1,053"
AUTOBEES,EQ,2023-11-03,162.25,163.87,164.49,162.61,163.29,163.0,163.36,"39,977","65,30,533.60",883
AUTOBEES,EQ,2023-11-06,163.0,165.7,165.7,163.27,164.25,164.52,164.16,"27,064","44,42,901.71",944
AUTOBEES,EQ,2023-11-07,164.52,164.5,164.99,163.8,164.55,164.26,164.18,"41,585","68,27,570.49","1,015"
AUTOBEES,EQ,2023-11-08,164.26,165.39,165.39,163.9,164.99,164.81,164.65,"26,511","43,64,919.97",773
AUTOBEES,EQ,2023-11-09,164.81,165.39,166.38,164.82,166.0,165.96,165.85,"46,489","77,10,162.51",830
AUTOBEES,EQ,2023-11-10,165.96,165.99,166.09,164.45,165.74,165.18,165.17,"45,214","74,67,975.16",992
AUTOBEES,EQ,2023-11-12,165.18,168.0,170.15,165.18,166.0,166.32,166.58,"30,259","50,40,630.44","1,179"
AUTOBEES,EQ,2023-11-13,166.32,166.86,166.86,165.6,165.95,166.17,166.04,"21,940","36,42,999.35",854
AUTOBEES,EQ,2023-11-15,166.17,168.76,168.98,166.55,168.93,168.8,167.74,"66,086","1,10,84,942.25","1,221"
AUTOBEES,EQ,2023-11-16,168.8,169.06,171.0,167.73,170.21,170.29,169.95,"97,491","1,65,68,511.97","1,360"
AUTOBEES,EQ,2023-11-17,170.29,171.89,172.27,169.23,171.4,171.43,171.55,"86,787","1,48,88,232.27","1,411"
AUTOBEES,EQ,2023-11-20,171.43,173.5,173.5,170.1,170.7,170.58,170.85,"79,665","1,36,10,650.46","1,534"
AUTOBEES,EQ,2023-11-21,170.58,175.7,175.7,170.31,170.83,171.0,170.88,"29,371","50,18,839.07",803
AUTOBEES,EQ,2023-11-22,171.0,172.6,172.6,170.2,172.1,171.99,171.42,"45,246","77,56,193.40","1,095"
AUTOBEES,EQ,2023-11-23,171.99,173.0,173.14,172.01,172.5,172.74,172.77,"76,137","1,31,54,009.26","1,010"
AUTOBEES,EQ,2023-11-24,172.74,173.19,173.27,172.6,173.0,172.93,173.01,"29,497","51,03,144.90",840
AUTOBEES,EQ,2023-11-28,172.93,174.47,174.69,173.01,174.6,174.49,174.06,"68,572","1,19,35,442.17","1,524"
AUTOBEES,EQ,2023-11-29,174.49,175.35,177.5,174.7,177.49,177.21,176.43,"86,164","1,52,01,536.98","1,584"
AUTOBEES,EQ,2023-11-30,177.21,177.43,178.8,177.22,177.68,178.34,178.04,"1,10,090","1,96,00,074.38","1,547"
AUTOBEES,EQ,2023-12-01,178.34,179.99,179.99,177.61,177.75,177.79,178.48,"81,288","1,45,08,566.89","2,037"
AUTOBEES,EQ,2023-12-04,177.79,181.34,181.34,178.3,179.9,179.71,179.15,"1,15,205","2,06,39,387.61","2,161"
AUTOBEES,EQ,2023-12-05,179.71,180.99,181.55,179.72,180.98,180.9,180.57,"77,841","1,40,55,921.76","1,671"
AUTOBEES,EQ,2023-12-06,180.9,181.59,181.59,179.57,181.0,180.67,180.47,"69,521","1,25,46,347.36","1,777"
AUTOBEES,EQ,2023-12-07,180.67,181.59,182.67,180.41,181.9,181.76,181.72,"65,937","1,19,82,045.60","1,288"
AUTOBEES,EQ,2023-12-08,181.76,183.83,186.11,179.15,180.82,181.25,180.87,"1,17,588","2,12,68,477.05","2,345"
AUTOBEES,EQ,2023-12-11,181.25,181.87,181.87,176.9,181.39,181.05,180.23,"89,373","1,61,07,356.20","1,639"
AUTOBEES,EQ,2023-12-12,181.05,182.0,182.0,179.01,180.9,179.85,180.83,"64,593","1,16,80,116.02","1,521"
AUTOBEES,EQ,2023-12-13,179.85,181.49,181.94,179.52,181.55,181.68,180.93,"94,479","1,70,93,666.63","1,152"
AUTOBEES,EQ,2023-12-14,181.68,182.99,183.25,181.73,183.1,182.9,182.56,"93,125","1,70,01,050.29","1,309"
AUTOBEES,EQ,2023-12-15,182.9,183.16,184.84,181.5,184.0,183.74,183.64,"98,928","1,81,67,341.06","1,600"
AUTOBEES,EQ,2023-12-18,183.74,183.94,184.52,182.51,183.21,183.63,183.81,"68,866","1,26,57,970.02","1,515"
AUTOBEES,EQ,2023-12-19,183.63,184.11,184.76,181.62,182.38,182.41,182.43,"1,12,840","2,05,85,001.62","1,770"
AUTOBEES,EQ,2023-12-20,182.41,183.99,184.35,178.0,181.7,178.78,180.27,"1,85,298","3,34,04,574.17","3,798"
AUTOBEES,EQ,2023-12-21,178.78,179.95,179.95,175.82,179.0,178.34,178.0,"1,58,537","2,82,19,488.28","2,965"
AUTOBEES,EQ,2023-12-22,178.34,179.86,181.2,178.4,181.2,180.75,180.11,"98,315","1,77,07,393.38","1,378"
AUTOBEES,EQ,2023-12-26,180.75,181.99,182.51,180.76,182.46,182.29,181.87,"80,835","1,47,01,650.94","1,650"
AUTOBEES,EQ,2023-12-27,182.29,182.28,185.0,182.05,183.7,184.64,183.9,"1,45,106","2,66,85,506.56","1,747"
AUTOBEES,EQ,2023-12-28,184.64,184.63,186.9,184.63,186.8,186.55,185.74,"1,38,919","2,58,02,648.72","2,168"
AUTOBEES,EQ,2023-12-29,186.55,187.0,189.75,186.56,188.5,188.82,188.52,"1,35,207","2,54,89,841.93","2,741"
AUTOBEES,EQ,2024-01-01,188.82,194.5,194.5,187.95,189.15,189.04,189.12,"1,01,941","1,92,78,960.06","2,569"
AUTOBEES,EQ,2024-01-02,189.04,189.77,189.77,185.5,187.99,186.62,186.67,"2,10,127","3,92,25,087.58","4,647"
AUTOBEES,EQ,2024-01-03,186.62,186.99,187.9,184.37,186.0,186.03,185.17,"1,28,300","2,37,56,790.29","2,633"
AUTOBEES,EQ,2024-01-04,186.03,187.48,187.49,185.58,186.27,186.14,186.41,"66,776","1,24,47,973.13","1,391"
AUTOBEES,EQ,2024-01-05,186.14,188.9,188.9,186.5,187.49,187.14,187.21,"61,101","1,14,38,829.90","1,454"
AUTOBEES,EQ,2024-01-08,187.14,190.0,190.0,185.85,187.0,186.11,187.06,"70,614","1,32,09,390.79","1,829"
AUTOBEES,EQ,2024-01-09,186.11,187.01,188.99,187.0,187.93,187.83,187.88,"64,289","1,20,78,838.16","1,305"
AUTOBEES,EQ,2024-01-10,187.83,187.83,188.95,186.57,188.2,188.07,187.33,"49,817","93,32,259.82","1,191"
AUTOBEES,EQ,2024-01-11,188.07,188.06,190.9,187.14,190.15,190.18,190.12,"1,56,332","2,97,21,747.26","1,844"
AUTOBEES,EQ,2024-01-12,190.18,191.0,191.87,188.98,190.0,189.89,189.69,"84,752","1,60,76,451.87","1,988"
AUTOBEES,EQ,2024-01-15,189.89,190.84,191.73,189.35,190.25,190.7,190.22,"1,05,103","1,99,92,653.88","2,116"
AUTOBEES,EQ,2024-01-16,190.7,192.0,192.0,189.5,190.5,190.27,190.6,"46,936","89,45,906.66","1,453"
AUTOBEES,EQ,2024-01-17,190.27,190.27,190.27,187.22,187.78,187.49,187.83,"1,81,322","3,40,57,765.50","3,310"
AUTOBEES,EQ,2024-01-18,187.49,193.1,193.1,184.52,188.12,187.72,186.79,"62,744","1,17,19,891.91","1,866"
AUTOBEES,EQ,2024-01-19,187.72,189.47,189.77,187.74,188.5,189.42,189.19,"47,598","90,04,943.16","1,145"
AUTOBEES,EQ,2024-01-20,189.42,190.17,191.0,188.49,189.37,188.96,189.42,"29,096","55,11,323.39",988
AUTOBEES,EQ,2024-01-23,188.96,189.99,190.14,186.12,187.8,186.66,188.21,"64,780","1,21,92,452.33","2,238"
AUTOBEES,EQ,2024-01-24,186.66,188.0,189.0,184.5,187.03,188.47,186.28,"54,482","1,01,49,055.86","1,522"
AUTOBEES,EQ,2024-01-25,188.47,189.99,190.0,187.01,188.75,188.8,188.38,"46,272","87,16,813.89","1,229"
AUTOBEES,EQ,2024-01-29,188.8,189.0,192.0,187.87,191.98,191.8,190.84,"1,08,844","2,07,71,555.07","1,949"
AUTOBEES,EQ,2024-01-30,191.8,192.24,193.85,190.84,192.0,191.75,192.69,"99,989","1,92,66,601.10","1,737"
AUTOBEES,EQ,2024-01-31,191.75,191.75,195.15,191.7,195.13,194.76,194.12,"1,04,767","2,03,37,153.70","1,695"
AUTOBEES,EQ,2024-02-01,194.76,193.0,198.25,193.0,196.3,196.39,197.17,"1,03,460","2,03,99,188.16","2,451"
AUTOBEES,EQ,2024-02-02,196.39,197.0,198.5,195.7,197.2,196.77,197.2,"90,627","1,78,71,998.57","1,773"
AUTOBEES,EQ,2024-02-05,196.77,197.99,201.48,197.0,199.5,199.19,200.08,"1,18,157","2,36,40,385.68","2,621"
AUTOBEES,EQ,2024-02-06,199.19,201.34,202.01,200.01,202.01,201.86,201.24,"88,977","1,79,05,448.11","1,932"
AUTOBEES,EQ,2024-02-07,201.86,201.26,203.78,200.88,202.41,202.06,202.21,"93,814","1,89,69,798.04","1,909"
AUTOBEES,EQ,2024-02-08,202.06,202.2,203.48,199.4,201.0,200.23,200.55,"1,39,957","2,80,69,017.07","3,983"
AUTOBEES,EQ,2024-02-09,200.23,202.24,202.24,196.52,199.9,199.21,198.35,"85,762","1,70,11,303.22","2,821"
AUTOBEES,EQ,2024-02-12,199.21,201.99,201.99,196.61,196.8,197.61,198.19,"54,597","1,08,20,497.07","2,110"
AUTOBEES,EQ,2024-02-13,197.61,197.99,198.72,195.63,198.0,197.4,197.26,"51,046","1,00,69,398.03","1,507"
AUTOBEES,EQ,2024-02-14,197.4,197.4,200.8,195.5,198.56,200.08,198.61,"58,819","1,16,82,168.30","1,274"
AUTOBEES,EQ,2024-02-15,200.08,202.0,202.95,200.12,202.94,202.75,202.06,"97,188","1,96,38,064.18","1,575"
AUTOBEES,EQ,2024-02-16,202.75,202.76,208.0,202.76,207.9,207.32,206.77,"1,72,035","3,55,71,568.87","2,931"
AUTOBEES,EQ,2024-02-19,207.32,211.0,211.55,207.28,208.33,208.25,208.16,"1,00,534","2,09,26,842.86","2,103"
AUTOBEES,EQ,2024-02-20,208.25,208.26,209.48,205.52,207.08,206.96,206.61,"1,14,719","2,37,01,977.04","2,799"
AUTOBEES,EQ,2024-02-21,206.96,213.15,213.15,205.0,207.4,205.84,206.33,"81,095","1,67,32,714.36","1,885"
AUTOBEES,EQ,2024-02-22,205.84,208.99,209.05,204.55,209.0,208.69,207.0,"57,425","1,18,87,108.43","1,463"
AUTOBEES,EQ,2024-02-23,208.69,208.99,210.26,208.36,209.15,209.16,209.44,"92,675","1,94,09,665.72","1,881"
AUTOBEES,EQ,2024-02-26,209.16,215.45,215.45,206.3,209.79,209.31,209.36,"62,237","1,30,30,065.02","1,837"
AUTOBEES,EQ,2024-02-27,209.31,209.31,211.49,209.0,210.92,210.98,210.23,"55,157","1,15,95,832.90","1,457"
AUTOBEES,EQ,2024-02-28,210.98,211.69,211.75,206.76,209.0,207.13,208.42,"1,56,952","3,27,11,866.82","4,253"
AUTOBEES,EQ,2024-02-29,207.13,210.49,210.49,205.5,207.62,207.13,207.08,"1,04,007","2,15,37,271.23","1,701"
AUTOBEES,EQ,2024-03-01,207.13,209.89,212.08,207.37,211.98,211.68,210.42,"96,765","2,03,61,170.88","2,081"
AUTOBEES,EQ,2024-03-02,211.68,212.25,215.0,211.69,213.01,213.02,213.21,"47,257","1,00,75,548.96",981
AUTOBEES,EQ,2024-03-04,213.02,213.21,216.0,211.8,213.0,212.15,212.32,"1,59,980","3,39,66,209.26","3,224"
AUTOBEES,EQ,2024-03-05,212.15,216.0,216.46,212.15,215.1,214.83,214.86,"1,81,665","3,90,32,826.40","2,708"
AUTOBEES,EQ,2024-03-06,214.83,215.77,215.95,212.22,214.8,215.38,213.93,"1,97,149","4,21,76,534.92","2,476"
AUTOBEES,EQ,2024-03-07,215.38,215.0,215.99,213.24,215.2,215.05,214.8,"1,62,575","3,49,20,504.19","2,315"
AUTOBEES,EQ,2024-03-11,215.05,216.4,216.4,213.1,213.42,213.46,213.89,"1,04,621","2,23,77,489.84","3,099"
AUTOBEES,EQ,2024-03-12,213.46,213.5,214.95,211.5,211.5,212.2,212.5,"88,732","1,88,55,242.30","2,238"
AUTOBEES,EQ,2024-03-13,212.2,218.55,218.55,202.5,206.0,205.88,207.7,"2,52,512","5,24,45,937.27","4,887"
AUTOBEES,EQ,2024-03-14,205.88,206.0,210.0,204.54,208.0,208.44,207.32,"96,847","2,00,78,543.60","1,937"
AUTOBEES,EQ,2024-03-15,208.44,214.0,214.0,204.12,210.0,208.09,206.17,"1,15,699","2,38,54,185.34","3,376"
AUTOBEES,EQ,2024-03-18,208.09,208.0,209.0,204.5,208.5,207.61,206.41,"67,508","1,39,34,147.21","1,942"
AUTOBEES,EQ,2024-03-19,207.61,208.0,209.0,205.68,207.5,206.98,206.75,"33,118","68,46,999.80","1,371"
AUTOBEES,EQ,2024-03-20,206.98,208.5,209.35,205.77,207.45,207.26,207.43,"58,104","1,20,52,339.64","1,380"
AUTOBEES,EQ,2024-03-21,207.26,208.99,210.76,207.28,210.66,210.2,209.4,"68,475","1,43,38,846.62","1,239"
AUTOBEES,EQ,2024-03-22,210.2,211.0,214.6,208.45,214.38,213.91,213.4,"10,71,152","22,85,81,944.18","2,095"
AUTOBEES,EQ,2024-03-26,213.91,215.6,215.6,212.15,214.15,214.05,214.23,"1,24,673","2,67,08,381.16","1,892"
AUTOBEES,EQ,2024-03-27,214.05,215.54,216.24,214.09,214.35,214.53,215.3,"87,513","1,88,41,177.29","1,530"
AUTOBEES,EQ,2024-03-28,214.53,215.01,219.0,214.05,218.5,218.1,217.28,"2,07,753","4,51,40,269.70","2,479"
AUTOBEES,EQ,2024-04-01,218.1,220.0,221.5,217.0,219.19,217.5,218.55,"1,85,506","4,05,42,310.60","3,906"
AUTOBEES,EQ,2024-04-02,217.5,224.05,224.05,216.43,220.0,219.77,218.86,"1,24,846","2,73,23,376.94","1,904"
AUTOBEES,EQ,2024-04-03,219.77,221.0,221.0,217.88,219.6,219.15,218.9,"1,19,061","2,60,62,701.03","2,376"
AUTOBEES,EQ,2024-04-04,219.15,221.0,223.0,217.51,220.48,220.48,220.23,"5,71,378","12,58,37,390.15","2,256"
AUTOBEES,EQ,2024-04-05,220.48,220.23,220.45,218.37,220.2,219.77,219.76,"2,30,378","5,06,28,406.13","2,028"
AUTOBEES,EQ,2024-04-08,219.77,221.19,224.52,219.77,223.77,223.58,222.68,"1,82,538","4,06,47,601.06","2,767"
AUTOBEES,EQ,2024-04-09,223.58,223.95,225.99,222.91,223.3,223.68,223.95,"2,22,002","4,97,17,970.08","2,462"
AUTOBEES,EQ,2024-04-10,223.68,223.98,225.46,222.4,223.5,223.59,223.68,"1,23,395","2,76,01,520.49","2,316"
AUTOBEES,EQ,2024-04-12,223.59,223.6,224.5,222.0,224.0,222.29,223.43,"1,75,916","3,93,04,551.04","2,982"
AUTOBEES,EQ,2024-04-15,222.29,222.0,222.0,216.95,219.64,219.73,219.55,"1,54,410","3,39,01,250.64","3,934"
AUTOBEES,EQ,2024-04-16,219.73,219.74,229.5,218.0,224.8,225.56,222.56,"1,96,024","4,36,27,552.80","1,832"
AUTOBEES,EQ,2024-04-18,225.56,228.5,228.5,218.26,223.0,219.11,220.95,"2,64,475","5,84,36,173.68","6,899"
AUTOBEES,EQ,2024-04-19,219.11,219.12,219.98,214.69,219.6,219.17,214.95,"15,49,637","33,30,95,120.84","4,191"
AUTOBEES,EQ,2024-04-22,219.17,221.99,222.74,219.26,221.8,221.82,221.04,"1,25,699","2,77,84,621.07","2,104"
AUTOBEES,EQ,2024-04-23,221.82,223.37,223.76,220.17,222.39,222.31,222.25,"1,05,672","2,34,85,595.94","1,652"
AUTOBEES,EQ,2024-04-24,222.31,222.3,223.87,222.11,222.19,222.21,222.78,"81,762","1,82,14,599.84","1,460"
AUTOBEES,EQ,2024-04-25,222.21,223.94,225.06,222.01,224.33,224.68,223.58,"1,87,595","4,19,42,463.25","1,722"
AUTOBEES,EQ,2024-04-26,224.68,229.0,229.0,223.57,225.04,224.7,224.96,"1,26,619","2,84,84,036.51","2,070"
AUTOBEES,EQ,2024-04-29,224.7,225.69,226.04,223.39,224.48,224.43,224.19,"1,25,466","2,81,28,636.93","2,529"
AUTOBEES,EQ,2024-04-30,224.43,225.72,229.35,223.5,227.65,227.79,228.24,"2,93,218","6,69,24,834.16","3,205"
AUTOBEES,EQ,2024-05-02,227.79,229.34,231.0,227.78,230.66,230.74,229.98,"1,88,818","4,34,24,082.60","3,149"
AUTOBEES,EQ,2024-05-03,230.74,231.0,232.87,227.37,229.25,229.29,229.77,"1,71,185","3,93,32,887.37","4,307"
AUTOBEES,EQ,2024-05-06,229.29,232.99,232.99,227.59,228.34,228.45,228.56,"1,11,675","2,55,24,500.16","2,923"
AUTOBEES,EQ,2024-05-07,228.45,228.46,229.74,223.01,226.2,224.8,224.88,"1,89,146","4,25,35,732.54","4,494"
AUTOBEES,EQ,2024-05-08,224.8,224.81,228.5,222.55,228.28,228.05,225.54,"78,683","1,77,46,378.46","2,296"
AUTOBEES,EQ,2024-05-09,228.05,233.02,233.4,228.07,229.5,229.25,231.23,"2,58,072","5,96,73,495.72","3,641"
AUTOBEES,EQ,2024-05-10,229.25,230.0,232.2,229.25,231.99,231.61,231.32,"1,07,228","2,48,03,956.82","2,457"
AUTOBEES,EQ,2024-05-13,231.61,231.61,233.99,224.6,228.75,228.29,226.9,"2,67,641","6,07,28,408.54","6,530"
AUTOBEES,EQ,2024-05-14,228.29,232.25,232.65,226.24,231.98,232.31,230.74,"1,25,314","2,89,15,042.33","2,330"
AUTOBEES,EQ,2024-05-15,232.31,232.64,233.87,230.4,231.5,231.41,231.37,"95,121","2,20,08,326.80","2,603"
AUTOBEES,EQ,2024-05-16,231.41,234.0,234.0,228.3,232.49,232.18,230.34,"1,54,200","3,55,17,816.48","3,567"
AUTOBEES,EQ,2024-05-17,232.18,233.99,237.22,232.79,236.04,235.87,235.78,"2,67,053","6,29,65,050.43","3,759"
AUTOBEES,EQ,2024-05-18,235.87,236.39,238.8,235.87,238.4,238.12,237.67,"51,414","1,22,19,653.11","1,079"
AUTOBEES,EQ,2024-05-21,238.12,236.0,239.1,232.0,237.7,237.47,237.21,"2,53,390","6,01,05,393.00","4,054"
AUTOBEES,EQ,2024-05-22,237.47,237.48,239.09,235.7,237.85,237.16,236.88,"1,13,088","2,67,87,735.60","2,704"
AUTOBEES,EQ,2024-05-23,237.16,237.21,242.41,236.15,241.4,241.67,239.46,"2,33,890","5,60,07,823.07","3,134"
AUTOBEES,EQ,2024-05-24,241.67,242.7,243.91,240.07,242.28,242.54,242.33,"1,33,058","3,22,44,356.63","3,097"
AUTOBEES,EQ,2024-05-27,242.54,246.5,246.5,240.41,242.64,242.61,242.3,"1,89,838","4,59,97,663.32","3,691"
AUTOBEES,EQ,2024-05-28,242.61,245.0,245.0,241.04,241.98,241.87,242.33,"1,03,276","2,50,27,338.36","2,630"
AUTOBEES,EQ,2024-05-29,241.87,241.11,242.0,238.04,241.95,241.52,240.75,"1,09,886","2,64,55,135.74","2,470"
AUTOBEES,EQ,2024-05-30,241.52,241.01,242.87,237.65,238.82,238.44,239.08,"1,40,474","3,35,84,214.56","4,140"
AUTOBEES,EQ,2024-05-31,238.44,245.6,245.6,237.26,238.54,237.74,238.89,"1,93,541","4,62,35,853.46","2,854"
AUTOBEES,EQ,2024-06-03,237.74,244.85,244.99,241.33,243.96,243.34,243.52,"2,23,256","5,43,68,383.42","4,638"
AUTOBEES,EQ,2024-06-04,243.34,244.98,244.98,221.65,239.84,238.3,236.41,"6,12,505","14,48,02,338.46","12,219"
AUTOBEES,EQ,2024-06-05,238.3,245.45,247.76,234.0,245.51,246.76,243.31,"2,70,049","6,57,06,463.36","4,957"
AUTOBEES,EQ,2024-06-06,246.76,247.76,250.0,245.67,248.35,247.88,247.32,"2,10,734","5,21,18,879.73","3,692"
AUTOBEES,EQ,2024-06-07,247.88,247.97,254.0,245.0,253.0,253.77,251.45,"2,67,533","6,72,71,822.83","4,588"
AUTOBEES,EQ,2024-06-10,253.77,261.4,261.4,253.2,254.3,254.15,254.56,"2,05,136","5,22,19,868.55","4,507"
AUTOBEES,EQ,2024-06-11,254.15,261.35,261.35,253.84,256.81,256.72,256.14,"1,58,489","4,05,95,117.14","3,319"
AUTOBEES,EQ,2024-06-12,256.72,256.75,259.3,256.5,258.3,257.47,257.57,"1,69,071","4,35,48,155.97","3,236"
AUTOBEES,EQ,2024-06-13,257.47,259.99,259.99,255.97,258.25,258.1,257.27,"6,98,059","17,95,88,643.99","4,256"
AUTOBEES,EQ,2024-06-14,258.1,258.1,262.42,257.5,261.7,261.56,260.46,"1,83,232","4,77,24,664.17","4,002"
AUTOBEES,EQ,2024-06-18,261.56,263.99,264.48,261.0,262.83,261.93,262.92,"2,50,764","6,59,31,633.82","5,036"
AUTOBEES,EQ,2024-06-19,261.93,262.8,263.78,258.15,258.69,258.44,259.5,"3,33,090","8,64,38,212.40","7,042"
AUTOBEES,EQ,2024-06-20,258.44,258.51,260.47,256.0,257.95,257.1,257.36,"3,55,688","9,15,40,128.03","5,226"
AUTOBEES,EQ,2024-06-21,257.1,258.87,258.87,254.0,255.99,255.21,256.44,"2,28,733","5,86,56,762.16","5,624"
AUTOBEES,EQ,2024-06-24,255.21,254.0,257.95,251.39,257.9,257.7,256.29,"2,03,709","5,22,08,401.90","3,640"
AUTOBEES,EQ,2024-06-25,257.7,257.69,259.77,256.13,258.5,257.11,257.69,"1,78,889","4,60,97,243.42","3,050"
AUTOBEES,EQ,2024-06-26,257.11,262.29,262.29,253.96,255.48,254.73,255.47,"1,85,926","4,74,98,213.11","5,709"
AUTOBEES,EQ,2024-06-27,254.73,253.3,257.01,253.0,256.7,255.79,254.3,"1,64,939","4,19,43,197.46","4,058"
AUTOBEES,EQ,2024-06-28,255.79,255.79,257.8,255.01,257.0,256.58,256.64,"1,74,509","4,47,86,022.88","2,756"
AUTOBEES,EQ,2024-07-01,256.58,259.91,259.91,255.24,257.88,257.57,257.44,"1,69,165","4,35,50,575.35","2,958"
AUTOBEES,EQ,2024-07-02,257.57,256.0,259.06,255.0,257.3,256.99,256.52,"1,53,905","3,94,79,763.18","4,337"
AUTOBEES,EQ,2024-07-03,256.99,260.0,260.0,255.87,256.6,256.3,256.29,"1,86,676","4,78,42,271.07","4,237"
AUTOBEES,EQ,2024-07-04,256.3,255.51,258.4,229.0,258.39,257.8,257.11,"1,59,490","4,10,05,762.55","2,685"
AUTOBEES,EQ,2024-07-05,257.8,257.99,258.55,256.51,258.0,258.33,257.9,"1,46,402","3,77,56,545.10","3,139"
AUTOBEES,EQ,2024-07-08,258.33,257.0,260.1,255.75,257.94,257.56,258.37,"1,61,571","4,17,44,819.31","3,881"
AUTOBEES,EQ,2024-07-09,257.56,259.99,263.0,257.58,262.61,262.72,261.19,"3,75,579","9,80,98,754.03","3,720"
AUTOBEES,EQ,2024-07-10,262.72,263.54,264.0,255.71,258.8,258.14,258.62,"4,96,607","12,84,30,364.21","11,176"
AUTOBEES,EQ,2024-07-11,258.14,262.0,262.0,257.02,258.41,257.69,258.23,"1,38,841","3,58,53,549.97","2,830"
AUTOBEES,EQ,2024-07-12,257.69,257.7,260.67,255.5,257.28,256.67,257.08,"1,81,445","4,66,45,082.33","4,089"
AUTOBEES,EQ,2024-07-15,256.67,257.07,260.0,256.67,259.0,258.91,258.63,"1,81,937","4,70,54,985.92","3,616"
AUTOBEES,EQ,2024-07-16,258.91,262.62,262.62,258.71,258.73,258.99,259.7,"2,05,884","5,34,67,543.45","2,527"
AUTOBEES,EQ,2024-07-18,258.99,258.99,260.41,256.67,260.0,259.91,258.39,"2,01,101","5,19,63,084.53","3,677"
AUTOBEES,EQ,2024-07-19,259.91,259.94,260.1,254.59,257.0,254.9,256.29,"2,60,558","6,67,78,444.66","6,991"
AUTOBEES,EQ,2024-07-22,254.9,260.73,260.73,251.95,257.5,256.68,255.8,"2,09,633","5,36,24,476.97","3,499"
AUTOBEES,EQ,2024-07-23,256.68,256.69,259.14,249.0,257.75,257.46,255.64,"1,96,713","5,02,88,640.93","3,781"
AUTOBEES,EQ,2024-07-24,257.46,254.6,258.59,249.75,257.85,257.53,257.25,"74,110","1,90,65,051.10","1,887"
AUTOBEES,EQ,2024-07-25,257.53,257.53,260.68,255.91,260.41,260.52,259.35,"2,05,009","5,31,68,859.70","2,553"
AUTOBEES,EQ,2024-07-26,260.52,261.58,267.25,260.47,266.7,266.89,264.63,"4,88,953","12,93,93,275.00","5,064"
AUTOBEES,EQ,2024-07-29,266.89,267.24,269.18,267.1,268.75,268.65,268.14,"2,92,202","7,83,52,116.57","4,733"
AUTOBEES,EQ,2024-07-30,268.65,268.99,272.0,268.6,270.86,270.22,270.5,"2,27,211","6,14,59,910.40","3,649"
AUTOBEES,EQ,2024-07-31,270.22,270.3,272.6,270.03,270.25,271.37,271.59,"1,91,952","5,21,32,744.97","3,287"
AUTOBEES,EQ,2024-08-01,271.37,272.59,274.46,268.51,269.02,270.25,270.74,"3,19,824","8,65,89,374.67","5,855"
AUTOBEES,EQ,2024-08-02,270.25,277.0,277.0,262.5,263.5,262.98,264.4,"6,61,669","17,49,48,216.04","15,402"
AUTOBEES,EQ,2024-08-05,262.98,262.98,262.99,250.52,255.85,255.21,254.19,"6,85,886","17,43,47,802.05","18,242"
AUTOBEES,EQ,2024-08-06,255.21,256.88,258.9,250.0,251.42,250.77,253.93,"2,96,839","7,53,76,589.68","7,161"
AUTOBEES,EQ,2024-08-07,250.77,258.3,258.3,253.39,255.2,254.88,254.42,"1,88,737","4,80,18,774.40","2,874"
AUTOBEES,EQ,2024-08-08,254.88,254.8,256.7,253.53,256.6,255.12,255.16,"1,16,121","2,96,29,525.64","2,486"
AUTOBEES,EQ,2024-08-09,255.12,256.53,260.59,256.53,259.84,259.52,259.38,"3,27,528","8,49,55,375.80","2,672"
AUTOBEES,EQ,2024-08-12,259.52,267.3,267.3,256.02,258.28,258.39,258.13,"1,46,724","3,78,73,199.96","3,502"
AUTOBEES,EQ,2024-08-13,258.39,259.82,259.82,255.63,256.33,256.15,257.1,"1,52,571","3,92,26,694.32","3,070"
AUTOBEES,EQ,2024-08-14,256.15,258.03,258.05,255.5,256.48,256.15,256.53,"1,17,589","3,01,65,066.46","2,135"
AUTOBEES,EQ,2024-08-16,256.15,258.89,262.8,256.75,261.93,261.74,260.25,"2,57,323","6,69,68,655.91","3,098"
AUTOBEES,EQ,2024-08-19,261.74,263.19,263.19,259.36,260.44,259.57,260.59,"4,22,432","11,00,82,591.07","5,977"
AUTOBEES,EQ,2024-08-20,259.57,264.0,264.0,259.57,260.8,260.87,260.25,"2,06,908","5,38,47,977.85","2,463"
AUTOBEES,EQ,2024-08-21,260.87,260.9,262.03,260.0,261.58,261.59,261.2,"1,07,847","2,81,69,584.30","2,067"
AUTOBEES,EQ,2024-08-22,261.59,262.89,263.32,259.71,261.35,261.15,261.14,"2,36,069","6,16,47,382.69","3,252"
AUTOBEES,EQ,2024-08-23,261.15,264.0,264.14,261.01,263.5,263.39,263.35,"2,44,769","6,44,61,124.07","2,580"
AUTOBEES,EQ,2024-08-26,263.39,265.36,265.36,263.0,264.45,264.35,264.22,"1,43,462","3,79,04,886.35","2,927"
AUTOBEES,EQ,2024-08-27,264.35,264.31,266.51,263.68,264.4,264.1,264.28,"2,96,407","7,83,34,745.59","2,709"
AUTOBEES,EQ,2024-08-28,264.1,265.64,265.64,263.2,263.6,263.66,264.07,"3,81,648","10,07,81,407.99","2,599"
AUTOBEES,EQ,2024-08-29,263.66,265.65,265.72,261.8,264.5,265.02,263.65,"1,94,114","5,11,78,510.64","3,463"
AUTOBEES,EQ,2024-08-30,265.02,268.0,268.0,263.66,266.55,266.66,265.99,"2,07,386","5,51,63,202.54","2,871"
AUTOBEES,EQ,2024-09-02,266.66,269.95,269.95,264.8,266.0,266.17,265.88,"1,64,183","4,36,52,408.16","4,428"
AUTOBEES,EQ,2024-09-03,266.17,266.18,267.44,265.0,265.36,265.33,265.82,"1,54,578","4,10,90,614.10","2,890"
AUTOBEES,EQ,2024-09-04,265.33,264.48,265.0,262.8,264.98,264.58,263.75,"1,17,186","3,09,07,366.03","3,922"
AUTOBEES,EQ,2024-09-05,264.58,266.21,267.0,263.0,263.29,263.39,264.23,"1,25,295","3,31,07,099.86","3,326"
AUTOBEES,EQ,2024-09-06,263.39,263.4,264.67,260.0,260.98,260.63,261.19,"2,30,844","6,02,93,131.66","6,416"
AUTOBEES,EQ,2024-09-09,260.63,260.63,262.99,257.03,260.37,260.12,259.3,"1,44,615","3,74,99,364.47","3,903"
AUTOBEES,EQ,2024-09-10,260.12,265.0,265.0,259.16,261.15,261.11,260.57,"1,07,884","2,81,10,977.80","2,224"
AUTOBEES,EQ,2024-09-11,261.11,268.95,268.95,257.65,258.4,258.0,258.58,"1,83,905","4,75,53,670.44","6,481"
AUTOBEES,EQ,2024-09-12,258.0,260.02,263.0,257.03,262.09,262.63,260.41,"2,00,962","5,23,33,317.37","2,590"
AUTOBEES,EQ,2024-09-13,262.63,263.67,263.67,262.09,263.0,263.09,263.02,"1,08,477","2,85,32,124.70","2,005"
AUTOBEES,EQ,2024-09-16,263.09,263.1,265.27,262.51,263.05,263.03,263.37,"1,17,654","3,09,86,494.91","2,530"
AUTOBEES,EQ,2024-09-17,263.03,264.47,264.47,261.23,263.86,263.79,262.74,"1,43,267","3,76,41,675.92","2,380"
AUTOBEES,EQ,2024-09-18,263.79,270.0,270.0,259.62,262.71,262.88,264.26,"1,40,528","3,71,35,952.19","2,243"
AUTOBEES,EQ,2024-09-19,262.88,266.0,266.25,262.89,264.45,264.06,264.15,"2,56,033","6,76,30,587.91","2,224"
AUTOBEES,EQ,2024-09-20,264.06,267.5,269.43,264.1,268.55,268.87,267.97,"3,65,018","9,78,14,457.80","3,877"
AUTOBEES,EQ,2024-09-23,268.87,270.58,273.25,269.0,273.0,273.05,272.05,"3,64,718","9,92,22,734.94","4,532"
AUTOBEES,EQ,2024-09-24,273.05,273.0,274.7,272.33,274.3,274.23,273.96,"2,31,575","6,34,42,124.44","3,512"
AUTOBEES,EQ,2024-09-25,274.23,274.01,276.2,272.27,273.9,274.11,274.14,"2,16,275","5,92,90,020.89","3,904"
AUTOBEES,EQ,2024-09-26,274.11,274.25,280.46,274.0,279.93,280.03,277.66,"3,12,784","8,68,47,729.99","4,612"
AUTOBEES,EQ,2024-09-27,280.03,280.7,282.6,279.05,282.45,281.92,281.6,"2,54,920","7,17,85,921.52","4,075"
AUTOBEES,EQ,2024-09-30,281.92,285.0,285.0,275.85,278.0,276.44,277.44,"5,53,866","15,36,63,219.52","16,394"
AUTOBEES,EQ,2024-10-01,276.44,277.0,278.2,275.24,276.32,276.0,276.4,"2,57,319","7,11,22,820.74","3,997"
AUTOBEES,EQ,2024-10-03,276.0,273.0,274.97,268.67,270.5,269.95,270.77,"5,20,549","14,09,47,610.28","15,311"
AUTOBEES,EQ,2024-10-04,269.95,278.05,278.05,264.5,268.3,267.31,267.12,"3,13,573","8,37,61,016.68","10,136"
AUTOBEES,EQ,2024-10-07,267.31,275.35,275.35,261.1,264.9,264.31,263.83,"2,56,854","6,77,67,068.39","8,588"
AUTOBEES,EQ,2024-10-08,264.31,264.42,268.7,261.41,268.7,268.0,264.53,"1,80,059","4,76,30,823.64","3,442"
AUTOBEES,EQ,2024-10-09,268.0,268.0,272.41,268.0,272.0,270.45,270.56,"1,06,708","2,88,70,433.70","2,419"
AUTOBEES,EQ,2024-10-10,270.45,272.99,273.0,269.9,271.38,271.12,271.67,"81,884","2,22,45,116.08","2,064"
AUTOBEES,EQ,2024-10-11,271.12,271.12,271.95,269.71,271.0,270.26,270.5,"1,09,221","2,95,44,119.73","2,521"
AUTOBEES,EQ,2024-10-14,270.26,270.01,271.48,270.0,270.65,270.57,270.66,"1,07,734","2,91,59,041.36","2,350"
AUTOBEES,EQ,2024-10-15,270.57,262.45,272.61,262.45,268.6,268.3,267.74,"2,63,263","7,04,87,228.26","6,170"
AUTOBEES,EQ,2024-10-16,268.3,268.01,268.61,263.66,265.3,264.95,264.85,"3,36,342","8,90,79,109.79","10,328"
AUTOBEES,EQ,2024-10-17,264.95,267.99,267.99,255.11,257.97,255.76,256.9,"12,48,806","32,08,22,121.64","30,399"
AUTOBEES,EQ,2024-10-18,255.76,256.0,258.0,252.5,257.79,257.23,256.36,"3,05,589","7,83,40,756.68","6,895"
AUTOBEES,EQ,2024-10-21,257.23,260.0,260.0,253.4,257.5,257.95,257.05,"4,06,987","10,46,16,610.74","6,370"
AUTOBEES,EQ,2024-10-22,257.95,257.99,259.32,251.27,255.0,251.95,253.78,"3,02,695","7,68,18,317.44","10,879"
AUTOBEES,EQ,2024-10-23,251.95,251.31,254.0,249.06,251.7,249.98,251.57,"3,29,517","8,28,95,740.81","7,095"
AUTOBEES,EQ,2024-10-24,249.98,252.0,254.98,248.0,249.0,248.59,249.02,"1,96,554","4,89,46,329.36","6,235"
AUTOBEES,EQ,2024-10-25,248.59,248.6,252.99,240.52,245.44,244.1,243.07,"4,21,151","10,23,67,445.85","14,648"
AUTOBEES,EQ,2024-10-28,244.1,247.0,247.8,241.74,246.8,245.13,244.75,"2,09,461","5,12,64,610.06","5,244"
AUTOBEES,EQ,2024-10-29,245.13,245.13,246.13,237.91,241.5,241.23,240.19,"6,30,037","15,13,30,843.05","15,853"
AUTOBEES,EQ,2024-10-30,241.23,241.31,243.86,240.0,242.0,241.31,242.08,"2,50,944","6,07,48,205.03","5,958"
AUTOBEES,EQ,2024-10-31,241.31,242.01,242.31,238.91,240.53,239.93,239.78,"3,16,667","7,59,29,022.72","7,467"
AUTOBEES,EQ,2024-11-01,239.93,243.88,244.0,239.94,244.0,243.45,242.78,"76,265","1,85,15,733.83","3,198"
AUTOBEES,EQ,2024-11-04,243.45,243.96,245.66,237.91,240.95,240.98,241.21,"4,26,554","10,28,87,689.28","9,971"
AUTOBEES,EQ,2024-11-05,240.98,240.91,244.07,239.53,243.49,243.65,242.3,"2,07,335","5,02,37,508.49","3,681"
AUTOBEES,EQ,2024-11-06,243.65,250.95,250.95,243.01,247.0,246.76,246.05,"2,40,654","5,92,11,838.99","3,953"
AUTOBEES,EQ,2024-11-07,246.76,248.85,248.85,242.34,244.35,243.38,244.18,"2,44,413","5,96,80,310.78","6,291"
AUTOBEES,EQ,2024-11-08,243.38,236.1,246.1,236.1,245.0,243.37,242.63,"1,34,155","3,25,50,330.99","3,604"
AUTOBEES,EQ,2024-11-11,243.37,243.37,245.65,241.32,244.0,242.61,243.92,"1,51,607","3,69,80,449.00","3,591"
AUTOBEES,EQ,2024-11-12,242.61,243.85,243.85,237.2,237.3,237.75,239.3,"2,36,986","5,67,10,612.59","8,216"
AUTOBEES,EQ,2024-11-13,237.75,238.01,238.88,232.0,233.76,232.92,233.38,"4,23,085","9,87,41,273.22","10,653"
AUTOBEES,EQ,2024-11-14,232.92,237.79,237.79,231.53,234.6,234.55,234.02,"1,06,776","2,49,87,875.70","3,287"
AUTOBEES,EQ,2024-11-18,234.55,236.0,237.5,233.38,235.8,235.63,235.14,"1,64,353","3,86,45,555.18","3,461"
AUTOBEES,EQ,2024-11-19,235.63,237.81,242.15,235.64,238.12,238.55,240.04,"1,43,791","3,45,15,543.17","2,691"
AUTOBEES,EQ,2024-11-21,238.55,241.0,241.0,235.67,236.3,236.2,236.69,"1,22,457","2,89,83,841.45","4,025"
AUTOBEES,EQ,2024-11-22,236.2,238.99,241.76,235.82,241.0,240.84,239.01,"1,11,229","2,65,84,424.22","2,099"
AUTOBEES,EQ,2024-11-25,240.84,240.84,246.18,240.84,243.0,242.46,244.26,"1,73,417","4,23,58,794.65","3,059"
AUTOBEES,EQ,2024-11-26,242.46,242.47,243.99,238.5,239.9,239.39,240.33,"1,54,319","3,70,88,112.44","4,419"
AUTOBEES,EQ,2024-11-27,239.39,241.5,241.66,238.97,241.49,240.55,240.52,"95,506","2,29,71,261.96","2,149"
AUTOBEES,EQ,2024-11-28,240.55,243.95,243.95,236.18,238.46,236.66,237.88,"2,57,515","6,12,58,127.53","7,630"
AUTOBEES,EQ,2024-11-29,236.66,238.3,239.89,236.18,239.89,239.02,238.53,"1,51,684","3,61,80,868.63","2,366"
AUTOBEES,EQ,2024-12-02,239.02,242.0,242.0,238.0,241.3,241.1,240.36,"1,82,091","4,37,67,676.48","3,403"
AUTOBEES,EQ,2024-12-03,241.1,242.0,243.04,240.8,242.4,242.91,242.26,"1,63,151","3,95,24,754.47","2,741"
AUTOBEES,EQ,2024-12-04,242.91,244.21,244.21,239.94,241.7,241.13,241.71,"2,27,332","5,49,49,518.60","4,898"
AUTOBEES,EQ,2024-12-05,241.13,247.26,247.26,239.61,242.4,242.7,242.44,"3,99,797","9,69,24,939.23","3,589"
AUTOBEES,EQ,2024-12-06,242.7,244.62,245.1,242.4,245.0,244.89,244.25,"1,91,601","4,67,97,919.76","3,033"
AUTOBEES,EQ,2024-12-09,244.89,247.26,248.85,242.8,243.36,243.11,243.64,"1,67,929","4,09,13,945.58","4,460"
AUTOBEES,EQ,2024-12-10,243.11,244.34,244.34,241.6,243.18,243.09,242.48,"1,38,801","3,36,56,069.65","3,504"
AUTOBEES,EQ,2024-12-11,243.09,244.49,244.55,242.28,243.83,243.68,243.89,"1,10,357","2,69,15,503.01","2,432"
AUTOBEES,EQ,2024-12-12,243.68,244.82,244.85,241.36,241.89,241.87,242.08,"1,28,762","3,11,71,199.43","4,031"
AUTOBEES,EQ,2024-12-13,241.87,241.87,243.0,238.2,242.7,242.74,240.76,"1,54,752","3,72,58,434.76","4,150"
AUTOBEES,EQ,2024-12-16,242.74,245.17,245.74,241.4,242.85,242.89,242.27,"1,10,681","2,68,14,241.34","3,044"
AUTOBEES,EQ,2024-12-17,242.89,240.41,245.32,238.89,240.89,239.34,240.41,"1,98,006","4,76,02,676.75","6,419"
AUTOBEES,EQ,2024-12-18,239.34,240.85,240.85,237.16,237.8,237.63,238.09,"1,50,932","3,59,34,651.39","4,496"
AUTOBEES,EQ,2024-12-19,237.63,237.09,237.09,233.71,236.0,235.85,235.08,"1,90,636","4,48,14,135.69","5,692"
AUTOBEES,EQ,2024-12-20,235.85,235.85,237.55,230.5,232.7,231.02,232.88,"2,15,182","5,01,12,221.25","8,113"
AUTOBEES,EQ,2024-12-23,231.02,237.95,237.95,229.86,231.5,230.71,230.82,"1,86,488","4,30,45,256.60","4,898"
AUTOBEES,EQ,2024-12-24,230.71,231.46,233.07,230.0,232.59,231.99,231.91,"68,660","1,59,22,931.54","2,160"
AUTOBEES,EQ,2024-12-26,231.99,232.74,234.31,231.41,233.9,233.81,233.36,"93,569","2,18,35,287.16","2,209"
AUTOBEES,EQ,2024-12-27,233.81,234.87,239.5,234.0,237.0,236.17,237.45,"1,83,996","4,36,89,333.40","2,326"
AUTOBEES,EQ,2024-12-30,236.17,239.72,239.72,232.01,233.35,233.01,233.87,"1,51,342","3,53,93,847.34","4,984"
AUTOBEES,EQ,2024-12-31,233.01,234.84,235.0,231.11,234.8,233.47,232.74,"1,12,147","2,61,01,199.88","2,487"
AUTOBEES,EQ,2025-01-01,233.47,233.46,236.6,231.71,236.38,236.41,234.51,"97,729","2,29,18,562.70","2,267"
AUTOBEES,EQ,2025-01-02,236.41,237.89,244.93,236.55,244.5,244.6,241.98,"4,50,216","10,89,43,762.23","4,210"
AUTOBEES,EQ,2025-01-03,244.6,244.6,246.2,243.51,244.14,244.62,245.06,"2,39,031","5,85,76,976.28","3,097"
AUTOBEES,EQ,2025-01-06,244.62,244.63,246.9,238.2,240.0,239.33,241.56,"2,59,327","6,26,42,869.94","5,475"
AUTOBEES,EQ,2025-01-07,239.33,239.33,241.1,238.74,239.06,239.21,239.66,"88,169","2,11,30,525.18","2,012"
AUTOBEES,EQ,2025-01-08,239.21,239.99,240.38,236.44,238.15,238.11,238.18,"1,13,472","2,70,27,078.37","2,297"
AUTOBEES,EQ,2025-01-09,238.11,238.99,239.99,237.0,237.79,237.5,237.82,"69,089","1,64,31,080.63","1,779"
AUTOBEES,EQ,2025-01-10,237.5,238.59,239.64,233.35,234.8,234.41,234.74,"3,26,227","7,65,79,516.83","3,685"
AUTOBEES,EQ,2025-01-13,234.41,234.41,234.41,228.4,230.45,229.07,230.61,"2,19,037","5,05,11,933.15","6,305"
AUTOBEES,EQ,2025-01-14,229.07,230.38,234.1,229.07,233.74,233.42,232.9,"90,177","2,10,02,260.33","1,726"
AUTOBEES,EQ,2025-01-15,233.42,233.42,235.39,228.0,228.0,231.68,232.59,"97,156","2,25,97,049.74","3,168"
AUTOBEES,EQ,2025-01-16,231.68,236.95,236.95,232.26,233.72,233.67,233.44,"69,006","1,61,08,935.09","1,341"
AUTOBEES,EQ,2025-01-17,233.67,234.45,234.45,231.33,233.77,233.02,233.01,"81,183","1,89,16,128.16","2,162"
AUTOBEES,EQ,2025-01-20,233.02,237.5,237.5,230.1,231.9,231.68,231.47,"1,42,742","3,30,40,619.66","3,738"
AUTOBEES,EQ,2025-01-21,231.68,233.12,233.5,227.5,228.85,228.06,229.51,"2,18,715","5,01,97,370.61","5,324"
AUTOBEES,EQ,2025-01-22,228.06,228.85,229.14,226.1,227.75,227.68,227.29,"1,43,802","3,26,84,232.56","2,990"
AUTOBEES,EQ,2025-01-23,227.68,228.0,230.76,226.11,230.2,230.3,229.73,"1,01,536","2,33,26,359.12","1,454"
AUTOBEES,EQ,2025-01-24,230.3,231.04,231.04,226.22,227.49,226.7,227.8,"1,21,275","2,76,26,105.91","3,628"
AUTOBEES,EQ,2025-01-27,226.7,226.99,226.99,223.19,224.47,224.44,224.35,"1,33,026","2,98,44,271.36","4,373"
AUTOBEES,EQ,2025-01-28,224.44,224.45,229.47,223.02,229.1,227.69,226.76,"1,40,598","3,18,81,941.53","2,554"
AUTOBEES,EQ,2025-01-29,227.69,226.56,231.53,226.55,230.8,230.61,230.56,"1,34,051","3,09,07,214.35","1,618"
AUTOBEES,EQ,2025-01-30,230.61,229.11,231.73,227.15,230.5,230.07,229.98,"1,16,133","2,67,07,908.31","2,467"
AUTOBEES,EQ,2025-01-31,230.07,231.37,234.53,229.42,234.15,233.76,233.81,"5,66,749","13,25,12,571.34","1,877"
AUTOBEES,EQ,2025-02-01,233.76,236.76,240.21,232.29,238.1,238.14,238.52,"13,67,843","32,62,59,506.34","2,936"
AUTOBEES,EQ,2025-02-03,238.14,236.0,238.95,236.0,238.2,238.17,237.66,"2,39,858","5,70,05,383.98","3,033"
AUTOBEES,EQ,2025-02-04,238.17,240.65,242.35,237.99,239.6,239.68,238.33,"16,95,502","40,40,81,271.31","2,873"
AUTOBEES,EQ,2025-02-05,239.68,239.8,242.68,238.67,239.55,239.53,239.78,"1,34,195","3,21,77,459.89","2,104"
AUTOBEES,EQ,2025-02-06,239.53,241.99,242.0,237.18,237.92,237.55,238.19,"79,802","1,90,08,267.43","2,011"
AUTOBEES,EQ,2025-02-07,237.55,238.99,239.99,236.34,238.1,238.98,238.45,"1,13,334","2,70,24,617.68","1,871"
AUTOBEES,EQ,2025-02-10,238.98,243.0,243.0,235.54,236.3,235.91,237.51,"1,33,258","3,16,50,495.23","2,991"
AUTOBEES,EQ,2025-02-11,235.91,240.0,240.0,230.1,230.61,230.59,232.0,"1,48,100","3,43,58,468.93","3,878"
AUTOBEES,EQ,2025-02-12,230.59,232.9,232.9,225.84,228.15,228.53,227.63,"1,74,210","3,96,55,069.62","3,845"
AUTOBEES,EQ,2025-02-13,228.53,231.37,231.37,227.54,228.07,228.18,229.23,"76,361","1,75,04,231.42","1,677"
AUTOBEES,EQ,2025-02-14,228.18,229.88,229.88,223.53,226.2,225.64,225.64,"1,30,041","2,93,42,894.76","4,651"
AUTOBEES,EQ,2025-02-17,225.64,227.12,228.56,221.01,224.34,223.78,222.83,"2,01,300","4,48,55,570.69","3,744"
AUTOBEES,EQ,2025-02-18,223.78,225.29,225.29,221.02,222.75,222.94,222.26,"1,01,531","2,25,65,792.18","2,533"
AUTOBEES,EQ,2025-02-19,222.94,222.75,223.72,220.51,222.68,222.54,222.25,"1,24,759","2,77,27,396.09","2,083"
AUTOBEES,EQ,2025-02-20,222.54,223.11,225.98,220.12,225.55,225.56,224.49,"7,31,036","16,41,12,006.48","1,992"
AUTOBEES,EQ,2025-02-21,225.56,227.69,228.29,218.25,218.99,218.97,219.09,"9,45,665","20,71,90,422.14","9,013"
AUTOBEES,EQ,2025-02-24,218.97,218.99,219.98,216.49,219.54,219.44,219.06,"1,27,789","2,79,93,323.29","3,248"
AUTOBEES,EQ,2025-02-25,219.44,220.88,221.9,218.7,220.05,220.38,221.01,"1,02,352","2,26,20,341.98","1,577"
AUTOBEES,EQ,2025-02-27,220.38,222.0,224.0,216.43,217.8,217.16,217.54,"1,30,972","2,84,92,303.41","3,985"
AUTOBEES,EQ,2025-02-28,217.16,219.88,219.88,209.24,211.35,210.01,211.13,"2,74,066","5,78,63,905.73","8,804"
AUTOBEES,EQ,2025-03-03,210.01,212.0,212.96,208.0,211.0,209.91,209.78,"1,69,005","3,54,53,350.73","4,638"
AUTOBEES,EQ,2025-03-04,209.91,211.37,211.37,206.0,207.5,207.06,207.38,"1,43,847","2,98,30,732.53","4,601"
AUTOBEES,EQ,2025-03-05,207.06,208.85,212.91,207.51,212.33,212.26,211.46,"1,61,878","3,42,30,436.55","2,263"
AUTOBEES,EQ,2025-03-06,212.26,213.42,214.88,211.85,213.9,213.91,213.41,"1,31,834","2,81,34,415.81","2,990"
AUTOBEES,EQ,2025-03-07,213.91,213.89,216.26,213.0,214.62,214.54,214.72,"1,23,531","2,65,24,392.13","2,007"
AUTOBEES,EQ,2025-03-10,214.54,214.0,215.9,211.5,212.0,212.09,213.3,"1,28,952","2,75,05,950.29","2,785"
AUTOBEES,EQ,2025-03-11,212.09,210.1,212.0,209.11,212.0,211.23,210.72,"1,21,603","2,56,24,419.62","2,196"
AUTOBEES,EQ,2025-03-12,211.23,213.33,213.33,210.3,212.29,212.39,211.81,"82,647","1,75,05,708.98","1,682"
AUTOBEES,EQ,2025-03-13,212.39,212.99,213.88,209.71,209.84,210.11,210.62,"1,60,471","3,37,97,620.53","2,697"
AUTOBEES,EQ,2025-03-17,210.11,213.88,213.88,210.0,211.15,211.24,211.38,"1,85,664","3,92,46,230.04","2,323"
AUTOBEES,EQ,2025-03-18,211.24,213.77,216.5,211.87,216.27,216.3,215.11,"2,44,446","5,25,82,495.66","2,663"
AUTOBEES,EQ,2025-03-19,216.3,216.84,218.34,216.11,217.31,217.6,217.51,"1,74,002","3,78,46,761.90","1,890"
AUTOBEES,EQ,2025-03-20,217.6,219.0,221.16,217.15,220.8,220.52,220.27,"1,71,684","3,78,16,874.42","1,954"
AUTOBEES,EQ,2025-03-21,220.52,221.09,224.05,220.61,221.54,221.7,222.79,"1,69,359","3,77,32,234.45","2,116"
AUTOBEES,EQ,2025-03-24,221.7,224.0,224.0,220.88,223.59,223.44,222.59,"1,62,733","3,62,22,874.75","2,654"
AUTOBEES,EQ,2025-03-25,223.44,224.69,226.27,221.0,221.2,221.56,222.79,"1,83,918","4,09,75,617.98","2,286"
AUTOBEES,EQ,2025-03-26,221.56,221.0,223.51,220.5,221.42,221.53,222.52,"1,26,516","2,81,52,317.14","1,576"
AUTOBEES,EQ,2025-03-27,221.53,219.4,220.2,216.02,219.15,219.08,218.89,"1,90,761","4,17,55,539.78","3,590"
AUTOBEES,EQ,2025-03-28,219.08,219.16,219.4,216.17,216.55,216.87,217.62,"2,03,792","4,43,48,518.03","3,583"
AUTOBEES,EQ,2025-04-01,216.87,213.63,219.51,210.35,216.55,216.32,216.76,"1,47,652","3,20,04,425.96","2,820"
AUTOBEES,EQ,2025-04-02,216.32,218.99,218.99,215.97,218.47,218.47,217.74,"60,917","1,32,63,774.96","1,458"
AUTOBEES,EQ,2025-04-03,218.47,223.0,223.0,214.53,217.39,216.32,216.65,"1,33,619","2,89,49,038.51","4,036"
AUTOBEES,EQ,2025-04-04,216.32,216.21,216.21,209.63,211.5,210.71,211.13,"2,48,744","5,25,18,148.96","6,151"
AUTOBEES,EQ,2025-04-07,210.71,209.63,209.63,197.07,205.24,202.66,200.6,"3,47,552","6,97,18,974.18","9,875"
AUTOBEES,EQ,2025-04-08,202.66,205.0,207.04,202.35,205.8,205.67,205.27,"1,26,468","2,59,60,054.40","2,188"
AUTOBEES,EQ,2025-04-09,205.67,206.97,207.67,204.66,206.23,205.84,205.9,"1,20,382","2,47,86,959.75","2,062"
AUTOBEES,EQ,2025-04-11,205.84,208.29,210.98,207.78,210.0,209.93,210.02,"1,14,797","2,41,09,460.34","2,229"
AUTOBEES,EQ,2025-04-15,209.93,214.0,216.94,212.77,216.7,216.7,216.14,"2,17,668","4,70,46,435.63","2,824"
AUTOBEES,EQ,2025-04-16,216.7,216.98,217.0,215.05,216.99,216.21,215.8,"1,07,574","2,32,13,970.43","2,257"
AUTOBEES,EQ,2025-04-17,216.21,216.2,218.86,214.01,218.5,218.49,217.06,"1,57,448","3,41,76,163.86","2,254"
AUTOBEES,EQ,2025-04-21,218.49,218.49,223.06,216.68,223.04,222.81,220.83,"2,38,688","5,27,10,544.18","3,219"
AUTOBEES,EQ,2025-04-22,222.81,222.81,224.12,220.53,222.84,223.26,222.96,"1,84,992","4,12,45,608.96","2,340"
AUTOBEES,EQ,2025-04-23,223.26,224.0,229.5,223.31,228.6,228.56,226.64,"2,72,895","6,18,49,460.64","2,669"
AUTOBEES,EQ,2025-04-24,228.56,228.56,229.69,227.11,228.34,228.12,228.25,"2,15,890","4,92,76,461.00","2,547"
AUTOBEES,EQ,2025-04-25,228.12,229.26,229.99,222.86,224.33,224.14,225.23,"2,21,281","4,98,39,716.33","3,416"
AUTOBEES,EQ,2025-04-28,224.14,228.0,228.38,223.05,228.31,227.62,226.38,"1,29,436","2,93,01,118.40","1,929"
AUTOBEES,EQ,2025-04-29,227.62,230.37,230.37,220.79,227.65,227.51,228.38,"2,01,138","4,59,36,800.52","2,100"
AUTOBEES,EQ,2025-04-30,227.51,227.5,228.2,224.92,226.98,227.15,226.95,"1,24,141","2,81,74,220.16","1,674"
AUTOBEES,EQ,2025-05-02,227.15,228.28,231.12,226.05,226.87,226.87,228.41,"2,15,161","4,91,44,844.28","2,684"
AUTOBEES,EQ,2025-05-05,226.87,226.88,231.49,226.87,231.32,231.28,230.02,"2,10,968","4,85,27,580.38","2,443"
AUTOBEES,EQ,2025-05-06,231.28,233.24,235.14,230.13,231.0,231.32,232.75,"3,45,180","8,03,40,178.44","3,182"
AUTOBEES,EQ,2025-05-07,231.32,231.32,235.53,228.05,235.26,235.37,233.94,"3,28,205","7,67,79,333.97","2,870"
AUTOBEES,EQ,2025-05-08,235.37,235.02,237.18,230.0,230.15,230.74,233.02,"1,85,947","4,33,30,148.40","3,169"
AUTOBEES,EQ,2025-05-09,230.74,230.15,232.13,227.06,230.83,230.32,230.19,"1,30,066","2,99,40,523.26","2,125"
AUTOBEES,EQ,2025-05-12,230.32,235.0,238.79,234.93,238.36,238.35,236.72,"2,77,283","6,56,37,149.51","3,059"
AUTOBEES,EQ,2025-05-13,238.35,238.35,239.48,235.1,236.52,236.61,237.16,"1,50,132","3,56,05,540.35","2,730"
AUTOBEES,EQ,2025-05-14,236.61,243.71,243.71,234.24,238.48,238.34,237.7,"1,49,052","3,54,29,008.13","1,654"
AUTOBEES,EQ,2025-05-15,238.34,238.48,243.1,237.6,242.45,242.58,241.23,"3,15,402","7,60,84,082.61","2,936"
AUTOBEES,EQ,2025-05-16,242.58,242.63,244.5,242.5,243.96,244.0,243.64,"2,34,197","5,70,58,784.65","2,595"
AUTOBEES,EQ,2025-05-19,244.0,247.0,247.0,243.35,244.63,244.83,245.35,"2,60,919","6,40,16,694.54","2,639"
AUTOBEES,EQ,2025-05-20,244.83,244.83,246.05,239.14,240.65,239.91,241.45,"2,69,904","6,51,68,297.26","5,079"
AUTOBEES,EQ,2025-05-21,239.91,240.5,243.72,239.29,241.9,241.89,241.77,"1,43,967","3,48,06,593.86","1,826"
AUTOBEES,EQ,2025-05-22,241.89,242.45,242.45,238.1,240.24,239.7,239.19,"1,75,235","4,19,14,351.24","3,713"
AUTOBEES,EQ,2025-05-23,239.7,240.89,241.55,238.52,240.12,240.12,240.13,"1,06,050","2,54,65,439.61","1,517"
AUTOBEES,EQ,2025-05-26,240.12,241.77,243.81,239.72,242.75,242.76,242.78,"2,22,776","5,40,85,730.28","2,451"
AUTOBEES,EQ,2025-05-27,242.76,241.0,244.99,240.01,241.35,241.23,241.04,"1,50,700","3,63,23,976.47","2,812"
AUTOBEES,EQ,2025-05-28,241.23,248.47,248.47,239.45,240.98,239.7,239.88,"1,49,296","3,58,13,869.02","2,475"
AUTOBEES,EQ,2025-05-29,239.7,246.89,246.89,239.31,240.67,240.46,240.06,"1,50,303","3,60,82,172.55","1,753"
AUTOBEES,EQ,2025-05-30,240.46,240.97,241.0,238.0,239.35,238.48,238.72,"1,45,657","3,47,71,696.45","2,650"
AUTOBEES,EQ,2025-06-02,238.48,244.0,244.0,236.55,237.9,238.11,237.65,"1,48,367","3,52,59,451.96","2,873"
AUTOBEES,EQ,2025-06-03,238.11,239.3,239.9,237.0,237.35,237.57,238.0,"1,05,480","2,51,04,050.52","1,878"
AUTOBEES,EQ,2025-06-04,237.57,240.0,240.0,237.12,237.82,237.98,238.31,"1,24,080","2,95,68,982.08","1,361"
AUTOBEES,EQ,2025-06-05,237.98,238.5,239.5,236.33,238.24,237.97,238.09,"1,40,141","3,33,66,848.93","3,799"
AUTOBEES,EQ,2025-06-06,237.97,238.96,242.29,237.22,242.0,241.99,240.56,"4,14,182","9,96,34,105.64","2,519"
AUTOBEES,EQ,2025-06-09,241.99,245.0,245.0,241.99,243.12,243.1,243.22,"2,53,673","6,16,97,467.94","2,814"
AUTOBEES,EQ,2025-06-10,243.1,242.03,243.74,242.03,242.85,242.7,243.19,"1,31,168","3,18,99,228.32","2,212"
AUTOBEES,EQ,2025-06-11,242.7,242.71,244.88,242.43,243.0,243.04,243.86,"1,87,202","4,56,50,974.50","1,850"
AUTOBEES,EQ,2025-06-12,243.04,244.25,244.39,238.39,238.88,239.05,240.04,"2,80,051","6,72,22,566.18","4,740"
AUTOBEES,EQ,2025-06-13,239.05,241.27,241.27,234.11,238.96,238.68,236.99,"1,49,594","3,54,51,547.97","2,993"
AUTOBEES,EQ,2025-06-16,238.68,242.56,242.56,235.88,238.53,238.79,238.01,"1,12,150","2,66,93,078.14","2,348"
AUTOBEES,EQ,2025-06-17,238.79,245.0,245.0,237.06,238.12,237.8,237.81,"1,05,435","2,50,73,246.60","2,246"
AUTOBEES,EQ,2025-06-18,237.8,236.01,240.59,236.01,238.01,238.11,239.14,"1,38,429","3,31,03,896.51","1,489"
AUTOBEES,EQ,2025-06-19,238.11,241.99,241.99,237.73,238.51,239.12,238.79,"1,74,312","4,16,24,739.63","1,365"
AUTOBEES,EQ,2025-06-20,239.12,240.31,241.8,238.82,241.17,241.43,240.9,"1,20,980","2,91,44,489.00","1,571"
AUTOBEES,EQ,2025-06-23,241.43,238.1,240.96,238.1,239.8,239.3,239.39,"1,30,102","3,11,45,451.02","2,651"
AUTOBEES,EQ,2025-06-24,239.3,246.48,246.48,239.33,240.66,240.77,242.3,"1,79,184","4,34,17,168.56","1,736"
AUTOBEES,EQ,2025-06-25,240.77,245.65,245.65,239.64,243.0,242.96,242.4,"1,18,025","2,86,09,599.75","1,476"
AUTOBEES,EQ,2025-06-26,242.96,243.04,245.0,242.5,244.25,244.44,243.77,"2,00,952","4,89,86,559.57","1,981"
AUTOBEES,EQ,2025-06-27,244.44,244.44,246.08,244.08,244.8,244.87,245.2,"2,09,798","5,14,42,247.56","2,058"
AUTOBEES,EQ,2025-06-30,244.87,246.44,246.44,243.03,243.9,243.68,244.0,"1,49,952","3,65,88,274.95","2,909"
AUTOBEES,EQ,2025-07-01,243.68,250.99,250.99,242.45,243.29,243.25,243.61,"82,672","2,01,39,524.47","2,056"
AUTOBEES,EQ,2025-07-02,243.25,248.0,248.0,242.4,244.13,243.9,243.79,"1,09,987","2,68,13,833.22","1,655"
AUTOBEES,EQ,2025-07-03,243.9,245.19,246.73,243.92,244.89,244.83,245.78,"3,00,522","7,38,63,332.86","2,390"
AUTOBEES,EQ,2025-07-04,244.83,238.7,246.0,238.7,245.0,245.05,244.84,"80,827","1,97,89,704.68","1,616"
AUTOBEES,EQ,2025-07-07,245.05,246.28,246.28,244.22,244.74,244.65,244.69,"82,255","2,01,26,894.06","1,818"
AUTOBEES,EQ,2025-07-08,244.65,244.64,246.0,242.23,243.97,243.78,243.54,"1,07,861","2,62,68,067.28","2,108"
AUTOBEES,EQ,2025-07-09,243.78,244.11,245.15,243.01,244.29,244.5,244.57,"87,975","2,15,16,273.22","1,147"
AUTOBEES,EQ,2025-07-10,244.5,244.29,245.99,243.26,244.34,244.37,244.18,"59,211","1,44,58,024.78","1,376"
AUTOBEES,EQ,2025-07-11,244.37,244.9,244.9,239.68,241.17,240.41,241.35,"1,55,338","3,74,91,494.87","4,681"
AUTOBEES,EQ,2025-07-14,240.41,246.42,247.62,240.02,241.28,241.02,240.82,"67,621","1,62,84,563.68","1,689"
AUTOBEES,EQ,2025-07-15,241.02,242.22,245.0,241.69,244.9,244.68,243.9,"1,65,784","4,04,35,285.31","1,604"
AUTOBEES,EQ,2025-07-16,244.68,246.22,246.22,242.01,245.65,245.53,244.02,"1,06,983","2,61,06,478.07","1,920"
AUTOBEES,EQ,2025-07-17,245.53,243.06,249.0,243.06,246.2,245.96,245.84,"1,69,053","4,15,60,535.52","1,535"
AUTOBEES,EQ,2025-07-18,245.96,248.76,252.1,244.88,245.5,245.04,245.76,"10,04,087","24,67,62,295.07","4,320"
AUTOBEES,EQ,2025-07-21,245.04,245.01,246.86,243.29,246.7,246.6,245.05,"2,90,730","7,12,44,634.54","2,501"
AUTOBEES,EQ,2025-07-22,246.6,247.83,247.88,244.29,245.0,244.79,244.99,"2,97,240","7,28,21,943.91","2,819"
AUTOBEES,EQ,2025-07-23,244.79,246.35,246.95,245.06,246.3,246.22,246.24,"1,82,997","4,50,61,272.56","1,849"
AUTOBEES,EQ,2025-07-24,246.22,244.11,248.02,244.11,246.35,246.49,246.94,"2,04,731","5,05,55,561.04","1,842"
AUTOBEES,EQ,2025-07-25,246.49,248.23,248.23,242.86,243.97,243.96,244.08,"3,51,054","8,56,85,687.30","4,087"
AUTOBEES,EQ,2025-07-28,243.96,243.8,245.99,240.0,243.36,243.01,244.2,"2,11,250","5,15,87,810.12","2,466"
AUTOBEES,EQ,2025-07-29,243.01,243.01,245.59,241.63,245.59,244.99,244.12,"1,22,479","2,99,00,179.68","1,428"
AUTOBEES,EQ,2025-07-30,244.99,248.23,248.23,242.05,243.88,243.6,243.31,"1,52,168","3,70,24,050.76","2,316"
AUTOBEES,EQ,2025-07-31,243.6,245.0,245.0,240.3,242.29,242.6,242.21,"2,07,303","5,02,11,372.76","2,635"
AUTOBEES,EQ,2025-08-01,242.6,242.6,244.14,240.7,241.0,240.88,241.51,"1,73,942","4,20,09,358.56","2,486"
AUTOBEES,EQ,2025-08-04,240.88,245.12,248.11,240.84,244.4,244.39,243.6,"1,13,855","2,77,35,396.07","1,889"
AUTOBEES,EQ,2025-08-05,244.39,250.49,250.49,242.31,245.18,245.05,244.5,"1,31,538","3,21,61,677.05","1,523"
AUTOBEES,EQ,2025-08-06,245.05,245.06,246.57,243.01,243.68,243.68,243.84,"81,136","1,97,84,113.89","1,405"
AUTOBEES,EQ,2025-08-07,243.68,244.7,245.7,240.66,244.57,244.22,242.56,"1,62,263","3,93,59,175.04","2,149"
AUTOBEES,EQ,2025-08-08,244.22,238.11,245.73,238.11,241.89,241.16,242.62,"95,684","2,32,14,424.48","2,236"
AUTOBEES,EQ,2025-08-11,241.16,241.0,245.0,239.16,243.28,243.19,242.39,"1,08,198","2,62,26,324.25","1,634"
AUTOBEES,EQ,2025-08-12,243.19,242.85,246.7,242.85,244.5,244.57,245.24,"1,65,455","4,05,76,421.41","1,397"
AUTOBEES,EQ,2025-08-13,244.57,245.8,248.0,244.85,247.3,247.31,247.15,"2,73,954","6,77,08,805.07","1,907"
AUTOBEES,EQ,2025-08-14,247.31,247.99,248.41,246.42,247.2,247.23,247.21,"2,05,295","5,07,51,311.05","1,384"
AUTOBEES,EQ,2025-08-18,247.23,248.64,259.15,247.24,257.39,257.56,257.59,"19,35,209","49,84,91,598.86","10,381"
AUTOBEES,EQ,2025-08-19,257.56,265.29,265.29,255.26,261.0,260.87,260.13,"8,89,137","23,12,92,362.06","4,928"
AUTOBEES,EQ,2025-08-20,260.87,260.87,262.0,260.14,261.8,261.83,261.22,"6,79,392","17,74,73,840.97","4,079"
AUTOBEES,EQ,2025-08-21,261.83,262.73,262.73,257.53,260.15,259.97,260.65,"2,33,900","6,09,65,599.88","2,770"
AUTOBEES,EQ,2025-08-22,259.97,259.89,262.69,256.03,257.35,259.25,259.73,"1,80,587","4,69,03,019.89","2,263"
AUTOBEES,EQ,2025-08-25,259.25,259.99,261.0,258.75,260.98,260.88,260.48,"1,42,073","3,70,07,018.23","2,200"
AUTOBEES,EQ,2025-08-26,260.88,260.99,262.02,258.75,260.0,260.15,260.67,"2,39,445","6,24,16,904.66","2,677"
AUTOBEES,EQ,2025-08-28,260.15,253.64,262.99,253.64,258.35,258.36,259.12,"1,93,597","5,01,65,289.69","2,512"
AUTOBEES,EQ,2025-08-29,258.36,266.11,266.11,255.53,256.0,256.11,257.51,"3,97,548","10,23,73,874.34","3,750"
AUTOBEES,EQ,2025-09-01,256.11,256.15,263.59,256.15,263.5,263.37,261.26,"3,16,282","8,26,31,373.09","3,085"
AUTOBEES,EQ,2025-09-02,263.37,263.37,265.58,262.28,263.2,263.25,264.84,"9,41,220","24,92,74,822.82","10,177"
AUTOBEES,EQ,2025-09-03,263.25,263.25,265.58,262.46,265.21,265.09,264.12,"2,17,111","5,73,43,323.57","6,173"
AUTOBEES,EQ,2025-09-04,265.09,265.49,274.28,265.49,267.4,267.49,269.37,"12,95,049","34,88,45,927.23","7,194"
AUTOBEES,EQ,2025-09-05,267.49,267.49,271.5,259.47,271.09,270.96,270.51,"3,55,880","9,62,68,519.29","11,361"
AUTOBEES,EQ,2025-09-08,270.96,269.49,280.49,269.49,280.13,279.86,278.11,"12,09,321","33,63,28,280.41","10,008"
AUTOBEES,EQ,2025-09-09,279.86,286.85,286.85,277.0,279.52,278.94,279.03,"3,73,836","10,43,13,246.83","4,899"
AUTOBEES,EQ,2025-09-10,278.94,281.43,287.31,275.05,276.22,276.12,277.43,"3,08,444","8,55,72,860.43","5,526"
AUTOBEES,EQ,2025-09-11,276.12,276.0,279.87,273.0,274.63,274.36,274.41,"8,16,602","22,40,82,281.09","6,566"
AUTOBEES,EQ,2025-09-12,274.36,267.5,277.91,267.5,276.72,276.41,276.68,"2,66,085","7,36,21,320.86","2,972"
AUTOBEES,EQ,2025-09-15,276.41,280.0,284.39,275.0,275.74,275.41,276.43,"2,03,498","5,62,53,394.02","3,211"
AUTOBEES,EQ,2025-09-16,275.41,275.42,279.0,274.91,278.98,278.85,277.92,"1,91,504","5,32,22,529.22","2,731"
AUTOBEES,EQ,2025-09-17,278.85,278.85,280.94,278.85,280.38,280.72,280.46,"2,25,686","6,32,96,790.34","2,487"
AUTOBEES,EQ,2025-09-18,280.72,282.67,283.99,279.57,281.5,281.18,280.72,"2,06,192","5,78,81,894.53","2,660"
AUTOBEES,EQ,2025-09-19,281.18,281.18,282.38,279.34,280.3,280.35,280.43,"1,68,362","4,72,14,447.22","3,475"
AUTOBEES,EQ,2025-09-22,280.35,280.99,281.3,278.5,280.29,279.25,280.25,"2,04,029","5,71,78,930.33","4,101"
AUTOBEES,EQ,2025-09-23,279.25,281.97,284.48,280.11,281.98,280.9,281.73,"6,34,138","17,86,53,063.61","7,953"
AUTOBEES,EQ,2025-09-24,280.9,280.91,282.15,276.9,277.64,277.52,278.68,"2,82,555","7,87,41,442.96","6,678"
AUTOBEES,EQ,2025-09-25,277.52,277.2,278.58,274.12,275.28,274.63,275.31,"2,21,943","6,11,02,111.75","8,421"
AUTOBEES,EQ,2025-09-26,274.63,280.0,280.0,271.0,271.8,271.75,274.02,"2,47,183","6,77,32,629.78","3,836"
AUTOBEES,EQ,2025-09-29,271.75,278.54,284.39,270.85,271.35,271.24,272.19,"1,89,530","5,15,88,474.07","2,731"
AUTOBEES,EQ,2025-09-30,271.24,271.99,280.0,270.36,273.0,273.94,272.39,"3,42,403","9,32,66,329.30","3,147"
AUTOBEES,EQ,2025-10-01,273.94,273.94,275.75,271.86,275.67,275.41,274.66,"1,64,495","4,51,80,918.05","4,625"
AUTOBEES,EQ,2025-10-03,275.41,276.78,276.81,272.18,275.2,275.26,274.42,"2,36,579","6,49,21,116.89","3,023"
AUTOBEES,EQ,2025-10-06,275.26,278.42,278.42,273.27,275.9,275.8,275.06,"1,65,282","4,54,62,966.55","3,395"
AUTOBEES,EQ,2025-10-07,275.8,275.8,277.97,272.75,276.6,276.65,276.87,"1,33,750","3,70,31,458.54","7,211"
AUTOBEES,EQ,2025-10-08,276.65,276.65,278.32,272.5,272.88,272.88,274.65,"2,17,927","5,98,54,008.21","7,289"
AUTOBEES,EQ,2025-10-09,272.88,273.0,274.73,270.82,273.6,273.42,272.31,"1,58,580","4,31,83,188.68","4,199"
AUTOBEES,EQ,2025-10-10,273.42,281.62,281.62,272.17,274.87,274.74,274.48,"1,34,448","3,69,03,715.21","2,311"
AUTOBEES,EQ,2025-10-13,274.74,278.44,278.44,272.91,274.16,273.94,274.02,"1,89,686","5,19,77,503.22","5,023"
AUTOBEES,EQ,2025-10-14,273.94,273.94,275.99,271.33,274.0,273.35,273.02,"2,57,579","7,03,24,296.25","4,333"
AUTOBEES,EQ,2025-10-15,273.35,274.3,275.06,273.42,274.45,274.51,274.6,"2,29,601","6,30,47,507.53","1,722"
AUTOBEES,EQ,2025-10-16,274.51,275.0,278.92,274.65,278.12,278.22,278.16,"9,70,898","27,00,67,905.18","3,322"
AUTOBEES,EQ,2025-10-17,278.22,278.42,280.81,277.59,279.94,279.85,280.28,"7,71,468","21,62,24,248.68","2,674"
AUTOBEES,EQ,2025-10-20,279.85,279.85,281.86,278.5,278.5,278.86,279.54,"2,82,789","7,90,52,218.77","3,176"
AUTOBEES,EQ,2025-10-21,278.86,279.86,281.49,278.52,279.24,279.75,279.83,"92,887","2,59,93,022.29","1,793"
AUTOBEES,EQ,2025-10-23,279.75,281.5,281.5,278.76,279.6,279.17,280.26,"2,74,411","7,69,06,063.46","2,864"
AUTOBEES,EQ,2025-10-24,279.17,280.2,281.05,277.08,278.25,277.96,277.86,"4,57,614","12,71,54,396.04","2,211"
AUTOBEES,EQ,2025-10-27,277.96,279.0,279.95,278.25,279.93,279.73,279.32,"1,12,062","3,13,01,297.15","1,898"
AUTOBEES,EQ,2025-10-28,279.73,282.0,282.73,277.7,278.26,278.41,279.32,"1,84,994","5,16,72,758.96","2,172"
AUTOBEES,EQ,2025-10-29,278.41,279.1,279.11,275.88,277.0,276.48,276.96,"2,72,317","7,54,19,732.02","3,292"
AUTOBEES,EQ,2025-10-30,276.48,276.22,277.57,274.88,275.55,275.29,275.43,"1,95,053","5,37,24,227.79","2,477"
AUTOBEES,EQ,2025-10-31,275.29,276.31,278.26,274.92,275.7,275.75,276.68,"2,12,962","5,89,22,318.97","1,986"
AUTOBEES,EQ,2025-11-03,275.75,277.12,278.01,273.89,275.65,275.68,275.28,"2,11,861","5,83,22,045.44","3,248"
AUTOBEES,EQ,2025-11-04,275.68,275.69,275.98,273.0,273.49,273.17,273.59,"1,49,353","4,08,61,233.95","3,287"
AUTOBEES,EQ,2025-11-06,273.17,274.53,275.9,272.49,273.24,273.0,274.19,"1,26,776","3,47,60,199.11","2,293"
AUTOBEES,EQ,2025-11-07,273.0,273.0,275.65,269.56,275.4,275.41,274.4,"3,96,081","10,86,82,785.37","2,729"
AUTOBEES,EQ,2025-11-10,275.41,276.71,276.99,274.07,275.55,275.62,275.61,"1,19,165","3,28,42,798.82","2,109"
AUTOBEES,EQ,2025-11-11,275.62,276.99,278.7,274.55,278.59,278.43,277.03,"1,54,759","4,28,73,003.80","1,866"
AUTOBEES,EQ,2025-11-12,278.43,278.58,282.55,278.58,282.49,282.33,281.08,"3,13,965","8,82,48,596.30","3,238"
AUTOBEES,EQ,2025-11-13,282.33,283.8,283.8,279.44,280.95,280.86,282.05,"4,59,838","12,96,96,949.45","2,418"
AUTOBEES,EQ,2025-11-14,280.86,280.87,281.5,277.96,279.72,279.48,279.37,"1,21,974","3,40,75,939.77","2,483"
AUTOBEES,EQ,2025-11-17,279.48,280.82,282.7,278.22,282.63,282.52,282.06,"5,46,810","15,42,32,553.07","2,842"
AUTOBEES,EQ,2025-11-18,282.52,282.52,282.52,280.5,281.24,281.24,281.51,"1,20,519","3,39,27,515.19","1,765"
AUTOBEES,EQ,2025-11-19,281.24,284.24,284.24,280.14,281.72,282.1,281.83,"1,17,938","3,32,38,767.90","1,539"
AUTOBEES,EQ,2025-11-20,282.1,282.1,283.79,281.89,282.53,282.57,282.84,"1,80,443","5,10,37,042.10","2,023"
AUTOBEES,EQ,2025-11-21,282.57,282.57,284.5,281.92,282.37,282.18,282.55,"9,80,980","27,71,77,016.76","2,512"
AUTOBEES,EQ,2025-11-24,282.18,283.59,283.59,280.63,281.07,281.1,281.83,"1,78,047","5,01,78,561.39","1,996"
AUTOBEES,EQ,2025-11-25,281.1,282.5,282.9,280.0,280.15,280.57,281.1,"1,51,761","4,26,60,461.56","1,677"
AUTOBEES,EQ,2025-11-26,280.57,281.98,293.0,279.96,284.0,284.94,284.12,"2,64,287","7,50,89,136.56","2,271"
AUTOBEES,EQ,2025-11-27,284.94,284.9,286.36,282.81,284.0,283.8,284.37,"3,31,895","9,43,79,496.20","2,628"
AUTOBEES,EQ,2025-11-28,283.8,292.31,292.31,283.07,286.0,285.56,285.46,"2,60,025","7,42,25,456.58","4,584"
AUTOBEES,EQ,2025-12-01,285.56,287.49,288.5,285.97,287.96,287.86,287.48,"4,48,203","12,88,51,526.44","3,769"
AUTOBEES,EQ,2025-12-02,287.86,287.84,288.9,286.24,287.55,287.01,287.13,"2,25,291","6,46,86,874.78","2,606"
AUTOBEES,EQ,2025-12-03,287.01,288.44,288.44,283.51,284.46,284.27,284.6,"9,14,434","26,02,50,454.40","4,669"
AUTOBEES,EQ,2025-12-04,284.27,287.27,287.27,275.74,285.19,285.16,285.02,"2,89,229","8,24,37,346.09","2,237"
AUTOBEES,EQ,2025-12-05,285.16,285.16,288.0,284.41,287.38,287.14,286.46,"3,01,347","8,63,23,798.63","2,473"
AUTOBEES,EQ,2025-12-08,287.14,289.71,289.71,282.5,283.44,283.42,284.31,"4,90,992","13,95,92,571.08","5,141"
AUTOBEES,EQ,2025-12-09,283.42,283.42,283.91,278.15,282.02,281.69,280.73,"2,68,849","7,54,73,207.98","3,999"
AUTOBEES,EQ,2025-12-10,281.69,282.84,283.99,280.77,281.0,281.29,282.54,"1,85,997","5,25,51,120.83","2,104"
AUTOBEES,EQ,2025-12-11,281.29,284.14,286.8,279.75,286.8,284.43,283.51,"1,95,737","5,54,94,260.59","2,033"
AUTOBEES,EQ,2025-12-12,284.43,291.54,291.54,283.62,285.0,286.02,285.66,"1,71,675","4,90,39,948.33","1,841"
AUTOBEES,EQ,2025-12-15,286.02,286.02,286.02,282.55,283.47,283.33,283.22,"2,70,207","7,65,28,512.54","3,892"
AUTOBEES,EQ,2025-12-16,283.33,284.74,284.99,281.99,282.31,282.72,282.61,"1,05,151","2,97,16,378.85","1,835"
AUTOBEES,EQ,2025-12-17,282.72,283.46,284.45,281.73,282.0,282.01,282.48,"1,09,681","3,09,82,542.02","1,858"
AUTOBEES,EQ,2025-12-18,282.01,283.21,283.21,277.68,280.37,280.54,279.49,"2,43,950","6,81,82,390.72","3,675"
AUTOBEES,EQ,2025-12-19,280.54,280.55,283.9,280.28,283.84,283.75,282.93,"1,37,782","3,89,83,202.72","1,760"
AUTOBEES,EQ,2025-12-22,283.75,284.47,285.93,283.72,285.79,285.55,285.23,"2,80,467","7,99,96,407.32","2,429"
AUTOBEES,EQ,2025-12-23,285.55,286.39,287.0,284.8,286.0,285.97,285.87,"1,75,615","5,02,03,520.08","1,815"
AUTOBEES,EQ,2025-12-24,285.97,282.98,287.39,282.97,285.75,285.75,286.01,"1,22,336","3,49,88,845.91","1,587"
AUTOBEES,EQ,2025-12-26,285.75,278.6,287.44,278.6,285.38,284.49,284.71,"2,05,230","5,84,31,180.12","2,949"
AUTOBEES,EQ,2025-12-29,284.49,286.31,286.32,282.4,282.7,282.72,283.69,"1,92,729","5,46,74,357.26","2,984"
AUTOBEES,EQ,2025-12-30,282.72,287.5,287.5,279.73,286.76,286.54,285.75,"3,54,177","10,12,04,754.89","5,673"
AUTOBEES,EQ,2025-12-31,286.54,286.55,290.24,286.3,289.76,289.93,289.37,"10,85,312","31,40,56,159.23","3,678"
AUTOBEES,EQ,2026-01-01,289.93,282.68,293.0,282.68,292.7,292.8,291.99,"7,70,963","22,51,15,498.40","4,391"
AUTOBEES,EQ,2026-01-02,292.8,294.0,297.0,293.0,297.0,296.09,295.74,"11,30,454","33,43,23,101.63","5,794"
AUTOBEES,EQ,2026-01-05,296.09,299.79,299.79,295.55,296.45,296.93,297.24,"5,56,330","16,53,62,691.26","5,122"
AUTOBEES,EQ,2026-01-06,296.93,296.93,299.92,294.01,296.1,296.44,296.12,"4,13,059","12,23,16,227.01","3,860"
AUTOBEES,EQ,2026-01-07,296.44,296.45,298.04,292.33,294.08,293.76,294.24,"3,41,670","10,05,33,396.32","4,723"
AUTOBEES,EQ,2026-01-08,293.76,286.41,295.22,286.41,290.17,291.06,292.28,"3,07,357","8,98,33,296.38","5,290"
AUTOBEES,EQ,2026-01-09,291.06,294.4,294.4,287.25,288.5,287.86,288.33,"16,29,788","46,99,23,764.35","4,721"
AUTOBEES,EQ,2026-01-12,287.86,299.0,299.0,281.77,287.54,287.45,284.78,"4,21,797","12,01,18,243.44","6,277"
AUTOBEES,EQ,2026-01-13,287.45,291.04,291.04,284.7,287.49,287.17,286.26,"2,34,727","6,71,92,610.26","3,232"
AUTOBEES,EQ,2026-01-14,287.17,287.5,287.5,284.07,285.9,285.26,285.3,"3,65,083","10,41,58,557.46","3,218"
AUTOBEES,EQ,2026-01-16,285.26,285.99,287.2,282.76,283.5,283.36,285.08,"3,69,881","10,54,47,071.88","3,996"
AUTOBEES,EQ,2026-01-19,283.36,291.86,291.86,281.06,283.88,283.55,282.51,"2,36,628","6,68,49,261.62","3,654"
AUTOBEES,EQ,2026-01-20,283.55,284.48,284.88,276.0,277.5,276.88,279.84,"3,75,088","10,49,64,012.55","7,367"
AUTOBEES,EQ,2026-01-21,276.88,276.86,278.6,272.75,275.48,275.38,275.25,"2,47,619","6,81,57,752.38","4,832"
AUTOBEES,EQ,2026-01-22,275.38,278.0,281.99,276.44,279.55,278.55,278.75,"2,01,405","5,61,41,828.85","2,889"
AUTOBEES,EQ,2026-01-23,278.55,279.55,279.83,272.54,275.67,275.15,276.92,"1,94,602","5,38,89,099.23","3,971"
AUTOBEES,EQ,2026-01-27,275.15,275.14,275.14,269.05,273.1,272.83,271.46,"5,08,290","13,79,82,851.93","7,841"
AUTOBEES,EQ,2026-01-28,272.83,279.0,279.0,269.29,274.59,274.15,271.5,"4,09,289","11,11,22,319.35","6,292"
AUTOBEES,EQ,2026-01-29,274.15,274.16,275.52,269.05,272.53,272.54,271.22,"3,10,579","8,42,35,938.42","6,026"
AUTOBEES,EQ,2026-01-30,272.54,271.1,275.0,269.61,274.42,274.15,272.16,"3,32,654","9,05,36,584.58","3,931"
AUTOBEES,EQ,2026-02-01,274.15,275.52,278.63,266.22,270.0,269.96,273.51,"3,52,306","9,63,60,530.27","5,731"
AUTOBEES,EQ,2026-02-02,269.96,269.95,275.0,267.01,275.0,274.19,271.23,"2,37,126","6,43,15,146.33","4,169"
AUTOBEES,EQ,2026-02-03,274.19,274.19,289.84,267.33,282.0,281.9,282.8,"5,17,923","14,64,66,769.20","5,663"
AUTOBEES,EQ,2026-02-04,281.9,281.99,286.34,280.35,285.0,285.1,285.1,"2,63,170","7,50,28,923.83","3,106"
AUTOBEES,EQ,2026-02-05,285.1,287.95,287.96,281.6,283.25,283.38,283.35,"1,18,394","3,35,46,819.91","2,963"
AUTOBEES,EQ,2026-02-06,283.38,283.38,283.38,280.0,282.0,281.94,281.29,"1,13,406","3,19,00,293.29","2,881"
AUTOBEES,EQ,2026-02-09,281.94,288.99,288.99,282.0,285.0,284.74,284.1,"1,67,827","4,76,78,901.30","2,770"
AUTOBEES,EQ,2026-02-10,284.74,284.74,289.79,284.74,289.0,288.78,288.2,"3,74,322","10,78,79,108.15","3,199"
AUTOBEES,EQ,2026-02-11,288.78,291.34,295.45,290.21,292.95,292.88,293.73,"7,03,352","20,65,95,374.87","5,858"
AUTOBEES,EQ,2026-02-12,292.88,293.0,293.97,291.2,291.87,292.36,292.77,"2,81,313","8,23,60,271.54","3,408"
AUTOBEES,EQ,2026-02-13,292.36,292.36,293.0,289.53,290.12,290.25,291.0,"2,21,050","6,43,26,602.32","3,353"
AUTOBEES,EQ,2026-02-16,290.25,290.99,291.0,287.25,288.35,288.31,288.38,"1,68,483","4,85,87,158.97","3,505"
AUTOBEES,EQ,2026-02-17,288.31,295.51,295.51,286.63,289.5,289.9,288.6,"3,36,210","9,70,31,001.55","2,243"
AUTOBEES,EQ,2026-02-18,289.9,291.46,291.99,288.85,291.73,291.55,290.27,"1,45,246","4,21,59,914.77","2,183"
AUTOBEES,EQ,2026-02-19,291.55,291.55,293.0,284.14,286.52,285.25,288.26,"2,92,952","8,44,47,100.00","5,355"
AUTOBEES,EQ,2026-02-20,285.25,288.25,288.25,284.1,286.5,286.38,286.03,"1,86,520","5,33,49,749.55","2,448"
AUTOBEES,EQ,2026-02-23,286.38,289.37,289.54,286.39,288.44,288.59,288.36,"1,87,275","5,40,03,058.04","2,530"
AUTOBEES,EQ,2026-02-24,288.59,288.75,288.75,285.67,287.93,287.5,286.77,"1,47,780","4,23,79,277.96","2,509"
AUTOBEES,EQ,2026-02-25,287.5,280.0,293.09,280.0,292.0,292.07,291.34,"2,41,321","7,03,06,568.70","3,125"
AUTOBEES,EQ,2026-02-26,292.07,290.16,295.0,290.16,294.8,294.48,293.47,"3,30,153","9,68,89,773.50","2,729"
AUTOBEES,EQ,2026-02-27,294.48,294.79,294.79,289.1,294.5,290.12,291.19,"2,51,410","7,32,08,601.69","7,379"
AUTOBEES,EQ,2026-03-02,290.12,288.0,288.0,279.03,283.25,283.19,282.8,"6,43,778","18,20,63,183.80","11,285"
AUTOBEES,EQ,2026-03-04,283.19,279.99,280.06,273.8,275.55,275.61,275.18,"4,56,686","12,56,72,778.07","8,273"
AUTOBEES,EQ,2026-03-05,275.61,276.58,282.0,276.58,281.49,281.07,278.85,"2,24,509","6,26,05,315.70","2,957"
AUTOBEES,EQ,2026-03-06,281.07,281.07,281.1,278.0,278.4,278.32,279.35,"1,33,560","3,73,10,601.61","3,267"
AUTOBEES,EQ,2026-03-09,278.32,276.99,277.13,264.71,270.11,267.46,266.73,"5,60,996","14,96,33,978.79","12,309"
AUTOBEES,EQ,2026-03-10,267.46,274.8,276.17,269.45,275.5,275.24,272.85,"2,40,916","6,57,33,191.92","3,070"
AUTOBEES,EQ,2026-03-11,275.24,278.72,278.72,266.18,267.14,266.79,269.63,"3,89,619","10,50,54,399.18","7,957"
AUTOBEES,EQ,2026-03-12,266.79,267.0,267.92,257.67,260.0,258.28,259.45,"5,62,599","14,59,64,387.41","11,549"
AUTOBEES,EQ,2026-03-13,258.28,258.27,258.27,248.11,250.42,249.36,251.01,"5,64,801","14,17,71,823.76","12,720"
AUTOBEES,EQ,2026-03-16,249.36,249.94,254.34,245.5,252.49,253.1,250.08,"3,26,940","8,17,60,659.36","5,886"
AUTOBEES,EQ,2026-03-17,253.1,260.69,266.0,252.0,260.0,258.78,257.22,"3,86,612","9,94,45,298.21","4,682"
AUTOBEES,EQ,2026-03-18,258.78,252.31,264.4,252.31,263.04,263.39,263.22,"4,00,111","10,53,18,314.92","3,717"
AUTOBEES,EQ,2026-03-19,263.39,258.79,258.79,251.11,255.1,253.25,254.54,"4,76,035","12,11,71,825.05","10,108"
AUTOBEES,EQ,2026-03-20,253.25,254.22,256.8,253.35,254.8,254.41,254.91,"2,56,274","6,53,27,960.74","3,524"
AUTOBEES,EQ,2026-03-23,254.41,252.15,252.15,245.6,247.65,246.25,247.27,"3,10,049","7,66,65,691.97","8,093"
AUTOBEES,EQ,2026-03-24,246.25,253.64,254.23,247.6,252.7,252.19,251.3,"3,25,501","8,17,98,325.05","4,071"
AUTOBEES,EQ,2026-03-25,252.19,252.99,259.95,252.99,257.94,257.97,258.17,"3,41,682","8,82,13,325.15","4,814"
AUTOBEES,EQ,2026-03-27,257.97,257.98,257.98,250.0,251.32,250.45,251.63,"3,62,961","9,13,31,326.01","5,903"
AUTOBEES,EQ,2026-03-30,250.45,256.71,257.0,243.38,244.8,244.19,245.88,"3,98,727","9,80,38,997.46","7,926"
AUTOBEES,EQ,2026-04-01,244.19,244.22,253.25,244.22,249.43,248.86,250.69,"6,29,094","15,77,05,510.43","4,604"
AUTOBEES,EQ,2026-04-02,248.86,243.5,249.45,242.5,249.45,248.28,244.95,"2,99,597","7,33,87,491.05","5,381"
AUTOBEES,EQ,2026-04-06,248.28,248.8,250.97,245.95,250.84,250.71,249.1,"2,31,809","5,77,42,976.41","4,075"
AUTOBEES,EQ,2026-04-07,250.71,251.01,251.01,245.47,250.45,250.18,248.31,"3,44,912","8,56,46,269.08","4,145"
AUTOBEES,EQ,2026-04-08,250.18,254.0,268.22,253.99,268.22,267.44,265.44,"7,39,561","19,63,08,508.86","6,265"
AUTOBEES,EQ,2026-04-09,267.44,267.44,268.7,263.66,266.0,266.18,266.48,"3,40,650","9,07,74,987.20","3,942"
AUTOBEES,EQ,2026-04-10,266.18,268.63,274.45,268.37,274.0,273.59,272.12,"5,80,930","15,80,82,872.14","4,705"
AUTOBEES,EQ,2026-04-13,273.59,271.0,271.0,266.07,268.43,268.38,268.38,"4,79,016","12,85,57,557.75","6,971"
AUTOBEES,EQ,2026-04-15,268.38,271.47,274.16,270.21,271.49,271.66,272.43,"5,35,262","14,58,24,058.99","4,192"
AUTOBEES,EQ,2026-04-16,271.66,271.99,274.99,270.04,271.58,271.58,271.91,"4,27,354","11,62,03,453.45","4,370"
AUTOBEES,EQ,2026-04-17,271.58,272.0,272.78,269.41,271.71,271.8,271.68,"2,58,297","7,01,73,978.03","3,042"
AUTOBEES,EQ,2026-04-20,271.8,272.0,273.24,269.01,271.45,271.86,271.58,"4,79,595","13,02,46,529.53","3,320"
AUTOBEES,EQ,2026-04-21,271.86,271.86,274.4,271.86,273.14,273.16,273.71,"1,74,806","4,78,45,805.67","2,046"
AUTOBEES,EQ,2026-04-22,273.16,271.6,274.2,271.16,273.0,271.73,272.86,"1,80,286","4,91,92,150.21","2,759"
AUTOBEES,EQ,2026-04-23,271.73,271.72,271.72,265.01,267.01,265.79,267.04,"4,06,308","10,84,99,386.90","6,367"
AUTOBEES,EQ,2026-04-24,265.79,265.97,267.94,263.0,264.05,264.01,264.54,"2,06,670","5,46,71,983.76","4,127"
AUTOBEES,EQ,2026-04-27,264.01,265.0,268.59,264.92,268.55,268.13,267.72,"6,67,335","17,86,59,722.31","2,893"
AUTOBEES,EQ,2026-04-28,268.13,268.69,269.65,265.1,265.75,265.41,266.95,"1,94,745","5,19,87,639.52","2,952"
AUTOBEES,EQ,2026-04-29,265.41,267.35,271.7,265.76,268.4,267.72,269.94,"3,49,582","9,43,67,656.50","3,720"
AUTOBEES,EQ,2026-04-30,267.72,268.84,268.84,262.02,266.7,265.83,263.95,"4,72,828","12,48,00,709.87","5,071"
AUTOBEES,EQ,2026-05-04,265.83,266.7,271.81,265.05,267.1,267.17,268.96,"2,91,509","7,84,03,907.90","4,237"
AUTOBEES,EQ,2026-05-05,267.17,268.48,269.84,265.5,269.8,269.48,267.6,"2,75,113","7,36,21,056.14","2,910"
AUTOBEES,EQ,2026-05-06,269.48,270.99,276.0,269.79,276.0,275.36,273.14,"4,94,085","13,49,55,880.99","4,221"
AUTOBEES,EQ,2026-05-07,275.36,276.99,282.98,276.19,281.0,280.6,280.58,"11,37,773","31,92,38,851.07","5,449"
AUTOBEES,EQ,2026-05-08,280.6,280.0,281.44,277.79,279.62,279.9,280.2,"2,58,512","7,24,35,888.94","3,373"
AUTOBEES,EQ,2026-05-11,279.9,279.39,279.39,273.78,274.9,274.58,275.3,"2,62,490","7,22,62,966.06","5,960"
AUTOBEES,EQ,2026-05-12,274.58,274.9,275.0,267.6,269.95,268.11,271.69,"11,27,263","30,62,64,956.12","11,511"
AUTOBEES,EQ,2026-05-13,268.11,270.81,270.81,265.33,268.5,266.02,267.0,"2,58,292","6,89,63,910.51","3,696"
AUTOBEES,EQ,2026-05-14,266.02,268.67,268.7,263.17,268.0,267.62,265.53,"3,78,108","10,03,97,569.84","3,544"
AUTOBEES,EQ,2026-05-15,267.62,268.99,270.78,266.95,268.0,267.7,268.54,"2,08,686","5,60,40,714.99","2,796"
AUTOBEES,EQ,2026-05-18,267.7,267.81,267.81,261.82,263.04,263.18,263.02,"3,20,496","8,42,95,574.26","5,009"
AUTOBEES,EQ,2026-05-19,263.18,267.0,267.0,261.0,264.2,264.09,264.37,"1,86,987","4,94,33,961.12","2,489"
AUTOBEES,EQ,2026-05-20,264.09,267.0,267.31,260.45,266.0,266.41,264.52,"2,06,048","5,45,03,534.11","3,138"
AUTOBEES,EQ,2026-05-21,266.41,268.63,269.99,266.34,267.6,267.26,267.91,"1,92,133","5,14,74,364.55","2,011"
AUTOBEES,EQ,2026-05-22,267.26,268.59,268.99,266.76,267.32,267.12,267.95,"1,53,162","4,10,39,543.56","1,938"
AUTOBEES,EQ,2026-05-25,267.12,267.16,273.46,267.16,272.3,271.45,271.94,"2,77,673","7,55,10,442.41","3,067"
AUTOBEES,EQ,2026-05-26,271.45,270.5,272.89,270.5,272.0,271.58,271.77,"1,73,308","4,70,99,431.41","1,937"
AUTOBEES,EQ,2026-05-27,271.58,274.65,277.0,271.6,276.32,276.05,274.45,"2,54,332","6,98,00,609.56","2,808"
AUTOBEES,EQ,2026-05-29,276.05,277.99,277.99,270.12,272.89,271.31,273.42,"2,63,738","7,21,12,385.42","4,493"
AUTOBEES,EQ,2026-06-01,271.31,273.99,273.99,266.11,266.99,266.78,269.06,"2,20,012","5,91,95,617.52","4,479"
AUTOBEES,EQ,2026-06-02,266.78,265.26,269.24,263.21,269.0,268.48,266.98,"1,81,046","4,83,36,033.92","2,816"
AUTOBEES,EQ,2026-06-03,268.48,269.71,270.17,266.66,267.1,268.88,268.38,"1,34,780","3,61,71,774.09","2,328"
AUTOBEES,EQ,2026-06-04,268.88,269.07,272.49,266.75,269.9,269.39,270.03,"1,84,045","4,96,98,223.81","2,202"
AUTOBEES,EQ,2026-06-05,269.39,272.13,272.13,268.0,269.36,269.65,269.79,"1,73,121","4,67,05,941.87","2,140"
AUTOBEES,EQ,2026-06-08,269.65,269.5,269.5,264.02,265.1,264.76,265.73,"1,55,421","4,13,00,543.07","4,163"
AUTOBEES,EQ,2026-06-09,264.76,267.41,268.6,265.63,267.76,267.68,267.19,"1,03,068","2,75,39,237.72","1,766"
AUTOBEES,EQ,2026-06-10,267.68,267.68,268.82,265.2,266.04,265.78,267.13,"74,572","1,99,20,333.78","2,111"
AUTOBEES,EQ,2026-06-11,265.78,259.13,267.05,259.13,266.35,265.38,264.88,"70,352","1,86,35,132.45","1,868"
AUTOBEES,EQ,2026-06-12,265.38,266.92,271.46,266.21,270.55,270.63,269.5,"1,77,396","4,78,07,616.96","2,403"
AUTOBEES,EQ,2026-06-15,270.63,272.66,278.8,272.65,277.61,277.69,277.33,"5,55,758","15,41,26,811.74","4,290"
AUTOBEES,EQ,2026-06-16,277.69,278.02,279.6,275.56,277.23,277.0,277.23,"1,88,040","5,21,29,723.73","2,521"
AUTOBEES,EQ,2026-06-17,277.0,276.77,278.47,273.55,275.76,275.46,275.78,"2,53,593","6,99,36,180.27","2,841"
AUTOBEES,EQ,2026-06-18,275.46,275.99,277.18,274.75,275.5,275.99,275.85,"7,52,157","20,74,80,959.38","1,866"
AUTOBEES,EQ,2026-06-19,275.99,274.01,275.98,272.93,274.4,274.19,274.06,"1,89,909","5,20,46,615.65","2,787"
AUTOBEES,EQ,2026-06-22,274.19,275.99,276.17,274.21,275.0,275.16,275.34,"1,43,233","3,94,37,820.93","2,136"
AUTOBEES,EQ,2026-06-23,275.16,277.91,277.91,272.27,272.6,272.92,273.89,"1,18,018","3,23,23,519.37","2,272"
AUTOBEES,EQ,2026-06-24,272.92,279.0,279.0,270.48,272.12,271.82,272.26,"1,36,526","3,71,70,404.89","3,397"
AUTOBEES,EQ,2026-06-25,271.82,273.45,280.2,273.45,277.82,277.27,277.7,"10,46,261","29,05,46,588.32","3,945"
AUTOBEES,EQ,2026-06-29,277.27,277.82,278.33,271.8,273.82,272.69,273.25,"5,25,659","14,36,33,978.47","5,371"
AUTOBEES,EQ,2026-06-30,272.69,272.69,275.99,268.76,273.69,273.05,272.34,"2,45,093","6,67,49,123.35","2,642"
AUTOBEES,EQ,2026-07-01,273.05,275.49,277.59,273.96,275.76,276.09,276.0,"9,11,837","25,16,68,245.08","4,328"
AUTOBEES,EQ,2026-07-02,276.09,277.22,278.99,275.87,278.9,278.7,277.6,"2,39,290","6,64,26,792.08","2,371"
AUTOBEES,EQ,2026-07-03,278.7,280.99,281.0,278.0,278.2,278.27,279.27,"2,40,002","6,70,25,922.00","2,522"
AUTOBEES,EQ,2026-07-06,278.27,278.27,282.49,278.15,281.9,281.97,281.22,"3,13,256","8,80,93,506.94","3,302"
AUTOBEES,EQ,2026-07-07,281.97,282.99,283.18,280.79,281.3,281.91,281.94,"1,67,080","4,71,06,392.02","2,247"
AUTOBEES,EQ,2026-07-08,281.91,279.09,281.91,274.44,276.29,275.56,277.57,"3,07,210","8,52,72,221.85","4,620"
AUTOBEES,EQ,2026-07-09,275.56,275.57,278.33,274.6,276.05,275.26,276.17,"1,34,501","3,71,45,688.93","2,156"
AUTOBEES,EQ,2026-07-10,275.26,275.26,278.49,275.26,277.55,277.38,277.35,"1,00,295","2,78,17,210.57","2,081"
AUTOBEES,EQ,2026-07-13,277.38,276.4,279.21,273.51,278.5,278.85,277.2,"2,17,490","6,02,87,685.21","2,786"
AUTOBEES,EQ,2026-07-14,278.85,276.06,277.9,274.1,274.95,274.52,275.08,"1,84,308","5,06,99,768.94","3,189"
AUTOBEES,EQ,2026-07-15,274.52,275.99,277.25,274.52,275.3,275.37,275.95,"1,22,907","3,39,15,733.14","2,934"
AUTOBEES,EQ,2026-07-16,275.37,275.51,277.9,275.37,276.0,276.11,276.65,"1,44,671","4,00,22,578.66","1,523"
AUTOBEES,EQ,2026-07-17,276.11,278.87,280.0,276.44,279.5,279.46,278.5,"1,85,792","5,17,43,817.55","1,954"
AUTOBEES,EQ,2026-07-20,279.46,280.64,280.64,276.62,279.14,279.0,278.06,"1,53,627","4,27,17,939.19","2,327"
AUTOBEES,EQ,2026-07-21,279.0,278.99,282.0,277.85,282.0,281.5,279.99,"2,05,948","5,76,63,134.31","1,973"
AUTOBEES,EQ,2026-07-22,281.5,281.79,283.99,281.19,281.68,281.82,282.35,"2,92,400","8,25,59,629.32","2,572"
AUTOBEES,EQ,2026-07-23,281.82,282.01,286.12,280.42,284.18,283.7,284.34,"3,04,035","8,64,48,586.95","2,878"
AUTOBEES,EQ,2026-07-24,283.7,276.6,283.7,276.6,281.61,281.18,280.57,"2,47,157","6,93,44,987.95","2,849"
AUTOBEES,EQ,2026-07-27,281.18,282.99,285.7,282.34,285.1,285.24,284.51,"2,33,833","6,65,28,260.88","2,615"
AUTOBEES,EQ,2026-07-28,285.24,285.79,287.94,284.27,287.36,287.37,286.86,"2,42,894","6,96,76,854.07","2,472"
AUTOBEES,EQ,2026-07-29,287.37,281.62,290.4,281.62,288.0,287.38,287.74,"2,67,654","7,70,14,468.11","2,548"
AUTOBEES,EQ,2026-07-30,287.38,288.0,292.17,286.67,292.0,291.79,289.69,"4,71,192","13,65,01,606.94","6,331"
AUTOBEES,EQ,2026-07-31,291.79,284.49,297.99,284.49,297.49,297.13,296.21,"5,48,953","16,26,07,716.48","5,056"
AUTOBEES,EQ,2026-08-03,297.13,299.98,301.02,298.07,299.96,299.32,299.37,"5,57,956","16,70,32,893.56","15,222"
