"ï»¿""Symbol  """,Series,Date,Prev Close,Open Price,High Price,Low Price,Last Price,Close Price,Average Price,Total Traded Quantity,Turnover â¹,No. of Trades
MAFSETF,EQ,2021-08-05,16.47,17.25,17.98,17.03,17.22,17.23,17.27,"1,15,468","19,94,538.41",296
MAFSETF,EQ,2021-08-06,17.23,17.23,17.27,17.11,17.18,17.14,17.21,"2,08,818","35,93,484.38",389
MAFSETF,EQ,2021-08-09,17.14,17.27,17.28,17.05,17.2,17.15,17.18,"1,14,303","19,63,594.79",293
MAFSETF,EQ,2021-08-10,17.15,17.47,17.47,17.16,17.25,17.23,17.29,"67,145","11,60,982.77",229
MAFSETF,EQ,2021-08-11,17.23,17.3,17.31,17.0,17.1,17.11,17.1,"68,006","11,62,812.02",258
MAFSETF,EQ,2021-08-12,17.11,17.5,17.5,17.12,17.23,17.22,17.19,"54,920","9,43,966.26",119
MAFSETF,EQ,2021-08-13,17.22,17.3,17.38,17.25,17.3,17.32,17.32,"48,867","8,46,148.59",150
MAFSETF,EQ,2021-08-16,17.32,17.68,20.51,17.27,18.0,18.11,17.58,"1,14,018","20,04,246.78",388
MAFSETF,EQ,2021-08-17,18.11,18.27,18.27,17.24,17.35,17.33,17.37,"1,24,522","21,62,642.10",498
MAFSETF,EQ,2021-08-18,17.33,17.71,17.83,17.24,17.26,17.26,17.31,"1,86,209","32,22,769.73",299
MAFSETF,EQ,2021-08-20,17.26,17.2,17.52,17.0,17.15,17.16,17.16,"1,34,042","23,00,332.18",371
MAFSETF,EQ,2021-08-23,17.16,17.55,20.2,17.1,17.18,17.19,17.34,"20,583","3,57,005.05",201
MAFSETF,EQ,2021-08-24,17.19,17.88,17.88,17.15,17.45,17.45,17.31,"28,345","4,90,674.09",146
MAFSETF,EQ,2021-08-25,17.45,17.97,17.97,17.38,17.38,17.4,17.45,"36,281","6,33,161.01",139
MAFSETF,EQ,2021-08-26,17.4,17.4,17.9,17.35,17.45,17.48,17.46,"91,385","15,95,156.83",146
MAFSETF,EQ,2021-08-27,17.48,17.48,17.54,17.32,17.46,17.5,17.42,"17,934","3,12,427.06",139
MAFSETF,EQ,2021-08-30,17.5,20.2,20.2,17.5,17.85,17.84,17.72,"2,93,804","52,05,648.53",288
MAFSETF,EQ,2021-08-31,17.84,19.0,19.0,17.81,18.06,18.03,17.95,"1,71,887","30,84,566.50",257
MAFSETF,EQ,2021-09-01,18.03,17.5,18.25,17.5,18.02,18.02,18.08,"1,05,822","19,13,674.00",239
MAFSETF,EQ,2021-09-02,18.02,18.05,18.49,18.01,18.18,18.23,18.15,"1,12,073","20,34,114.77",268
MAFSETF,EQ,2021-09-03,18.23,21.0,21.0,18.0,18.12,18.15,18.19,"1,66,959","30,36,664.12",414
MAFSETF,EQ,2021-09-06,18.15,17.61,18.51,17.61,18.09,18.08,18.1,"1,13,335","20,51,438.89",272
MAFSETF,EQ,2021-09-07,18.08,18.35,18.4,17.91,18.1,18.09,18.07,"1,98,548","35,87,172.08",243
MAFSETF,EQ,2021-09-08,18.09,18.35,18.35,18.05,18.19,18.18,18.22,"5,04,729","91,97,538.32",245
MAFSETF,EQ,2021-09-09,18.18,18.4,18.4,18.08,18.16,18.17,18.14,"87,017","15,78,546.01",182
MAFSETF,EQ,2021-09-13,18.17,18.4,18.4,18.02,18.14,18.11,18.11,"2,71,034","49,07,236.12",253
MAFSETF,EQ,2021-09-14,18.11,18.4,18.4,18.06,18.06,18.1,18.13,"2,01,909","36,60,731.04",189
MAFSETF,EQ,2021-09-15,18.1,18.2,18.3,18.06,18.16,18.17,18.13,"8,88,357","1,61,04,180.89",267
MAFSETF,EQ,2021-09-16,18.17,18.4,18.4,18.12,18.35,18.31,18.28,"1,59,992","29,24,694.36",287
MAFSETF,EQ,2021-09-17,18.31,15.05,18.64,15.05,18.5,18.43,18.5,"2,60,706","48,23,102.80",345
MAFSETF,EQ,2021-09-20,18.43,18.54,18.54,18.15,18.18,18.19,18.26,"1,01,359","18,50,800.05",340
MAFSETF,EQ,2021-09-21,18.19,18.25,18.3,17.94,18.26,18.25,18.05,"1,38,739","25,04,263.54",358
MAFSETF,EQ,2021-09-22,18.25,18.34,18.34,18.11,18.12,18.15,18.22,"1,54,502","28,14,407.22",227
MAFSETF,EQ,2021-09-23,18.15,18.29,18.54,18.25,18.54,18.49,18.4,"10,94,657","2,01,40,681.83",338
MAFSETF,EQ,2021-09-24,18.49,18.56,18.64,18.53,18.62,18.61,18.61,"2,45,050","45,60,858.87",239
MAFSETF,EQ,2021-09-27,18.61,18.74,18.83,18.64,18.72,18.71,18.72,"88,831","16,62,979.34",252
MAFSETF,EQ,2021-09-28,18.71,18.79,18.79,18.28,18.53,18.54,18.49,"88,560","16,37,862.76",364
MAFSETF,EQ,2021-09-29,18.54,18.54,18.7,18.29,18.4,18.38,18.38,"1,00,863","18,54,010.33",267
MAFSETF,EQ,2021-09-30,18.38,18.49,18.5,18.26,18.3,18.32,18.33,"73,405","13,45,787.84",278
MAFSETF,EQ,2021-10-01,18.32,18.25,18.25,18.06,18.15,18.15,18.1,"1,51,259","27,38,045.22",468
MAFSETF,EQ,2021-10-04,18.15,20.4,20.4,18.2,18.34,18.33,18.33,"1,42,406","26,10,245.14",270
MAFSETF,EQ,2021-10-05,18.33,18.35,18.39,18.19,18.38,18.37,18.31,"2,36,116","43,23,993.53",193
MAFSETF,EQ,2021-10-06,18.37,18.6,20.4,18.23,18.23,18.32,18.41,"1,69,333","31,17,864.27",339
MAFSETF,EQ,2021-10-07,18.32,18.37,18.47,18.28,18.29,18.34,18.41,"36,275","6,67,702.97",172
MAFSETF,EQ,2021-10-08,18.34,18.34,21.0,18.27,18.27,18.28,18.38,"1,91,442","35,18,429.09",253
MAFSETF,EQ,2021-10-11,18.28,18.82,18.9,18.34,18.54,18.53,18.51,"3,30,226","61,11,493.50",329
MAFSETF,EQ,2021-10-12,18.53,18.53,18.8,18.44,18.61,18.59,18.6,"73,547","13,68,113.93",185
MAFSETF,EQ,2021-10-13,18.59,18.61,18.9,18.5,18.6,18.67,18.74,"1,71,127","32,06,397.54",299
MAFSETF,EQ,2021-10-14,18.67,18.6,18.95,18.41,18.91,18.89,18.79,"3,13,971","58,98,439.84",299
MAFSETF,EQ,2021-10-18,18.89,19.17,19.18,18.99,19.04,19.03,19.07,"1,20,210","22,92,779.42",417
MAFSETF,EQ,2021-10-19,19.03,19.04,19.19,18.94,19.0,19.0,19.05,"59,246","11,28,899.39",337
MAFSETF,EQ,2021-10-20,19.0,19.02,19.8,18.85,19.0,18.97,19.12,"1,64,619","31,46,907.81",334
MAFSETF,EQ,2021-10-21,18.97,19.19,19.27,18.93,19.27,19.23,19.1,"58,413","11,15,439.39",249
MAFSETF,EQ,2021-10-22,19.23,19.27,19.5,19.23,19.33,19.3,19.33,"1,78,400","34,49,089.65",333
MAFSETF,EQ,2021-10-25,19.3,19.33,19.83,19.33,19.6,19.59,19.52,"1,33,115","25,97,765.52",503
MAFSETF,EQ,2021-10-26,19.59,20.17,20.17,19.33,19.69,19.64,19.55,"1,24,100","24,26,439.17",258
MAFSETF,EQ,2021-10-27,19.64,19.69,19.7,19.46,19.46,19.49,19.58,"1,60,901","31,50,912.07",237
MAFSETF,EQ,2021-10-28,19.49,19.46,19.46,18.9,19.0,18.97,19.03,"2,54,796","48,49,000.65",475
MAFSETF,EQ,2021-10-29,18.97,19.0,19.05,18.6,18.86,18.79,18.88,"2,14,148","40,42,050.73",353
MAFSETF,EQ,2021-11-01,18.79,19.48,19.48,18.07,19.06,19.01,18.77,"90,492","16,98,297.23",284
MAFSETF,EQ,2021-11-02,19.01,20.4,20.4,18.95,19.05,19.08,19.09,"35,367","6,75,152.87",181
MAFSETF,EQ,2021-11-03,19.08,19.5,19.5,18.85,18.93,18.94,18.92,"2,13,787","40,45,403.95",284
MAFSETF,EQ,2021-11-04,18.94,19.5,19.5,18.91,19.07,19.07,19.07,"44,766","8,53,744.95",209
MAFSETF,EQ,2021-11-08,19.07,20.4,20.4,18.95,19.22,19.21,19.05,"1,38,190","26,32,726.77",285
MAFSETF,EQ,2021-11-09,19.21,19.22,19.83,19.0,19.11,19.09,19.06,"66,075","12,59,066.20",275
MAFSETF,EQ,2021-11-10,19.09,19.11,19.63,18.5,19.03,18.95,18.93,"69,207","13,10,103.34",287
MAFSETF,EQ,2021-11-11,18.95,19.03,19.53,18.64,18.79,18.78,18.82,"1,52,102","28,62,326.12",342
MAFSETF,EQ,2021-11-12,18.78,19.1,19.1,18.71,19.0,18.98,18.88,"69,721","13,16,036.55",215
MAFSETF,EQ,2021-11-15,18.98,19.0,21.0,18.87,18.94,18.9,19.02,"1,26,266","24,01,024.36",294
MAFSETF,EQ,2021-11-16,18.9,19.46,19.46,18.75,18.79,18.75,18.83,"4,10,984","77,39,786.71",246
MAFSETF,EQ,2021-11-17,18.75,18.79,19.05,18.67,18.67,18.68,18.73,"1,26,855","23,75,923.36",228
MAFSETF,EQ,2021-11-18,18.68,19.1,19.1,18.52,18.62,18.58,18.61,"61,974","11,53,030.69",329
MAFSETF,EQ,2021-11-22,18.58,19.0,19.0,18.03,18.22,18.18,18.22,"1,39,429","25,40,796.80",875
MAFSETF,EQ,2021-11-23,18.18,18.6,18.6,17.92,18.29,18.27,18.19,"1,22,690","22,31,793.35",325
MAFSETF,EQ,2021-11-24,18.27,18.7,18.7,18.25,18.25,18.27,18.35,"1,39,148","25,53,454.67",337
MAFSETF,EQ,2021-11-25,18.27,17.5,18.33,17.5,18.29,18.25,18.26,"86,137","15,72,632.54",223
MAFSETF,EQ,2021-11-26,18.25,18.29,18.29,17.56,17.56,17.62,17.77,"3,55,923","63,26,322.66","1,099"
MAFSETF,EQ,2021-11-29,17.62,17.62,17.71,17.28,17.64,17.63,17.64,"30,20,928","5,32,81,564.33",510
MAFSETF,EQ,2021-11-30,17.63,17.41,18.01,17.41,17.52,17.53,17.68,"28,90,879","5,11,09,111.05",519
MAFSETF,EQ,2021-12-01,17.53,18.5,18.5,17.41,17.78,17.76,17.71,"72,840","12,89,999.25",259
MAFSETF,EQ,2021-12-02,17.76,17.6,18.02,17.6,18.0,17.99,17.9,"66,849","11,96,335.67",173
MAFSETF,EQ,2021-12-03,17.99,18.5,18.5,17.75,17.8,17.79,17.84,"1,70,864","30,48,502.37",368
MAFSETF,EQ,2021-12-06,17.79,18.33,18.33,17.55,17.56,17.59,17.67,"1,77,280","31,32,206.67",396
MAFSETF,EQ,2021-12-07,17.59,18.23,18.23,17.69,17.98,17.98,17.91,"40,202","7,19,834.49",194
MAFSETF,EQ,2021-12-08,17.98,18.35,18.35,17.8,18.3,18.29,18.22,"1,04,241","18,99,749.78",222
MAFSETF,EQ,2021-12-09,18.29,18.55,18.55,18.13,18.19,18.22,18.22,"31,738","5,78,249.19",224
MAFSETF,EQ,2021-12-10,18.22,18.55,18.55,18.03,18.18,18.13,18.1,"92,837","16,80,131.06",257
MAFSETF,EQ,2021-12-13,18.13,18.13,18.55,17.99,18.03,18.01,18.12,"83,327","15,09,937.25",363
MAFSETF,EQ,2021-12-14,18.01,17.95,18.01,17.75,17.9,17.9,17.86,"70,024","12,50,558.93",335
MAFSETF,EQ,2021-12-15,17.9,18.35,18.35,17.76,17.78,17.77,17.82,"81,967","14,60,742.06",270
MAFSETF,EQ,2021-12-16,17.77,18.13,18.13,17.6,17.74,17.73,17.72,"1,60,069","28,35,933.17",262
MAFSETF,EQ,2021-12-17,17.73,17.62,17.64,17.25,17.32,17.28,17.39,"2,12,675","36,99,182.76",771
MAFSETF,EQ,2021-12-20,17.28,18.0,18.0,16.55,16.79,16.79,16.76,"2,93,995","49,26,414.61",890
MAFSETF,EQ,2021-12-21,16.79,17.2,17.53,16.73,16.87,16.85,16.9,"73,779","12,46,621.06",256
MAFSETF,EQ,2021-12-22,16.85,17.2,17.35,16.6,17.04,16.98,16.88,"1,07,922","18,21,782.63",247
MAFSETF,EQ,2021-12-23,16.98,17.08,17.22,17.06,17.07,17.11,17.13,"1,23,347","21,12,371.19",205
MAFSETF,EQ,2021-12-24,17.11,17.5,17.5,16.84,16.98,16.97,16.95,"1,73,167","29,35,351.78",290
MAFSETF,EQ,2021-12-27,16.97,17.45,17.63,16.73,17.14,17.13,17.03,"1,35,479","23,06,622.34",295
MAFSETF,EQ,2021-12-28,17.13,17.22,17.26,17.13,17.19,17.19,17.19,"32,088","5,51,484.22",211
MAFSETF,EQ,2021-12-29,17.19,17.19,17.25,17.05,17.08,17.12,17.17,"1,16,689","20,03,858.58",249
MAFSETF,EQ,2021-12-30,17.12,17.5,17.5,17.01,17.14,17.12,17.13,"81,224","13,91,350.00",160
MAFSETF,EQ,2021-12-31,17.12,17.2,17.36,17.2,17.35,17.34,17.33,"1,33,500","23,13,491.46",188
MAFSETF,EQ,2022-01-03,17.34,17.74,17.78,17.33,17.73,17.73,17.57,"79,614","13,98,425.94",336
MAFSETF,EQ,2022-01-04,17.73,17.8,17.98,17.75,17.97,17.93,17.91,"46,330","8,29,727.54",235
MAFSETF,EQ,2022-01-05,17.93,17.98,18.38,17.97,18.3,18.33,18.24,"1,29,905","23,69,862.90",370
MAFSETF,EQ,2022-01-06,18.33,18.58,18.58,18.0,18.17,18.19,18.17,"1,30,067","23,63,681.74",334
MAFSETF,EQ,2022-01-07,18.19,18.22,18.35,18.05,18.2,18.17,18.24,"1,00,619","18,35,595.83",234
MAFSETF,EQ,2022-01-10,18.17,18.33,18.5,18.29,18.5,18.44,18.39,"96,327","17,71,064.70",354
MAFSETF,EQ,2022-01-11,18.44,18.54,18.55,18.36,18.5,18.5,18.47,"1,27,747","23,59,122.83",203
MAFSETF,EQ,2022-01-12,18.5,18.6,18.72,18.6,18.62,18.64,18.65,"60,783","11,33,499.35",236
MAFSETF,EQ,2022-01-13,18.64,18.75,18.75,18.52,18.62,18.61,18.6,"72,733","13,52,923.52",215
MAFSETF,EQ,2022-01-14,18.61,18.6,18.6,18.41,18.55,18.55,18.47,"1,18,749","21,92,970.79",239
MAFSETF,EQ,2022-01-17,18.55,18.4,18.69,18.4,18.49,18.48,18.51,"70,634","13,07,396.31",289
MAFSETF,EQ,2022-01-18,18.48,18.62,18.72,18.44,18.45,18.49,18.58,"1,01,271","18,81,839.74",267
MAFSETF,EQ,2022-01-19,18.49,18.49,18.49,18.12,18.29,18.27,18.31,"61,616","11,28,321.94",393
MAFSETF,EQ,2022-01-20,18.27,18.27,18.3,17.98,18.17,18.15,18.13,"98,987","17,94,263.05",433
MAFSETF,EQ,2022-01-21,18.15,18.35,18.35,17.87,18.1,18.03,17.98,"1,03,260","18,56,914.61",288
MAFSETF,EQ,2022-01-24,18.03,18.3,18.3,17.4,17.58,17.65,17.61,"3,06,134","53,91,914.28",751
MAFSETF,EQ,2022-01-25,17.65,18.0,18.0,17.33,17.79,17.79,17.54,"1,09,201","19,15,049.78",325
MAFSETF,EQ,2022-01-27,17.79,17.99,18.0,17.4,17.8,17.73,17.56,"91,358","16,04,214.08",416
MAFSETF,EQ,2022-01-28,17.73,17.95,18.0,17.65,17.67,17.68,17.81,"72,636","12,93,789.18",213
MAFSETF,EQ,2022-01-31,17.68,18.0,18.0,17.67,17.84,17.83,17.82,"1,02,160","18,20,887.36",385
MAFSETF,EQ,2022-02-01,17.83,17.82,18.21,17.7,18.1,18.06,17.93,"1,15,251","20,66,721.66",332
MAFSETF,EQ,2022-02-02,18.06,18.3,18.43,17.8,18.36,18.36,18.31,"64,857","11,87,592.89",214
MAFSETF,EQ,2022-02-03,18.36,18.36,18.36,18.05,18.11,18.15,18.22,"1,44,495","26,32,168.39",202
MAFSETF,EQ,2022-02-04,18.15,18.4,18.4,17.97,18.05,18.05,18.09,"49,224","8,90,503.79",212
MAFSETF,EQ,2022-02-07,18.05,18.44,18.44,17.5,17.61,17.61,17.75,"1,97,330","35,01,669.16",627
MAFSETF,EQ,2022-02-08,17.61,17.61,17.7,17.37,17.6,17.61,17.55,"77,049","13,52,013.72",333
MAFSETF,EQ,2022-02-09,17.61,17.95,17.95,17.71,17.87,17.83,17.79,"30,659","5,45,531.68",149
MAFSETF,EQ,2022-02-10,17.83,17.94,18.14,17.82,18.06,18.05,18.04,"62,065","11,19,531.97",224
MAFSETF,EQ,2022-02-11,18.05,18.35,18.35,17.73,17.77,17.77,17.78,"1,55,752","27,69,294.14",248
MAFSETF,EQ,2022-02-14,17.77,18.25,18.25,17.04,17.05,17.07,17.24,"2,65,203","45,73,347.09",902
MAFSETF,EQ,2022-02-15,17.07,18.0,18.45,16.99,17.59,17.54,17.25,"94,144","16,23,628.32",392
MAFSETF,EQ,2022-02-16,17.54,18.25,18.25,17.5,17.5,17.53,17.55,"1,01,567","17,82,462.93",208
MAFSETF,EQ,2022-02-17,17.53,17.6,17.64,17.4,17.46,17.47,17.51,"89,387","15,64,830.68",199
MAFSETF,EQ,2022-02-18,17.47,18.0,18.2,17.4,17.52,17.54,17.67,"33,529","5,92,467.68",151
MAFSETF,EQ,2022-02-21,17.54,18.0,18.0,17.26,17.55,17.49,17.44,"1,46,541","25,55,157.65",445
MAFSETF,EQ,2022-02-22,17.49,17.26,17.53,17.2,17.41,17.44,17.3,"41,400","7,16,222.42",222
MAFSETF,EQ,2022-02-23,17.44,17.8,18.0,17.4,17.43,17.45,17.52,"19,210","3,36,652.62",153
MAFSETF,EQ,2022-02-24,17.45,17.5,17.5,16.46,16.47,16.55,16.77,"3,12,332","52,36,268.01",979
MAFSETF,EQ,2022-02-25,16.55,17.0,17.43,16.25,17.04,17.02,16.94,"1,16,190","19,68,087.29",266
MAFSETF,EQ,2022-02-28,17.02,17.05,17.05,16.63,16.94,16.91,16.8,"87,888","14,76,338.84",303
MAFSETF,EQ,2022-03-02,16.91,17.75,17.75,16.38,16.61,16.53,16.51,"4,79,145","79,09,646.39",783
MAFSETF,EQ,2022-03-03,16.53,17.53,17.53,16.29,16.38,16.33,16.46,"1,00,690","16,57,484.04",545
MAFSETF,EQ,2022-03-04,16.33,16.99,16.99,15.92,16.08,16.09,16.1,"2,46,994","39,77,436.04",876
MAFSETF,EQ,2022-03-07,16.09,16.75,16.75,15.25,15.43,15.41,15.42,"6,20,673","95,69,092.84","1,312"
MAFSETF,EQ,2022-03-08,15.41,15.5,15.56,15.04,15.51,15.51,15.23,"4,06,474","61,91,715.56",744
MAFSETF,EQ,2022-03-09,15.51,16.2,17.97,15.47,15.85,15.83,15.55,"5,30,185","82,43,859.57",367
MAFSETF,EQ,2022-03-10,15.83,16.45,16.5,16.0,16.11,16.14,16.28,"1,27,100","20,69,297.32",450
MAFSETF,EQ,2022-03-11,16.14,16.05,16.31,15.98,16.17,16.17,16.18,"40,173","6,49,997.06",304
MAFSETF,EQ,2022-03-14,16.17,16.25,16.57,16.2,16.5,16.48,16.41,"1,44,347","23,69,332.57",259
MAFSETF,EQ,2022-03-15,16.48,16.59,16.62,16.24,16.34,16.35,16.48,"77,948","12,84,727.03",305
MAFSETF,EQ,2022-03-16,16.35,16.65,16.75,16.58,16.62,16.68,16.65,"1,89,255","31,51,426.49",189
MAFSETF,EQ,2022-03-17,16.68,16.95,17.2,16.94,17.14,17.1,17.12,"2,09,563","35,87,551.80",339
MAFSETF,EQ,2022-03-21,17.1,17.5,17.5,16.9,16.91,16.91,16.96,"1,69,369","28,71,818.44",394
MAFSETF,EQ,2022-03-22,16.91,16.91,17.12,16.71,17.08,17.04,16.97,"1,74,290","29,58,130.84",292
MAFSETF,EQ,2022-03-23,17.04,17.5,17.5,16.87,16.92,16.93,17.0,"86,981","14,78,613.97",323
MAFSETF,EQ,2022-03-24,16.93,16.69,16.86,16.64,16.68,16.67,16.73,"1,57,401","26,32,907.74",592
MAFSETF,EQ,2022-03-25,16.67,16.68,16.72,16.55,16.65,16.61,16.64,"9,11,088","1,51,63,367.07",389
MAFSETF,EQ,2022-03-28,16.61,16.68,16.68,16.36,16.64,16.64,16.46,"1,11,401","18,33,907.77",411
MAFSETF,EQ,2022-03-29,16.64,17.5,17.5,16.69,16.83,16.79,16.76,"1,22,303","20,49,841.14",266
MAFSETF,EQ,2022-03-30,16.79,17.4,17.4,16.85,17.05,17.12,17.07,"1,47,147","25,11,126.38",268
MAFSETF,EQ,2022-03-31,17.12,18.01,18.01,16.77,17.15,17.12,17.21,"1,24,485","21,42,978.75",348
MAFSETF,EQ,2022-04-01,17.12,17.04,17.46,17.04,17.45,17.4,17.32,"1,30,095","22,53,002.50",322
MAFSETF,EQ,2022-04-04,17.4,18.03,18.52,17.23,18.25,18.26,18.13,"6,16,103","1,11,71,986.93",681
MAFSETF,EQ,2022-04-05,18.26,18.29,18.29,17.95,17.96,18.01,18.06,"1,52,550","27,55,172.38",484
MAFSETF,EQ,2022-04-06,18.01,18.3,18.3,17.69,17.7,17.71,17.76,"2,81,148","49,93,680.55",605
MAFSETF,EQ,2022-04-07,17.71,17.71,17.75,17.55,17.61,17.59,17.62,"1,49,384","26,31,784.84",396
MAFSETF,EQ,2022-04-08,17.59,17.58,17.74,17.49,17.66,17.64,17.59,"87,544","15,39,624.47",355
MAFSETF,EQ,2022-04-11,17.64,18.5,18.5,17.51,17.59,17.56,17.64,"1,55,302","27,39,177.43",323
MAFSETF,EQ,2022-04-12,17.56,17.99,17.99,17.4,17.59,17.58,17.51,"69,476","12,16,407.97",293
MAFSETF,EQ,2022-04-13,17.58,17.67,17.7,17.37,17.42,17.42,17.49,"74,926","13,10,527.40",441
MAFSETF,EQ,2022-04-18,17.42,17.13,17.18,16.95,17.08,17.0,17.05,"1,98,822","33,89,133.56",755
MAFSETF,EQ,2022-04-19,17.0,17.05,17.11,16.55,16.59,16.68,16.77,"2,03,584","34,13,681.75",770
MAFSETF,EQ,2022-04-20,16.68,17.01,17.01,16.6,16.74,16.72,16.7,"91,100","15,21,594.38",392
MAFSETF,EQ,2022-04-21,16.72,17.99,17.99,16.73,16.98,16.95,16.95,"7,49,083","1,26,98,726.87",289
MAFSETF,EQ,2022-04-22,16.95,16.79,16.86,16.66,16.8,16.7,16.74,"2,73,080","45,71,977.71",479
MAFSETF,EQ,2022-04-25,16.7,18.18,18.18,16.25,16.7,16.67,16.6,"1,96,474","32,60,930.36",329
MAFSETF,EQ,2022-04-26,16.67,16.85,16.87,16.74,16.8,16.78,16.79,"62,528","10,49,610.26",195
MAFSETF,EQ,2022-04-27,16.78,16.68,16.7,16.48,16.52,16.52,16.55,"1,70,759","28,26,705.24",384
MAFSETF,EQ,2022-04-28,16.52,18.18,18.18,16.51,16.73,16.68,16.62,"48,621","8,08,253.95",202
MAFSETF,EQ,2022-04-29,16.68,16.68,17.98,16.57,16.64,16.75,16.76,"2,18,690","36,64,408.62",255
MAFSETF,EQ,2022-05-02,16.75,16.94,16.94,16.43,16.67,16.69,16.59,"52,545","8,71,530.68",328
MAFSETF,EQ,2022-05-04,16.69,17.5,17.5,16.2,16.25,16.23,16.45,"4,75,270","78,16,308.76",792
MAFSETF,EQ,2022-05-05,16.23,16.55,16.55,16.24,16.24,16.26,16.44,"79,199","13,02,180.86",314
MAFSETF,EQ,2022-05-06,16.26,16.26,16.26,15.83,15.95,15.9,15.9,"3,05,415","48,55,897.60",793
MAFSETF,EQ,2022-05-09,15.9,18.18,18.18,15.63,15.87,15.84,15.79,"3,05,409","48,23,112.03",447
MAFSETF,EQ,2022-05-10,15.84,15.92,16.06,15.81,15.92,15.93,15.96,"38,876","6,20,605.10",226
MAFSETF,EQ,2022-05-11,15.93,17.4,17.4,15.79,16.04,15.94,15.92,"4,84,428","77,14,277.25",363
MAFSETF,EQ,2022-05-12,15.94,16.19,16.19,15.4,15.5,15.44,15.51,"11,03,800","1,71,15,258.84",737
MAFSETF,EQ,2022-05-13,15.44,15.61,15.72,15.3,15.32,15.31,15.43,"1,73,080","26,70,910.30",372
MAFSETF,EQ,2022-05-16,15.31,15.97,15.97,15.3,15.55,15.54,15.4,"49,62,564","7,64,10,763.57",437
MAFSETF,EQ,2022-05-17,15.54,15.85,15.87,15.53,15.87,15.84,15.71,"1,37,537","21,61,231.40",218
MAFSETF,EQ,2022-05-18,15.84,16.1,16.1,15.77,15.77,15.77,15.88,"38,884","6,17,555.25",202
MAFSETF,EQ,2022-05-19,15.77,15.89,15.89,15.4,15.47,15.41,15.46,"1,21,372","18,76,027.49",421
MAFSETF,EQ,2022-05-20,15.41,15.6,15.87,15.58,15.84,15.81,15.74,"68,149","10,72,833.13",157
MAFSETF,EQ,2022-05-23,15.81,16.0,16.06,15.76,15.76,15.81,15.93,"1,02,542","16,33,135.86",247
MAFSETF,EQ,2022-05-24,15.81,15.85,15.92,15.72,15.88,15.86,15.82,"21,943","3,47,178.96",134
MAFSETF,EQ,2022-05-25,15.86,16.25,16.25,15.95,15.96,15.98,15.99,"58,649","9,37,684.55",212
MAFSETF,EQ,2022-05-26,15.98,16.15,16.35,15.97,16.35,16.28,16.13,"1,06,879","17,23,447.50",259
MAFSETF,EQ,2022-05-27,16.28,16.44,16.58,16.38,16.52,16.52,16.49,"32,954","5,43,324.73",185
MAFSETF,EQ,2022-05-30,16.52,17.21,17.21,16.59,16.69,16.67,16.7,"65,399","10,92,174.75",190
MAFSETF,EQ,2022-05-31,16.67,16.53,16.68,16.43,16.48,16.54,16.62,"42,288","7,02,827.77",211
MAFSETF,EQ,2022-06-01,16.54,17.21,17.21,16.42,16.62,16.56,16.51,"73,856","12,19,374.25",200
MAFSETF,EQ,2022-06-02,16.56,16.5,16.56,16.42,16.52,16.5,16.5,"73,814","12,17,875.89",189
MAFSETF,EQ,2022-06-03,16.5,16.72,16.72,16.38,16.42,16.44,16.57,"93,532","15,50,047.33",192
MAFSETF,EQ,2022-06-06,16.44,16.37,16.46,16.29,16.42,16.44,16.41,"20,347","3,33,875.94",155
MAFSETF,EQ,2022-06-07,16.44,17.21,17.21,16.16,16.25,16.2,16.22,"99,966","16,21,882.37",251
MAFSETF,EQ,2022-06-08,16.2,16.44,16.45,16.18,16.23,16.25,16.29,"37,828","6,16,132.52",176
MAFSETF,EQ,2022-06-09,16.25,17.21,17.21,16.1,16.3,16.29,16.19,"20,673","3,34,686.65",212
MAFSETF,EQ,2022-06-10,16.29,16.15,16.15,15.91,15.94,15.95,16.01,"1,21,614","19,47,252.98",450
MAFSETF,EQ,2022-06-13,15.95,15.79,15.79,15.37,15.48,15.47,15.45,"2,38,600","36,86,143.95",733
MAFSETF,EQ,2022-06-14,15.47,15.79,15.79,15.05,15.39,15.38,15.36,"1,20,064","18,43,938.97",299
MAFSETF,EQ,2022-06-15,15.38,15.39,15.5,15.34,15.4,15.43,15.41,"95,099","14,65,664.58",207
MAFSETF,EQ,2022-06-16,15.43,15.88,17.63,15.07,15.08,15.08,15.26,"1,65,153","25,20,581.76",534
MAFSETF,EQ,2022-06-17,15.08,15.08,15.24,14.94,15.19,15.13,15.05,"1,73,021","26,03,172.29",325
MAFSETF,EQ,2022-06-20,15.13,15.48,15.48,15.08,15.31,15.3,15.2,"1,69,647","25,78,992.66",240
MAFSETF,EQ,2022-06-21,15.3,15.65,15.69,15.35,15.52,15.52,15.53,"40,303","6,25,964.39",195
MAFSETF,EQ,2022-06-22,15.52,15.5,15.5,15.34,15.35,15.37,15.36,"40,046","6,15,277.84",178
MAFSETF,EQ,2022-06-23,15.37,15.35,15.59,15.26,15.49,15.52,15.46,"19,154","2,96,036.92",190
MAFSETF,EQ,2022-06-24,15.52,15.98,15.98,15.61,15.7,15.69,15.66,"54,149","8,47,874.46",156
MAFSETF,EQ,2022-06-27,15.69,17.72,17.72,15.71,15.76,15.73,15.84,"1,61,411","25,56,042.17",274
MAFSETF,EQ,2022-06-28,15.73,16.04,16.04,15.54,15.69,15.65,15.64,"57,320","8,96,567.11",193
MAFSETF,EQ,2022-06-29,15.65,14.01,15.75,14.01,15.5,15.5,15.53,"1,11,606","17,33,737.82",191
MAFSETF,EQ,2022-06-30,15.5,16.5,16.5,15.5,15.53,15.55,15.55,"65,328","10,16,015.62",167
MAFSETF,EQ,2022-07-01,15.55,15.47,15.75,15.42,15.73,15.71,15.64,"95,083","14,86,902.90",473
MAFSETF,EQ,2022-07-04,15.71,17.58,17.58,15.64,15.83,15.84,15.76,"31,059","4,89,378.11",187
MAFSETF,EQ,2022-07-05,15.84,15.97,16.04,15.76,15.76,15.81,15.94,"71,646","11,41,800.65",349
MAFSETF,EQ,2022-07-06,15.81,16.15,16.15,15.89,16.1,16.09,16.05,"34,449","5,53,076.27",190
MAFSETF,EQ,2022-07-07,16.09,16.17,16.29,16.1,16.28,16.21,16.2,"38,477","6,23,429.85",159
MAFSETF,EQ,2022-07-08,16.21,16.36,16.39,16.27,16.34,16.32,16.32,"43,952","7,17,446.49",205
MAFSETF,EQ,2022-07-11,16.32,16.28,16.5,16.28,16.46,16.45,16.4,"79,818","13,08,961.95",305
MAFSETF,EQ,2022-07-12,16.45,16.4,16.41,16.23,16.23,16.28,16.34,"24,134","3,94,450.03",189
MAFSETF,EQ,2022-07-13,16.28,16.58,16.58,16.13,16.17,16.16,16.25,"82,276","13,36,656.82",205
MAFSETF,EQ,2022-07-14,16.16,16.21,16.28,16.07,16.12,16.11,16.12,"27,208","4,38,641.86",174
MAFSETF,EQ,2022-07-15,16.11,16.19,16.25,16.08,16.2,16.23,16.17,"34,620","5,59,825.62",257
MAFSETF,EQ,2022-07-18,16.23,16.28,16.47,16.23,16.4,16.42,16.33,"1,21,120","19,77,804.31","1,253"
MAFSETF,EQ,2022-07-19,16.42,16.69,16.69,16.33,16.5,16.51,16.48,"41,257","6,79,772.88",173
MAFSETF,EQ,2022-07-20,16.51,16.52,16.73,16.52,16.55,16.62,16.65,"1,28,308","21,36,512.90","1,386"
MAFSETF,EQ,2022-07-21,16.62,16.93,16.93,16.56,16.68,16.7,16.62,"48,225","8,01,377.62",159
MAFSETF,EQ,2022-07-22,16.7,16.71,16.99,16.71,16.96,16.92,16.89,"81,363","13,74,123.60",302
MAFSETF,EQ,2022-07-25,16.92,17.0,17.04,16.82,16.93,16.94,16.92,"70,891","11,99,157.73",237
MAFSETF,EQ,2022-07-26,16.94,16.89,16.96,16.82,16.82,16.84,16.89,"30,588","5,16,581.28",170
MAFSETF,EQ,2022-07-27,16.84,16.84,17.25,16.53,17.0,16.99,16.87,"1,01,882","17,18,639.04",204
MAFSETF,EQ,2022-07-28,16.99,17.16,17.42,17.13,17.34,17.38,17.28,"1,24,963","21,59,258.68",323
MAFSETF,EQ,2022-07-29,17.38,17.38,17.58,17.38,17.52,17.52,17.5,"7,97,421","1,39,57,556.29",323
MAFSETF,EQ,2022-08-01,17.52,17.01,17.7,17.01,17.65,17.66,17.63,"2,06,350","36,38,027.33",375
MAFSETF,EQ,2022-08-02,17.66,17.8,17.8,17.49,17.6,17.62,17.6,"97,108","17,08,913.14",247
MAFSETF,EQ,2022-08-03,17.62,17.81,17.81,17.46,17.64,17.6,17.56,"42,057","7,38,457.66",198
MAFSETF,EQ,2022-08-04,17.6,17.76,17.76,17.37,17.58,17.56,17.5,"1,17,797","20,61,285.60",396
MAFSETF,EQ,2022-08-05,17.56,17.82,17.82,17.23,17.58,17.61,17.6,"20,42,254","3,59,46,010.68","4,139"
MAFSETF,EQ,2022-08-08,17.61,17.82,17.84,17.55,17.8,17.8,17.74,"75,770","13,43,807.05",270
MAFSETF,EQ,2022-08-10,17.8,17.99,17.99,17.76,17.84,17.82,17.82,"51,412","9,16,033.68",242
MAFSETF,EQ,2022-08-11,17.82,18.0,18.2,17.95,18.05,18.07,18.06,"3,57,495","64,56,772.41",347
MAFSETF,EQ,2022-08-12,18.07,18.0,18.18,18.0,18.18,18.15,18.1,"61,456","11,12,480.34",205
MAFSETF,EQ,2022-08-16,18.15,18.75,18.75,18.23,18.33,18.29,18.32,"79,633","14,58,670.56",298
MAFSETF,EQ,2022-08-17,18.29,18.79,18.79,18.29,18.43,18.44,18.41,"40,51,040","7,45,75,113.74",492
MAFSETF,EQ,2022-08-18,18.44,18.48,18.57,18.33,18.51,18.5,18.44,"28,24,298","5,20,84,054.39",470
MAFSETF,EQ,2022-08-19,18.5,18.62,18.62,18.17,18.24,18.26,18.31,"1,10,836","20,29,584.51",426
MAFSETF,EQ,2022-08-22,18.26,18.52,18.52,17.87,17.92,17.9,17.91,"5,45,571","97,71,067.40",581
MAFSETF,EQ,2022-08-23,17.9,17.87,18.09,17.76,18.09,17.95,17.91,"6,72,601","1,20,46,630.81",342
MAFSETF,EQ,2022-08-24,17.95,18.0,18.15,17.94,18.14,18.1,17.98,"4,36,888","78,54,177.13",226
MAFSETF,EQ,2022-08-25,18.1,18.1,18.31,17.97,18.01,18.0,18.09,"1,82,820","33,07,865.99",296
MAFSETF,EQ,2022-08-26,18.0,18.4,18.4,18.01,18.1,18.07,18.13,"1,43,589","26,03,299.81",263
MAFSETF,EQ,2022-08-29,18.07,18.18,18.18,17.64,17.76,17.76,17.74,"87,120","15,45,817.17",503
MAFSETF,EQ,2022-08-30,17.76,18.62,18.62,17.85,18.32,18.32,18.15,"1,67,312","30,37,501.84",264
MAFSETF,EQ,2022-09-01,18.32,19.0,19.0,18.05,18.16,18.17,18.25,"54,818","10,00,229.23",306
MAFSETF,EQ,2022-09-02,18.17,18.17,18.32,18.11,18.27,18.26,18.27,"1,21,835","22,25,569.60",225
MAFSETF,EQ,2022-09-05,18.26,18.32,18.42,18.27,18.34,18.36,18.39,"71,356","13,12,102.31",291
MAFSETF,EQ,2022-09-06,18.36,18.43,18.52,18.28,18.3,18.31,18.41,"52,856","9,73,243.57",259
MAFSETF,EQ,2022-09-07,18.31,18.49,18.49,18.19,18.29,18.27,18.24,"75,155","13,71,201.06",282
MAFSETF,EQ,2022-09-08,18.27,18.62,18.62,18.34,18.51,18.5,18.45,"1,28,518","23,71,457.02",219
MAFSETF,EQ,2022-09-09,18.5,18.58,18.67,18.47,18.53,18.49,18.59,"42,025","7,81,180.39",298
MAFSETF,EQ,2022-09-12,18.49,19.0,19.0,18.25,18.58,18.57,18.57,"1,03,422","19,20,823.45",316
MAFSETF,EQ,2022-09-13,18.57,20.49,20.49,18.64,18.75,18.71,18.73,"69,050","12,93,500.74",282
MAFSETF,EQ,2022-09-14,18.71,18.75,18.98,18.46,18.83,18.86,18.77,"1,84,806","34,69,234.75",473
MAFSETF,EQ,2022-09-15,18.86,19.19,19.19,18.72,18.74,18.75,18.88,"96,507","18,21,799.04",398
MAFSETF,EQ,2022-09-16,18.75,18.75,18.75,18.41,18.55,18.49,18.56,"1,43,803","26,68,609.31",429
MAFSETF,EQ,2022-09-19,18.49,18.59,18.69,18.4,18.61,18.6,18.62,"54,756","10,19,578.87",301
MAFSETF,EQ,2022-09-20,18.6,18.69,18.97,18.69,18.85,18.87,18.88,"2,56,235","48,38,574.27",322
MAFSETF,EQ,2022-09-21,18.87,18.98,18.98,18.66,18.81,18.79,18.78,"40,281","7,56,536.75",280
MAFSETF,EQ,2022-09-22,18.79,18.72,18.72,18.42,18.56,18.56,18.55,"59,624","11,06,203.49",413
MAFSETF,EQ,2022-09-23,18.56,18.89,18.89,18.02,18.1,18.1,18.16,"1,40,941","25,59,973.88",810
MAFSETF,EQ,2022-09-26,18.1,18.37,18.37,17.62,17.73,17.71,17.76,"1,39,871","24,83,876.28",637
MAFSETF,EQ,2022-09-27,17.71,17.74,17.85,17.51,17.61,17.53,17.61,"2,17,996","38,39,175.30",362
MAFSETF,EQ,2022-09-28,17.53,18.23,18.23,17.3,17.31,17.33,17.42,"58,288","10,15,667.58",415
MAFSETF,EQ,2022-09-29,17.33,17.32,17.54,17.22,17.27,17.26,17.34,"37,342","6,47,561.95",374
MAFSETF,EQ,2022-09-30,17.26,17.35,17.75,16.9,17.61,17.62,17.48,"50,648","8,85,201.42",307
MAFSETF,EQ,2022-10-03,17.62,17.84,17.84,17.34,17.39,17.4,17.46,"49,763","8,68,743.75",391
MAFSETF,EQ,2022-10-04,17.4,17.94,17.94,17.53,17.9,17.83,17.8,"75,606","13,45,780.74",219
MAFSETF,EQ,2022-10-06,17.83,17.94,18.04,17.84,17.88,17.88,17.94,"32,506","5,83,112.91",316
MAFSETF,EQ,2022-10-07,17.88,18.18,18.18,17.71,17.86,17.84,17.8,"42,632","7,58,651.09",247
MAFSETF,EQ,2022-10-10,17.84,17.88,17.88,17.5,17.78,17.77,17.7,"68,514","12,13,034.29",374
MAFSETF,EQ,2022-10-11,17.77,18.1,18.1,17.52,17.57,17.56,17.66,"33,883","5,98,209.76",304
MAFSETF,EQ,2022-10-12,17.56,17.6,17.76,17.54,17.76,17.74,17.66,"37,558","6,63,115.66",192
MAFSETF,EQ,2022-10-13,17.74,18.45,18.45,17.41,17.53,17.51,17.54,"35,961","6,30,594.60",335
MAFSETF,EQ,2022-10-14,17.51,17.7,17.92,17.7,17.88,17.86,17.84,"36,316","6,47,721.09",213
MAFSETF,EQ,2022-10-17,17.86,18.04,18.05,17.74,18.01,18.0,17.96,"42,375","7,60,856.98",281
MAFSETF,EQ,2022-10-18,18.0,18.1,18.19,18.07,18.11,18.11,18.13,"46,969","8,51,573.67",229
MAFSETF,EQ,2022-10-19,18.11,18.3,18.33,18.13,18.19,18.21,18.23,"1,10,829","20,19,869.36",299
MAFSETF,EQ,2022-10-20,18.21,18.41,18.41,18.01,18.21,18.16,18.09,"1,04,027","18,82,287.68",245
MAFSETF,EQ,2022-10-21,18.16,18.22,18.4,18.21,18.37,18.31,18.32,"1,51,040","27,67,101.15",330
MAFSETF,EQ,2022-10-24,18.31,18.51,18.51,18.2,18.5,18.43,18.38,"52,189","9,59,194.78",372
MAFSETF,EQ,2022-10-25,18.43,18.51,18.54,18.18,18.33,18.38,18.27,"10,63,744","1,94,38,303.61",642
MAFSETF,EQ,2022-10-27,18.38,18.8,18.8,18.4,18.46,18.47,18.47,"1,04,052","19,21,781.94",300
MAFSETF,EQ,2022-10-28,18.47,18.59,18.59,18.3,18.45,18.44,18.49,"54,914","10,15,273.21",338
MAFSETF,EQ,2022-10-31,18.44,18.9,18.9,18.5,18.64,18.64,18.59,"76,419","14,20,559.45",343
MAFSETF,EQ,2022-11-01,18.64,18.7,18.86,18.69,18.7,18.71,18.75,"1,37,807","25,83,614.85",360
MAFSETF,EQ,2022-11-02,18.71,19.3,19.3,18.68,18.7,18.73,18.73,"29,83,978","5,58,97,321.39","1,803"
MAFSETF,EQ,2022-11-03,18.73,18.9,18.9,18.59,18.72,18.73,18.72,"38,240","7,15,741.07",430
MAFSETF,EQ,2022-11-04,18.73,18.9,18.9,18.65,18.76,18.75,18.71,"38,865","7,26,975.29",432
MAFSETF,EQ,2022-11-07,18.75,18.79,18.9,18.71,18.9,18.84,18.8,"2,17,960","40,97,957.21",480
MAFSETF,EQ,2022-11-09,18.84,19.5,19.5,18.8,18.8,18.82,18.84,"2,46,335","46,40,597.95",569
MAFSETF,EQ,2022-11-10,18.82,18.97,18.97,18.63,18.76,18.74,18.71,"38,782","7,25,537.18",402
MAFSETF,EQ,2022-11-11,18.74,19.2,19.24,18.78,19.17,19.12,19.1,"4,40,852","84,20,702.54",688
MAFSETF,EQ,2022-11-14,19.12,19.17,19.18,19.05,19.11,19.11,19.16,"2,02,968","38,88,067.44",605
MAFSETF,EQ,2022-11-15,19.11,19.49,19.49,19.06,19.21,19.2,19.14,"61,279","11,72,648.18",337
MAFSETF,EQ,2022-11-16,19.2,19.99,19.99,19.15,19.29,19.28,19.26,"4,01,883","77,41,201.01",389
MAFSETF,EQ,2022-11-17,19.28,19.8,19.8,18.2,19.22,19.23,19.28,"3,45,649","66,63,166.97",337
MAFSETF,EQ,2022-11-18,19.23,19.55,19.55,19.1,19.21,19.21,19.18,"66,385","12,73,028.19",492
MAFSETF,EQ,2022-11-21,19.21,19.74,19.74,19.03,19.1,19.09,19.08,"71,889","13,71,859.15",511
MAFSETF,EQ,2022-11-22,19.09,19.6,19.6,19.05,19.13,19.12,19.09,"37,689","7,19,517.07",497
MAFSETF,EQ,2022-11-23,19.12,19.6,19.6,19.14,19.15,19.18,19.18,"71,023","13,62,135.49",321
MAFSETF,EQ,2022-11-24,19.18,19.34,19.44,19.2,19.4,19.38,19.33,"99,451","19,22,022.04",536
MAFSETF,EQ,2022-11-25,19.38,19.9,19.9,19.3,19.35,19.35,19.35,"75,073","14,52,336.29",525
MAFSETF,EQ,2022-11-28,19.35,19.8,19.8,19.23,19.31,19.34,19.35,"80,912","15,65,284.51",981
MAFSETF,EQ,2022-11-29,19.34,19.62,19.62,19.31,19.39,19.34,19.39,"63,046","12,22,387.99","4,425"
MAFSETF,EQ,2022-11-30,19.34,19.59,19.59,19.33,19.47,19.47,19.42,"1,02,659","19,94,039.50","4,590"
MAFSETF,EQ,2022-12-01,19.47,19.99,19.99,19.45,19.51,19.48,19.53,"84,834","16,57,184.29",944
MAFSETF,EQ,2022-12-02,19.48,19.6,19.6,19.33,19.38,19.39,19.37,"80,167","15,53,182.86","1,395"
MAFSETF,EQ,2022-12-05,19.39,18.9,19.45,18.9,19.42,19.42,19.36,"3,76,097","72,79,388.95","1,392"
MAFSETF,EQ,2022-12-06,19.42,19.8,19.8,19.32,19.4,19.38,19.38,"91,842","17,80,052.83",705
MAFSETF,EQ,2022-12-07,19.38,19.9,19.9,19.25,19.34,19.33,19.37,"1,56,766","30,37,281.23",550
MAFSETF,EQ,2022-12-08,19.33,19.8,19.8,19.29,19.46,19.44,19.39,"2,18,150","42,30,627.98","1,030"
MAFSETF,EQ,2022-12-09,19.44,19.5,19.5,19.25,19.44,19.42,19.42,"53,131","10,31,734.89",379
MAFSETF,EQ,2022-12-12,19.42,20.65,20.65,19.29,19.43,19.43,19.4,"7,23,179","1,40,31,527.36",546
MAFSETF,EQ,2022-12-13,19.43,19.9,19.9,19.44,19.55,19.54,19.51,"1,32,813","25,91,532.97",372
MAFSETF,EQ,2022-12-14,19.54,19.9,19.9,19.54,19.6,19.61,19.65,"2,99,311","58,81,603.66",402
MAFSETF,EQ,2022-12-15,19.61,20.1,20.1,19.3,19.33,19.35,19.4,"10,02,849","1,94,52,411.20",591
MAFSETF,EQ,2022-12-16,19.35,19.74,19.74,19.18,19.27,19.27,19.25,"97,579","18,78,864.89",572
MAFSETF,EQ,2022-12-19,19.27,19.2,19.42,19.2,19.39,19.38,19.35,"47,543","9,20,138.55",381
MAFSETF,EQ,2022-12-20,19.38,19.64,19.64,19.21,19.34,19.34,19.29,"57,079","11,00,959.75",402
MAFSETF,EQ,2022-12-21,19.34,19.35,19.44,19.0,19.07,19.04,19.09,"1,59,941","30,53,124.90",690
MAFSETF,EQ,2022-12-22,19.04,19.43,19.43,18.93,19.0,18.97,19.0,"1,13,772","21,62,139.70",555
MAFSETF,EQ,2022-12-23,18.97,18.96,18.96,18.69,18.75,18.72,18.8,"3,52,831","66,32,428.79",702
MAFSETF,EQ,2022-12-26,18.72,18.97,19.14,18.7,19.05,19.07,18.94,"5,00,198","94,71,669.59",778
MAFSETF,EQ,2022-12-27,19.07,19.14,19.17,18.98,19.16,19.14,19.06,"1,04,356","19,89,080.42",654
MAFSETF,EQ,2022-12-28,19.14,19.39,19.39,19.07,19.11,19.12,19.14,"67,477","12,91,769.18",440
MAFSETF,EQ,2022-12-29,19.12,19.47,19.47,18.91,19.26,19.21,18.97,"3,15,205","59,79,144.69",596
MAFSETF,EQ,2022-12-30,19.21,19.65,19.65,19.08,19.16,19.13,19.2,"59,363","11,39,645.51",574
MAFSETF,EQ,2023-01-02,19.13,19.55,19.55,19.07,19.25,19.22,19.2,"37,167","7,13,669.53",515
MAFSETF,EQ,2023-01-03,19.22,19.47,19.47,19.18,19.3,19.32,19.26,"52,416","10,09,781.37",585
MAFSETF,EQ,2023-01-04,19.32,18.72,19.64,18.72,19.16,19.13,19.22,"44,005","8,45,772.07",427
MAFSETF,EQ,2023-01-05,19.13,19.55,19.55,18.8,18.94,18.93,18.92,"3,02,353","57,19,549.35",861
MAFSETF,EQ,2023-01-06,18.93,19.28,19.28,18.63,18.76,18.75,18.74,"1,07,176","20,08,717.92",793
MAFSETF,EQ,2023-01-09,18.75,18.82,18.95,18.75,18.87,18.85,18.87,"54,839","10,34,593.35",442
MAFSETF,EQ,2023-01-10,18.85,19.09,19.09,18.56,18.64,18.61,18.64,"1,17,104","21,82,632.30",658
MAFSETF,EQ,2023-01-11,18.61,18.64,18.75,18.48,18.7,18.68,18.63,"94,221","17,55,260.76",410
MAFSETF,EQ,2023-01-12,18.68,18.89,18.89,18.55,18.65,18.69,18.66,"79,197","14,77,910.38",361
MAFSETF,EQ,2023-01-13,18.69,19.25,19.25,18.58,18.74,18.78,18.76,"1,21,258","22,75,088.78",332
MAFSETF,EQ,2023-01-16,18.78,19.35,19.35,18.6,18.66,18.65,18.7,"5,95,553","1,11,39,564.65","1,014"
MAFSETF,EQ,2023-01-17,18.65,19.2,19.2,18.57,18.76,18.74,18.72,"3,30,103","61,78,957.11",448
MAFSETF,EQ,2023-01-18,18.74,19.05,19.05,18.68,18.89,18.89,18.83,"3,97,478","74,85,782.49","1,856"
MAFSETF,EQ,2023-01-19,18.89,19.45,19.45,18.8,18.88,18.87,18.88,"2,08,987","39,46,009.43",347
MAFSETF,EQ,2023-01-20,18.87,19.19,19.19,18.9,18.91,18.92,18.94,"2,24,804","42,58,483.15",493
MAFSETF,EQ,2023-01-23,18.92,19.5,19.5,18.95,19.01,19.03,19.03,"2,12,819","40,49,721.33",761
MAFSETF,EQ,2023-01-24,19.03,19.19,19.33,18.97,19.03,19.02,19.04,"1,67,168","31,83,154.28",496
MAFSETF,EQ,2023-01-25,19.02,19.04,19.04,18.58,18.65,18.63,18.69,"4,51,952","84,47,526.42","1,580"
MAFSETF,EQ,2023-01-27,18.63,18.97,18.97,18.05,18.19,18.17,18.2,"7,62,017","1,38,65,770.78","2,106"
MAFSETF,EQ,2023-01-30,18.17,18.16,18.32,17.85,18.22,18.2,18.03,"2,57,225","46,38,882.75","1,252"
MAFSETF,EQ,2023-01-31,18.2,18.57,18.57,18.09,18.29,18.25,18.21,"1,17,101","21,31,899.94",918
MAFSETF,EQ,2023-02-01,18.25,18.68,18.79,17.86,18.22,18.22,18.48,"2,32,730","43,01,208.37","1,046"
MAFSETF,EQ,2023-02-02,18.22,18.75,18.75,17.9,18.18,18.16,18.03,"6,27,607","1,13,12,888.58","1,035"
MAFSETF,EQ,2023-02-03,18.16,18.33,18.59,18.22,18.52,18.53,18.47,"1,43,847","26,56,320.30",536
MAFSETF,EQ,2023-02-06,18.53,19.1,19.25,17.95,18.52,18.48,18.51,"1,21,268","22,45,197.33",726
MAFSETF,EQ,2023-02-07,18.48,18.79,18.79,18.35,18.54,18.52,18.49,"1,71,704","31,74,658.36",509
MAFSETF,EQ,2023-02-08,18.52,18.74,18.74,18.51,18.61,18.59,18.6,"49,185","9,14,910.42",489
MAFSETF,EQ,2023-02-09,18.59,19.15,19.15,18.2,18.63,18.63,18.6,"69,529","12,92,940.14",498
MAFSETF,EQ,2023-02-10,18.63,18.78,18.78,18.57,18.64,18.62,18.64,"70,595","13,15,635.27","1,045"
MAFSETF,EQ,2023-02-13,18.62,18.9,18.9,18.48,18.57,18.56,18.55,"1,70,804","31,68,054.61",405
MAFSETF,EQ,2023-02-14,18.56,18.61,19.07,18.56,18.68,18.68,18.64,"47,684","8,89,016.63",551
MAFSETF,EQ,2023-02-15,18.68,18.62,18.8,18.62,18.79,18.74,18.72,"60,161","11,26,401.24",318
MAFSETF,EQ,2023-02-16,18.74,19.3,19.3,18.64,18.7,18.69,18.76,"54,933","10,30,750.43","1,075"
MAFSETF,EQ,2023-02-17,18.69,18.94,18.94,18.42,18.58,18.57,18.5,"1,50,627","27,86,790.69",497
MAFSETF,EQ,2023-02-20,18.57,18.64,18.64,18.35,18.4,18.39,18.51,"1,18,624","21,95,722.41",546
MAFSETF,EQ,2023-02-21,18.39,18.36,18.52,18.34,18.42,18.41,18.44,"66,135","12,19,262.08",407
MAFSETF,EQ,2023-02-22,18.41,18.95,18.95,18.05,18.05,18.07,18.16,"2,25,561","40,95,320.25",867
MAFSETF,EQ,2023-02-23,18.07,18.55,18.55,17.91,18.08,18.05,18.02,"90,435","16,29,914.32",610
MAFSETF,EQ,2023-02-24,18.05,18.6,18.6,17.95,18.0,17.99,18.02,"89,783","16,18,016.40",479
MAFSETF,EQ,2023-02-27,17.99,18.55,18.55,17.92,18.17,18.12,18.01,"88,282","15,90,335.67",443
MAFSETF,EQ,2023-02-28,18.12,18.65,18.65,18.01,18.14,18.12,18.14,"54,283","9,84,597.53",542
MAFSETF,EQ,2023-03-01,18.12,18.0,18.27,17.95,18.25,18.24,18.22,"1,78,679","32,56,291.34",365
MAFSETF,EQ,2023-03-02,18.24,18.8,18.8,18.05,18.07,18.07,18.16,"56,710","10,29,822.59",505
MAFSETF,EQ,2023-03-03,18.07,18.15,18.44,18.15,18.4,18.38,18.37,"1,69,873","31,20,775.94",476
MAFSETF,EQ,2023-03-06,18.38,18.95,18.95,18.43,18.48,18.46,18.49,"1,57,468","29,12,361.03",481
MAFSETF,EQ,2023-03-08,18.46,19.0,19.0,18.38,18.49,18.5,18.47,"1,13,959","21,04,748.91",656
MAFSETF,EQ,2023-03-09,18.5,18.99,18.99,18.34,18.39,18.39,18.46,"37,145","6,85,816.56",476
MAFSETF,EQ,2023-03-10,18.39,18.95,18.95,18.0,18.07,18.07,18.08,"2,43,533","44,03,256.93",837
MAFSETF,EQ,2023-03-13,18.07,18.4,18.4,17.66,17.7,17.7,17.75,"34,37,766","6,10,36,459.10","1,311"
MAFSETF,EQ,2023-03-14,17.7,18.25,18.25,17.58,17.71,17.68,17.66,"1,42,366","25,13,721.21",606
MAFSETF,EQ,2023-03-15,17.68,18.19,18.19,17.48,17.54,17.53,17.65,"1,29,518","22,86,427.98",714
MAFSETF,EQ,2023-03-16,17.53,17.99,17.99,17.37,17.6,17.58,17.5,"1,41,837","24,82,148.35",689
MAFSETF,EQ,2023-03-17,17.58,18.1,18.1,17.53,17.79,17.77,17.67,"2,22,494","39,32,190.85",516
MAFSETF,EQ,2023-03-20,17.77,18.3,18.3,17.51,17.7,17.69,17.58,"1,08,016","18,99,320.30","1,046"
MAFSETF,EQ,2023-03-21,17.69,18.2,18.2,17.4,17.94,17.91,17.84,"76,545","13,65,782.94",356
MAFSETF,EQ,2023-03-22,17.91,18.45,18.45,17.35,17.96,17.96,17.95,"1,08,806","19,53,219.43",266
MAFSETF,EQ,2023-03-23,17.96,18.5,18.5,17.81,17.87,17.84,17.99,"6,14,418","1,10,53,239.33",684
MAFSETF,EQ,2023-03-24,17.84,18.4,18.4,17.7,17.73,17.75,17.77,"87,520","15,55,123.01",378
MAFSETF,EQ,2023-03-27,17.75,18.2,18.2,17.67,17.71,17.7,17.75,"66,372","11,78,283.90",457
MAFSETF,EQ,2023-03-28,17.7,18.18,18.18,17.7,17.83,17.78,17.78,"3,52,073","62,59,032.04",597
MAFSETF,EQ,2023-03-29,17.78,17.85,17.96,17.81,17.91,17.94,17.9,"3,50,922","62,79,950.14",655
MAFSETF,EQ,2023-03-31,17.94,18.5,18.5,18.01,18.15,18.16,18.13,"2,94,172","53,32,407.18",924
MAFSETF,EQ,2023-04-03,18.16,18.5,18.5,18.01,18.29,18.27,18.22,"1,95,802","35,68,073.16",685
MAFSETF,EQ,2023-04-05,18.27,18.69,18.69,18.31,18.51,18.49,18.46,"1,20,159","22,17,886.12",690
MAFSETF,EQ,2023-04-06,18.49,18.72,18.72,18.04,18.6,18.59,18.54,"73,062","13,54,749.13",570
MAFSETF,EQ,2023-04-10,18.59,19.15,19.15,17.66,18.53,18.51,18.55,"2,00,980","37,28,296.65",624
MAFSETF,EQ,2023-04-11,18.51,19.05,19.05,18.2,18.74,18.68,18.68,"74,929","13,99,585.91",513
MAFSETF,EQ,2023-04-12,18.68,19.25,19.25,18.69,18.81,18.8,18.79,"1,40,380","26,37,661.45",620
MAFSETF,EQ,2023-04-13,18.8,19.35,19.35,18.75,19.01,18.98,18.9,"4,93,238","93,24,360.80",879
MAFSETF,EQ,2023-04-17,18.98,19.55,19.55,18.78,18.95,18.95,18.93,"1,67,363","31,67,923.25",995
MAFSETF,EQ,2023-04-18,18.95,18.45,19.25,18.45,18.9,18.91,18.93,"1,90,372","36,02,952.39",553
MAFSETF,EQ,2023-04-19,18.91,19.4,19.4,18.75,18.92,18.9,18.9,"72,108","13,62,860.80",414
MAFSETF,EQ,2023-04-20,18.9,19.36,19.36,18.87,18.88,18.88,18.9,"44,549","8,42,018.66",346
MAFSETF,EQ,2023-04-21,18.88,19.26,19.26,18.79,18.9,18.86,18.86,"84,361","15,91,374.74",411
MAFSETF,EQ,2023-04-24,18.86,19.45,19.45,18.9,19.09,19.08,19.01,"1,95,128","37,09,563.39",769
MAFSETF,EQ,2023-04-25,19.08,19.55,19.55,19.07,19.1,19.09,19.11,"2,68,673","51,34,839.73",519
MAFSETF,EQ,2023-04-26,19.09,19.65,19.65,18.97,19.14,19.1,19.06,"64,440","12,28,512.68",445
MAFSETF,EQ,2023-04-27,19.1,19.55,19.55,19.06,19.22,19.2,19.16,"1,37,266","26,29,927.38",506
MAFSETF,EQ,2023-04-28,19.2,19.5,19.5,19.1,19.26,19.25,19.19,"3,50,455","67,26,076.13",541
MAFSETF,EQ,2023-05-02,19.25,19.55,19.55,19.25,19.31,19.33,19.35,"2,12,241","41,07,355.27",785
MAFSETF,EQ,2023-05-03,19.33,19.55,19.55,18.8,19.33,19.32,19.25,"1,66,507","32,05,692.73",554
MAFSETF,EQ,2023-05-04,19.32,19.41,19.6,19.26,19.59,19.57,19.47,"1,83,085","35,64,704.33",643
MAFSETF,EQ,2023-05-05,19.57,20.15,20.15,19.14,19.16,19.17,19.28,"3,33,960","64,38,025.75","1,343"
MAFSETF,EQ,2023-05-08,19.17,19.75,19.75,19.2,19.45,19.42,19.41,"1,64,384","31,90,291.93",743
MAFSETF,EQ,2023-05-09,19.42,19.9,19.9,19.36,19.4,19.37,19.49,"10,44,075","2,03,50,779.64",661
MAFSETF,EQ,2023-05-10,19.37,19.69,19.69,19.28,19.47,19.43,19.38,"87,584","16,97,217.80",681
MAFSETF,EQ,2023-05-11,19.43,20.0,20.0,19.46,19.56,19.52,19.53,"95,798","18,71,270.87",592
MAFSETF,EQ,2023-05-12,19.52,19.85,19.85,19.46,19.62,19.62,19.55,"1,21,953","23,84,691.02",710
MAFSETF,EQ,2023-05-15,19.62,19.55,20.2,19.55,19.69,19.69,19.69,"1,40,172","27,60,390.16",869
MAFSETF,EQ,2023-05-16,19.69,19.99,19.99,19.52,19.57,19.56,19.58,"5,08,914","99,66,933.07",936
MAFSETF,EQ,2023-05-17,19.56,19.8,19.8,19.41,19.55,19.52,19.6,"7,81,883","1,53,26,672.80",827
MAFSETF,EQ,2023-05-18,19.52,19.82,19.82,19.56,19.58,19.58,19.63,"1,68,995","33,17,257.69",629
MAFSETF,EQ,2023-05-19,19.58,19.84,19.84,19.51,19.67,19.64,19.6,"60,428","11,84,230.30",625
MAFSETF,EQ,2023-05-22,19.64,19.68,19.69,19.54,19.61,19.61,19.61,"1,73,460","34,00,992.94",967
MAFSETF,EQ,2023-05-23,19.61,19.66,19.69,19.56,19.6,19.57,19.63,"1,25,325","24,59,660.34",780
MAFSETF,EQ,2023-05-24,19.57,19.84,19.84,19.0,19.49,19.41,19.44,"4,26,234","82,84,575.46",753
MAFSETF,EQ,2023-05-25,19.41,19.44,19.5,19.33,19.49,19.48,19.4,"1,28,259","24,88,282.80",666
MAFSETF,EQ,2023-05-26,19.48,19.63,19.63,19.42,19.61,19.58,19.5,"31,866","6,21,403.40",607
MAFSETF,EQ,2023-05-29,19.58,19.59,19.84,19.59,19.76,19.74,19.78,"1,78,440","35,29,312.84",883
MAFSETF,EQ,2023-05-30,19.74,19.88,19.88,19.71,19.85,19.81,19.8,"64,876","12,84,403.37",636
MAFSETF,EQ,2023-05-31,19.81,19.81,19.81,19.57,19.7,19.67,19.65,"1,50,011","29,48,288.47",878
MAFSETF,EQ,2023-06-01,19.67,19.84,19.84,19.55,19.59,19.59,19.7,"1,12,223","22,11,286.99",650
MAFSETF,EQ,2023-06-02,19.59,19.78,19.78,19.58,19.63,19.6,19.62,"67,728","13,29,022.47",667
MAFSETF,EQ,2023-06-05,19.6,20.2,20.2,19.65,19.66,19.65,19.71,"1,31,986","26,00,916.84",856
MAFSETF,EQ,2023-06-06,19.65,20.25,20.25,19.64,19.75,19.71,19.69,"45,845","9,02,696.26",586
MAFSETF,EQ,2023-06-07,19.71,19.87,19.87,19.71,19.77,19.76,19.75,"1,84,579","36,45,402.08",597
MAFSETF,EQ,2023-06-08,19.76,19.88,19.88,19.64,19.67,19.67,19.76,"1,54,890","30,61,371.40","1,100"
MAFSETF,EQ,2023-06-09,19.67,19.77,19.77,19.63,19.68,19.68,19.69,"1,40,528","27,67,558.11",734
MAFSETF,EQ,2023-06-12,19.68,20.25,20.25,19.62,19.68,19.66,19.69,"1,23,823","24,38,407.35","1,069"
MAFSETF,EQ,2023-06-13,19.66,20.25,20.25,19.65,19.74,19.72,19.71,"69,811","13,75,750.29",735
MAFSETF,EQ,2023-06-14,19.72,19.88,19.88,19.63,19.68,19.65,19.66,"95,677","18,81,374.77",802
MAFSETF,EQ,2023-06-15,19.65,19.66,19.7,19.45,19.49,19.48,19.56,"1,18,290","23,14,072.91","1,128"
MAFSETF,EQ,2023-06-16,19.48,19.57,19.78,19.52,19.72,19.69,19.66,"75,943","14,92,707.16",775
MAFSETF,EQ,2023-06-19,19.69,19.65,19.86,19.62,19.69,19.66,19.7,"81,521","16,05,778.85",764
MAFSETF,EQ,2023-06-20,19.66,19.75,19.8,19.57,19.8,19.72,19.68,"68,096","13,40,271.87",678
MAFSETF,EQ,2023-06-21,19.72,20.3,20.3,19.77,19.89,19.87,19.86,"1,45,373","28,86,406.13",885
MAFSETF,EQ,2023-06-22,19.87,19.87,19.98,19.81,19.81,19.85,19.92,"1,46,076","29,09,116.79",901
MAFSETF,EQ,2023-06-23,19.85,19.98,19.98,19.73,19.79,19.76,19.81,"39,659","7,85,576.98",651
MAFSETF,EQ,2023-06-26,19.76,20.35,20.35,19.7,19.8,19.75,19.76,"58,421","11,54,227.57",874
MAFSETF,EQ,2023-06-27,19.75,20.35,20.35,19.75,20.03,20.0,19.92,"1,62,476","32,37,278.90",790
MAFSETF,EQ,2023-06-28,20.0,20.01,20.19,19.93,20.14,20.15,20.13,"2,15,208","43,31,379.95",827
MAFSETF,EQ,2023-06-30,20.15,20.24,20.32,20.18,20.29,20.3,20.26,"1,74,067","35,25,908.01","1,016"
MAFSETF,EQ,2023-07-03,20.3,20.55,21.0,20.38,20.5,20.5,20.55,"9,97,048","2,04,92,921.72","1,221"
MAFSETF,EQ,2023-07-04,20.5,21.3,21.3,20.55,20.68,20.69,20.67,"4,87,686","1,00,80,897.79","1,031"
MAFSETF,EQ,2023-07-05,20.69,20.75,20.79,20.48,20.56,20.54,20.51,"5,83,036","1,19,56,972.21","1,204"
MAFSETF,EQ,2023-07-06,20.54,21.15,21.15,20.45,20.55,20.55,20.5,"4,89,739","1,00,41,841.29",817
MAFSETF,EQ,2023-07-07,20.55,21.15,21.15,20.3,20.36,20.36,20.35,"4,32,838","88,07,689.84","1,010"
MAFSETF,EQ,2023-07-10,20.36,20.8,20.8,19.75,20.35,20.31,20.31,"3,97,500","80,71,710.54",991
MAFSETF,EQ,2023-07-11,20.31,20.54,20.54,20.2,20.27,20.25,20.32,"4,38,482","89,09,411.11",947
MAFSETF,EQ,2023-07-12,20.25,20.85,20.85,20.18,20.23,20.2,20.25,"4,29,957","87,05,575.56",947
MAFSETF,EQ,2023-07-13,20.2,20.8,20.8,20.25,20.33,20.31,20.29,"4,50,646","91,41,405.88",720
MAFSETF,EQ,2023-07-14,20.31,20.6,20.6,20.2,20.38,20.35,20.24,"4,94,464","1,00,06,347.93",879
MAFSETF,EQ,2023-07-17,20.35,20.36,20.65,20.26,20.63,20.6,20.4,"2,28,088","46,51,946.22","1,255"
MAFSETF,EQ,2023-07-18,20.6,20.94,20.94,20.51,20.57,20.55,20.65,"2,13,311","44,05,789.54",797
MAFSETF,EQ,2023-07-19,20.55,21.15,21.15,20.55,20.63,20.65,20.62,"1,03,136","21,26,976.75",674
MAFSETF,EQ,2023-07-20,20.65,21.25,21.25,20.61,20.84,20.85,20.76,"1,96,280","40,73,968.84",720
MAFSETF,EQ,2023-07-21,20.85,20.8,20.97,20.76,20.81,20.82,20.84,"2,49,671","52,03,005.83",834
MAFSETF,EQ,2023-07-24,20.82,20.82,20.99,20.77,20.81,20.8,20.81,"5,28,201","1,09,92,068.91","1,027"
MAFSETF,EQ,2023-07-25,20.8,21.23,21.23,20.7,20.77,20.78,20.8,"56,33,213","11,71,75,992.72",766
MAFSETF,EQ,2023-07-26,20.78,21.0,21.0,20.76,20.85,20.83,20.82,"72,685","15,13,460.01",687
MAFSETF,EQ,2023-07-27,20.83,20.82,20.99,20.63,20.73,20.7,20.78,"4,82,134","1,00,19,278.63","1,051"
MAFSETF,EQ,2023-07-28,20.7,20.89,20.89,20.47,20.59,20.6,20.54,"1,85,584","38,11,802.59","1,120"
MAFSETF,EQ,2023-07-31,20.6,21.2,21.2,19.23,20.64,20.65,20.42,"10,05,545","2,05,36,222.46","1,624"
MAFSETF,EQ,2023-08-01,20.65,20.99,20.99,20.57,20.63,20.63,20.62,"4,03,856","83,27,224.69","1,344"
MAFSETF,EQ,2023-08-02,20.63,21.25,21.25,20.26,20.37,20.37,20.4,"5,06,975","1,03,42,094.09","2,063"
MAFSETF,EQ,2023-08-03,20.37,20.4,20.4,20.02,20.17,20.12,20.14,"6,34,287","1,27,72,071.40","2,593"
MAFSETF,EQ,2023-08-04,20.12,20.7,20.7,20.11,20.29,20.28,20.2,"4,58,062","92,54,830.27","1,063"
MAFSETF,EQ,2023-08-07,20.28,20.9,20.9,20.26,20.33,20.32,20.3,"2,33,658","47,43,371.60","1,156"
MAFSETF,EQ,2023-08-08,20.32,20.75,20.75,20.27,20.41,20.38,20.33,"2,08,204","42,33,043.51","1,049"
MAFSETF,EQ,2023-08-09,20.38,20.49,20.49,20.21,20.35,20.34,20.29,"2,42,105","49,11,578.59","1,409"
MAFSETF,EQ,2023-08-10,20.34,20.35,20.39,20.17,20.24,20.22,20.24,"1,29,831","26,28,104.58","1,113"
MAFSETF,EQ,2023-08-11,20.22,20.29,20.29,20.03,20.15,20.1,20.11,"2,21,681","44,58,613.07","1,576"
MAFSETF,EQ,2023-08-14,20.1,20.5,20.69,19.83,20.1,20.25,19.91,"4,85,320","96,62,505.42","2,241"
MAFSETF,EQ,2023-08-16,20.25,20.39,20.39,19.76,19.91,19.93,19.87,"4,08,458","81,15,044.63","2,007"
MAFSETF,EQ,2023-08-17,19.93,19.73,20.09,19.7,19.85,19.87,19.88,"2,96,262","58,90,927.27","1,117"
MAFSETF,EQ,2023-08-18,19.87,20.3,20.39,19.75,19.77,19.81,19.82,"1,67,318","33,16,382.68","1,352"
MAFSETF,EQ,2023-08-21,19.81,20.4,20.4,19.78,19.89,19.9,19.87,"1,18,640","23,57,969.44","1,246"
MAFSETF,EQ,2023-08-22,19.9,20.28,20.28,19.86,19.87,19.87,19.92,"2,52,727","50,34,323.94","1,090"
MAFSETF,EQ,2023-08-23,19.87,19.93,20.09,19.83,20.08,20.07,19.94,"1,43,444","28,60,342.33","1,082"
MAFSETF,EQ,2023-08-24,20.07,20.19,20.23,20.02,20.05,20.05,20.09,"3,67,483","73,84,164.40","1,449"
MAFSETF,EQ,2023-08-25,20.05,20.19,20.19,19.87,19.96,19.94,19.94,"1,04,009","20,74,430.86","1,038"
MAFSETF,EQ,2023-08-28,19.94,20.45,20.45,19.94,20.1,20.08,20.03,"1,25,407","25,11,949.54","1,119"
MAFSETF,EQ,2023-08-29,20.08,20.12,20.16,20.06,20.11,20.1,20.13,"7,38,079","1,48,54,877.28",884
MAFSETF,EQ,2023-08-30,20.1,20.2,20.26,20.0,20.03,20.1,20.11,"5,58,967","1,12,40,267.96",965
MAFSETF,EQ,2023-08-31,20.1,20.2,20.2,19.9,19.98,19.94,19.98,"1,41,118","28,19,412.58","1,092"
BFSI,EQ,2023-09-01,19.94,19.94,20.12,19.85,20.05,20.08,19.99,"1,12,822","22,55,451.00","1,159"
BFSI,EQ,2023-09-04,20.08,20.13,20.2,20.02,20.12,20.1,20.11,"1,24,030","24,93,885.11","1,126"
BFSI,EQ,2023-09-05,20.1,20.7,20.7,20.03,20.1,20.09,20.09,"94,111","18,90,457.27",801
BFSI,EQ,2023-09-06,20.09,20.7,20.7,19.98,20.14,20.1,20.06,"1,89,747","38,07,225.00","1,231"
BFSI,EQ,2023-09-07,20.1,20.44,20.44,20.05,20.27,20.24,20.11,"7,96,120","1,60,10,428.92",909
BFSI,EQ,2023-09-08,20.24,20.39,20.53,20.25,20.43,20.46,20.42,"4,30,869","87,96,913.53","1,918"
BFSI,EQ,2023-09-11,20.46,20.6,20.64,20.46,20.64,20.6,20.57,"4,80,362","98,79,560.21","1,466"
BFSI,EQ,2023-09-12,20.6,20.65,20.71,20.52,20.62,20.6,20.59,"4,23,711","87,25,088.16","1,301"
BFSI,EQ,2023-09-13,20.6,20.7,20.73,20.5,20.68,20.68,20.66,"3,59,504","74,26,606.74",992
BFSI,EQ,2023-09-14,20.68,21.3,21.3,20.5,20.73,20.7,20.7,"2,57,964","53,39,466.05",892
BFSI,EQ,2023-09-15,20.7,20.75,20.91,20.51,20.85,20.83,20.84,"6,83,554","1,42,47,483.28","1,139"
BFSI,EQ,2023-09-18,20.83,20.85,20.99,20.7,20.74,20.73,20.77,"3,95,924","82,22,746.02","1,474"
BFSI,EQ,2023-09-20,20.73,20.74,20.74,20.4,20.47,20.44,20.49,"3,43,679","70,43,475.20","1,789"
BFSI,EQ,2023-09-21,20.44,21.0,21.0,20.12,20.16,20.14,20.22,"4,02,896","81,47,053.51","1,451"
BFSI,EQ,2023-09-22,20.14,20.75,20.75,20.03,20.09,20.07,20.16,"2,25,682","45,49,463.41","1,125"
BFSI,EQ,2023-09-25,20.07,20.2,20.23,20.04,20.16,20.18,20.17,"3,17,676","64,07,316.49",864
BFSI,EQ,2023-09-26,20.18,20.19,20.19,20.1,20.14,20.13,20.14,"1,05,196","21,18,714.14",644
BFSI,EQ,2023-09-27,20.13,20.15,20.29,19.93,20.12,20.11,20.09,"3,89,734","78,29,844.55","1,039"
BFSI,EQ,2023-09-28,20.11,19.96,20.19,19.96,20.0,20.0,20.04,"93,004","18,63,653.63",878
BFSI,EQ,2023-09-29,20.0,20.09,20.22,20.01,20.15,20.14,20.13,"93,498","18,82,113.39",537
BFSI,EQ,2023-10-03,20.14,20.09,20.12,19.96,20.07,20.06,20.04,"1,05,145","21,06,653.93",955
BFSI,EQ,2023-10-04,20.06,19.9,20.09,19.0,19.93,19.91,19.91,"1,35,997","27,08,045.08","1,049"
BFSI,EQ,2023-10-05,19.91,19.7,20.65,19.55,20.01,20.01,20.05,"2,31,560","46,42,024.41",486
BFSI,EQ,2023-10-06,20.01,20.6,20.6,19.4,20.14,20.14,20.08,"1,51,652","30,45,779.74",545
BFSI,EQ,2023-10-09,20.14,20.24,20.24,19.9,19.91,19.92,19.95,"78,668","15,69,110.04",856
BFSI,EQ,2023-10-10,19.92,19.99,20.2,19.96,20.12,20.16,20.14,"1,41,457","28,49,058.61",488
BFSI,EQ,2023-10-11,20.16,20.29,20.29,20.17,20.22,20.22,20.21,"1,13,273","22,89,766.22",499
BFSI,EQ,2023-10-12,20.22,20.22,20.27,20.19,20.25,20.25,20.23,"81,841","16,55,855.45",528
BFSI,EQ,2023-10-13,20.25,20.85,20.85,20.09,20.13,20.15,20.16,"77,763","15,67,914.25",538
BFSI,EQ,2023-10-16,20.15,20.75,20.75,19.96,20.16,20.15,20.11,"1,62,337","32,65,341.66",510
BFSI,EQ,2023-10-17,20.15,20.01,20.39,20.01,20.27,20.24,20.25,"1,16,344","23,55,521.68",938
BFSI,EQ,2023-10-18,20.24,20.57,20.57,20.0,20.01,20.01,20.06,"2,77,356","55,64,926.59",879
BFSI,EQ,2023-10-19,20.01,20.14,20.14,19.84,19.93,19.94,19.92,"84,611","16,85,807.78",767
BFSI,EQ,2023-10-20,19.94,19.89,19.98,19.83,19.9,19.91,19.9,"56,408","11,22,444.58",614
BFSI,EQ,2023-10-23,19.91,20.5,20.5,19.69,19.74,19.72,19.81,"1,79,629","35,58,560.39","1,011"
BFSI,EQ,2023-10-25,19.72,19.99,19.99,19.51,19.55,19.54,19.64,"1,42,834","28,05,738.18","1,236"
BFSI,EQ,2023-10-26,19.54,19.51,19.51,19.18,19.25,19.24,19.27,"4,03,579","77,76,762.05","1,830"
BFSI,EQ,2023-10-27,19.24,19.4,19.47,19.26,19.47,19.45,19.42,"1,52,172","29,55,586.94",937
BFSI,EQ,2023-10-30,19.45,19.55,19.65,19.28,19.55,19.53,19.44,"90,724","17,63,292.47",762
BFSI,EQ,2023-10-31,19.53,19.79,19.79,19.5,19.54,19.52,19.54,"1,18,391","23,12,981.98","1,987"
BFSI,EQ,2023-11-01,19.52,19.53,19.53,19.42,19.47,19.46,19.47,"62,640","12,19,338.58",670
BFSI,EQ,2023-11-02,19.46,20.05,20.05,19.5,19.6,19.59,19.6,"1,14,661","22,47,610.12",432
BFSI,EQ,2023-11-03,19.59,19.68,19.74,19.66,19.68,19.68,19.72,"1,81,393","35,77,632.17",439
BFSI,EQ,2023-11-06,19.68,20.25,20.25,19.72,19.81,19.81,19.79,"2,22,842","44,10,116.14","1,126"
BFSI,EQ,2023-11-07,19.81,20.4,20.4,19.69,19.92,19.91,19.82,"1,71,239","33,93,163.73",647
BFSI,EQ,2023-11-08,19.91,20.2,20.2,19.79,19.85,19.84,19.82,"1,12,669","22,33,423.96",591
BFSI,EQ,2023-11-09,19.84,19.85,19.86,19.78,19.82,19.82,19.84,"72,795","14,44,125.01",399
BFSI,EQ,2023-11-10,19.82,19.67,19.98,19.67,19.93,19.9,19.83,"1,43,821","28,51,402.98",508
BFSI,EQ,2023-11-12,19.9,19.99,19.99,19.93,19.99,19.95,19.95,"1,13,587","22,65,908.11",491
BFSI,EQ,2023-11-13,19.95,20.08,20.08,19.81,19.88,19.86,19.87,"73,908","14,68,557.07",606
BFSI,EQ,2023-11-15,19.86,19.8,20.19,19.8,20.04,20.03,20.03,"98,861","19,80,359.00",645
BFSI,EQ,2023-11-16,20.03,19.99,20.62,19.93,20.06,20.06,20.09,"2,37,165","47,65,616.19","1,122"
BFSI,EQ,2023-11-17,20.06,20.01,20.02,19.64,19.88,19.87,19.83,"20,49,133","4,06,35,766.74","2,742"
BFSI,EQ,2023-11-20,19.87,19.79,19.99,19.79,19.86,19.84,19.85,"85,149","16,90,280.66",626
BFSI,EQ,2023-11-21,19.84,19.8,19.99,19.8,19.96,19.95,19.92,"33,192","6,61,264.91",401
BFSI,EQ,2023-11-22,19.95,19.75,20.09,19.34,19.91,19.9,19.86,"3,29,012","65,35,565.23",642
BFSI,EQ,2023-11-23,19.9,19.85,19.96,19.71,19.93,19.92,19.91,"45,690","9,09,773.78",435
BFSI,EQ,2023-11-24,19.92,20.19,20.19,19.87,19.98,19.95,19.93,"97,399","19,41,385.74",405
BFSI,EQ,2023-11-28,19.95,20.44,20.44,19.91,20.04,20.02,20.0,"1,13,079","22,61,684.04",798
BFSI,EQ,2023-11-29,20.02,20.08,20.36,20.06,20.36,20.3,20.23,"3,20,087","64,74,573.50",653
BFSI,EQ,2023-11-30,20.3,20.36,20.4,20.2,20.36,20.35,20.29,"2,60,638","52,89,539.81",628
BFSI,EQ,2023-12-01,20.35,20.49,20.56,20.38,20.52,20.51,20.5,"3,14,782","64,53,898.56",994
BFSI,EQ,2023-12-04,20.51,20.74,21.23,20.58,21.17,21.18,20.98,"11,15,211","2,33,96,225.15","2,153"
BFSI,EQ,2023-12-05,21.18,21.21,21.49,21.15,21.36,21.36,21.36,"7,50,190","1,60,27,049.19","1,644"
BFSI,EQ,2023-12-06,21.36,21.5,21.5,21.32,21.37,21.35,21.38,"3,41,514","73,01,273.87","1,043"
BFSI,EQ,2023-12-07,21.35,21.01,21.44,21.01,21.38,21.37,21.33,"1,44,644","30,85,084.03",909
BFSI,EQ,2023-12-08,21.37,20.75,21.57,20.75,21.57,21.52,21.46,"2,08,987","44,84,570.69","1,161"
BFSI,EQ,2023-12-11,21.52,21.54,21.67,21.53,21.56,21.56,21.59,"1,98,296","42,80,574.69",980
BFSI,EQ,2023-12-12,21.56,21.59,21.64,21.48,21.52,21.51,21.54,"1,86,682","40,20,370.43",780
BFSI,EQ,2023-12-13,21.51,21.51,21.54,21.37,21.53,21.49,21.43,"3,01,041","64,52,332.39",639
BFSI,EQ,2023-12-14,21.49,21.44,21.9,21.44,21.82,21.8,21.82,"3,80,621","83,06,298.71",923
BFSI,EQ,2023-12-15,21.8,21.75,21.94,21.4,21.89,21.89,21.82,"3,46,089","75,52,488.94",978
BFSI,EQ,2023-12-18,21.89,21.99,21.99,21.75,21.81,21.81,21.83,"1,26,259","27,56,754.56",833
BFSI,EQ,2023-12-19,21.81,22.22,22.22,21.66,21.79,21.79,21.75,"1,00,645","21,89,255.18",730
BFSI,EQ,2023-12-20,21.79,21.71,21.99,21.41,21.47,21.53,21.78,"2,88,654","62,88,066.81",897
BFSI,EQ,2023-12-21,21.53,21.54,21.71,21.32,21.68,21.67,21.53,"1,42,010","30,57,139.78",621
BFSI,EQ,2023-12-22,21.67,21.79,21.79,21.5,21.55,21.56,21.63,"1,15,936","25,08,267.44",690
BFSI,EQ,2023-12-26,21.56,21.56,21.8,21.51,21.65,21.62,21.62,"3,68,366","79,62,989.17",928
BFSI,EQ,2023-12-27,21.62,21.64,21.85,21.62,21.84,21.82,21.73,"2,65,774","57,76,071.21",720
BFSI,EQ,2023-12-28,21.82,22.45,22.45,21.85,21.9,21.89,21.91,"3,76,668","82,51,662.21","1,128"
BFSI,EQ,2023-12-29,21.89,21.88,21.9,21.77,21.86,21.86,21.85,"17,28,234","3,77,55,879.57","1,571"
BFSI,EQ,2024-01-01,21.86,21.87,21.92,21.75,21.76,21.82,21.85,"5,16,466","1,12,84,438.20","1,568"
BFSI,EQ,2024-01-02,21.82,21.83,21.97,21.65,21.7,21.7,21.72,"3,48,732","75,74,462.24","1,366"
BFSI,EQ,2024-01-03,21.7,22.35,22.35,21.56,21.64,21.62,21.63,"2,65,034","57,33,172.49","1,270"
BFSI,EQ,2024-01-04,21.62,21.5,21.91,21.5,21.9,21.85,21.79,"1,72,480","37,58,104.69","1,053"
BFSI,EQ,2024-01-05,21.85,21.9,21.96,21.74,21.84,21.85,21.85,"2,58,572","56,50,099.63","1,289"
BFSI,EQ,2024-01-08,21.85,22.0,22.0,21.62,21.66,21.64,21.76,"1,43,704","31,27,204.07","1,403"
BFSI,EQ,2024-01-09,21.64,21.85,21.85,21.49,21.6,21.58,21.72,"2,31,767","50,33,881.41",892
BFSI,EQ,2024-01-10,21.58,21.61,21.61,21.45,21.59,21.59,21.54,"2,16,151","46,55,305.63",726
BFSI,EQ,2024-01-11,21.59,21.79,21.79,21.53,21.6,21.59,21.63,"73,956","15,99,834.91",663
BFSI,EQ,2024-01-12,21.59,21.85,21.85,21.56,21.64,21.66,21.67,"1,55,084","33,60,312.66",699
BFSI,EQ,2024-01-15,21.66,21.6,21.95,21.56,21.8,21.82,21.78,"2,06,692","45,02,261.54",889
BFSI,EQ,2024-01-16,21.82,22.1,22.1,21.74,21.81,21.81,21.82,"90,107","19,65,882.31",759
BFSI,EQ,2024-01-17,21.81,21.75,21.75,20.84,20.9,20.88,21.06,"28,47,216","5,99,48,615.88","8,830"
BFSI,EQ,2024-01-18,20.88,21.19,21.39,20.53,20.69,20.67,20.67,"13,95,202","2,88,40,909.08","4,729"
BFSI,EQ,2024-01-19,20.67,21.17,21.17,20.73,20.79,20.78,20.83,"3,48,907","72,68,305.22","1,402"
BFSI,EQ,2024-01-20,20.78,20.89,20.94,20.76,20.91,20.89,20.87,"2,94,822","61,53,405.69","1,389"
BFSI,EQ,2024-01-23,20.89,21.06,21.09,20.43,20.49,20.48,20.66,"10,10,016","2,08,67,726.19","3,857"
BFSI,EQ,2024-01-24,20.48,20.49,20.67,20.24,20.55,20.53,20.49,"8,73,544","1,78,98,525.51","2,269"
BFSI,EQ,2024-01-25,20.53,20.54,20.69,20.29,20.49,20.44,20.35,"5,59,977","1,13,96,438.24","2,819"
BFSI,EQ,2024-01-29,20.44,21.05,21.05,20.45,20.77,20.75,20.71,"2,35,496","48,76,903.15","1,213"
BFSI,EQ,2024-01-30,20.75,20.96,20.96,20.58,20.62,20.63,20.65,"8,86,217","1,82,99,944.46","1,670"
BFSI,EQ,2024-01-31,20.63,20.64,20.9,20.5,20.78,20.83,20.79,"2,64,964","55,08,315.48","1,327"
BFSI,EQ,2024-02-01,20.83,20.85,20.89,20.71,20.88,20.86,20.82,"2,97,145","61,85,393.79","1,261"
BFSI,EQ,2024-02-02,20.86,21.38,21.38,20.75,20.78,20.78,20.92,"8,58,822","1,79,66,930.66","1,764"
BFSI,EQ,2024-02-05,20.78,20.97,20.97,20.6,20.65,20.65,20.71,"6,54,311","1,35,50,071.65","1,841"
BFSI,EQ,2024-02-06,20.65,20.65,20.78,20.58,20.7,20.68,20.64,"9,43,237","1,94,65,682.50","1,362"
BFSI,EQ,2024-02-07,20.68,20.5,20.94,20.5,20.83,20.75,20.72,"13,15,449","2,72,55,409.12","1,117"
BFSI,EQ,2024-02-08,20.75,20.79,20.87,20.37,20.44,20.41,20.52,"8,17,930","1,67,86,589.92","2,702"
BFSI,EQ,2024-02-09,20.41,21.0,21.0,20.31,20.53,20.55,20.46,"2,41,276","49,35,802.15","1,186"
BFSI,EQ,2024-02-12,20.55,21.15,21.15,20.16,20.27,20.26,20.29,"5,01,087","1,01,68,978.16","3,009"
BFSI,EQ,2024-02-13,20.26,20.85,20.85,20.23,20.5,20.51,20.45,"2,79,048","57,06,653.27","1,065"
BFSI,EQ,2024-02-14,20.51,21.15,21.15,20.28,20.63,20.63,20.51,"2,28,639","46,90,187.89","1,232"
BFSI,EQ,2024-02-15,20.63,20.7,20.75,20.54,20.75,20.72,20.68,"3,05,531","63,18,963.55",944
BFSI,EQ,2024-02-16,20.72,20.89,20.89,20.72,20.79,20.78,20.8,"2,39,077","49,71,824.03",934
BFSI,EQ,2024-02-19,20.78,20.89,20.93,20.81,20.91,20.88,20.89,"3,80,642","79,50,981.87","1,143"
BFSI,EQ,2024-02-20,20.88,20.91,21.15,20.8,21.11,21.1,21.05,"4,07,117","85,67,918.13","1,473"
BFSI,EQ,2024-02-21,21.1,21.1,21.23,20.95,21.02,21.01,21.12,"4,98,745","1,05,32,736.30","1,264"
BFSI,EQ,2024-02-22,21.01,21.25,21.29,20.78,21.02,21.03,20.91,"6,54,960","1,36,97,560.12","1,176"
BFSI,EQ,2024-02-23,21.03,21.4,21.4,20.66,20.96,20.99,21.04,"2,24,637","47,27,274.69",852
BFSI,EQ,2024-02-26,20.99,21.35,21.38,20.91,20.97,20.92,20.98,"2,64,289","55,43,949.96","1,006"
BFSI,EQ,2024-02-27,20.92,21.05,21.05,20.51,20.92,20.9,20.92,"1,91,170","39,99,243.21",777
BFSI,EQ,2024-02-28,20.9,21.09,21.09,20.65,20.66,20.67,20.76,"3,53,698","73,44,262.80","1,174"
BFSI,EQ,2024-02-29,20.67,20.97,20.97,20.58,20.8,20.74,20.67,"2,02,931","41,93,745.03",947
BFSI,EQ,2024-03-01,20.74,21.35,21.35,20.61,21.13,21.15,21.09,"3,98,600","84,06,545.16","1,403"
BFSI,EQ,2024-03-02,21.15,21.05,21.23,21.05,21.17,21.15,21.17,"1,58,426","33,53,245.75",363
BFSI,EQ,2024-03-04,21.15,21.55,21.55,21.14,21.25,21.24,21.22,"4,59,896","97,59,438.86","1,125"
BFSI,EQ,2024-03-05,21.24,20.6,21.55,20.6,21.22,21.21,21.21,"4,85,708","1,03,01,496.38",903
BFSI,EQ,2024-03-06,21.21,21.16,21.39,21.12,21.3,21.3,21.31,"5,66,647","1,20,77,796.20","1,829"
BFSI,EQ,2024-03-07,21.3,21.5,21.5,21.29,21.35,21.32,21.33,"7,61,402","1,62,40,468.63","1,412"
BFSI,EQ,2024-03-11,21.32,21.55,21.55,21.16,21.21,21.18,21.21,"6,42,242","1,36,21,295.60","1,128"
BFSI,EQ,2024-03-12,21.18,21.8,21.8,21.0,21.21,21.21,21.26,"3,36,239","71,46,952.92","1,122"
BFSI,EQ,2024-03-13,21.21,21.6,21.6,21.01,21.08,21.09,21.17,"3,00,484","63,60,335.80",921
BFSI,EQ,2024-03-14,21.09,21.15,21.3,20.9,21.1,21.02,21.03,"6,18,001","1,29,94,626.21",826
BFSI,EQ,2024-03-15,21.02,21.02,21.04,20.88,20.95,20.96,20.94,"1,72,455","36,11,332.36",755
BFSI,EQ,2024-03-18,20.96,21.1,21.1,20.78,21.0,20.94,20.92,"1,96,674","41,14,503.70",804
BFSI,EQ,2024-03-19,20.94,20.5,21.09,20.3,20.94,20.91,20.92,"90,365","18,90,264.97",556
BFSI,EQ,2024-03-20,20.91,21.23,21.23,20.67,20.92,20.89,20.9,"2,34,722","49,05,973.06",715
BFSI,EQ,2024-03-21,20.89,21.23,21.23,21.01,21.05,21.04,21.08,"99,215","20,91,618.96",574
BFSI,EQ,2024-03-22,21.04,21.05,21.21,21.0,21.1,21.12,21.18,"5,09,620","1,07,92,871.16",643
BFSI,EQ,2024-03-26,21.12,20.7,21.38,20.7,21.05,21.05,21.12,"5,54,100","1,17,02,631.30",970
BFSI,EQ,2024-03-27,21.05,21.38,21.38,21.05,21.16,21.1,21.11,"2,26,946","47,91,436.00",456
BFSI,EQ,2024-03-28,21.1,21.24,21.46,21.16,21.37,21.34,21.4,"13,01,283","2,78,51,723.94","1,398"
BFSI,EQ,2024-04-01,21.34,21.39,21.59,21.3,21.54,21.55,21.52,"6,03,052","1,29,78,449.63","1,411"
BFSI,EQ,2024-04-02,21.55,21.55,21.58,21.46,21.5,21.49,21.54,"11,11,047","2,39,32,171.30","1,191"
BFSI,EQ,2024-04-03,21.49,22.15,22.15,21.41,21.55,21.55,21.54,"2,23,573","48,15,509.79",776
BFSI,EQ,2024-04-04,21.55,21.7,21.78,21.57,21.72,21.7,21.68,"14,33,898","3,10,92,014.58","1,281"
BFSI,EQ,2024-04-05,21.7,21.8,21.91,21.63,21.9,21.88,21.79,"9,80,532","2,13,61,350.70","1,411"
BFSI,EQ,2024-04-08,21.88,21.88,22.0,21.87,21.91,21.92,21.94,"4,33,186","95,02,093.88","1,353"
BFSI,EQ,2024-04-09,21.92,21.99,22.08,21.86,21.98,22.0,22.01,"4,31,598","94,99,299.19","1,223"
BFSI,EQ,2024-04-10,22.0,22.01,22.08,21.99,22.05,22.04,22.04,"1,86,138","41,02,469.27",929
BFSI,EQ,2024-04-12,22.04,21.8,22.2,21.8,21.86,21.88,21.93,"10,91,594","2,39,41,475.79","1,525"
BFSI,EQ,2024-04-15,21.88,22.2,22.2,21.48,21.51,21.5,21.59,"3,59,859","77,67,791.71","1,883"
BFSI,EQ,2024-04-16,21.5,21.99,21.99,21.32,21.51,21.47,21.42,"1,88,450","40,36,339.42",852
BFSI,EQ,2024-04-18,21.47,22.1,22.1,21.22,21.29,21.26,21.35,"1,95,731","41,78,970.79","1,215"
BFSI,EQ,2024-04-19,21.26,21.51,21.56,21.05,21.55,21.49,21.25,"1,36,195","28,94,597.37","1,595"
BFSI,EQ,2024-04-22,21.49,21.79,21.79,21.53,21.67,21.67,21.63,"2,82,454","61,10,226.89","1,013"
BFSI,EQ,2024-04-23,21.67,22.3,22.3,21.64,21.67,21.65,21.68,"1,97,633","42,84,303.43",810
BFSI,EQ,2024-04-24,21.65,21.66,21.89,21.66,21.78,21.76,21.76,"1,37,852","30,00,188.21",644
BFSI,EQ,2024-04-25,21.76,21.61,21.95,21.61,21.86,21.87,21.82,"1,77,080","38,64,752.51",735
BFSI,EQ,2024-04-26,21.87,21.66,21.99,21.66,21.77,21.71,21.77,"2,16,845","47,20,921.55","1,488"
BFSI,EQ,2024-04-29,21.71,21.99,22.19,21.77,22.14,22.14,22.03,"5,35,709","1,17,99,579.27","2,397"
BFSI,EQ,2024-04-30,22.14,22.8,22.8,22.11,22.14,22.18,22.26,"5,78,279","1,28,73,680.96","1,862"
BFSI,EQ,2024-05-02,22.18,22.3,22.5,22.14,22.2,22.2,22.25,"2,64,252","58,79,356.93","1,247"
BFSI,EQ,2024-05-03,22.2,22.5,22.5,21.98,22.15,22.13,22.14,"8,06,089","1,78,50,191.90","1,619"
BFSI,EQ,2024-05-06,22.13,22.39,22.39,22.05,22.1,22.05,22.12,"4,14,312","91,64,413.31",928
BFSI,EQ,2024-05-07,22.05,22.7,22.7,21.4,21.92,21.92,21.94,"2,03,615","44,67,595.81","1,339"
BFSI,EQ,2024-05-08,21.92,21.92,21.99,21.73,21.83,21.8,21.8,"3,23,540","70,52,446.40","1,427"
BFSI,EQ,2024-05-09,21.8,21.94,21.94,21.43,21.47,21.45,21.59,"2,00,110","43,20,002.68","2,049"
BFSI,EQ,2024-05-10,21.45,21.6,21.79,21.37,21.46,21.46,21.46,"2,47,331","53,06,810.17","1,271"
BFSI,EQ,2024-05-13,21.46,21.59,21.74,21.36,21.72,21.72,21.6,"2,51,300","54,27,867.98","1,163"
BFSI,EQ,2024-05-14,21.72,21.73,21.77,21.62,21.69,21.71,21.7,"1,50,651","32,69,516.70",882
BFSI,EQ,2024-05-15,21.71,22.35,22.35,21.56,21.65,21.64,21.65,"2,10,210","45,50,562.19","1,372"
BFSI,EQ,2024-05-16,21.64,21.64,21.89,21.53,21.87,21.84,21.68,"2,05,834","44,62,404.94",906
BFSI,EQ,2024-05-17,21.84,21.91,21.96,21.76,21.88,21.92,21.89,"1,78,470","39,06,903.80",781
BFSI,EQ,2024-05-18,21.92,22.35,22.35,21.9,21.98,21.95,21.95,"2,89,045","63,44,404.58",274
BFSI,EQ,2024-05-21,21.95,21.93,22.15,21.6,21.87,21.87,21.89,"2,83,206","61,98,370.27","1,465"
BFSI,EQ,2024-05-22,21.87,22.15,22.15,21.67,21.84,21.82,21.78,"4,23,453","92,23,885.43","1,607"
BFSI,EQ,2024-05-23,21.82,21.84,22.22,21.8,22.22,22.19,22.09,"5,53,342","1,22,23,783.83","1,522"
BFSI,EQ,2024-05-24,22.19,22.2,22.33,22.12,22.27,22.29,22.26,"3,11,367","69,30,283.01","1,096"
BFSI,EQ,2024-05-27,22.29,22.36,22.64,22.34,22.4,22.42,22.51,"6,97,457","1,56,99,216.20","2,554"
BFSI,EQ,2024-05-28,22.42,22.7,22.7,22.33,22.46,22.39,22.42,"4,17,692","93,65,849.87","1,087"
BFSI,EQ,2024-05-29,22.39,22.39,22.39,22.09,22.15,22.12,22.18,"4,43,703","98,39,672.99","2,077"
BFSI,EQ,2024-05-30,22.12,22.06,22.23,22.02,22.11,22.06,22.17,"2,89,134","64,10,864.11",896
BFSI,EQ,2024-05-31,22.06,22.19,22.27,22.0,22.24,22.19,22.18,"2,97,174","65,91,421.76",601
BFSI,EQ,2024-06-03,22.19,22.85,23.13,22.42,23.1,23.06,22.94,"9,70,935","2,22,76,823.44","3,378"
BFSI,EQ,2024-06-04,23.06,23.13,23.13,20.92,21.53,21.3,21.58,"21,09,053","4,55,20,359.79","6,091"
BFSI,EQ,2024-06-05,21.3,21.95,22.27,21.14,22.08,22.16,21.73,"6,14,613","1,33,58,516.20","1,987"
BFSI,EQ,2024-06-06,22.16,22.5,22.5,22.17,22.35,22.35,22.34,"6,04,978","1,35,15,798.99","1,131"
BFSI,EQ,2024-06-07,22.35,22.36,22.68,22.26,22.6,22.6,22.54,"6,73,265","1,51,77,795.53","1,402"
BFSI,EQ,2024-06-10,22.6,22.68,22.79,22.41,22.61,22.62,22.69,"3,44,446","78,16,899.15","1,209"
BFSI,EQ,2024-06-11,22.62,22.62,22.7,22.55,22.64,22.62,22.64,"2,35,286","53,27,484.95","1,048"
BFSI,EQ,2024-06-12,22.62,23.0,23.0,22.58,22.71,22.72,22.81,"3,32,523","75,86,472.53",913
BFSI,EQ,2024-06-13,22.72,23.4,23.4,22.0,22.78,22.77,22.8,"1,25,923","28,71,119.92",845
BFSI,EQ,2024-06-14,22.77,23.45,23.45,22.72,22.84,22.86,22.86,"1,91,340","43,73,439.65","1,190"
BFSI,EQ,2024-06-18,22.86,23.29,23.29,22.14,23.04,23.04,22.98,"3,54,152","81,37,352.48","1,493"
BFSI,EQ,2024-06-19,23.04,23.09,23.62,23.05,23.4,23.42,23.34,"10,28,027","2,39,95,417.60","2,161"
BFSI,EQ,2024-06-20,23.42,23.52,23.58,23.33,23.52,23.49,23.48,"7,86,100","1,84,57,667.26","1,378"
BFSI,EQ,2024-06-21,23.49,23.55,23.59,23.27,23.47,23.47,23.37,"5,72,591","1,33,80,120.86","1,482"
BFSI,EQ,2024-06-24,23.47,22.75,23.6,22.75,23.6,23.55,23.51,"3,25,466","76,51,136.81","1,361"
BFSI,EQ,2024-06-25,23.55,23.8,24.09,23.59,24.03,24.02,23.87,"4,89,681","1,16,88,894.84","1,626"
BFSI,EQ,2024-06-26,24.02,24.02,24.15,23.93,24.05,24.1,24.04,"4,33,552","1,04,24,145.78","1,189"
BFSI,EQ,2024-06-27,24.1,24.14,24.29,24.01,24.09,24.13,24.19,"4,77,074","1,15,39,481.85","1,125"
BFSI,EQ,2024-06-28,24.13,24.13,24.25,23.4,23.94,23.96,24.05,"4,60,511","1,10,74,320.48","1,651"
BFSI,EQ,2024-07-01,23.96,23.96,24.21,23.85,24.16,24.14,24.07,"3,35,557","80,77,621.51","1,326"
BFSI,EQ,2024-07-02,24.14,24.13,24.24,23.92,24.04,24.05,24.06,"4,10,745","98,81,755.85","1,654"
BFSI,EQ,2024-07-03,24.05,24.28,24.54,24.25,24.45,24.47,24.45,"10,57,212","2,58,52,505.39","1,431"
BFSI,EQ,2024-07-04,24.47,24.79,24.95,24.33,24.42,24.42,24.45,"5,22,755","1,27,83,273.60","1,906"
BFSI,EQ,2024-07-05,24.42,24.45,24.45,24.03,24.17,24.18,24.12,"10,25,933","2,47,46,649.55","4,054"
BFSI,EQ,2024-07-08,24.18,24.6,24.6,24.01,24.16,24.12,24.12,"2,88,164","69,50,746.44","1,585"
BFSI,EQ,2024-07-09,24.12,24.85,24.85,24.08,24.2,24.19,24.18,"3,12,400","75,54,176.99","1,106"
BFSI,EQ,2024-07-10,24.19,24.2,24.36,24.01,24.2,24.14,24.09,"4,20,645","1,01,32,809.17","1,467"
BFSI,EQ,2024-07-11,24.14,24.85,24.85,23.92,24.15,24.13,24.04,"4,90,705","1,17,97,063.85","1,952"
BFSI,EQ,2024-07-12,24.13,24.13,24.34,24.1,24.18,24.15,24.21,"2,50,493","60,63,735.27",975
BFSI,EQ,2024-07-15,24.15,24.81,24.81,24.09,24.25,24.24,24.2,"2,70,432","65,45,621.70","1,184"
BFSI,EQ,2024-07-16,24.24,24.25,24.3,24.17,24.2,24.19,24.21,"3,77,713","91,45,214.99","1,352"
BFSI,EQ,2024-07-18,24.19,24.82,24.82,24.05,24.31,24.31,24.21,"5,97,939","1,44,79,063.54","1,139"
BFSI,EQ,2024-07-19,24.31,24.42,24.42,24.08,24.12,24.12,24.16,"1,62,164","39,17,858.12",928
BFSI,EQ,2024-07-22,24.12,24.81,24.81,23.95,24.19,24.14,24.15,"2,63,804","63,69,737.85",871
BFSI,EQ,2024-07-23,24.14,24.22,24.24,23.65,23.83,23.83,23.87,"4,41,532","1,05,40,900.82","2,196"
BFSI,EQ,2024-07-24,23.83,23.84,23.91,23.51,23.75,23.7,23.67,"4,55,674","1,07,85,134.90","2,277"
BFSI,EQ,2024-07-25,23.7,23.67,23.67,23.4,23.6,23.58,23.5,"3,27,975","77,06,240.12","1,617"
BFSI,EQ,2024-07-26,23.58,23.5,23.88,23.49,23.88,23.85,23.68,"8,77,073","2,07,65,741.07","1,294"
BFSI,EQ,2024-07-29,23.85,24.43,24.43,23.78,23.85,23.86,23.9,"9,98,473","2,38,68,098.52","1,331"
BFSI,EQ,2024-07-30,23.86,24.43,24.74,23.76,23.85,23.87,23.96,"3,08,976","74,03,030.89","1,119"
BFSI,EQ,2024-07-31,23.87,23.96,24.01,23.88,23.98,23.96,23.94,"1,97,343","47,24,625.68",754
BFSI,EQ,2024-08-01,23.96,23.98,24.1,23.93,23.98,23.97,24.01,"2,00,534","48,15,235.08",843
BFSI,EQ,2024-08-02,23.97,23.98,24.01,23.77,23.86,23.88,23.93,"2,62,822","62,89,778.98",932
BFSI,EQ,2024-08-05,23.88,24.48,24.48,23.12,23.22,23.25,23.35,"8,82,969","2,06,14,175.71","2,874"
BFSI,EQ,2024-08-06,23.25,23.95,23.95,23.0,23.07,23.05,23.19,"4,64,408","1,07,70,095.48","1,627"
BFSI,EQ,2024-08-07,23.05,23.3,23.38,23.13,23.38,23.35,23.29,"2,37,266","55,25,089.93",741
BFSI,EQ,2024-08-08,23.35,23.38,23.57,23.14,23.35,23.33,23.34,"1,69,976","39,66,454.60",716
BFSI,EQ,2024-08-09,23.33,23.35,23.6,23.32,23.52,23.51,23.56,"1,49,550","35,23,669.90",498
BFSI,EQ,2024-08-12,23.51,22.91,24.01,22.91,23.57,23.57,23.55,"1,06,476","25,07,677.10",866
BFSI,EQ,2024-08-13,23.57,23.58,23.58,23.14,23.2,23.17,23.25,"3,48,641","81,05,804.04","2,366"
BFSI,EQ,2024-08-14,23.17,23.17,23.5,23.08,23.17,23.16,23.15,"2,12,405","49,16,606.35",795
BFSI,EQ,2024-08-16,23.16,23.16,23.58,23.16,23.54,23.54,23.43,"2,80,521","65,73,400.95",780
BFSI,EQ,2024-08-19,23.54,24.01,24.01,23.45,23.52,23.51,23.51,"1,83,454","43,12,950.74","1,209"
BFSI,EQ,2024-08-20,23.51,23.51,23.82,23.49,23.73,23.75,23.73,"2,34,094","55,54,198.45",897
BFSI,EQ,2024-08-21,23.75,23.7,23.94,23.58,23.74,23.72,23.66,"1,57,238","37,20,412.74","1,055"
BFSI,EQ,2024-08-22,23.72,23.7,23.84,23.7,23.82,23.83,23.82,"2,38,254","56,74,636.77",727
BFSI,EQ,2024-08-23,23.83,23.82,23.85,23.75,23.81,23.8,23.81,"95,636","22,77,342.35",670
BFSI,EQ,2024-08-26,23.8,23.75,23.99,23.75,23.98,23.93,23.95,"2,49,914","59,85,301.88",880
BFSI,EQ,2024-08-27,23.93,23.95,24.16,23.82,24.12,24.13,24.06,"3,49,478","84,09,429.68","1,137"
BFSI,EQ,2024-08-28,24.13,24.25,24.25,23.89,24.08,24.08,24.11,"1,32,278","31,88,728.41",825
BFSI,EQ,2024-08-29,24.08,23.5,24.28,23.5,24.17,24.14,24.16,"5,48,945","1,32,65,188.48",946
BFSI,EQ,2024-08-30,24.14,23.5,24.29,23.5,24.22,24.21,24.22,"3,91,671","94,84,389.22",937
BFSI,EQ,2024-09-02,24.21,24.29,24.32,24.2,24.32,24.29,24.28,"3,39,515","82,43,431.20","1,170"
BFSI,EQ,2024-09-03,24.29,23.9,24.5,23.8,24.47,24.47,24.35,"11,08,941","2,69,99,757.57","1,502"
BFSI,EQ,2024-09-04,24.47,24.06,24.49,24.06,24.44,24.44,24.4,"5,40,408","1,31,83,941.09","1,751"
BFSI,EQ,2024-09-05,24.44,23.82,24.52,23.82,24.43,24.4,24.45,"2,80,150","68,51,025.37",849
BFSI,EQ,2024-09-06,24.4,24.4,24.48,24.05,24.15,24.11,24.23,"2,24,671","54,42,696.03","1,619"
BFSI,EQ,2024-09-09,24.11,23.23,24.42,23.23,24.26,24.27,24.16,"3,38,428","81,76,696.32","1,011"
BFSI,EQ,2024-09-10,24.27,24.16,24.41,23.85,24.28,24.28,24.26,"6,10,957","1,48,24,468.12","1,590"
BFSI,EQ,2024-09-11,24.28,24.41,24.42,24.0,24.19,24.15,24.2,"1,69,096","40,91,796.45",800
BFSI,EQ,2024-09-12,24.15,23.92,24.55,23.92,24.43,24.48,24.33,"7,95,568","1,93,56,410.61",843
BFSI,EQ,2024-09-13,24.48,24.53,24.57,24.43,24.52,24.54,24.51,"2,93,441","71,91,814.05",834
BFSI,EQ,2024-09-16,24.54,24.55,24.66,23.83,24.54,24.57,24.53,"16,15,746","3,96,39,762.52","1,472"
BFSI,EQ,2024-09-17,24.57,24.4,24.63,24.4,24.59,24.55,24.58,"5,13,422","1,26,18,672.18","1,222"
BFSI,EQ,2024-09-18,24.55,25.0,25.0,24.56,24.9,24.84,24.83,"8,06,546","2,00,29,511.87","2,095"
BFSI,EQ,2024-09-19,24.84,24.85,25.16,24.85,25.01,25.01,25.03,"11,50,677","2,88,02,737.07","1,622"
BFSI,EQ,2024-09-20,25.01,25.07,25.5,25.02,25.45,25.37,25.23,"12,54,188","3,16,42,758.72","2,062"
BFSI,EQ,2024-09-23,25.37,25.77,25.77,25.37,25.58,25.57,25.51,"7,16,355","1,82,70,862.17","3,082"
BFSI,EQ,2024-09-24,25.57,25.58,25.63,25.46,25.52,25.5,25.52,"3,11,473","79,49,213.64","2,916"
BFSI,EQ,2024-09-25,25.5,25.53,25.59,25.4,25.59,25.56,25.52,"2,71,710","69,35,293.47",945
BFSI,EQ,2024-09-26,25.56,25.57,25.79,25.52,25.7,25.73,25.62,"7,04,186","1,80,40,563.86","1,345"
BFSI,EQ,2024-09-27,25.73,25.83,25.83,25.5,25.55,25.54,25.62,"4,29,258","1,09,95,594.12","2,041"
BFSI,EQ,2024-09-30,25.54,25.9,25.9,25.07,25.12,25.11,25.2,"6,45,166","1,62,56,685.20","4,509"
BFSI,EQ,2024-10-01,25.11,25.11,25.47,25.05,25.13,25.08,25.13,"3,17,595","79,81,125.70","3,638"
BFSI,EQ,2024-10-03,25.08,25.85,25.85,24.43,24.51,24.49,24.61,"11,70,438","2,87,98,917.66","4,912"
BFSI,EQ,2024-10-04,24.49,24.56,24.68,23.9,24.26,24.22,24.29,"12,37,925","3,00,70,286.80","4,233"
BFSI,EQ,2024-10-07,24.22,24.82,24.82,23.71,23.86,23.82,23.97,"6,04,853","1,44,97,486.17","2,819"
BFSI,EQ,2024-10-08,23.82,24.05,24.11,23.79,24.07,24.04,23.99,"17,06,044","4,09,26,189.69","2,013"
BFSI,EQ,2024-10-09,24.04,24.15,24.41,24.04,24.17,24.12,24.2,"2,95,734","71,57,194.03","1,630"
BFSI,EQ,2024-10-10,24.12,24.72,24.72,24.12,24.36,24.35,24.33,"3,01,597","73,36,514.91",808
BFSI,EQ,2024-10-11,24.35,24.49,24.49,24.12,24.2,24.2,24.21,"2,53,846","61,46,571.14","1,539"
BFSI,EQ,2024-10-14,24.2,24.8,24.8,24.2,24.48,24.45,24.39,"2,33,789","57,01,016.27","1,390"
BFSI,EQ,2024-10-15,24.45,24.7,24.7,24.39,24.45,24.43,24.46,"1,14,480","27,99,793.23",953
BFSI,EQ,2024-10-16,24.43,24.4,24.57,24.4,24.48,24.46,24.49,"65,397","16,01,847.06",564
BFSI,EQ,2024-10-17,24.46,24.45,24.5,24.1,24.17,24.14,24.19,"2,64,492","63,97,264.91","1,726"
BFSI,EQ,2024-10-18,24.14,24.42,24.57,23.97,24.56,24.54,24.38,"2,51,756","61,36,781.38","1,743"
BFSI,EQ,2024-10-21,24.54,24.5,24.87,24.47,24.51,24.51,24.6,"2,67,251","65,74,881.73","1,022"
BFSI,EQ,2024-10-22,24.51,24.47,24.69,24.21,24.31,24.26,24.46,"3,41,955","83,65,840.27","1,261"
BFSI,EQ,2024-10-23,24.26,24.28,24.5,24.25,24.35,24.29,24.34,"2,15,685","52,49,010.53",664
BFSI,EQ,2024-10-24,24.29,24.36,24.52,24.29,24.42,24.45,24.46,"2,32,955","56,97,079.03",616
BFSI,EQ,2024-10-25,24.45,24.7,24.7,24.12,24.37,24.33,24.24,"2,73,269","66,25,154.60","1,237"
BFSI,EQ,2024-10-28,24.33,24.49,24.64,24.4,24.49,24.47,24.52,"2,24,561","55,07,327.05",876
BFSI,EQ,2024-10-29,24.47,24.72,25.0,24.12,24.93,24.91,24.8,"4,11,481","1,02,04,141.95","1,250"
BFSI,EQ,2024-10-30,24.91,24.97,25.13,24.6,24.66,24.64,24.68,"2,67,814","66,10,644.55","1,599"
BFSI,EQ,2024-10-31,24.64,24.22,25.0,24.22,24.51,24.45,24.5,"73,567","18,02,466.39","1,207"
BFSI,EQ,2024-11-01,24.45,25.15,25.15,24.26,24.51,24.52,24.58,"51,840","12,74,061.92",593
BFSI,EQ,2024-11-04,24.52,21.0,25.1,21.0,24.22,24.22,24.26,"2,10,033","50,96,105.39","1,537"
BFSI,EQ,2024-11-05,24.22,24.2,24.75,24.0,24.67,24.68,24.56,"4,40,518","1,08,20,443.69","1,145"
BFSI,EQ,2024-11-06,24.68,24.6,24.85,24.6,24.78,24.76,24.79,"1,85,653","46,01,534.79","1,426"
BFSI,EQ,2024-11-07,24.76,24.99,24.99,24.44,24.56,24.55,24.56,"70,912","17,41,261.06",940
BFSI,EQ,2024-11-08,24.55,25.03,25.03,23.93,24.41,24.21,24.38,"3,73,135","90,98,499.29",933
BFSI,EQ,2024-11-11,24.21,24.35,24.72,24.0,24.54,24.57,24.56,"1,68,414","41,36,012.23",831
BFSI,EQ,2024-11-12,24.57,24.88,24.88,24.09,24.16,24.15,24.34,"1,72,100","41,88,088.74","1,273"
BFSI,EQ,2024-11-13,24.15,25.09,25.09,23.64,23.81,23.74,23.96,"4,96,267","1,18,88,768.39","1,283"
BFSI,EQ,2024-11-14,23.74,24.45,24.45,23.63,23.82,23.78,23.76,"1,70,620","40,53,442.26",728
BFSI,EQ,2024-11-18,23.78,23.5,24.25,23.5,23.82,23.84,23.82,"1,75,394","41,78,225.08",928
BFSI,EQ,2024-11-19,23.84,23.51,24.06,23.51,23.91,23.96,23.98,"96,623","23,17,031.34","1,049"
BFSI,EQ,2024-11-21,23.96,23.25,24.7,23.25,23.84,23.83,23.81,"2,47,427","58,91,313.10",851
BFSI,EQ,2024-11-22,23.83,24.24,24.25,23.93,24.16,24.2,24.12,"1,53,856","37,11,142.58",581
BFSI,EQ,2024-11-25,24.2,24.95,24.95,24.52,24.67,24.62,24.64,"2,24,209","55,23,773.14",761
BFSI,EQ,2024-11-26,24.62,23.9,24.99,23.9,24.6,24.62,24.63,"56,460","13,90,662.13",588
BFSI,EQ,2024-11-27,24.62,24.87,24.87,24.59,24.72,24.74,24.72,"90,188","22,29,405.66",624
BFSI,EQ,2024-11-28,24.74,24.89,24.97,24.45,24.55,24.51,24.73,"1,30,806","32,34,214.17","1,048"
BFSI,EQ,2024-11-29,24.51,24.69,24.69,24.44,24.61,24.58,24.56,"67,986","16,69,681.76",571
BFSI,EQ,2024-12-02,24.58,25.0,25.0,24.46,24.65,24.65,24.56,"82,454","20,25,163.31","1,021"
BFSI,EQ,2024-12-03,24.65,24.97,24.97,24.6,24.9,24.87,24.85,"4,47,462","1,11,20,311.09",747
BFSI,EQ,2024-12-04,24.87,24.99,25.2,24.87,25.17,25.14,25.09,"5,83,742","1,46,46,329.03","1,184"
BFSI,EQ,2024-12-05,25.14,25.3,25.45,24.94,25.31,25.3,25.25,"3,16,720","79,98,530.62","1,208"
BFSI,EQ,2024-12-06,25.3,25.45,25.62,24.21,25.33,25.31,25.31,"1,62,153","41,03,358.87","1,033"
BFSI,EQ,2024-12-09,25.31,25.62,25.62,25.0,25.3,25.3,25.36,"2,03,893","51,70,991.21","1,027"
BFSI,EQ,2024-12-10,25.3,25.62,25.62,25.06,25.38,25.36,25.35,"2,07,867","52,70,430.07",969
BFSI,EQ,2024-12-11,25.36,25.62,25.62,25.23,25.4,25.38,25.39,"1,21,344","30,80,535.62","1,728"
BFSI,EQ,2024-12-12,25.38,25.61,25.61,25.25,25.36,25.3,25.35,"1,10,668","28,05,144.52",711
BFSI,EQ,2024-12-13,25.3,25.57,25.57,24.86,25.31,25.46,25.26,"1,69,852","42,91,285.82","1,041"
BFSI,EQ,2024-12-16,25.46,25.61,25.61,25.38,25.42,25.45,25.45,"1,17,520","29,90,791.16",827
BFSI,EQ,2024-12-17,25.45,25.67,25.67,25.06,25.12,25.13,25.23,"1,66,782","42,07,276.68","1,352"
BFSI,EQ,2024-12-18,25.13,25.4,25.5,24.69,24.85,24.84,24.88,"1,43,200","35,62,395.37","1,585"
BFSI,EQ,2024-12-19,24.84,24.71,24.85,24.39,24.48,24.51,24.51,"1,28,457","31,48,055.83","1,266"
BFSI,EQ,2024-12-20,24.51,24.95,24.95,24.13,24.22,24.21,24.33,"1,42,745","34,72,766.43","1,217"
BFSI,EQ,2024-12-23,24.21,24.5,24.59,23.59,24.33,24.33,24.36,"1,04,003","25,33,931.84",676
BFSI,EQ,2024-12-24,24.33,24.5,24.9,24.27,24.28,24.51,24.41,"62,796","15,32,608.92",585
BFSI,EQ,2024-12-26,24.51,24.51,24.94,24.0,24.31,24.34,24.36,"78,403","19,10,232.74",979
BFSI,EQ,2024-12-27,24.34,24.83,24.83,24.01,24.4,24.39,24.41,"38,339","9,35,811.87",459
BFSI,EQ,2024-12-30,24.39,24.95,24.95,23.91,24.25,24.14,24.29,"1,34,262","32,61,488.92","1,077"
BFSI,EQ,2024-12-31,24.14,24.62,24.62,24.02,24.14,24.17,24.14,"68,349","16,49,718.66",682
BFSI,EQ,2025-01-01,24.17,24.44,24.44,23.97,24.18,24.21,24.23,"11,65,434","2,82,34,791.68",744
BFSI,EQ,2025-01-02,24.21,24.21,24.61,24.11,24.58,24.56,24.26,"5,63,981","1,36,82,121.97",634
BFSI,EQ,2025-01-03,24.56,24.59,24.65,24.3,24.33,24.33,24.39,"2,78,784","67,99,437.77","1,347"
BFSI,EQ,2025-01-06,24.33,25.05,25.33,23.8,23.93,23.89,24.02,"1,62,045","38,92,567.60","1,274"
BFSI,EQ,2025-01-07,23.89,24.6,24.6,23.89,24.02,24.02,24.01,"1,13,176","27,17,082.90",668
BFSI,EQ,2025-01-08,24.02,24.65,24.65,23.64,23.84,23.81,23.82,"1,07,406","25,58,875.06",812
BFSI,EQ,2025-01-09,23.81,23.99,23.99,23.5,23.6,23.61,23.61,"99,184","23,41,246.20","1,097"
BFSI,EQ,2025-01-10,23.61,23.9,23.9,23.26,23.38,23.32,23.39,"91,308","21,35,956.98",976
BFSI,EQ,2025-01-13,23.32,22.6,23.39,22.6,22.96,22.96,23.07,"2,03,252","46,88,100.87","1,730"
BFSI,EQ,2025-01-14,22.96,23.4,23.4,22.82,23.33,23.29,23.21,"2,68,297","62,26,660.08",734
BFSI,EQ,2025-01-15,23.29,24.0,24.0,23.14,23.21,23.25,23.3,"68,648","15,99,346.44",580
BFSI,EQ,2025-01-16,23.25,23.4,23.58,23.39,23.51,23.49,23.51,"1,34,196","31,54,289.98",463
BFSI,EQ,2025-01-17,23.49,23.71,23.71,23.1,23.2,23.17,23.2,"1,01,304","23,49,920.75",910
BFSI,EQ,2025-01-20,23.17,23.17,23.6,23.15,23.51,23.5,23.39,"1,35,557","31,70,310.19",942
BFSI,EQ,2025-01-21,23.5,23.72,23.72,23.04,23.16,23.13,23.3,"80,79,405","18,82,43,888.21","1,076"
BFSI,EQ,2025-01-22,23.13,23.8,23.8,22.94,23.24,23.19,23.07,"81,116","18,71,681.32",598
BFSI,EQ,2025-01-23,23.19,23.24,23.3,23.1,23.22,23.2,23.2,"47,472","11,01,379.81",436
BFSI,EQ,2025-01-24,23.2,23.8,23.8,23.02,23.09,23.07,23.14,"74,877","17,32,586.85",578
BFSI,EQ,2025-01-27,23.07,23.09,23.09,22.87,22.9,22.93,22.96,"1,04,720","24,04,743.09",855
BFSI,EQ,2025-01-28,22.93,23.0,23.57,23.0,23.33,23.41,23.41,"3,43,365","80,37,298.30",622
BFSI,EQ,2025-01-29,23.41,23.59,23.69,23.37,23.64,23.63,23.56,"2,33,863","55,08,953.35",563
BFSI,EQ,2025-01-30,23.63,23.69,23.79,23.41,23.79,23.73,23.71,"5,02,714","1,19,20,094.57",597
BFSI,EQ,2025-01-31,23.73,24.0,24.45,23.62,23.84,23.81,23.77,"2,42,927","57,75,328.92",583
BFSI,EQ,2025-02-01,23.81,23.21,23.99,22.3,23.75,23.74,23.72,"1,90,787","45,26,084.72",669
BFSI,EQ,2025-02-03,23.74,23.67,24.75,23.5,23.73,23.81,23.64,"2,00,144","47,31,172.83",709
BFSI,EQ,2025-02-04,23.81,23.99,24.2,23.8,24.19,24.17,23.99,"2,20,124","52,81,112.95",693
BFSI,EQ,2025-02-05,24.17,24.37,24.5,24.2,24.28,24.29,24.29,"2,94,504","71,54,506.57",581
BFSI,EQ,2025-02-06,24.29,24.59,24.59,24.13,24.28,24.26,24.23,"2,20,040","53,31,042.07","6,448"
BFSI,EQ,2025-02-07,24.26,24.55,24.55,23.66,24.15,24.03,24.09,"3,43,554","82,77,310.61","6,866"
BFSI,EQ,2025-02-10,24.03,24.68,24.68,23.82,23.97,23.99,23.92,"90,065","21,54,060.77",653
BFSI,EQ,2025-02-11,23.99,24.29,25.1,23.51,23.66,23.97,23.78,"1,97,477","46,95,900.97","1,000"
BFSI,EQ,2025-02-12,23.97,23.94,23.95,23.4,23.74,23.66,23.66,"8,65,705","2,04,78,780.99","1,932"
BFSI,EQ,2025-02-13,23.66,23.67,24.06,23.67,23.86,23.87,23.95,"1,48,734","35,61,809.05",444
BFSI,EQ,2025-02-14,23.87,23.87,23.95,23.57,23.75,23.74,23.71,"1,64,866","39,08,561.94","1,077"
BFSI,EQ,2025-02-17,23.74,23.73,23.9,23.5,23.82,23.84,23.7,"1,82,531","43,26,622.48",736
BFSI,EQ,2025-02-18,23.84,23.83,24.0,23.63,23.85,23.87,23.82,"1,30,179","31,01,073.00","1,811"
BFSI,EQ,2025-02-19,23.87,24.6,24.6,23.55,24.05,24.07,24.03,"1,72,342","41,42,168.03",933
BFSI,EQ,2025-02-20,24.07,24.25,24.25,23.7,23.89,23.91,23.9,"2,05,554","49,13,504.31",849
BFSI,EQ,2025-02-21,23.91,24.12,24.12,23.61,23.69,23.75,23.72,"1,84,279","43,70,926.37",776
BFSI,EQ,2025-02-24,23.75,23.68,23.68,23.37,23.53,23.55,23.54,"1,63,224","38,42,116.08",789
BFSI,EQ,2025-02-25,23.55,23.88,23.88,23.47,23.64,23.66,23.65,"4,01,968","95,07,699.81",588
BFSI,EQ,2025-02-27,23.66,24.35,24.35,23.66,23.73,23.79,23.81,"1,20,118","28,59,444.55",625
BFSI,EQ,2025-02-28,23.79,24.01,24.01,23.47,23.64,23.61,23.63,"3,50,795","82,90,379.81","1,012"
BFSI,EQ,2025-03-03,23.61,24.3,24.3,23.33,23.61,23.55,23.55,"3,48,230","82,01,849.26","1,546"
BFSI,EQ,2025-03-04,23.55,23.69,23.7,23.41,23.69,23.65,23.52,"26,34,646","6,19,57,821.91","1,422"
BFSI,EQ,2025-03-05,23.65,23.66,24.08,23.48,23.67,23.67,23.68,"1,12,82,423","26,71,90,747.30",995
BFSI,EQ,2025-03-06,23.67,24.4,24.4,23.44,23.79,23.82,23.8,"5,76,561","1,37,23,073.90",702
BFSI,EQ,2025-03-07,23.82,24.11,24.11,23.5,23.64,23.69,23.73,"1,01,611","24,10,876.96",690
BFSI,EQ,2025-03-10,23.69,24.15,24.15,23.6,23.61,23.63,23.76,"1,85,824","44,15,067.37",701
BFSI,EQ,2025-03-11,23.63,23.7,23.89,23.01,23.8,23.78,23.72,"86,375","20,48,464.11",513
BFSI,EQ,2025-03-12,23.78,24.19,24.19,23.79,23.96,23.93,23.91,"2,36,437","56,54,152.42","1,213"
BFSI,EQ,2025-03-13,23.93,24.19,24.19,23.78,23.92,23.83,23.95,"1,91,196","45,78,387.81",618
BFSI,EQ,2025-03-17,23.83,23.1,24.19,23.1,24.05,24.07,24.0,"4,45,682","1,06,95,492.56","1,407"
BFSI,EQ,2025-03-18,24.07,23.89,24.68,23.35,24.6,24.53,24.45,"5,62,553","1,37,54,346.60","2,169"
BFSI,EQ,2025-03-19,24.53,25.25,25.25,24.1,24.8,24.79,24.71,"4,89,329","1,20,89,143.71","1,245"
BFSI,EQ,2025-03-20,24.79,25.22,25.22,24.69,24.83,24.86,24.84,"3,93,524","97,74,396.77",826
BFSI,EQ,2025-03-21,24.86,25.28,25.3,24.89,25.23,25.15,25.05,"4,91,987","1,23,24,854.61","1,034"
BFSI,EQ,2025-03-24,25.15,25.5,26.0,25.29,25.7,25.75,25.65,"7,67,566","1,96,88,234.26","3,865"
BFSI,EQ,2025-03-25,25.75,25.69,26.08,25.45,25.67,25.65,25.77,"6,03,158","1,55,40,414.20","1,744"
BFSI,EQ,2025-03-26,25.65,25.5,25.99,25.4,25.42,25.46,25.59,"2,61,135","66,81,715.53",995
BFSI,EQ,2025-03-27,25.46,25.46,25.78,25.3,25.61,25.63,25.65,"3,56,812","91,50,684.82","1,123"
BFSI,EQ,2025-03-28,25.63,25.63,25.81,25.38,25.68,25.72,25.68,"2,70,905","69,57,457.42","1,417"
BFSI,EQ,2025-04-01,25.72,26.5,26.5,25.02,25.2,25.09,25.26,"6,10,983","1,54,35,788.88","1,826"
BFSI,EQ,2025-04-02,25.09,25.08,25.6,25.02,25.35,25.41,25.37,"1,20,995","30,69,044.09",724
BFSI,EQ,2025-04-03,25.41,25.29,25.48,25.11,25.32,25.35,25.37,"3,92,961","99,68,097.97","1,062"
BFSI,EQ,2025-04-04,25.35,25.35,25.9,25.27,25.46,25.42,25.48,"3,91,128","99,67,736.66","1,246"
BFSI,EQ,2025-04-07,25.42,24.65,24.96,23.38,24.52,24.52,24.4,"14,91,716","3,63,95,960.46","3,237"
BFSI,EQ,2025-04-08,24.52,24.89,25.05,24.52,24.97,24.97,24.87,"2,80,601","69,79,342.33",772
BFSI,EQ,2025-04-09,24.97,25.2,25.2,24.5,24.75,24.75,24.72,"2,69,873","66,70,660.46",908
BFSI,EQ,2025-04-11,24.75,25.5,25.58,24.76,25.22,25.2,25.21,"7,21,524","1,81,93,120.40","1,011"
BFSI,EQ,2025-04-15,25.2,25.22,26.2,24.9,25.9,25.88,25.8,"7,38,308","1,90,52,016.60","1,411"
BFSI,EQ,2025-04-16,25.88,25.91,26.18,25.35,26.08,26.11,26.03,"4,38,703","1,14,20,063.77","1,099"
BFSI,EQ,2025-04-17,26.11,26.05,26.8,26.05,26.69,26.73,26.52,"7,58,167","2,01,04,211.64","1,727"
BFSI,EQ,2025-04-21,26.73,26.73,27.3,26.49,27.1,27.06,27.06,"9,61,317","2,60,13,561.43","2,437"
BFSI,EQ,2025-04-22,27.06,27.14,27.6,27.11,27.26,27.28,27.32,"6,58,344","1,79,86,963.67","2,820"
BFSI,EQ,2025-04-23,27.28,27.29,27.44,26.96,27.14,27.12,27.15,"3,84,755","1,04,47,456.49","1,473"
BFSI,EQ,2025-04-24,27.12,27.25,27.34,26.9,26.9,26.94,26.98,"3,35,888","90,63,654.12","1,205"
BFSI,EQ,2025-04-25,26.94,27.07,27.1,26.41,26.6,26.7,26.66,"4,37,219","1,16,55,699.29","1,557"
BFSI,EQ,2025-04-28,26.7,26.51,27.0,26.51,26.91,26.92,26.91,"4,73,267","1,27,34,114.44",968
BFSI,EQ,2025-04-29,26.92,27.09,27.12,26.78,26.85,26.88,26.97,"3,39,435","91,53,227.35",998
BFSI,EQ,2025-04-30,26.88,27.12,27.12,26.66,26.71,26.74,26.77,"11,17,462","2,99,10,125.85","1,047"
BFSI,EQ,2025-05-02,26.74,27.5,27.5,26.42,26.8,26.83,26.86,"4,20,825","1,13,05,125.19","1,018"
BFSI,EQ,2025-05-05,26.83,26.99,26.99,26.72,26.83,26.84,26.83,"1,93,618","51,95,238.73","1,173"
BFSI,EQ,2025-05-06,26.84,26.84,27.1,26.54,26.61,26.6,26.65,"1,57,516","41,97,466.44","1,017"
BFSI,EQ,2025-05-07,26.6,26.64,27.17,26.37,26.66,26.65,26.64,"1,53,742","40,96,255.35","1,151"
BFSI,EQ,2025-05-08,26.65,26.75,26.89,26.44,26.56,26.55,26.74,"68,025","18,19,004.25",743
BFSI,EQ,2025-05-09,26.55,25.75,26.78,25.75,26.21,26.17,26.22,"2,33,483","61,21,797.09","1,384"
BFSI,EQ,2025-05-12,26.17,26.96,27.25,26.31,27.21,27.17,27.03,"3,48,343","94,14,200.37","1,606"
BFSI,EQ,2025-05-13,27.17,27.99,27.99,26.62,26.94,26.92,26.9,"2,75,094","74,00,590.88","1,471"
BFSI,EQ,2025-05-14,26.92,27.73,27.73,26.11,26.95,26.82,26.95,"3,66,782","98,85,792.06","1,382"
BFSI,EQ,2025-05-15,26.82,27.19,27.5,26.65,27.31,27.33,27.14,"4,79,611","1,30,18,864.11","1,588"
BFSI,EQ,2025-05-16,27.33,28.15,28.15,27.03,27.23,27.22,27.19,"3,16,888","86,15,517.54","1,278"
BFSI,EQ,2025-05-19,27.22,27.52,27.53,27.01,27.12,27.16,27.17,"5,23,245","1,42,14,298.25","1,274"
BFSI,EQ,2025-05-20,27.16,27.3,27.3,26.85,26.98,26.95,27.01,"2,04,545","55,24,308.25","1,108"
BFSI,EQ,2025-05-21,26.95,27.08,27.11,26.68,27.0,26.98,27.0,"83,648","22,58,303.26","1,032"
BFSI,EQ,2025-05-22,26.98,26.99,27.04,26.76,27.04,26.95,26.91,"1,81,353","48,79,328.43",744
BFSI,EQ,2025-05-23,26.95,27.1,27.21,26.66,27.09,27.14,27.11,"2,47,998","67,22,066.64",790
BFSI,EQ,2025-05-26,27.14,27.34,27.43,26.96,27.35,27.34,27.33,"4,39,772","1,20,18,099.41",948
BFSI,EQ,2025-05-27,27.34,27.33,27.4,26.73,27.15,27.11,27.06,"5,74,475","1,55,47,990.97","1,464"
BFSI,EQ,2025-05-28,27.11,27.24,27.37,27.06,27.21,27.17,27.2,"6,31,929","1,71,89,724.63",736
BFSI,EQ,2025-05-29,27.17,27.22,27.32,27.0,27.22,27.16,27.14,"1,34,565","36,51,537.73",885
BFSI,EQ,2025-05-30,27.16,27.03,27.3,27.03,27.26,27.26,27.22,"1,75,369","47,73,780.98",633
BFSI,EQ,2025-06-02,27.26,27.59,27.59,26.93,27.17,27.16,27.1,"2,58,234","69,99,149.27","1,521"
BFSI,EQ,2025-06-03,27.16,27.0,27.97,26.87,27.02,26.94,27.04,"2,62,509","70,97,344.25","1,475"
BFSI,EQ,2025-06-04,26.94,27.09,27.09,26.86,27.01,26.99,26.95,"1,32,188","35,61,927.30",913
BFSI,EQ,2025-06-05,26.99,26.99,27.2,26.95,27.14,27.14,27.12,"5,43,066","1,47,29,515.90",800
BFSI,EQ,2025-06-06,27.14,27.42,27.65,26.97,27.59,27.59,27.51,"9,48,254","2,60,86,499.67","1,772"
BFSI,EQ,2025-06-09,27.59,28.42,28.42,27.55,27.73,27.68,27.73,"8,07,214","2,23,87,335.95","1,471"
BFSI,EQ,2025-06-10,27.68,28.5,28.5,27.54,27.58,27.6,27.68,"5,43,052","1,50,32,992.09","1,222"
BFSI,EQ,2025-06-11,27.6,27.73,27.84,27.45,27.51,27.52,27.58,"3,03,192","83,61,488.76",912
BFSI,EQ,2025-06-12,27.52,28.35,28.35,27.21,27.26,27.31,27.4,"9,18,248","2,51,56,258.74","1,130"
BFSI,EQ,2025-06-13,27.31,27.28,27.28,26.9,27.1,27.03,26.98,"7,14,375","1,92,74,507.63","1,590"
BFSI,EQ,2025-06-16,27.03,26.35,27.37,26.35,27.3,27.29,27.19,"1,97,257","53,63,386.75",981
BFSI,EQ,2025-06-17,27.29,27.1,27.3,27.1,27.14,27.16,27.19,"82,055","22,30,900.40","1,098"
BFSI,EQ,2025-06-18,27.16,27.39,27.39,27.01,27.11,27.11,27.08,"1,90,909","51,70,060.35",753
BFSI,EQ,2025-06-19,27.11,27.11,27.17,26.94,26.99,27.0,27.04,"82,428","22,28,682.89",761
BFSI,EQ,2025-06-20,27.0,26.95,27.42,26.95,27.28,27.34,27.26,"2,14,561","58,49,527.10",631
BFSI,EQ,2025-06-23,27.34,27.34,27.47,26.9,27.21,27.26,27.2,"4,84,270","1,31,73,410.91","1,056"
BFSI,EQ,2025-06-24,27.26,27.94,27.94,27.25,27.49,27.47,27.54,"2,33,477","64,29,194.44",715
BFSI,EQ,2025-06-25,27.47,27.49,27.59,27.48,27.56,27.57,27.55,"1,13,095","31,15,778.08",737
BFSI,EQ,2025-06-26,27.57,27.59,27.97,27.53,27.97,27.88,27.84,"4,58,176","1,27,53,726.72","1,279"
BFSI,EQ,2025-06-27,27.88,27.9,28.09,27.79,27.98,28.04,27.96,"4,14,687","1,15,95,811.11",954
BFSI,EQ,2025-06-30,28.04,28.04,28.32,27.91,27.96,28.0,28.04,"7,14,710","2,00,37,231.58","1,373"
BFSI,EQ,2025-07-01,28.0,27.3,28.35,27.3,27.97,27.95,27.96,"11,77,137","3,29,15,881.09",813
BFSI,EQ,2025-07-02,27.95,28.64,28.64,27.61,27.7,27.69,27.72,"3,75,649","1,04,13,806.35","1,515"
BFSI,EQ,2025-07-03,27.69,26.99,27.98,26.99,27.58,27.58,27.63,"3,72,241","1,02,86,734.33",988
BFSI,EQ,2025-07-04,27.58,27.83,27.83,27.5,27.73,27.68,27.59,"1,56,072","43,06,362.23",891
BFSI,EQ,2025-07-07,27.68,28.44,28.51,27.56,27.68,27.66,27.63,"1,31,508","36,33,356.11",902
BFSI,EQ,2025-07-08,27.66,28.49,28.49,27.6,27.83,27.8,27.76,"2,54,805","70,73,399.35",712
BFSI,EQ,2025-07-09,27.8,27.77,27.94,27.71,27.89,27.87,27.85,"1,80,489","50,25,925.44",505
BFSI,EQ,2025-07-10,27.87,27.98,27.98,27.8,27.8,27.84,27.88,"1,03,794","28,93,694.10",626
BFSI,EQ,2025-07-11,27.84,27.99,27.99,27.6,27.67,27.69,27.7,"9,37,309","2,59,65,292.13","1,041"
BFSI,EQ,2025-07-14,27.69,27.71,27.94,27.51,27.64,27.64,27.59,"5,26,461","1,45,22,961.65","1,036"
BFSI,EQ,2025-07-15,27.64,28.33,28.33,27.64,27.73,27.75,27.73,"1,43,476","39,78,877.33",623
BFSI,EQ,2025-07-16,27.75,28.58,28.58,27.68,27.75,27.74,27.76,"75,386","20,92,667.74",486
BFSI,EQ,2025-07-17,27.74,28.43,28.43,27.38,27.65,27.6,27.68,"1,65,335","45,76,792.76",812
BFSI,EQ,2025-07-18,27.6,26.91,28.12,26.91,27.32,27.38,27.41,"1,29,222","35,42,343.61","1,148"
BFSI,EQ,2025-07-21,27.38,28.06,28.06,27.1,27.84,27.8,27.69,"1,89,150","52,37,416.20",863
BFSI,EQ,2025-07-22,27.8,27.93,27.96,27.77,27.83,27.83,27.89,"6,85,982","1,91,31,849.00",590
BFSI,EQ,2025-07-23,27.83,27.83,28.07,27.77,28.0,28.02,27.91,"1,18,969","33,20,627.21",609
BFSI,EQ,2025-07-24,28.02,28.07,28.08,27.81,27.88,27.86,27.9,"1,46,649","40,90,995.66",780
BFSI,EQ,2025-07-25,27.86,28.7,28.7,27.53,27.63,27.6,27.63,"1,66,917","46,11,186.81","1,072"
BFSI,EQ,2025-07-28,27.6,26.91,27.93,26.91,27.4,27.42,27.54,"97,040","26,72,874.30",931
BFSI,EQ,2025-07-29,27.42,27.41,27.6,27.13,27.54,27.54,27.46,"1,07,488","29,51,496.29",595
BFSI,EQ,2025-07-30,27.54,28.22,28.22,27.45,27.56,27.53,27.53,"1,59,589","43,92,752.06",582
BFSI,EQ,2025-07-31,27.53,27.52,27.71,27.32,27.45,27.44,27.59,"2,55,116","70,39,187.01",629
BFSI,EQ,2025-08-01,27.44,28.26,28.26,27.26,27.29,27.31,27.45,"3,81,678","1,04,77,417.37",833
BFSI,EQ,2025-08-04,27.31,28.13,28.13,27.17,27.32,27.26,27.29,"15,69,015","4,28,13,974.36",993
BFSI,EQ,2025-08-05,27.26,27.94,27.94,27.15,27.19,27.21,27.19,"3,88,480","1,05,63,807.54",802
BFSI,EQ,2025-08-06,27.21,27.45,27.45,27.1,27.24,27.2,27.18,"1,43,172","38,92,071.97",664
BFSI,EQ,2025-08-07,27.2,27.88,27.88,27.02,27.31,27.26,27.13,"2,30,171","62,44,398.39",769
BFSI,EQ,2025-08-08,27.26,27.31,27.49,26.93,26.99,26.98,27.05,"99,220","26,84,032.89","1,177"
BFSI,EQ,2025-08-11,26.98,27.27,27.29,26.94,27.25,27.22,27.04,"3,13,000","84,62,294.43",738
BFSI,EQ,2025-08-12,27.22,27.22,27.47,26.97,26.98,26.99,27.1,"1,51,958","41,18,194.18",909
BFSI,EQ,2025-08-13,26.99,27.41,27.41,26.86,27.14,27.12,27.11,"56,244","15,24,926.59",564
BFSI,EQ,2025-08-14,27.12,27.93,27.93,27.12,27.22,27.25,27.23,"88,635","24,13,591.68",408
BFSI,EQ,2025-08-18,27.25,27.66,27.77,27.2,27.53,27.52,27.63,"2,38,319","65,84,273.41",929
BFSI,EQ,2025-08-19,27.52,28.35,28.35,27.39,27.51,27.46,27.48,"1,72,599","47,43,225.85",562
BFSI,EQ,2025-08-20,27.46,28.14,28.14,27.32,27.4,27.4,27.38,"1,06,857","29,25,582.02",584
BFSI,EQ,2025-08-21,27.4,27.5,27.54,27.42,27.47,27.46,27.48,"52,450","14,41,326.88",404
BFSI,EQ,2025-08-22,27.46,27.47,27.47,27.1,27.23,27.22,27.23,"1,31,246","35,73,319.61","1,037"
BFSI,EQ,2025-08-25,27.22,27.53,27.59,27.14,27.24,27.21,27.21,"1,21,831","33,15,213.68",791
BFSI,EQ,2025-08-26,27.21,27.34,27.41,26.78,26.83,26.83,26.92,"4,22,381","1,13,68,485.34","1,540"
BFSI,EQ,2025-08-28,26.83,26.84,27.07,26.5,26.57,26.52,26.62,"2,64,810","70,49,767.42","1,201"
BFSI,EQ,2025-08-29,26.52,27.18,27.18,26.4,26.47,26.45,26.54,"5,48,793","1,45,63,703.66",844
BFSI,EQ,2025-09-01,26.45,25.78,26.76,25.78,26.65,26.62,26.54,"1,79,997","47,76,799.57",952
BFSI,EQ,2025-09-02,26.62,26.51,26.97,26.4,26.45,26.46,26.55,"6,46,348","1,71,58,821.37","1,246"
BFSI,EQ,2025-09-03,26.46,27.12,27.12,26.35,26.62,26.62,26.5,"1,91,898","50,85,729.01","1,047"
BFSI,EQ,2025-09-04,26.62,27.18,27.18,26.63,26.74,26.74,26.81,"1,11,737","29,95,864.86",618
BFSI,EQ,2025-09-05,26.74,27.01,27.08,26.09,26.79,26.78,26.69,"3,27,910","87,51,605.49",912
BFSI,EQ,2025-09-08,26.78,26.79,26.99,26.72,26.86,26.82,26.88,"1,78,745","48,04,906.71",823
BFSI,EQ,2025-09-09,26.82,26.82,26.96,26.78,26.86,26.84,26.82,"1,16,698","31,29,694.92",621
BFSI,EQ,2025-09-10,26.84,26.97,27.1,26.92,27.03,27.0,26.99,"66,703","18,00,442.07",606
BFSI,EQ,2025-09-11,27.0,27.27,27.27,26.92,27.08,27.07,27.03,"1,06,260","28,72,402.28",586
BFSI,EQ,2025-09-12,27.07,27.19,27.29,27.0,27.24,27.27,27.16,"8,58,688","2,33,25,399.82","1,103"
BFSI,EQ,2025-09-15,27.27,27.27,27.38,26.59,27.3,27.3,27.33,"2,96,233","80,96,887.14",824
BFSI,EQ,2025-09-16,27.3,26.61,27.45,26.61,27.42,27.37,27.34,"1,26,158","34,49,415.42",585
BFSI,EQ,2025-09-17,27.37,27.43,27.5,27.38,27.49,27.43,27.46,"2,80,809","77,10,188.80",632
BFSI,EQ,2025-09-18,27.43,27.56,27.64,27.46,27.62,27.58,27.56,"1,72,008","47,40,864.35",595
BFSI,EQ,2025-09-19,27.58,27.69,27.69,27.36,27.48,27.43,27.44,"1,98,815","54,55,053.99","1,075"
BFSI,EQ,2025-09-22,27.43,28.25,28.25,27.31,27.43,27.37,27.44,"1,36,825","37,55,093.18",674
BFSI,EQ,2025-09-23,27.37,27.5,27.53,27.31,27.46,27.45,27.46,"2,03,924","55,99,481.71",714
BFSI,EQ,2025-09-24,27.45,27.73,27.73,26.5,27.3,27.29,27.29,"1,00,997","27,56,529.86",655
BFSI,EQ,2025-09-25,27.29,27.42,27.42,27.07,27.15,27.12,27.23,"71,100","19,35,923.77",724
BFSI,EQ,2025-09-26,27.12,26.31,27.12,26.31,26.89,26.87,26.92,"1,02,091","27,48,392.47","1,017"
BFSI,EQ,2025-09-29,26.87,26.19,27.14,26.0,26.91,26.89,26.88,"69,028","18,55,407.53",592
BFSI,EQ,2025-09-30,26.89,26.21,27.04,26.21,26.9,26.9,26.92,"1,05,174","28,31,006.53",514
BFSI,EQ,2025-10-01,26.9,26.22,27.31,26.22,27.27,27.27,27.2,"2,58,860","70,40,545.45",690
BFSI,EQ,2025-10-03,27.27,27.95,27.95,26.45,27.34,27.28,27.26,"1,25,313","34,15,588.06",797
BFSI,EQ,2025-10-06,27.28,27.72,27.72,26.46,27.63,27.59,27.5,"5,65,953","1,55,65,070.55",840
BFSI,EQ,2025-10-07,27.59,27.5,27.79,27.39,27.69,27.69,27.71,"2,36,197","65,45,854.16",809
BFSI,EQ,2025-10-08,27.69,27.69,27.73,27.45,27.56,27.55,27.57,"3,98,525","1,09,87,210.48",643
BFSI,EQ,2025-10-09,27.55,28.2,28.2,27.41,27.55,27.63,27.57,"1,16,604","32,15,247.73",597
BFSI,EQ,2025-10-10,27.63,27.76,27.84,27.61,27.75,27.74,27.77,"2,42,917","67,45,579.61",769
BFSI,EQ,2025-10-13,27.74,27.97,27.98,27.55,27.8,27.79,27.71,"3,34,662","92,73,367.67",865
BFSI,EQ,2025-10-14,27.79,27.65,27.92,27.59,27.73,27.74,27.73,"2,65,357","73,59,495.29",840
BFSI,EQ,2025-10-15,27.74,28.2,28.2,27.4,28.02,27.94,27.9,"5,03,026","1,40,33,015.31",778
BFSI,EQ,2025-10-16,27.94,28.07,28.32,27.8,28.28,28.18,28.15,"8,12,173","2,28,66,002.38","1,161"
BFSI,EQ,2025-10-17,28.18,28.32,28.5,28.2,28.47,28.43,28.41,"4,01,200","1,13,99,187.02","1,098"
BFSI,EQ,2025-10-20,28.43,28.51,28.65,28.4,28.44,28.42,28.53,"3,88,414","1,10,80,347.53","1,126"
BFSI,EQ,2025-10-21,28.42,28.45,28.76,28.4,28.44,28.47,28.49,"1,66,253","47,36,794.48",714
BFSI,EQ,2025-10-23,28.47,28.04,29.02,28.04,28.47,28.48,28.62,"3,01,771","86,35,734.94","1,109"
BFSI,EQ,2025-10-24,28.48,28.48,28.56,28.19,28.28,28.28,28.32,"3,41,082","96,59,620.63","1,035"
BFSI,EQ,2025-10-27,28.28,28.6,28.6,28.24,28.49,28.46,28.46,"2,05,133","58,38,420.53",780
BFSI,EQ,2025-10-28,28.46,28.43,28.49,28.21,28.44,28.39,28.37,"2,39,486","67,95,226.85","1,191"
BFSI,EQ,2025-10-29,28.39,28.43,28.56,28.33,28.55,28.5,28.47,"2,07,331","59,02,954.56",677
BFSI,EQ,2025-10-30,28.5,28.7,28.7,28.26,28.35,28.33,28.38,"1,80,275","51,16,511.18",820
BFSI,EQ,2025-10-31,28.33,28.47,28.47,28.05,28.1,28.07,28.16,"2,52,567","71,11,291.21","1,434"
BFSI,EQ,2025-11-03,28.07,28.31,28.32,27.98,28.25,28.25,28.16,"1,67,510","47,17,537.30","1,002"
BFSI,EQ,2025-11-04,28.25,28.89,28.89,28.09,28.11,28.13,28.15,"1,17,383","33,04,621.96",803
BFSI,EQ,2025-11-06,28.13,28.5,28.5,27.92,27.99,27.96,27.97,"2,48,533","69,52,605.44","1,105"
BFSI,EQ,2025-11-07,27.96,28.8,28.8,27.76,28.2,28.15,28.03,"2,70,772","75,91,090.10",871
BFSI,EQ,2025-11-10,28.15,28.25,28.3,28.06,28.21,28.22,28.21,"2,37,436","66,98,506.83",806
BFSI,EQ,2025-11-11,28.22,28.14,28.49,27.92,28.25,28.2,28.09,"1,44,679","40,64,063.70",951
BFSI,EQ,2025-11-12,28.2,28.33,28.4,28.2,28.2,28.27,28.32,"1,38,699","39,27,488.80",569
BFSI,EQ,2025-11-13,28.27,28.21,28.4,28.17,28.28,28.32,28.35,"76,133","21,58,472.30",537
BFSI,EQ,2025-11-14,28.32,29.17,29.17,28.14,28.44,28.44,28.35,"1,33,614","37,88,177.34",579
BFSI,EQ,2025-11-17,28.44,28.75,28.76,28.42,28.53,28.58,28.54,"7,95,691","2,27,05,346.18",833
BFSI,EQ,2025-11-18,28.58,28.59,28.72,28.39,28.4,28.49,28.55,"8,99,031","2,56,68,964.79",726
BFSI,EQ,2025-11-19,28.49,28.69,28.99,28.34,28.52,28.6,28.5,"1,74,273","49,67,622.30",600
BFSI,EQ,2025-11-20,28.6,28.77,28.84,28.53,28.81,28.8,28.76,"2,67,627","76,95,806.54",736
BFSI,EQ,2025-11-21,28.8,28.7,28.73,28.48,28.52,28.52,28.57,"1,82,692","52,19,103.32","1,030"
BFSI,EQ,2025-11-24,28.52,29.38,29.38,28.33,28.43,28.37,28.51,"2,71,199","77,30,865.05",939
BFSI,EQ,2025-11-25,28.37,28.51,28.55,28.29,28.36,28.34,28.44,"1,44,220","41,01,988.51",579
BFSI,EQ,2025-11-26,28.34,28.43,28.77,28.35,28.72,28.74,28.66,"1,66,768","47,79,024.92",570
BFSI,EQ,2025-11-27,28.74,28.79,28.98,28.74,28.93,28.91,28.92,"4,05,457","1,17,25,485.36",735
BFSI,EQ,2025-11-28,28.91,28.98,28.99,28.8,28.86,28.86,28.87,"2,45,541","70,88,052.81",817
BFSI,EQ,2025-12-01,28.86,28.85,28.99,28.7,28.78,28.76,28.84,"3,06,629","88,44,353.08","1,176"
BFSI,EQ,2025-12-02,28.76,28.91,28.91,28.44,28.48,28.44,28.5,"8,50,156","2,42,28,755.92","1,381"
BFSI,EQ,2025-12-03,28.44,28.59,28.78,28.33,28.59,28.58,28.42,"4,40,856","1,25,30,641.46",834
BFSI,EQ,2025-12-04,28.58,28.64,28.64,28.4,28.58,28.56,28.52,"1,25,593","35,82,363.75",666
BFSI,EQ,2025-12-05,28.56,28.54,28.85,28.53,28.82,28.81,28.74,"1,51,645","43,57,872.60",745
BFSI,EQ,2025-12-08,28.81,28.95,28.98,28.52,28.6,28.6,28.69,"2,49,397","71,55,234.72","1,227"
BFSI,EQ,2025-12-09,28.6,28.5,28.59,28.36,28.49,28.48,28.46,"1,30,654","37,19,061.23",810
BFSI,EQ,2025-12-10,28.48,28.99,28.99,28.27,28.36,28.32,28.38,"2,53,179","71,84,689.06",838
BFSI,EQ,2025-12-11,28.32,28.9,28.92,28.27,28.48,28.48,28.42,"1,71,091","48,63,162.25",528
BFSI,EQ,2025-12-12,28.48,28.99,29.08,28.49,28.63,28.6,28.59,"1,57,938","45,14,990.02",520
BFSI,EQ,2025-12-15,28.6,28.75,28.94,28.4,28.55,28.49,28.5,"5,65,573","1,61,17,816.51",813
BFSI,EQ,2025-12-16,28.49,28.63,28.63,28.28,28.32,28.32,28.4,"2,72,216","77,31,056.56",763
BFSI,EQ,2025-12-17,28.32,28.33,28.35,28.11,28.21,28.2,28.2,"1,23,145","34,73,225.09",891
BFSI,EQ,2025-12-18,28.2,27.49,28.35,27.49,28.21,28.16,28.19,"1,19,815","33,78,164.23",587
BFSI,EQ,2025-12-19,28.16,28.02,28.36,27.96,28.32,28.32,28.27,"1,03,107","29,15,238.56",534
BFSI,EQ,2025-12-22,28.32,28.32,28.74,28.28,28.43,28.38,28.4,"1,32,822","37,72,493.51",807
BFSI,EQ,2025-12-23,28.38,28.41,28.55,28.39,28.51,28.5,28.47,"1,13,561","32,33,004.14",515
BFSI,EQ,2025-12-24,28.5,27.65,28.74,27.65,28.5,28.5,28.58,"8,21,695","2,34,80,968.52",620
BFSI,EQ,2025-12-26,28.5,28.75,28.75,28.3,28.39,28.37,28.39,"1,00,896","28,64,921.32","1,023"
BFSI,EQ,2025-12-29,28.37,28.99,28.99,28.23,28.3,28.3,28.32,"83,144","23,54,486.77",903
BFSI,EQ,2025-12-30,28.3,28.44,28.44,28.15,28.4,28.33,28.23,"1,24,81,694","35,23,51,722.64",808
BFSI,EQ,2025-12-31,28.33,28.38,28.61,28.29,28.57,28.54,28.44,"1,24,754","35,48,538.50",528
BFSI,EQ,2026-01-01,28.54,28.68,28.68,28.48,28.6,28.59,28.57,"83,375","23,81,861.99",587
BFSI,EQ,2026-01-02,28.59,28.84,28.89,28.55,28.86,28.8,28.76,"1,84,599","53,09,692.78",745
BFSI,EQ,2026-01-05,28.8,29.52,29.52,28.71,28.8,28.72,28.78,"2,28,900","65,87,974.41","1,006"
BFSI,EQ,2026-01-06,28.72,28.0,29.0,28.0,28.89,28.88,28.85,"2,16,296","62,39,417.33",697
BFSI,EQ,2026-01-07,28.88,29.1,29.1,28.54,28.73,28.76,28.75,"75,569","21,72,456.99",857
BFSI,EQ,2026-01-08,28.76,28.73,28.85,28.51,28.53,28.57,28.63,"1,06,637","30,53,541.54",903
BFSI,EQ,2026-01-09,28.57,29.43,29.43,28.21,28.32,28.31,28.37,"1,37,493","39,00,523.94","1,278"
BFSI,EQ,2026-01-12,28.31,28.58,28.58,28.13,28.46,28.42,28.27,"2,96,341","83,76,732.83","1,187"
BFSI,EQ,2026-01-13,28.42,28.76,28.76,28.37,28.5,28.51,28.48,"1,24,530","35,47,097.31",601
BFSI,EQ,2026-01-14,28.51,28.51,28.63,28.35,28.43,28.43,28.47,"86,743","24,69,958.56",706
BFSI,EQ,2026-01-16,28.43,28.72,28.72,28.37,28.47,28.45,28.54,"5,07,912","1,44,95,641.86",852
BFSI,EQ,2026-01-19,28.45,28.53,28.59,28.3,28.43,28.41,28.4,"1,05,342","29,91,715.66",886
BFSI,EQ,2026-01-20,28.41,28.71,28.71,28.05,28.09,28.13,28.26,"1,78,170","50,34,401.18","1,062"
BFSI,EQ,2026-01-21,28.13,28.11,28.13,27.66,27.89,27.86,27.9,"3,13,595","87,50,216.99","1,287"
BFSI,EQ,2026-01-22,27.86,27.97,28.2,27.85,28.1,28.07,28.03,"1,29,833","36,38,747.33",595
BFSI,EQ,2026-01-23,28.07,28.22,28.22,27.67,27.76,27.72,27.91,"3,70,220","1,03,32,342.86","1,124"
BFSI,EQ,2026-01-27,27.72,27.85,28.08,27.56,28.07,27.89,27.82,"3,44,502","95,82,464.80",975
BFSI,EQ,2026-01-28,27.89,28.2,28.31,27.89,28.26,28.23,28.21,"1,62,871","45,94,790.92",724
BFSI,EQ,2026-01-29,28.23,27.52,28.45,27.52,28.38,28.38,28.32,"1,91,144","54,13,548.66",713
BFSI,EQ,2026-01-30,28.38,28.49,28.5,28.17,28.25,28.23,28.29,"72,343","20,46,638.46",885
BFSI,EQ,2026-02-01,28.23,28.72,28.84,27.27,27.59,27.57,28.0,"6,56,316","1,83,79,918.25","1,304"
BFSI,EQ,2026-02-02,27.57,27.87,27.87,27.33,27.72,27.59,27.56,"5,99,507","1,65,20,675.02",905
BFSI,EQ,2026-02-03,27.59,27.6,29.13,27.6,28.52,28.56,28.58,"3,29,843","94,28,227.22",884
BFSI,EQ,2026-02-04,28.56,28.58,28.79,28.55,28.63,28.73,28.74,"2,83,367","81,43,572.24",656
BFSI,EQ,2026-02-05,28.73,28.73,28.8,28.47,28.6,28.57,28.57,"1,44,013","41,13,887.46",710
BFSI,EQ,2026-02-06,28.57,28.99,28.99,28.43,28.75,28.74,28.66,"2,10,906","60,44,514.45",769
BFSI,EQ,2026-02-09,28.74,29.32,29.32,28.9,29.1,29.11,29.03,"3,59,069","1,04,24,792.52",971
BFSI,EQ,2026-02-10,29.11,29.2,29.21,29.05,29.11,29.1,29.15,"15,67,091","4,56,80,984.17",933
BFSI,EQ,2026-02-11,29.1,29.82,29.82,29.06,29.2,29.19,29.15,"2,07,608","60,50,830.23",733
BFSI,EQ,2026-02-12,29.19,29.48,29.48,29.17,29.32,29.29,29.25,"1,85,785","54,34,956.39",830
BFSI,EQ,2026-02-13,29.29,29.29,29.29,29.02,29.09,29.07,29.11,"1,43,694","41,83,548.57",947
BFSI,EQ,2026-02-16,29.07,29.94,29.94,28.5,29.28,29.25,29.03,"2,45,083","71,13,599.89",906
BFSI,EQ,2026-02-17,29.25,29.25,29.39,28.96,29.19,29.23,29.15,"2,25,860","65,84,283.89",691
BFSI,EQ,2026-02-18,29.23,29.01,29.52,29.01,29.39,29.41,29.35,"2,60,251","76,37,371.48",645
BFSI,EQ,2026-02-19,29.41,29.62,29.73,28.92,28.98,28.98,29.11,"2,64,681","77,05,652.42","1,214"
BFSI,EQ,2026-02-20,28.98,29.19,29.21,28.94,29.17,29.1,29.12,"1,15,065","33,50,773.83",555
BFSI,EQ,2026-02-23,29.1,28.6,29.53,28.6,29.44,29.42,29.41,"2,93,043","86,17,210.53",861
BFSI,EQ,2026-02-24,29.42,29.85,29.85,29.13,29.3,29.26,29.32,"3,21,674","94,32,604.36",764
BFSI,EQ,2026-02-25,29.26,29.79,29.79,29.2,29.29,29.28,29.31,"1,46,569","42,96,274.15",604
BFSI,EQ,2026-02-26,29.28,29.43,29.43,29.13,29.24,29.27,29.25,"1,36,221","39,85,029.11",706
BFSI,EQ,2026-02-27,29.27,29.0,29.83,28.75,28.84,28.8,28.92,"2,85,147","82,47,177.46","1,523"
BFSI,EQ,2026-03-02,28.8,28.0,28.84,27.34,28.48,28.48,28.45,"4,16,203","1,18,39,193.60","1,817"
BFSI,EQ,2026-03-04,28.48,28.4,28.4,27.79,27.95,27.95,27.89,"2,77,340","77,36,126.71","1,573"
BFSI,EQ,2026-03-05,27.95,27.5,28.84,27.5,28.15,28.13,27.98,"3,49,147","97,68,511.17",861
BFSI,EQ,2026-03-06,28.13,28.97,28.97,27.51,27.58,27.56,27.71,"3,31,101","91,74,995.95","2,083"
BFSI,EQ,2026-03-09,27.56,27.29,27.5,26.44,26.99,26.85,26.77,"10,75,892","2,88,04,629.21","2,273"
BFSI,EQ,2026-03-10,26.85,26.91,27.49,26.9,27.48,27.46,27.35,"4,14,033","1,13,24,982.99",702
BFSI,EQ,2026-03-11,27.46,27.88,27.88,26.77,26.79,26.83,26.95,"8,90,459","2,40,00,741.43","2,100"
BFSI,EQ,2026-03-12,26.83,27.0,27.0,26.34,26.55,26.53,26.56,"4,01,674","1,06,68,522.59","1,287"
BFSI,EQ,2026-03-13,26.53,27.19,27.19,25.92,26.02,25.98,26.12,"5,69,066","1,48,64,795.62","2,436"
BFSI,EQ,2026-03-16,25.98,25.74,26.49,25.74,26.24,26.36,26.09,"3,26,035","85,07,054.87","1,253"
BFSI,EQ,2026-03-17,26.36,27.01,27.01,26.28,26.59,26.58,26.47,"1,59,473","42,21,722.01",767
BFSI,EQ,2026-03-18,26.58,27.24,27.24,26.46,26.82,26.79,26.66,"2,42,291","64,60,502.05",712
BFSI,EQ,2026-03-19,26.79,26.47,26.47,25.69,25.92,25.77,25.94,"6,76,649","1,75,52,998.30","2,442"
BFSI,EQ,2026-03-20,25.77,26.54,26.54,25.43,25.65,25.52,25.7,"4,04,851","1,04,04,158.20","1,363"
BFSI,EQ,2026-03-23,25.52,25.1,25.48,24.7,24.77,24.76,24.84,"8,41,444","2,08,97,859.78","2,191"
BFSI,EQ,2026-03-24,24.76,25.5,25.5,24.89,25.41,25.31,24.98,"22,09,721","5,52,04,442.90",928
BFSI,EQ,2026-03-25,25.31,25.56,26.05,25.55,25.92,25.91,25.89,"14,02,913","3,63,18,809.75",751
BFSI,EQ,2026-03-27,25.91,25.78,25.91,25.0,25.21,25.12,25.27,"38,59,912","9,75,23,743.22","1,849"
BFSI,EQ,2026-03-30,25.12,24.81,25.03,24.23,24.37,24.32,24.76,"20,98,791","5,19,67,522.97","2,652"
BFSI,EQ,2026-04-01,24.32,24.96,25.11,24.73,24.83,24.77,24.9,"2,48,913","61,97,033.72",985
BFSI,EQ,2026-04-02,24.77,24.03,24.94,24.03,24.87,24.85,24.47,"3,34,215","81,77,295.34","1,151"
BFSI,EQ,2026-04-06,24.85,24.69,25.48,24.65,25.41,25.44,25.0,"7,87,536","1,96,89,370.11","1,269"
BFSI,EQ,2026-04-07,25.44,25.43,25.53,25.09,25.52,25.51,25.34,"2,74,098","69,46,604.27",911
BFSI,EQ,2026-04-08,25.51,26.15,26.98,26.15,26.96,26.91,26.8,"5,97,914","1,60,26,602.63",994
BFSI,EQ,2026-04-09,26.91,27.21,27.21,26.43,26.57,26.52,26.67,"7,68,483","2,04,99,198.26","1,206"
BFSI,EQ,2026-04-10,26.52,26.98,27.14,26.81,27.1,27.1,27.05,"4,72,345","1,27,74,621.15",920
BFSI,EQ,2026-04-13,27.1,27.77,27.77,26.39,26.92,26.9,26.66,"3,80,691","1,01,50,448.59","1,192"
BFSI,EQ,2026-04-15,26.9,27.3,27.5,27.25,27.34,27.34,27.35,"3,31,483","90,65,508.87",883
BFSI,EQ,2026-04-16,27.34,27.46,27.61,27.2,27.22,27.23,27.4,"3,89,829","1,06,81,647.69",948
BFSI,EQ,2026-04-17,27.23,27.21,27.46,27.07,27.41,27.38,27.34,"4,07,242","1,11,32,992.77",727
BFSI,EQ,2026-04-20,27.38,28.06,28.06,27.27,27.38,27.41,27.5,"3,47,620","95,58,365.24",857
BFSI,EQ,2026-04-21,27.41,27.51,27.77,27.51,27.76,27.74,27.68,"3,37,151","93,33,231.27",616
BFSI,EQ,2026-04-22,27.74,27.87,27.87,27.5,27.55,27.53,27.58,"1,68,261","46,40,536.70",755
BFSI,EQ,2026-04-23,27.53,27.51,27.53,27.09,27.15,27.1,27.16,"6,79,785","1,84,65,189.97","1,102"
BFSI,EQ,2026-04-24,27.1,27.11,27.19,26.86,26.98,27.0,26.99,"2,47,133","66,69,620.86",974
BFSI,EQ,2026-04-27,27.0,27.24,27.3,26.9,27.08,27.05,26.99,"4,40,933","1,19,02,561.93",950
BFSI,EQ,2026-04-28,27.05,27.05,27.16,26.79,26.81,26.83,26.95,"3,37,054","90,82,732.45",895
BFSI,EQ,2026-04-29,26.83,26.82,27.02,26.73,26.8,26.78,26.87,"3,10,857","83,52,428.79",712
BFSI,EQ,2026-04-30,26.78,26.77,26.77,26.33,26.6,26.54,26.49,"3,00,076","79,48,271.74","1,088"
BFSI,EQ,2026-05-04,26.54,26.98,26.98,26.54,26.71,26.69,26.72,"3,82,562","1,02,21,832.65","1,339"
BFSI,EQ,2026-05-05,26.69,27.49,27.49,26.43,26.6,26.61,26.48,"6,99,919","1,85,36,449.85","1,131"
BFSI,EQ,2026-05-06,26.61,27.27,27.32,26.7,27.31,27.26,26.99,"2,97,131","80,20,915.84",701
BFSI,EQ,2026-05-07,27.26,27.01,27.45,27.01,27.4,27.36,27.35,"7,59,688","2,07,75,468.61",707
BFSI,EQ,2026-05-08,27.36,28.04,28.04,26.85,26.89,26.9,27.0,"4,41,239","1,19,12,239.83","1,648"
BFSI,EQ,2026-05-11,26.9,27.31,27.31,26.46,26.53,26.53,26.57,"11,82,800","3,14,29,856.75","1,442"
BFSI,EQ,2026-05-12,26.53,26.54,26.54,25.94,26.08,25.99,26.18,"3,23,329","84,63,193.60","9,683"
BFSI,EQ,2026-05-13,25.99,25.89,26.25,25.81,26.0,25.98,26.01,"1,80,531","46,95,585.74",795
BFSI,EQ,2026-05-14,25.98,26.01,26.44,25.9,26.38,26.36,26.28,"1,58,950","41,76,464.69",639
BFSI,EQ,2026-05-15,26.36,26.37,26.49,26.11,26.24,26.19,26.33,"1,59,899","42,10,371.47",759
BFSI,EQ,2026-05-18,26.19,26.58,26.58,25.8,26.24,26.24,26.06,"1,55,205","40,44,173.49","1,041"
BFSI,EQ,2026-05-19,26.24,26.44,26.44,26.12,26.2,26.18,26.33,"7,80,840","2,05,59,791.32",724
BFSI,EQ,2026-05-20,26.18,26.14,26.23,25.89,26.22,26.19,26.07,"70,276","18,32,159.98",540
BFSI,EQ,2026-05-21,26.19,26.36,26.4,26.03,26.14,26.13,26.22,"1,89,982","49,81,075.89",704
BFSI,EQ,2026-05-22,26.13,26.26,26.55,26.18,26.5,26.45,26.43,"1,83,521","48,51,210.16",619
BFSI,EQ,2026-05-25,26.45,26.82,27.08,26.61,27.08,27.01,26.89,"2,74,191","73,72,950.72",839
BFSI,EQ,2026-05-26,27.01,26.33,27.24,26.33,26.88,26.85,26.94,"2,51,523","67,76,068.04",771
BFSI,EQ,2026-05-27,26.85,27.52,27.52,26.6,26.69,26.65,26.73,"2,39,083","63,91,764.78",842
BFSI,EQ,2026-05-29,26.65,27.2,27.2,26.2,26.37,26.29,26.51,"3,80,039","1,00,74,365.88","1,125"
BFSI,EQ,2026-06-01,26.29,26.05,26.78,25.83,25.93,25.89,26.06,"12,80,398","3,33,61,770.69","1,754"
BFSI,EQ,2026-06-02,25.89,25.9,25.98,25.56,25.81,25.76,25.69,"4,75,358","1,22,12,729.99","1,586"
BFSI,EQ,2026-06-03,25.76,25.93,25.99,25.4,25.88,25.85,25.63,"3,83,738","98,36,875.04","1,267"
BFSI,EQ,2026-06-04,25.85,26.37,26.37,25.68,25.96,25.92,25.9,"10,08,275","2,61,11,859.43",686
BFSI,EQ,2026-06-05,25.92,26.56,26.56,25.85,25.98,25.94,26.1,"1,71,353","44,72,220.42",782
BFSI,EQ,2026-06-08,25.94,25.89,25.9,25.59,25.65,25.64,25.72,"1,85,303","47,66,784.10","1,283"
BFSI,EQ,2026-06-09,25.64,26.28,26.28,25.74,26.09,26.01,25.95,"5,29,998","1,37,51,371.64",657
BFSI,EQ,2026-06-10,26.01,26.04,26.34,26.01,26.12,26.08,26.18,"2,86,815","75,08,904.42",856
BFSI,EQ,2026-06-11,26.08,26.1,26.29,25.94,26.06,26.03,26.1,"1,18,107","30,82,136.96",636
BFSI,EQ,2026-06-12,26.03,25.95,28.2,25.95,26.9,27.02,26.74,"6,59,562","1,76,34,651.17",946
BFSI,EQ,2026-06-15,27.02,28.02,28.02,27.03,27.2,27.29,27.33,"6,96,888","1,90,45,186.65","1,189"
BFSI,EQ,2026-06-16,27.29,27.29,27.4,27.0,27.4,27.38,27.31,"3,99,661","1,09,15,474.70",759
BFSI,EQ,2026-06-17,27.38,26.95,27.65,26.95,27.35,27.34,27.35,"5,98,402","1,63,68,327.13",800
BFSI,EQ,2026-06-18,27.34,27.72,27.72,27.34,27.48,27.48,27.43,"2,66,493","73,09,036.98",802
BFSI,EQ,2026-06-19,27.48,27.19,27.47,27.15,27.42,27.34,27.27,"8,45,841","2,30,62,942.51","1,016"
BFSI,EQ,2026-06-22,27.34,27.39,27.6,27.39,27.52,27.53,27.52,"8,32,430","2,29,05,028.11",912
BFSI,EQ,2026-06-23,27.53,27.56,27.72,27.25,27.27,27.32,27.53,"1,81,781","50,05,026.70",725
BFSI,EQ,2026-06-24,27.32,28.0,28.0,27.32,27.81,27.74,27.65,"6,74,020","1,86,38,565.41",815
BFSI,EQ,2026-06-25,27.74,27.92,28.05,27.76,27.83,27.79,27.93,"4,61,320","1,28,84,049.68","1,021"
BFSI,EQ,2026-06-29,27.79,27.51,27.94,27.51,27.62,27.61,27.71,"1,42,13,210","39,38,12,644.56","1,419"
BFSI,EQ,2026-06-30,27.61,27.85,27.85,27.49,27.68,27.56,27.61,"5,82,803","1,60,89,838.39",777
BFSI,EQ,2026-07-01,27.56,28.24,28.24,27.0,27.82,27.81,27.73,"4,76,881","1,32,23,611.45",782
BFSI,EQ,2026-07-02,27.81,27.99,28.0,27.76,27.87,27.89,27.88,"8,38,373","2,33,71,598.49",989
BFSI,EQ,2026-07-03,27.89,27.78,28.1,27.78,27.95,27.93,27.99,"4,08,241","1,14,25,245.85",809
BFSI,EQ,2026-07-06,27.93,28.77,28.77,27.88,28.05,28.11,28.07,"3,12,141","87,63,107.47","1,036"
BFSI,EQ,2026-07-07,28.11,28.12,28.24,27.93,28.02,28.03,28.1,"7,41,268","2,08,31,577.27",988
BFSI,EQ,2026-07-08,28.03,27.32,28.14,27.22,27.3,27.33,27.68,"7,70,297","2,13,21,947.47","1,386"
BFSI,EQ,2026-07-09,27.33,27.41,27.63,27.4,27.57,27.53,27.49,"2,98,363","82,00,599.54",649
BFSI,EQ,2026-07-10,27.53,27.56,27.92,27.56,27.92,27.86,27.8,"1,09,372","30,40,817.76",656
BFSI,EQ,2026-07-13,27.86,27.86,27.9,27.56,27.83,27.84,27.76,"3,75,247","1,04,16,475.18",953
BFSI,EQ,2026-07-14,27.84,27.75,27.75,27.51,27.58,27.57,27.59,"2,36,453","65,23,685.82",923
BFSI,EQ,2026-07-15,27.57,27.55,27.96,27.55,27.75,27.7,27.78,"1,59,898","44,41,340.45",614
BFSI,EQ,2026-07-16,27.7,27.7,27.74,27.52,27.6,27.58,27.63,"1,59,770","44,13,743.32",675
BFSI,EQ,2026-07-17,27.58,28.26,28.26,27.63,28.01,27.97,27.85,"2,52,448","70,30,656.12",731
BFSI,EQ,2026-07-20,27.97,27.67,27.84,27.41,27.64,27.65,27.59,"10,55,216","2,91,15,838.91","2,251"
BFSI,EQ,2026-07-21,27.65,27.6,27.67,27.53,27.6,27.58,27.58,"2,10,838","58,15,361.35",733
BFSI,EQ,2026-07-22,27.58,27.41,27.6,27.17,27.24,27.2,27.23,"5,34,523","1,45,56,820.35","1,575"
BFSI,EQ,2026-07-23,27.2,27.3,27.3,26.9,27.03,27.02,27.06,"1,70,925","46,25,150.95",897
BFSI,EQ,2026-07-24,27.02,26.93,27.05,26.7,26.98,26.95,26.89,"2,49,270","67,02,155.01","1,179"
BFSI,EQ,2026-07-27,26.95,27.26,27.26,26.96,27.2,27.12,27.06,"2,64,968","71,69,370.84","1,139"
BFSI,EQ,2026-07-28,27.12,27.78,27.78,26.97,27.06,27.04,27.08,"2,05,975","55,77,070.35",702
BFSI,EQ,2026-07-29,27.04,27.15,27.34,27.12,27.26,27.32,27.27,"2,44,623","66,69,992.92",766
BFSI,EQ,2026-07-30,27.32,27.62,27.62,27.1,27.3,27.21,27.19,"1,96,310","53,37,914.85",740
BFSI,EQ,2026-07-31,27.21,27.51,27.68,27.36,27.64,27.61,27.54,"2,33,417","64,29,016.02",697
BFSI,EQ,2026-08-03,27.61,27.78,28.2,27.43,28.0,27.9,27.89,"5,99,668","1,67,26,057.42","1,194"
BFSI,EQ,2026-08-04,27.9,27.97,28.12,27.65,27.92,27.8,27.8,"3,95,280","1,09,90,508.03","1,089"
BFSI,EQ,2026-08-05,27.8,27.96,27.99,27.75,27.89,27.82,27.86,"97,737","27,23,370.87",658
BFSI,EQ,2026-08-06,27.82,27.82,27.98,27.82,27.91,27.95,27.94,"1,93,991","54,20,621.01",541
BFSI,EQ,2026-08-07,27.95,27.3,28.13,27.3,27.71,27.61,27.64,"5,10,634","1,41,14,555.33","1,432"
BFSI,EQ,2026-08-10,27.61,27.6,27.74,27.41,27.63,27.59,27.53,"10,23,456","2,81,80,040.84",952
BFSI,EQ,2026-08-11,27.59,27.87,27.87,27.37,27.51,27.45,27.41,"8,55,862","2,34,61,231.38","1,013"
BFSI,EQ,2026-08-12,27.45,28.0,28.0,27.3,27.54,27.48,27.35,"3,28,425","89,83,780.66",819
BFSI,EQ,2026-08-13,27.48,27.45,27.45,27.32,27.35,27.34,27.36,"11,28,030","3,08,65,811.57",768
BFSI,EQ,2026-08-14,27.34,28.02,28.02,27.25,27.31,27.3,27.32,"1,24,394","33,97,890.12",761
BFSI,EQ,2026-08-17,27.3,27.98,27.98,27.1,27.32,27.31,27.31,"39,00,354","10,65,28,401.69","1,585"
BFSI,EQ,2026-08-18,27.31,27.44,27.45,27.15,27.21,27.22,27.22,"71,924","19,57,590.38",664
BFSI,EQ,2026-08-19,27.22,27.9,27.9,27.01,27.11,27.08,27.06,"93,175","25,21,719.48",699
BFSI,EQ,2026-08-20,27.08,27.07,27.35,27.07,27.26,27.24,27.28,"3,97,612","1,08,48,318.73",681
BFSI,EQ,2026-08-21,27.24,27.71,27.71,27.24,27.34,27.31,27.35,"1,88,708","51,60,992.39",671
BFSI,EQ,2026-08-24,27.31,27.71,27.71,27.15,27.23,27.16,27.26,"79,086","21,55,967.19",779
BFSI,EQ,2026-08-25,27.16,27.16,27.35,27.14,27.35,27.27,27.24,"3,30,438","90,02,637.75",649
BFSI,EQ,2026-08-26,27.27,27.39,27.55,27.38,27.45,27.48,27.5,"96,720","26,59,534.26",619
BFSI,EQ,2026-08-27,27.48,26.79,27.71,26.79,27.39,27.41,27.46,"1,61,617","44,37,978.31",576
BFSI,EQ,2026-08-28,27.41,28.09,28.09,27.22,27.37,27.31,27.32,"78,704","21,50,399.01",680
BFSI,EQ,2026-08-31,27.31,27.71,27.71,27.14,27.38,27.22,27.22,"1,76,530","48,05,515.40",837
BFSI,EQ,2026-09-01,27.22,27.24,27.24,26.94,27.03,26.99,27.09,"1,46,614","39,72,368.50",895
BFSI,EQ,2026-09-02,26.99,26.91,26.91,26.72,26.88,26.84,26.84,"2,65,420","71,23,611.98",928
BFSI,EQ,2026-09-03,26.84,27.38,27.38,26.9,27.0,27.02,27.12,"1,78,176","48,33,017.04",582
BFSI,EQ,2026-09-04,27.02,27.61,27.61,27.02,27.15,27.17,27.15,"3,23,149","87,73,794.06",608
BFSI,EQ,2026-09-07,27.17,27.17,27.17,26.95,27.0,26.97,27.01,"1,09,906","29,68,771.81",999
BFSI,EQ,2026-09-08,26.97,26.29,27.04,26.29,26.78,26.78,26.8,"94,175","25,24,356.13","1,034"
BFSI,EQ,2026-09-09,26.78,26.88,26.88,26.42,26.45,26.47,26.54,"2,83,798","75,31,963.91","1,297"
BFSI,EQ,2026-09-10,26.47,26.42,26.57,26.33,26.52,26.47,26.48,"1,46,489","38,79,111.20",643
BFSI,EQ,2026-09-11,26.47,26.36,26.6,26.15,26.6,26.52,26.47,"28,29,147","7,48,84,002.94","1,073"
