"ï»¿""Symbol  """,Series,Date,Prev Close,Open Price,High Price,Low Price,Last Price,Close Price,Average Price,Total Traded Quantity,Turnover â¹,No. of Trades
CPSEETF,EQ,2020-01-06,23.65,23.6,23.63,23.02,23.07,23.08,23.15,"20,24,096","4,68,66,381.03","53,615"
CPSEETF,EQ,2020-01-07,23.08,23.15,23.44,23.08,23.28,23.3,23.33,"25,54,358","5,95,89,615.76","99,325"
CPSEETF,EQ,2020-01-08,23.3,23.01,23.2,22.9,22.96,22.94,23.01,"14,71,656","3,38,65,219.72","55,884"
CPSEETF,EQ,2020-01-09,22.94,23.18,23.27,22.92,22.94,22.96,23.01,"9,88,797","2,27,55,659.37","53,681"
CPSEETF,EQ,2020-01-10,22.96,22.96,23.38,22.92,23.25,23.25,23.25,"18,61,256","4,32,67,152.48","62,951"
CPSEETF,EQ,2020-01-13,23.25,23.08,23.65,23.08,23.62,23.62,23.53,"19,42,863","4,57,14,333.74","43,840"
CPSEETF,EQ,2020-01-14,23.62,23.63,23.79,23.52,23.71,23.75,23.66,"13,15,660","3,11,25,868.44","51,809"
CPSEETF,EQ,2020-01-15,23.75,23.67,23.86,23.57,23.79,23.82,23.75,"15,16,314","3,60,10,258.04","65,591"
CPSEETF,EQ,2020-01-16,23.82,23.84,23.88,23.48,23.61,23.55,23.59,"6,69,898","1,58,04,610.99","58,126"
CPSEETF,EQ,2020-01-17,23.55,23.58,23.58,23.39,23.49,23.48,23.47,"15,08,273","3,54,06,690.68","73,700"
CPSEETF,EQ,2020-01-20,23.48,23.79,23.79,22.8,22.87,22.84,23.05,"23,31,200","5,37,44,351.57","47,907"
CPSEETF,EQ,2020-01-21,22.84,22.98,22.98,22.57,22.64,22.62,22.76,"24,14,419","5,49,48,617.93","46,789"
CPSEETF,EQ,2020-01-22,22.62,22.57,22.7,21.72,21.78,21.79,22.0,"73,28,005","16,12,50,761.95","78,142"
CPSEETF,EQ,2020-01-23,21.79,21.56,22.23,21.56,21.9,21.87,22.08,"2,13,65,394","47,17,70,847.87","1,01,347"
CPSEETF,EQ,2020-01-24,21.87,21.87,22.09,21.79,21.97,21.94,21.95,"14,17,614","3,11,15,729.71","69,766"
CPSEETF,EQ,2020-01-27,21.94,21.6,21.94,21.6,21.76,21.74,21.84,"11,55,758","2,52,44,629.98","60,095"
CPSEETF,EQ,2020-01-28,21.74,21.99,21.99,21.46,21.48,21.48,21.57,"21,32,803","4,60,13,041.90","1,33,357"
CPSEETF,EQ,2020-01-29,21.48,21.51,21.77,21.47,21.65,21.59,21.61,"25,07,799","5,41,91,771.16","95,455"
CPSEETF,EQ,2020-01-30,21.59,21.6,21.68,21.35,21.41,21.42,21.5,"45,67,305","9,82,19,847.28","66,645"
CPSEETF,EQ,2020-01-31,21.42,21.5,21.63,20.63,20.72,20.68,20.79,"1,86,21,838","38,71,92,881.75","1,42,477"
CPSEETF,EQ,2020-02-01,20.68,20.78,20.78,20.21,20.3,20.26,20.47,"60,64,185","12,41,24,652.01","38,487"
CPSEETF,EQ,2020-02-03,20.26,20.0,20.4,19.76,20.15,20.09,20.07,"63,71,264","12,78,61,923.10","61,733"
CPSEETF,EQ,2020-02-04,20.09,20.38,20.58,20.15,20.52,20.53,20.41,"59,48,933","12,14,15,627.06","33,518"
CPSEETF,EQ,2020-02-05,20.53,20.53,20.63,20.41,20.43,20.45,20.54,"44,13,805","9,06,41,652.42","29,440"
CPSEETF,EQ,2020-02-06,20.45,20.74,20.74,20.37,20.53,20.59,20.5,"3,71,09,406","76,09,07,243.08","89,184"
CPSEETF,EQ,2020-02-07,20.59,20.5,20.9,20.47,20.82,20.85,20.61,"12,21,80,858","2,51,82,11,201.79","1,15,586"
CPSEETF,EQ,2020-02-10,20.85,20.79,20.84,20.25,20.32,20.38,20.49,"7,73,47,567","1,58,44,69,733.88","1,50,493"
CPSEETF,EQ,2020-02-11,20.38,20.3,20.69,20.3,20.57,20.59,20.57,"4,47,40,122","92,02,27,731.62","1,73,448"
CPSEETF,EQ,2020-02-12,20.59,20.59,20.8,20.59,20.62,20.62,20.68,"1,99,79,167","41,31,33,909.73","1,99,985"
CPSEETF,EQ,2020-02-13,20.62,20.7,20.78,20.35,20.42,20.44,20.47,"58,99,854","12,07,74,342.52","1,07,723"
CPSEETF,EQ,2020-02-14,20.44,20.51,20.54,19.93,19.98,19.96,20.16,"1,06,24,821","21,42,01,596.65","87,981"
CPSEETF,EQ,2020-02-17,19.96,19.75,20.1,19.36,19.5,19.54,19.57,"1,23,54,629","24,18,35,979.22","1,15,008"
CPSEETF,EQ,2020-02-18,19.54,19.54,19.74,19.1,19.66,19.57,19.37,"85,49,558","16,56,37,834.22","1,19,010"
CPSEETF,EQ,2020-02-19,19.57,19.51,20.1,19.51,20.07,20.08,19.96,"46,77,503","9,33,52,057.18","1,12,199"
CPSEETF,EQ,2020-02-20,20.08,20.0,20.21,19.9,20.15,20.17,20.12,"43,80,745","8,81,29,838.38","1,31,612"
CPSEETF,EQ,2020-02-24,20.17,19.93,19.98,19.6,19.65,19.65,19.73,"46,61,843","9,19,98,673.23","65,047"
CPSEETF,EQ,2020-02-25,19.65,19.7,19.98,19.21,19.65,19.68,19.81,"47,12,023","9,33,24,906.27","53,218"
CPSEETF,EQ,2020-02-26,19.68,19.56,19.84,19.42,19.42,19.47,19.69,"61,72,211","12,15,26,914.34","63,837"
CPSEETF,EQ,2020-02-27,19.47,19.31,19.5,19.08,19.29,19.3,19.21,"88,63,675","17,02,82,021.94","1,21,675"
CPSEETF,EQ,2020-02-28,19.3,19.21,19.3,16.8,18.75,18.77,18.79,"1,53,72,905","28,89,22,160.14","90,775"
CPSEETF,EQ,2020-03-02,18.77,19.1,19.35,18.51,18.64,18.69,19.12,"64,46,163","12,32,36,119.16","1,08,681"
CPSEETF,EQ,2020-03-03,18.69,18.85,19.64,18.75,19.53,19.42,19.16,"52,59,169","10,07,74,276.96","96,540"
CPSEETF,EQ,2020-03-04,19.42,19.4,19.67,19.2,19.44,19.52,19.38,"66,80,326","12,94,60,576.50","74,479"
CPSEETF,EQ,2020-03-05,19.52,19.79,19.95,19.32,19.4,19.41,19.52,"29,51,207","5,75,98,076.42","52,948"
CPSEETF,EQ,2020-03-06,19.41,18.85,19.33,17.1,18.95,18.9,19.0,"65,49,201","12,44,06,008.29","53,700"
CPSEETF,EQ,2020-03-09,18.9,18.49,18.6,17.33,17.6,17.8,17.83,"1,59,26,057","28,39,36,612.83","1,02,485"
CPSEETF,EQ,2020-03-11,17.8,17.79,17.86,17.4,17.52,17.56,17.6,"40,97,687","7,21,14,354.61","67,236"
CPSEETF,EQ,2020-03-12,17.56,17.0,17.0,16.15,16.35,16.3,16.46,"1,25,32,282","20,62,33,275.66","1,07,930"
CPSEETF,EQ,2020-03-13,16.3,16.3,16.75,14.1,16.5,16.35,16.2,"1,70,99,367","27,70,90,551.76","53,323"
CPSEETF,EQ,2020-03-16,16.35,16.25,16.5,15.05,15.6,15.54,15.72,"36,30,380","5,70,63,460.52","60,820"
CPSEETF,EQ,2020-03-17,15.54,15.77,16.35,15.11,15.6,15.63,15.97,"59,65,542","9,52,76,028.82","90,537"
CPSEETF,EQ,2020-03-18,15.63,15.73,16.14,14.9,15.24,15.41,15.41,"1,17,35,045","18,08,54,848.31","65,657"
CPSEETF,EQ,2020-03-19,15.41,15.05,15.15,14.26,14.65,14.55,14.67,"65,63,782","9,62,89,375.06","36,579"
CPSEETF,EQ,2020-03-20,14.55,14.7,15.85,14.5,15.66,15.67,15.4,"1,34,21,677","20,66,45,722.96","57,564"
CPSEETF,EQ,2020-03-23,15.67,15.6,15.6,11.54,14.01,14.01,14.23,"44,15,221","6,28,11,653.54","36,151"
CPSEETF,EQ,2020-03-24,14.01,14.35,14.75,13.61,13.98,13.91,13.99,"22,21,624","3,10,79,265.00","20,799"
CPSEETF,EQ,2020-03-25,13.91,13.9,14.1,13.6,13.63,13.63,13.74,"32,92,662","4,52,26,525.35","42,531"
CPSEETF,EQ,2020-03-26,13.63,13.76,15.1,13.55,14.89,14.96,14.59,"71,96,313","10,49,70,129.61","37,610"
CPSEETF,EQ,2020-03-27,14.96,14.96,15.58,14.8,15.4,15.46,15.29,"60,92,292","9,31,65,792.46","78,079"
CPSEETF,EQ,2020-03-30,15.46,15.49,15.54,14.85,15.42,15.43,15.31,"34,38,487","5,26,47,575.78","2,982"
CPSEETF,EQ,2020-03-31,15.43,15.5,16.17,15.3,16.02,16.06,15.94,"54,66,027","8,71,05,937.62","53,319"
CPSEETF,EQ,2020-04-01,16.06,16.06,16.24,15.58,15.7,15.63,15.78,"10,92,815","1,72,44,283.70","20,266"
CPSEETF,EQ,2020-04-03,15.63,15.75,15.98,15.51,15.72,15.75,15.7,"22,20,050","3,48,58,966.35","42,506"
CPSEETF,EQ,2020-04-07,15.75,16.05,16.49,15.8,16.15,16.22,16.1,"26,14,789","4,20,88,047.82","66,809"
CPSEETF,EQ,2020-04-08,16.22,16.0,16.58,15.91,16.18,16.25,16.38,"25,14,501","4,11,79,607.42","25,245"
CPSEETF,EQ,2020-04-09,16.25,16.35,16.84,16.35,16.75,16.75,16.67,"27,15,492","4,52,55,761.22","35,163"
CPSEETF,EQ,2020-04-13,16.75,16.6,17.0,16.31,16.73,16.74,16.61,"26,63,849","4,42,43,951.34","20,586"
CPSEETF,EQ,2020-04-15,16.74,16.76,17.35,16.76,17.0,16.94,17.12,"27,10,684","4,64,12,201.41","37,547"
CPSEETF,EQ,2020-04-16,16.94,16.8,17.34,16.7,17.33,17.27,17.13,"16,13,371","2,76,34,316.24","43,481"
CPSEETF,EQ,2020-04-17,17.27,17.27,17.94,17.27,17.66,17.59,17.66,"35,92,723","6,34,31,284.26","36,655"
CPSEETF,EQ,2020-04-20,17.59,17.99,17.99,17.12,17.17,17.2,17.35,"15,68,847","2,72,25,133.43","31,476"
CPSEETF,EQ,2020-04-21,17.2,17.02,17.05,16.65,16.66,16.69,16.75,"12,51,522","2,09,64,685.91","35,322"
CPSEETF,EQ,2020-04-22,16.69,16.69,16.8,16.13,16.6,16.58,16.39,"11,63,915","1,90,71,570.48","46,769"
CPSEETF,EQ,2020-04-23,16.58,16.1,16.87,13.7,16.61,16.58,16.7,"7,56,368","1,26,27,886.77","25,962"
CPSEETF,EQ,2020-04-24,16.58,16.55,16.73,16.27,16.3,16.34,16.46,"1,78,73,203","29,41,06,741.86","11,579"
CPSEETF,EQ,2020-04-27,16.34,16.55,16.85,16.3,16.31,16.31,16.39,"8,82,210","1,44,59,381.63","44,742"
CPSEETF,EQ,2020-04-28,16.31,16.5,16.5,16.11,16.11,16.16,16.21,"8,21,457","1,33,18,409.59","37,008"
CPSEETF,EQ,2020-04-29,16.16,16.34,16.47,16.16,16.4,16.41,16.39,"11,48,486","1,88,22,563.17","31,860"
CPSEETF,EQ,2020-04-30,16.41,16.5,17.6,16.41,17.35,17.25,17.06,"50,43,586","8,60,52,497.42","50,599"
CPSEETF,EQ,2020-05-04,17.25,17.0,17.15,16.46,16.7,16.72,16.73,"21,25,086","3,55,42,252.51","53,762"
CPSEETF,EQ,2020-05-05,16.72,16.95,17.28,16.76,16.77,16.81,17.05,"18,14,686","3,09,48,048.46","30,110"
CPSEETF,EQ,2020-05-06,16.81,16.95,17.0,16.61,16.82,16.8,16.82,"8,71,050","1,46,48,656.15","22,200"
CPSEETF,EQ,2020-05-07,16.8,16.7,17.0,16.45,16.53,16.49,16.54,"6,11,661","1,01,19,426.44","42,998"
CPSEETF,EQ,2020-05-08,16.49,16.75,16.89,16.04,16.09,16.07,16.23,"16,14,332","2,62,02,780.12","52,993"
CPSEETF,EQ,2020-05-11,16.07,16.25,16.29,16.02,16.12,16.12,16.19,"9,65,159","1,56,22,827.78","31,999"
CPSEETF,EQ,2020-05-12,16.12,16.23,16.28,15.86,16.28,16.19,16.1,"22,83,983","3,67,61,254.97","15,092"
CPSEETF,EQ,2020-05-13,16.19,16.45,17.0,16.45,16.75,16.66,16.66,"18,22,806","3,03,60,074.58","45,251"
CPSEETF,EQ,2020-05-14,16.66,16.66,16.66,16.2,16.29,16.27,16.32,"7,37,983","1,20,41,197.72","28,916"
CPSEETF,EQ,2020-05-15,16.27,16.31,16.45,16.06,16.39,16.33,16.36,"7,61,011","1,24,53,586.59","30,925"
CPSEETF,EQ,2020-05-18,16.33,16.65,16.65,15.75,15.78,15.76,15.84,"84,91,923","13,44,71,898.16","36,356"
CPSEETF,EQ,2020-05-19,15.76,16.0,16.21,15.85,16.05,16.04,16.09,"73,70,501","11,86,01,163.42","71,255"
CPSEETF,EQ,2020-05-20,16.04,16.15,16.26,15.91,16.19,16.2,16.18,"7,79,068","1,26,06,864.10","22,983"
CPSEETF,EQ,2020-05-21,16.2,16.4,16.4,16.02,16.11,16.09,16.14,"43,97,863","7,09,95,872.62","18,019"
CPSEETF,EQ,2020-05-22,16.09,16.09,16.12,15.8,16.07,16.01,15.97,"66,38,369","10,59,99,467.22","38,670"
CPSEETF,EQ,2020-05-26,16.01,16.1,16.34,16.01,16.28,16.3,16.27,"14,76,369","2,40,23,686.30","34,327"
CPSEETF,EQ,2020-05-27,16.3,16.3,16.5,16.16,16.49,16.48,16.38,"12,68,370","2,07,82,165.64","27,388"
CPSEETF,EQ,2020-05-28,16.48,16.55,16.77,16.44,16.71,16.73,16.69,"15,34,986","2,56,15,951.08","44,638"
CPSEETF,EQ,2020-05-29,16.73,16.7,17.3,16.53,17.23,17.22,17.12,"66,75,829","11,43,09,838.22","44,343"
CPSEETF,EQ,2020-06-01,17.22,17.2,17.65,17.2,17.46,17.5,17.51,"19,97,245","3,49,79,450.56","52,157"
CPSEETF,EQ,2020-06-02,17.5,17.55,17.6,17.27,17.3,17.49,17.47,"1,64,24,889","28,69,23,584.61","68,973"
CPSEETF,EQ,2020-06-03,17.49,17.65,17.75,17.32,17.45,17.58,17.63,"1,59,60,765","28,14,30,645.06","44,022"
CPSEETF,EQ,2020-06-04,17.58,17.55,17.75,17.37,17.63,17.6,17.5,"26,46,371","4,62,98,814.50","26,505"
CPSEETF,EQ,2020-06-05,17.6,17.6,18.12,17.58,18.06,18.04,17.95,"27,25,774","4,89,14,080.57","20,055"
CPSEETF,EQ,2020-06-08,18.04,18.2,18.67,18.14,18.33,18.37,18.43,"38,14,204","7,02,98,367.78","58,452"
CPSEETF,EQ,2020-06-09,18.37,18.42,18.6,18.15,18.2,18.21,18.34,"19,94,550","3,65,82,750.31","42,339"
CPSEETF,EQ,2020-06-10,18.21,18.44,18.44,17.94,18.01,18.01,18.06,"6,24,012","1,12,71,498.93","21,650"
CPSEETF,EQ,2020-06-11,18.01,18.25,18.25,17.78,17.9,17.82,17.97,"9,28,266","1,66,85,251.35","19,641"
CPSEETF,EQ,2020-06-12,17.82,17.55,17.67,16.92,17.6,17.61,17.41,"10,50,657","1,82,87,735.66","20,559"
CPSEETF,EQ,2020-06-15,17.61,17.69,17.95,17.17,17.25,17.27,17.31,"6,61,043","1,14,40,236.05","45,444"
CPSEETF,EQ,2020-06-16,17.27,17.44,17.99,17.1,17.19,17.17,17.3,"7,44,229","1,28,77,373.67","7,230"
CPSEETF,EQ,2020-06-17,17.17,17.35,17.39,17.0,17.08,17.07,17.14,"6,44,769","1,10,53,973.19","11,121"
CPSEETF,EQ,2020-06-18,17.07,17.07,17.52,17.0,17.48,17.44,17.41,"32,01,415","5,57,28,321.95","21,566"
CPSEETF,EQ,2020-06-19,17.44,17.5,17.83,17.5,17.74,17.74,17.68,"12,71,030","2,24,68,599.42","28,133"
CPSEETF,EQ,2020-06-22,17.74,17.67,18.22,17.67,18.15,18.14,18.02,"24,93,705","4,49,47,492.73","24,449"
CPSEETF,EQ,2020-06-23,18.14,18.05,18.67,17.9,18.62,18.61,18.48,"21,53,700","3,98,10,064.24","49,622"
CPSEETF,EQ,2020-06-24,18.61,18.6,18.79,18.16,18.25,18.18,18.48,"19,49,719","3,60,32,440.12","30,156"
CPSEETF,EQ,2020-06-25,18.18,18.18,18.25,17.5,18.06,17.98,18.08,"10,89,593","1,97,02,975.54","13,356"
CPSEETF,EQ,2020-06-26,17.98,18.08,18.25,18.0,18.22,18.15,18.14,"14,96,298","2,71,39,810.13","31,520"
CPSEETF,EQ,2020-06-29,18.15,18.09,18.2,17.72,17.79,17.77,17.84,"10,39,852","1,85,48,270.54","19,189"
CPSEETF,EQ,2020-06-30,17.77,18.0,18.18,17.65,17.7,17.68,17.85,"7,31,397","1,30,52,983.42","13,893"
CPSEETF,EQ,2020-07-01,17.68,17.66,17.95,17.5,17.6,17.59,17.58,"9,03,160","1,58,77,504.20","12,808"
CPSEETF,EQ,2020-07-02,17.59,17.6,17.85,17.57,17.69,17.71,17.68,"5,96,405","1,05,44,492.61","5,189"
CPSEETF,EQ,2020-07-03,17.71,17.99,17.99,17.67,17.92,17.91,17.83,"10,04,932","1,79,15,711.13","7,757"
CPSEETF,EQ,2020-07-06,17.91,18.0,18.18,17.9,18.18,18.15,18.09,"14,06,249","2,54,36,084.00","19,732"
CPSEETF,EQ,2020-07-07,18.15,18.15,18.15,17.8,17.83,17.83,17.88,"6,84,805","1,22,46,100.11","6,151"
CPSEETF,EQ,2020-07-08,17.83,17.77,18.0,17.71,17.76,17.76,17.82,"9,17,386","1,63,51,115.24","6,175"
CPSEETF,EQ,2020-07-09,17.76,17.95,17.95,17.54,17.55,17.58,17.64,"8,40,296","1,48,21,212.28","6,681"
CPSEETF,EQ,2020-07-10,17.58,17.48,17.55,17.4,17.44,17.45,17.46,"8,58,102","1,49,83,245.08","6,083"
CPSEETF,EQ,2020-07-13,17.45,17.75,17.75,17.33,17.41,17.37,17.47,"13,17,174","2,30,06,723.30","20,502"
CPSEETF,EQ,2020-07-14,17.37,17.5,17.5,17.0,17.07,17.02,17.15,"16,38,305","2,81,05,101.83","5,921"
CPSEETF,EQ,2020-07-15,17.02,17.15,17.29,16.85,16.9,16.89,17.04,"1,17,76,216","20,07,19,884.75","10,223"
CPSEETF,EQ,2020-07-16,16.89,16.85,16.85,16.61,16.73,16.75,16.69,"1,28,55,800","21,46,23,631.12","7,978"
CPSEETF,EQ,2020-07-17,16.75,16.75,17.48,16.73,17.43,17.33,17.05,"78,72,243","13,42,40,264.34","10,532"
CPSEETF,EQ,2020-07-20,17.33,17.45,17.45,17.12,17.25,17.22,17.28,"14,39,685","2,48,73,129.27","7,284"
CPSEETF,EQ,2020-07-21,17.22,17.45,17.63,17.25,17.63,17.6,17.48,"16,45,023","2,87,61,878.27","11,240"
CPSEETF,EQ,2020-07-22,17.6,17.63,18.09,17.45,17.9,17.84,17.85,"23,18,884","4,13,98,235.71","15,828"
CPSEETF,EQ,2020-07-23,17.84,18.0,18.05,17.8,17.9,17.93,17.96,"14,83,674","2,66,41,006.98","22,747"
CPSEETF,EQ,2020-07-24,17.93,18.49,18.49,17.63,17.74,17.75,17.75,"13,41,610","2,38,13,000.73","17,326"
CPSEETF,EQ,2020-07-27,17.75,17.69,17.8,17.5,17.53,17.56,17.59,"19,83,243","3,48,79,704.22","18,860"
CPSEETF,EQ,2020-07-28,17.56,17.77,18.24,17.42,17.59,17.56,17.51,"9,21,984","1,61,43,825.11","22,392"
CPSEETF,EQ,2020-07-29,17.56,17.56,17.75,17.53,17.59,17.59,17.67,"10,15,642","1,79,45,805.14","17,555"
CPSEETF,EQ,2020-07-30,17.59,17.5,17.68,17.27,17.34,17.31,17.46,"8,45,514","1,47,59,558.46","10,535"
CPSEETF,EQ,2020-07-31,17.31,17.49,17.49,17.18,17.35,17.3,17.26,"8,11,535","1,40,09,714.03","23,632"
CPSEETF,EQ,2020-08-03,17.3,17.29,17.31,17.1,17.16,17.19,17.2,"13,32,454","2,29,21,767.17","1,170"
CPSEETF,EQ,2020-08-04,17.19,17.25,17.33,17.18,17.18,17.2,17.23,"7,78,139","1,34,05,201.96","2,697"
CPSEETF,EQ,2020-08-05,17.2,17.91,17.91,17.16,17.2,17.2,17.26,"9,15,413","1,58,04,432.50","10,299"
CPSEETF,EQ,2020-08-06,17.2,17.01,17.78,17.01,17.28,17.27,17.36,"9,44,562","1,63,93,991.07","6,850"
CPSEETF,EQ,2020-08-07,17.27,17.35,17.49,17.27,17.35,17.34,17.35,"10,77,286","1,86,96,062.77","8,415"
CPSEETF,EQ,2020-08-10,17.34,17.44,17.74,17.12,17.69,17.66,17.66,"14,69,526","2,59,49,001.44","15,434"
CPSEETF,EQ,2020-08-11,17.66,17.65,17.9,17.6,17.66,17.63,17.7,"12,01,242","2,12,66,104.42","5,375"
CPSEETF,EQ,2020-08-12,17.63,17.7,17.78,17.4,17.73,17.71,17.66,"8,87,374","1,56,67,547.24","17,929"
CPSEETF,EQ,2020-08-13,17.71,17.91,17.91,17.7,17.84,17.88,17.81,"17,49,213","3,11,60,539.16","12,749"
CPSEETF,EQ,2020-08-14,17.88,17.95,18.06,17.65,17.88,17.83,17.89,"17,97,148","3,21,57,112.05","13,726"
CPSEETF,EQ,2020-08-17,17.83,17.89,18.48,17.36,18.36,18.36,18.21,"30,96,991","5,63,90,017.83","25,053"
CPSEETF,EQ,2020-08-18,18.36,18.36,18.53,18.14,18.4,18.4,18.44,"11,10,572","2,04,74,829.56","12,886"
CPSEETF,EQ,2020-08-19,18.4,18.5,18.63,18.35,18.45,18.4,18.48,"32,37,179","5,98,14,649.95","2,097"
CPSEETF,EQ,2020-08-20,18.4,18.69,19.07,18.11,19.02,18.98,18.86,"41,29,950","7,78,95,682.24","19,742"
CPSEETF,EQ,2020-08-21,18.98,19.2,19.51,18.88,19.37,19.3,19.37,"39,68,512","7,68,76,818.33","5,295"
CPSEETF,EQ,2020-08-24,19.3,19.5,19.59,19.12,19.2,19.21,19.23,"11,53,053","2,21,77,415.43","1,912"
CPSEETF,EQ,2020-08-25,19.21,19.23,19.38,19.0,19.09,19.05,19.12,"45,57,244","8,71,36,510.73","2,622"
CPSEETF,EQ,2020-08-26,19.05,19.15,19.27,19.05,19.12,19.11,19.16,"23,15,140","4,43,47,782.85","18,679"
CPSEETF,EQ,2020-08-27,19.11,19.19,19.28,18.95,18.95,18.99,19.04,"25,82,217","4,91,66,648.69","2,292"
CPSEETF,EQ,2020-08-28,18.99,19.04,19.32,18.94,19.07,19.05,19.18,"27,82,772","5,33,68,699.15","3,135"
CPSEETF,EQ,2020-08-31,19.05,19.19,19.33,18.5,18.6,18.57,18.97,"27,63,441","5,24,19,511.20","3,660"
CPSEETF,EQ,2020-09-01,18.57,18.86,18.86,18.25,18.55,18.48,18.43,"7,07,964","1,30,45,383.62","1,391"
CPSEETF,EQ,2020-09-02,18.48,18.48,18.78,18.28,18.75,18.72,18.58,"5,84,698","1,08,64,733.03","1,020"
CPSEETF,EQ,2020-09-03,18.72,18.8,18.8,18.47,18.56,18.52,18.53,"7,50,198","1,39,01,938.90","1,012"
CPSEETF,EQ,2020-09-04,18.52,18.5,18.62,18.11,18.27,18.2,18.34,"11,03,064","2,02,34,232.03","2,550"
CPSEETF,EQ,2020-09-07,18.2,19.5,19.5,17.94,17.98,17.99,18.03,"5,57,763","1,00,54,021.94","8,872"
CPSEETF,EQ,2020-09-08,17.99,18.02,18.02,17.68,17.7,17.7,17.81,"6,80,916","1,21,26,238.15","3,309"
CPSEETF,EQ,2020-09-09,17.7,17.93,17.93,17.3,17.55,17.48,17.42,"7,61,318","1,32,58,784.66","2,034"
CPSEETF,EQ,2020-09-10,17.48,17.58,17.89,17.45,17.64,17.56,17.54,"5,78,219","1,01,44,575.55","1,645"
CPSEETF,EQ,2020-09-11,17.56,17.66,18.0,17.41,17.5,17.47,17.49,"5,21,766","91,28,112.64","1,954"
CPSEETF,EQ,2020-09-14,17.47,17.8,17.8,17.4,17.53,17.5,17.6,"7,73,807","1,36,18,205.39","1,850"
CPSEETF,EQ,2020-09-15,17.5,17.6,17.6,17.46,17.54,17.51,17.52,"7,07,847","1,24,01,952.74","1,037"
CPSEETF,EQ,2020-09-16,17.51,17.57,17.7,17.33,17.45,17.38,17.38,"23,15,873","4,02,48,457.43","3,058"
CPSEETF,EQ,2020-09-17,17.38,17.49,17.49,17.21,17.24,17.25,17.28,"6,98,890","1,20,78,710.92","5,308"
CPSEETF,EQ,2020-09-18,17.25,17.4,17.47,17.24,17.42,17.42,17.31,"37,37,307","6,47,00,651.71","2,560"
CPSEETF,EQ,2020-09-21,17.42,17.42,17.49,16.92,17.0,17.0,17.18,"10,79,281","1,85,38,567.79","3,850"
CPSEETF,EQ,2020-09-22,17.0,17.0,17.05,16.52,16.75,16.68,16.72,"9,59,323","1,60,44,026.58","2,033"
CPSEETF,EQ,2020-09-23,16.68,16.75,16.84,16.42,16.52,16.51,16.54,"10,03,885","1,66,04,864.91","2,017"
CPSEETF,EQ,2020-09-24,16.51,16.54,16.54,16.01,16.06,16.05,16.17,"10,05,257","1,62,56,827.93","2,167"
CPSEETF,EQ,2020-09-25,16.05,16.17,16.33,16.05,16.3,16.27,16.21,"8,10,650","1,31,37,065.88","4,074"
CPSEETF,EQ,2020-09-28,16.27,16.45,16.93,16.35,16.81,16.84,16.82,"7,82,079","1,31,50,924.95","1,380"
CPSEETF,EQ,2020-09-29,16.84,16.84,16.95,16.5,16.63,16.61,16.67,"2,76,001","46,01,650.97","1,316"
CPSEETF,EQ,2020-09-30,16.61,16.96,16.96,16.3,16.45,16.43,16.4,"3,38,207","55,46,827.43","1,311"
CPSEETF,EQ,2020-10-01,16.43,16.45,16.55,16.41,16.5,16.47,16.47,"3,59,941","59,29,736.34","1,761"
CPSEETF,EQ,2020-10-05,16.47,16.64,16.69,16.42,16.5,16.46,16.48,"7,26,938","1,19,80,010.88","2,463"
CPSEETF,EQ,2020-10-06,16.46,16.48,16.8,16.37,16.43,16.43,16.47,"8,84,383","1,45,64,085.58","1,341"
CPSEETF,EQ,2020-10-07,16.43,16.75,16.75,16.28,16.34,16.29,16.38,"6,57,019","1,07,63,316.33","1,631"
CPSEETF,EQ,2020-10-08,16.29,16.38,16.38,16.06,16.12,16.1,16.14,"19,91,843","3,21,39,922.36","1,729"
CPSEETF,EQ,2020-10-09,16.1,16.13,16.26,16.0,16.2,16.2,16.17,"23,62,198","3,81,86,215.28","1,779"
CPSEETF,EQ,2020-10-12,16.2,16.35,16.35,16.06,16.1,16.1,16.19,"7,84,614","1,26,99,258.89","3,231"
CPSEETF,EQ,2020-10-13,16.1,16.5,16.5,16.05,16.05,16.06,16.11,"4,56,602","73,55,023.87","1,059"
CPSEETF,EQ,2020-10-14,16.06,16.11,16.11,15.72,15.9,15.87,15.81,"12,26,285","1,93,87,230.94","2,658"
CPSEETF,EQ,2020-10-15,15.87,15.98,15.98,15.68,15.7,15.72,15.81,"29,98,500","4,74,05,509.64","1,701"
CPSEETF,EQ,2020-10-16,15.72,15.81,15.88,15.65,15.88,15.84,15.78,"6,97,525","1,10,05,619.07","1,514"
CPSEETF,EQ,2020-10-19,15.84,15.84,16.24,15.84,16.18,16.12,16.12,"20,57,587","3,31,76,889.73","2,011"
CPSEETF,EQ,2020-10-20,16.12,16.35,16.45,15.93,16.01,15.99,16.06,"9,91,080","1,59,16,816.20","1,269"
CPSEETF,EQ,2020-10-21,15.99,16.06,16.4,15.99,16.29,16.2,16.21,"12,37,846","2,00,65,739.12","1,789"
CPSEETF,EQ,2020-10-22,16.2,16.21,16.6,16.13,16.6,16.47,16.35,"11,98,452","1,95,99,194.90","1,430"
CPSEETF,EQ,2020-10-23,16.47,16.48,16.75,16.47,16.75,16.72,16.72,"57,05,110","9,53,83,025.57","1,668"
CPSEETF,EQ,2020-10-26,16.72,16.72,16.79,16.4,16.5,16.49,16.53,"8,56,067","1,41,48,684.09","3,041"
CPSEETF,EQ,2020-10-27,16.49,16.52,16.66,16.41,16.55,16.54,16.55,"6,93,248","1,14,70,291.02",988
CPSEETF,EQ,2020-10-28,16.54,16.54,16.59,16.39,16.41,16.4,16.49,"6,27,755","1,03,51,122.52",910
CPSEETF,EQ,2020-10-29,16.4,16.3,16.48,16.15,16.2,16.22,16.23,"7,73,705","1,25,54,348.29","1,060"
CPSEETF,EQ,2020-10-30,16.22,16.22,16.45,15.81,16.45,16.35,16.31,"7,42,885","1,21,14,717.11","1,744"
CPSEETF,EQ,2020-11-02,16.35,16.49,16.58,16.2,16.42,16.52,16.45,"7,58,340","1,24,74,650.32","4,604"
CPSEETF,EQ,2020-11-03,16.52,16.52,16.73,16.46,16.56,16.6,16.62,"33,57,100","5,57,83,978.72","4,579"
CPSEETF,EQ,2020-11-04,16.6,16.65,16.75,16.33,16.51,16.48,16.47,"7,57,995","1,24,81,411.92","5,456"
CPSEETF,EQ,2020-11-05,16.48,16.5,16.89,16.48,16.87,16.85,16.8,"33,23,717","5,58,41,547.65","1,635"
CPSEETF,EQ,2020-11-06,16.85,16.9,17.0,16.67,16.97,16.95,16.9,"14,97,442","2,53,01,768.70","1,364"
CPSEETF,EQ,2020-11-09,16.95,17.0,17.24,16.6,17.2,17.2,17.12,"20,78,083","3,55,75,574.88","1,823"
CPSEETF,EQ,2020-11-10,17.2,17.48,17.59,17.11,17.58,17.55,17.43,"20,31,596","3,54,10,553.07","2,096"
CPSEETF,EQ,2020-11-11,17.55,17.55,17.89,17.5,17.77,17.78,17.67,"16,95,155","2,99,58,794.81","2,917"
CPSEETF,EQ,2020-11-12,17.78,17.8,17.85,17.52,17.68,17.62,17.67,"13,90,920","2,45,82,508.36","1,389"
CPSEETF,EQ,2020-11-13,17.62,17.67,17.73,17.0,17.72,17.7,17.57,"7,16,678","1,25,92,296.28","2,566"
CPSEETF,EQ,2020-11-14,17.7,17.83,17.89,17.57,17.8,17.77,17.77,"4,21,705","74,93,639.25",925
CPSEETF,EQ,2020-11-17,17.77,18.25,18.25,17.64,17.92,17.79,17.8,"25,82,655","4,59,67,928.62","1,593"
CPSEETF,EQ,2020-11-18,17.79,17.75,17.88,17.56,17.59,17.75,17.77,"16,03,674","2,84,90,851.13","1,208"
CPSEETF,EQ,2020-11-19,17.75,17.76,18.3,16.9,17.72,17.79,17.95,"62,05,012","11,13,53,937.01","4,306"
CPSEETF,EQ,2020-11-20,17.79,17.95,18.1,17.69,18.06,18.04,17.96,"59,18,212","10,62,95,257.30","6,667"
CPSEETF,EQ,2020-11-23,18.04,18.04,18.49,17.92,18.48,18.44,18.28,"27,68,958","5,06,07,090.46","3,483"
CPSEETF,EQ,2020-11-24,18.44,18.4,18.65,18.36,18.58,18.58,18.51,"21,71,556","4,01,89,221.79","4,242"
CPSEETF,EQ,2020-11-25,18.58,18.6,18.9,18.53,18.66,18.74,18.74,"1,81,61,930","34,03,91,921.50","3,584"
CPSEETF,EQ,2020-11-26,18.74,18.74,18.85,18.67,18.83,18.82,18.78,"43,74,607","8,21,73,376.88","1,572"
CPSEETF,EQ,2020-11-27,18.82,18.82,19.04,18.6,18.64,18.79,18.95,"53,53,178","10,14,33,654.97","2,775"
CPSEETF,EQ,2020-12-01,18.79,18.65,19.06,17.7,19.05,19.03,19.02,"1,08,90,938","20,70,99,040.09","2,433"
CPSEETF,EQ,2020-12-02,19.03,19.03,19.4,18.95,19.29,19.39,19.23,"1,49,05,525","28,66,09,441.72","2,744"
CPSEETF,EQ,2020-12-03,19.39,19.39,19.9,19.27,19.86,19.83,19.77,"1,10,84,406","21,91,34,072.98","3,882"
CPSEETF,EQ,2020-12-04,19.83,19.83,20.1,19.75,20.0,19.99,19.98,"3,14,64,623","62,87,99,498.55","4,117"
CPSEETF,EQ,2020-12-07,19.99,19.99,20.33,19.83,20.25,20.21,20.23,"1,75,86,443","35,57,30,933.46","4,097"
CPSEETF,EQ,2020-12-08,20.21,20.35,20.35,19.81,19.92,19.95,20.07,"1,18,50,515","23,78,07,772.60","4,385"
CPSEETF,EQ,2020-12-09,19.95,20.07,20.28,19.91,19.96,19.98,20.19,"57,63,977","11,63,55,262.77","3,771"
CPSEETF,EQ,2020-12-10,19.98,20.19,20.27,19.71,20.0,19.98,19.88,"48,89,108","9,71,94,934.28","2,094"
CPSEETF,EQ,2020-12-11,19.98,20.0,20.89,19.87,20.49,20.49,20.57,"1,34,28,161","27,61,73,068.95","5,822"
CPSEETF,EQ,2020-12-14,20.49,20.65,21.2,20.49,21.19,21.1,21.02,"97,39,086","20,47,10,958.24","5,958"
CPSEETF,EQ,2020-12-15,21.1,21.1,21.25,20.81,21.08,21.15,21.08,"43,39,263","9,14,69,532.29","4,295"
CPSEETF,EQ,2020-12-16,21.15,21.3,21.48,21.18,21.34,21.37,21.43,"1,05,94,316","22,70,24,437.24","3,187"
CPSEETF,EQ,2020-12-17,21.37,21.49,21.49,21.18,21.21,21.2,21.32,"58,75,694","12,52,83,881.46","2,034"
CPSEETF,EQ,2020-12-18,21.2,21.33,21.35,20.85,21.01,21.04,21.05,"43,63,602","9,18,63,079.74","2,164"
CPSEETF,EQ,2020-12-21,21.04,21.09,21.1,19.52,19.65,19.72,20.23,"43,06,225","8,70,94,964.62","4,340"
CPSEETF,EQ,2020-12-22,19.72,19.72,20.49,19.2,20.04,19.97,19.74,"47,22,575","9,32,04,020.54","2,842"
CPSEETF,EQ,2020-12-23,19.97,20.05,20.14,19.83,20.05,20.06,20.03,"9,18,459","1,83,93,654.53","1,467"
CPSEETF,EQ,2020-12-24,20.06,20.49,20.56,19.76,20.3,20.27,20.38,"28,13,673","5,73,51,158.95","1,951"
CPSEETF,EQ,2020-12-28,20.27,20.53,20.6,20.17,20.51,20.5,20.47,"22,11,238","4,52,54,991.01","1,643"
CPSEETF,EQ,2020-12-29,20.5,20.73,20.75,20.2,20.32,20.32,20.33,"15,98,057","3,24,88,839.42","1,970"
CPSEETF,EQ,2020-12-30,20.32,20.49,20.49,20.1,20.4,20.35,20.26,"13,24,916","2,68,42,303.93","1,243"
CPSEETF,EQ,2020-12-31,20.35,20.49,20.53,20.3,20.31,20.36,20.36,"16,96,111","3,45,38,400.65","2,248"
CPSEETF,EQ,2021-01-01,20.36,20.5,20.55,20.36,20.43,20.44,20.45,"11,82,664","2,41,81,802.54","1,257"
CPSEETF,EQ,2021-01-04,20.44,20.73,20.9,20.44,20.84,20.82,20.73,"77,05,873","15,97,54,535.90","5,575"
CPSEETF,EQ,2021-01-05,20.82,20.82,20.82,20.55,20.61,20.61,20.63,"21,50,476","4,43,63,187.73","1,752"
CPSEETF,EQ,2021-01-06,20.61,20.88,21.11,20.62,20.92,20.92,20.94,"39,86,407","8,34,63,712.87","2,994"
CPSEETF,EQ,2021-01-07,20.92,20.94,21.22,20.92,21.09,21.09,21.12,"1,02,69,288","21,68,63,746.19","2,921"
CPSEETF,EQ,2021-01-08,21.09,21.12,21.6,21.11,21.46,21.48,21.41,"63,54,746","13,60,42,623.59","4,133"
CPSEETF,EQ,2021-01-11,21.48,21.49,21.69,21.31,21.61,21.63,21.55,"39,15,405","8,43,74,487.95","2,940"
CPSEETF,EQ,2021-01-12,21.63,21.63,22.01,21.43,21.92,21.87,21.88,"62,36,404","13,64,30,528.35","4,608"
CPSEETF,EQ,2021-01-13,21.87,22.0,22.31,21.76,21.98,22.01,22.16,"64,67,823","14,33,30,902.41","5,038"
CPSEETF,EQ,2021-01-14,22.01,22.16,22.3,21.98,22.08,22.08,22.12,"14,54,292","3,21,63,271.81","1,628"
CPSEETF,EQ,2021-01-15,22.08,22.61,22.61,21.56,21.7,21.62,21.92,"25,72,414","5,63,94,058.01","2,554"
CPSEETF,EQ,2021-01-18,21.62,21.57,21.6,20.9,21.01,21.05,21.11,"24,96,547","5,27,08,344.63","4,675"
CPSEETF,EQ,2021-01-19,21.05,21.2,21.39,21.11,21.26,21.31,21.29,"26,79,110","5,70,51,259.53","1,724"
CPSEETF,EQ,2021-01-20,21.31,21.5,21.5,21.1,21.21,21.29,21.24,"15,18,186","3,22,45,261.22","1,513"
CPSEETF,EQ,2021-01-21,21.29,21.3,21.37,20.76,20.99,20.87,21.09,"25,78,271","5,43,74,251.58","2,615"
CPSEETF,EQ,2021-01-22,20.87,21.09,21.09,20.35,20.47,20.41,20.51,"25,79,128","5,28,89,836.27","9,300"
CPSEETF,EQ,2021-01-25,20.41,20.56,20.75,20.0,20.15,20.13,20.17,"27,44,795","5,53,55,539.22","11,280"
CPSEETF,EQ,2021-01-27,20.13,20.16,20.35,19.85,19.92,19.97,19.95,"13,41,162","2,67,61,944.89","35,118"
CPSEETF,EQ,2021-01-28,19.97,19.95,19.95,19.64,19.87,19.83,19.7,"41,62,737","8,20,25,759.16","1,63,355"
CPSEETF,EQ,2021-01-29,19.83,20.19,20.19,19.43,19.55,19.59,19.77,"68,24,365","13,48,91,089.51","28,093"
CPSEETF,EQ,2021-02-01,19.59,19.99,20.05,19.44,19.99,19.88,19.79,"2,39,71,145","47,42,96,795.43","10,323"
CPSEETF,EQ,2021-02-02,19.88,20.0,20.5,19.9,20.35,20.37,20.27,"1,16,16,170","23,54,82,247.44","5,945"
CPSEETF,EQ,2021-02-03,20.37,20.75,21.1,20.27,20.97,20.99,20.63,"2,94,86,178","60,82,71,629.76","6,646"
CPSEETF,EQ,2021-02-04,20.99,21.03,21.6,20.83,21.48,21.57,21.45,"69,56,357","14,92,45,395.74","7,924"
CPSEETF,EQ,2021-02-05,21.57,21.6,22.05,21.32,21.53,21.54,21.61,"51,79,594","11,19,53,665.93","6,568"
CPSEETF,EQ,2021-02-08,21.54,21.7,21.89,21.41,21.66,21.74,21.72,"1,12,03,051","24,33,54,086.91","7,400"
CPSEETF,EQ,2021-02-09,21.74,21.9,22.04,21.65,21.66,21.73,21.94,"1,20,26,568","26,38,69,980.76","7,138"
CPSEETF,EQ,2021-02-10,21.73,21.94,21.94,21.46,21.64,21.64,21.61,"26,56,320","5,74,09,612.81","2,680"
CPSEETF,EQ,2021-02-11,21.64,21.84,21.84,21.5,21.58,21.59,21.61,"14,90,742","3,22,11,657.71","1,913"
CPSEETF,EQ,2021-02-12,21.59,21.7,21.74,21.15,21.34,21.26,21.29,"32,90,416","7,00,65,197.18","4,719"
CPSEETF,EQ,2021-02-15,21.26,20.05,21.49,20.05,21.29,21.25,21.29,"20,15,837","4,29,20,589.86","5,709"
CPSEETF,EQ,2021-02-16,21.25,21.44,22.1,21.25,21.95,21.94,21.92,"1,03,68,061","22,72,84,252.62","9,184"
CPSEETF,EQ,2021-02-17,21.94,21.94,22.24,21.5,22.19,22.21,22.11,"76,60,977","16,93,48,622.06","7,707"
CPSEETF,EQ,2021-02-18,22.21,22.43,23.41,22.21,23.12,23.22,23.04,"2,16,81,547","49,94,76,136.76","16,633"
CPSEETF,EQ,2021-02-19,23.22,23.37,23.98,22.61,22.88,22.77,23.09,"67,61,396","15,61,53,899.81","8,855"
CPSEETF,EQ,2021-02-22,22.77,22.95,22.95,22.33,22.45,22.41,22.58,"32,89,756","7,42,98,151.61","70,231"
CPSEETF,EQ,2021-02-23,22.41,22.6,23.05,22.59,22.92,22.86,22.86,"65,12,323","14,88,92,470.81","7,767"
CPSEETF,EQ,2021-02-24,22.86,22.86,23.28,22.86,23.07,23.08,23.17,"29,24,134","6,77,40,230.42","3,216"
CPSEETF,EQ,2021-02-25,23.08,23.21,24.3,23.16,24.12,24.15,23.87,"1,67,78,780","40,04,87,271.17","50,253"
CPSEETF,EQ,2021-02-26,24.15,23.4,24.3,22.7,23.5,23.48,23.95,"1,29,20,813","30,94,78,949.66","10,945"
CPSEETF,EQ,2021-03-01,23.48,23.71,24.24,23.35,24.18,24.15,24.02,"52,89,465","12,70,35,563.73","11,466"
CPSEETF,EQ,2021-03-02,24.15,24.25,24.52,24.11,24.29,24.25,24.33,"58,53,104","14,24,09,079.23","8,735"
CPSEETF,EQ,2021-03-03,24.25,24.42,24.55,24.25,24.29,24.38,24.41,"81,96,535","20,01,01,307.90","7,524"
CPSEETF,EQ,2021-03-04,24.38,24.49,24.49,23.91,24.2,24.17,24.34,"83,48,240","20,31,76,360.98","8,108"
CPSEETF,EQ,2021-03-05,24.17,24.33,24.42,23.85,24.01,23.98,24.21,"74,84,775","18,11,97,328.59","7,724"
CPSEETF,EQ,2021-03-08,23.98,24.21,24.7,24.02,24.37,24.43,24.55,"98,76,649","24,24,84,669.69","11,647"
CPSEETF,EQ,2021-03-09,24.43,24.69,24.9,23.71,23.99,23.97,24.05,"29,21,992","7,02,73,945.90","5,372"
CPSEETF,EQ,2021-03-10,23.97,24.1,24.19,23.63,23.79,23.81,23.76,"20,74,537","4,93,00,635.35","3,335"
CPSEETF,EQ,2021-03-12,23.81,23.91,24.19,23.5,23.88,23.86,24.02,"98,75,143","23,72,27,725.06","5,796"
CPSEETF,EQ,2021-03-15,23.86,24.02,24.02,23.63,23.91,23.94,23.84,"23,02,551","5,48,99,856.98","9,192"
CPSEETF,EQ,2021-03-16,23.94,23.91,24.1,23.11,23.97,23.95,23.98,"17,56,504","4,21,22,981.76","7,062"
CPSEETF,EQ,2021-03-17,23.95,24.09,24.09,23.2,23.25,23.31,23.48,"12,02,643","2,82,32,914.38","5,514"
CPSEETF,EQ,2021-03-18,23.31,23.65,23.65,22.51,23.05,23.0,23.13,"71,58,014","16,55,45,110.93","7,711"
CPSEETF,EQ,2021-03-19,23.0,22.99,23.6,22.22,23.38,23.39,23.12,"51,14,727","11,82,57,114.71","17,710"
CPSEETF,EQ,2021-03-22,23.39,23.48,23.5,23.12,23.25,23.33,23.3,"11,50,871","2,68,09,977.91","86,654"
CPSEETF,EQ,2021-03-23,23.33,23.3,23.48,23.05,23.13,23.07,23.17,"13,55,198","3,14,04,303.12","65,834"
CPSEETF,EQ,2021-03-24,23.07,23.17,23.17,22.7,22.72,22.73,22.83,"14,46,326","3,30,26,546.36","7,168"
CPSEETF,EQ,2021-03-25,22.73,22.89,22.89,22.15,22.23,22.17,22.38,"21,40,927","4,79,14,986.33","6,964"
CPSEETF,EQ,2021-03-26,22.17,22.69,22.69,22.1,22.14,22.2,22.25,"17,45,906","3,88,50,363.48","5,420"
CPSEETF,EQ,2021-03-30,22.2,22.25,22.95,22.25,22.83,22.83,22.72,"18,51,745","4,20,76,135.84","37,567"
CPSEETF,EQ,2021-03-31,22.83,22.89,22.95,22.53,22.56,22.66,22.73,"18,52,197","4,21,00,579.18","6,367"
CPSEETF,EQ,2021-04-01,22.66,22.66,23.04,22.61,22.88,22.89,22.85,"12,67,001","2,89,52,661.31","5,383"
CPSEETF,EQ,2021-04-05,22.89,22.94,22.94,22.3,22.75,22.69,22.62,"15,06,114","3,40,70,474.65","7,219"
CPSEETF,EQ,2021-04-06,22.69,22.92,23.04,22.5,22.63,22.59,22.79,"11,92,673","2,71,81,317.24","5,047"
CPSEETF,EQ,2021-04-07,22.59,22.79,22.86,22.5,22.65,22.64,22.74,"8,56,028","1,94,68,418.49","5,290"
CPSEETF,EQ,2021-04-08,22.64,22.74,22.9,22.65,22.7,22.73,22.81,"16,50,770","3,76,60,411.52","5,116"
CPSEETF,EQ,2021-04-09,22.73,22.89,22.9,22.45,22.55,22.5,22.56,"6,38,466","1,44,05,667.35","4,889"
CPSEETF,EQ,2021-04-12,22.5,23.0,23.0,21.3,21.36,21.36,21.51,"90,11,438","19,38,77,298.60","10,999"
CPSEETF,EQ,2021-04-13,21.36,21.51,22.13,21.1,22.07,22.03,21.93,"16,75,890","3,67,56,298.81","6,405"
CPSEETF,EQ,2021-04-15,22.03,22.0,22.5,21.75,22.25,22.26,22.21,"17,78,301","3,95,03,364.18","6,770"
CPSEETF,EQ,2021-04-16,22.26,22.34,22.68,22.14,22.54,22.58,22.56,"28,03,246","6,32,34,086.44","5,891"
CPSEETF,EQ,2021-04-19,22.58,22.58,22.58,21.61,21.74,21.71,21.78,"16,43,113","3,57,92,708.54","9,090"
CPSEETF,EQ,2021-04-20,21.71,22.5,22.5,21.66,21.79,21.74,21.85,"8,14,491","1,78,00,631.01","5,470"
CPSEETF,EQ,2021-04-22,21.74,21.99,21.99,21.5,21.83,21.82,21.75,"31,69,592","6,89,29,804.87","4,494"
CPSEETF,EQ,2021-04-23,21.82,21.82,22.25,21.75,22.16,22.13,22.13,"29,77,596","6,59,00,255.56","92,059"
CPSEETF,EQ,2021-04-26,22.13,22.5,22.5,22.13,22.22,22.35,22.34,"77,86,745","17,39,79,046.86","9,118"
CPSEETF,EQ,2021-04-27,22.35,22.45,22.57,22.34,22.45,22.46,22.48,"10,38,079","2,33,32,519.27","6,014"
CPSEETF,EQ,2021-04-28,22.46,22.69,22.7,22.45,22.69,22.67,22.62,"14,45,610","3,27,05,469.37","20,817"
CPSEETF,EQ,2021-04-29,22.67,22.69,22.98,22.65,22.7,22.73,22.8,"15,08,524","3,43,87,358.68","5,900"
CPSEETF,EQ,2021-04-30,22.73,22.65,23.48,22.51,23.15,23.12,23.21,"36,27,705","8,41,81,813.94","8,569"
CPSEETF,EQ,2021-05-03,23.12,22.93,23.23,22.75,23.1,23.13,23.01,"28,57,340","6,57,48,151.40","7,610"
CPSEETF,EQ,2021-05-04,23.13,23.19,23.52,23.11,23.18,23.19,23.37,"20,63,574","4,82,26,100.97","6,048"
CPSEETF,EQ,2021-05-05,23.19,23.4,23.6,23.34,23.55,23.48,23.45,"31,03,161","7,27,67,225.32","6,240"
CPSEETF,EQ,2021-05-06,23.48,23.43,23.7,23.32,23.5,23.49,23.51,"11,30,654","2,65,83,714.33","6,948"
CPSEETF,EQ,2021-05-07,23.49,23.7,23.91,23.52,23.78,23.79,23.69,"29,91,435","7,08,60,538.34","8,091"
CPSEETF,EQ,2021-05-10,23.79,24.0,24.8,23.5,24.6,24.72,24.5,"2,46,83,975","60,46,70,697.20","18,505"
CPSEETF,EQ,2021-05-11,24.72,24.67,25.63,24.0,25.56,25.53,25.11,"3,57,90,562","89,86,65,504.22","27,170"
CPSEETF,EQ,2021-05-12,25.53,25.69,26.28,25.24,25.56,25.5,25.95,"2,16,80,599","56,26,13,794.49","20,384"
CPSEETF,EQ,2021-05-14,25.5,25.74,25.89,24.62,24.95,24.91,25.02,"61,12,710","15,29,46,510.24","10,475"
CPSEETF,EQ,2021-05-17,24.91,25.17,25.17,24.76,25.03,25.1,24.93,"47,67,385","11,88,60,674.14","12,209"
CPSEETF,EQ,2021-05-18,25.1,25.05,25.66,25.05,25.25,25.35,25.49,"48,04,367","12,24,67,514.19","8,643"
CPSEETF,EQ,2021-05-19,25.35,25.5,25.55,24.5,25.42,25.46,25.38,"36,70,118","9,31,60,266.65","9,112"
CPSEETF,EQ,2021-05-20,25.46,25.5,25.5,24.97,25.08,25.02,25.17,"18,21,664","4,58,58,767.10","13,066"
CPSEETF,EQ,2021-05-21,25.02,25.17,25.44,24.95,25.03,25.05,25.09,"16,40,392","4,11,51,007.14","9,967"
CPSEETF,EQ,2021-05-24,25.05,25.13,25.35,24.81,25.25,25.24,25.21,"28,73,875","7,24,53,261.03","65,523"
CPSEETF,EQ,2021-05-25,25.24,25.45,25.6,25.16,25.16,25.22,25.43,"35,61,814","9,05,66,677.35","92,270"
CPSEETF,EQ,2021-05-26,25.22,25.49,25.49,24.8,24.85,24.85,25.07,"19,04,332","4,77,46,099.12","80,296"
CPSEETF,EQ,2021-05-27,24.85,25.0,25.01,24.7,24.71,24.79,24.8,"11,64,263","2,88,72,295.66","8,840"
CPSEETF,EQ,2021-05-28,24.79,24.99,25.04,24.7,24.76,24.72,24.86,"24,04,484","5,97,74,334.93","1,03,185"
CPSEETF,EQ,2021-05-31,24.72,24.71,24.99,24.51,24.86,24.85,24.8,"24,97,377","6,19,41,810.86","12,888"
CPSEETF,EQ,2021-06-01,24.85,24.95,25.22,24.86,25.02,25.01,25.05,"33,32,251","8,34,77,624.13","9,465"
CPSEETF,EQ,2021-06-02,25.01,25.05,25.3,24.9,25.25,25.26,25.18,"36,32,480","9,14,79,745.62","8,118"
CPSEETF,EQ,2021-06-03,25.26,25.4,25.58,25.22,25.55,25.52,25.49,"55,87,304","14,24,01,172.84","10,162"
CPSEETF,EQ,2021-06-04,25.52,25.8,25.95,25.45,25.9,25.9,25.79,"78,09,569","20,13,73,946.18","12,787"
CPSEETF,EQ,2021-06-07,25.9,26.0,26.42,25.9,26.26,26.28,26.29,"1,11,85,037","29,40,11,094.34","17,376"
CPSEETF,EQ,2021-06-08,26.28,26.28,26.44,25.83,26.17,26.19,26.2,"38,93,117","10,20,04,963.84","59,543"
CPSEETF,EQ,2021-06-09,26.19,26.44,26.88,26.19,26.35,26.35,26.57,"1,30,54,107","34,68,28,874.00","15,779"
CPSEETF,EQ,2021-06-10,26.35,26.5,26.68,26.33,26.4,26.4,26.49,"36,29,267","9,61,47,254.67","10,675"
CPSEETF,EQ,2021-06-11,26.4,26.6,26.94,26.21,26.78,26.81,26.78,"75,25,192","20,15,22,921.40","60,597"
CPSEETF,EQ,2021-06-14,26.81,26.77,26.84,26.1,26.82,26.8,26.66,"37,63,577","10,03,18,453.49","64,400"
CPSEETF,EQ,2021-06-15,26.8,26.8,27.0,26.51,26.8,26.78,26.9,"45,24,040","12,17,11,942.46","48,809"
CPSEETF,EQ,2021-06-16,26.78,27.2,27.28,26.48,26.62,26.6,26.62,"20,63,980","5,49,43,700.49","9,356"
CPSEETF,EQ,2021-06-17,26.6,26.62,26.62,26.01,26.2,26.22,26.32,"18,49,500","4,86,84,547.79","7,759"
CPSEETF,EQ,2021-06-18,26.22,26.32,26.44,25.22,25.6,25.55,25.6,"22,70,837","5,81,33,633.57","10,370"
CPSEETF,EQ,2021-06-21,25.55,25.3,26.04,24.51,26.02,25.98,25.75,"20,86,719","5,37,27,042.78","12,105"
CPSEETF,EQ,2021-06-22,25.98,26.22,26.29,25.75,26.1,26.12,26.2,"18,56,748","4,86,44,917.37","8,441"
CPSEETF,EQ,2021-06-23,26.12,26.45,26.45,26.07,26.27,26.29,26.3,"34,80,699","9,15,27,155.46","9,704"
CPSEETF,EQ,2021-06-24,26.29,26.29,26.43,26.01,26.01,26.17,26.11,"46,31,212","12,09,28,413.01","10,936"
CPSEETF,EQ,2021-06-25,26.17,26.33,26.4,26.04,26.2,26.18,26.24,"12,72,181","3,33,87,658.68","7,472"
CPSEETF,EQ,2021-06-28,26.18,27.5,27.5,26.18,26.42,26.42,26.4,"29,65,594","7,83,00,601.38","15,096"
CPSEETF,EQ,2021-06-29,26.42,26.4,26.5,26.14,26.19,26.21,26.23,"21,67,338","5,68,57,527.83","9,396"
CPSEETF,EQ,2021-06-30,26.21,26.45,26.5,26.06,26.09,26.1,26.23,"15,55,342","4,08,03,860.25","7,182"
CPSEETF,EQ,2021-07-01,26.1,26.23,26.34,25.91,26.25,26.25,26.16,"15,03,750","3,93,44,071.53","8,212"
CPSEETF,EQ,2021-07-02,26.25,26.25,26.41,26.0,26.2,26.16,26.26,"12,77,144","3,35,40,240.70","5,954"
CPSEETF,EQ,2021-07-05,26.16,26.4,26.41,26.16,26.35,26.36,26.34,"26,29,130","6,92,44,607.05","12,578"
CPSEETF,EQ,2021-07-06,26.36,26.35,26.53,26.16,26.23,26.19,26.39,"25,31,716","6,68,16,524.34","10,020"
CPSEETF,EQ,2021-07-07,26.19,26.39,26.39,25.95,26.2,26.19,26.09,"11,43,448","2,98,35,724.11","5,832"
CPSEETF,EQ,2021-07-08,26.19,26.25,26.3,25.9,26.0,25.98,26.12,"12,75,119","3,33,01,057.50","6,713"
CPSEETF,EQ,2021-07-09,25.98,26.09,26.09,25.7,26.05,26.03,25.98,"12,93,171","3,35,93,522.08","7,091"
CPSEETF,EQ,2021-07-12,26.03,26.39,26.39,26.0,26.2,26.12,26.14,"19,93,052","5,20,97,377.50","11,680"
CPSEETF,EQ,2021-07-13,26.12,26.4,26.4,26.0,26.31,26.26,26.24,"15,80,282","4,14,72,596.07","56,417"
CPSEETF,EQ,2021-07-14,26.26,26.26,26.47,26.0,26.35,26.39,26.36,"31,48,262","8,30,02,643.48","58,734"
CPSEETF,EQ,2021-07-15,26.39,26.99,26.99,26.08,26.1,26.1,26.18,"25,12,166","6,57,63,492.91","6,309"
CPSEETF,EQ,2021-07-16,26.1,26.2,26.21,26.0,26.08,26.13,26.12,"17,28,483","4,51,42,847.77","74,100"
CPSEETF,EQ,2021-07-19,26.13,27.5,28.5,25.78,26.15,26.12,26.1,"21,13,654","5,51,75,897.53","64,590"
CPSEETF,EQ,2021-07-20,26.12,26.13,26.13,25.65,25.81,25.8,25.82,"16,63,846","4,29,64,943.29","61,265"
CPSEETF,EQ,2021-07-22,25.8,25.95,26.1,25.8,26.03,26.05,25.97,"14,99,722","3,89,49,158.69","5,496"
CPSEETF,EQ,2021-07-23,26.05,25.85,26.24,25.01,25.95,25.97,26.02,"11,47,512","2,98,60,010.54","7,192"
CPSEETF,EQ,2021-07-26,25.97,26.02,26.13,25.55,26.03,25.98,26.02,"30,31,432","7,88,73,440.76","15,530"
CPSEETF,EQ,2021-07-27,25.98,26.2,26.2,25.8,25.88,25.88,26.0,"12,82,734","3,33,51,639.60","8,189"
CPSEETF,EQ,2021-07-28,25.88,26.2,26.2,25.57,25.77,25.82,25.79,"10,69,597","2,75,82,349.50","12,021"
CPSEETF,EQ,2021-07-29,25.82,25.82,25.98,25.61,25.82,25.79,25.84,"1,56,53,799","40,44,98,940.51","7,535"
CPSEETF,EQ,2021-07-30,25.79,26.19,26.19,25.67,26.05,26.02,26.08,"71,84,023","18,73,42,748.25","12,317"
CPSEETF,EQ,2021-08-02,26.02,26.2,26.2,25.8,25.97,26.0,26.01,"1,31,38,236","34,17,17,734.43","7,130"
CPSEETF,EQ,2021-08-03,26.0,25.95,26.16,25.87,26.05,26.11,26.01,"2,08,99,749","54,35,82,603.44","15,728"
CPSEETF,EQ,2021-08-04,26.11,24.5,26.34,24.5,26.0,26.03,26.08,"2,05,71,449","53,64,43,026.41","8,439"
CPSEETF,EQ,2021-08-05,26.03,26.03,26.18,25.69,25.95,25.94,25.88,"13,12,103","3,39,55,992.46","7,953"
CPSEETF,EQ,2021-08-06,25.94,26.25,26.25,25.76,26.15,26.11,26.11,"49,68,168","12,97,13,546.78","15,608"
CPSEETF,EQ,2021-08-09,26.11,26.38,26.38,25.7,25.73,25.73,26.0,"37,70,327","9,80,40,717.93","13,068"
CPSEETF,EQ,2021-08-10,25.73,25.94,25.94,25.15,25.31,25.31,25.59,"16,08,106","4,11,44,723.41","8,306"
CPSEETF,EQ,2021-08-11,25.31,25.49,25.85,25.22,25.82,25.77,25.51,"28,35,213","7,23,31,486.37","9,422"
CPSEETF,EQ,2021-08-12,25.77,26.0,26.26,25.72,26.2,26.22,26.11,"36,03,051","9,40,78,024.46","10,200"
CPSEETF,EQ,2021-08-13,26.22,26.11,26.28,25.97,26.14,26.1,26.19,"29,07,261","7,61,46,172.98","58,283"
CPSEETF,EQ,2021-08-16,26.1,25.99,26.22,25.88,25.95,25.93,26.03,"10,48,960","2,73,00,643.56","19,165"
CPSEETF,EQ,2021-08-17,25.93,26.2,26.2,25.61,25.74,25.73,25.82,"8,95,914","2,31,30,363.92","1,07,635"
CPSEETF,EQ,2021-08-18,25.73,25.85,25.97,25.51,25.55,25.57,25.83,"11,14,590","2,87,89,177.60","65,679"
CPSEETF,EQ,2021-08-20,25.57,25.65,25.65,24.95,25.03,24.99,25.11,"72,66,487","18,24,75,310.86","8,880"
CPSEETF,EQ,2021-08-23,24.99,25.2,25.3,24.43,24.8,24.82,24.77,"1,24,62,253","30,86,84,289.45","12,240"
CPSEETF,EQ,2021-08-24,24.82,24.7,25.29,24.7,25.25,25.16,25.15,"2,10,03,559","52,82,62,648.06","64,829"
CPSEETF,EQ,2021-08-25,25.16,25.16,25.48,25.02,25.3,25.39,25.41,"1,53,00,416","38,87,86,347.04","11,348"
CPSEETF,EQ,2021-08-26,25.39,24.55,25.5,24.45,25.11,25.17,25.16,"7,01,002","1,76,35,123.21","8,088"
CPSEETF,EQ,2021-08-27,25.17,25.39,25.44,25.02,25.4,25.38,25.35,"1,66,18,242","42,12,63,451.85","8,282"
CPSEETF,EQ,2021-08-30,25.38,25.5,25.89,25.35,25.8,25.8,25.7,"15,22,677","3,91,28,594.09","17,304"
CPSEETF,EQ,2021-08-31,25.8,25.69,25.98,24.3,25.89,25.93,25.89,"18,12,633","4,69,24,913.07","17,120"
CPSEETF,EQ,2021-09-01,25.93,25.95,26.1,25.75,26.0,25.95,25.94,"24,70,878","6,41,02,498.14","9,757"
CPSEETF,EQ,2021-09-02,25.95,26.0,26.02,25.86,25.9,26.0,25.97,"25,04,725","6,50,49,908.54","9,140"
CPSEETF,EQ,2021-09-03,26.0,25.97,26.43,25.97,26.35,26.38,26.28,"71,40,119","18,76,11,262.02","13,840"
CPSEETF,EQ,2021-09-06,26.38,26.4,26.48,26.06,26.26,26.27,26.29,"33,80,942","8,88,87,489.94","14,063"
CPSEETF,EQ,2021-09-07,26.27,26.29,26.4,26.01,26.03,26.09,26.19,"51,91,876","13,59,61,953.57","11,618"
CPSEETF,EQ,2021-09-08,26.09,26.18,26.42,25.92,26.39,26.38,26.32,"50,12,861","13,19,56,583.42","13,296"
CPSEETF,EQ,2021-09-09,26.38,26.42,26.64,25.6,26.53,26.6,26.57,"59,92,183","15,91,93,450.88","13,030"
CPSEETF,EQ,2021-09-13,26.6,26.6,26.77,26.31,26.71,26.74,26.69,"34,81,410","9,29,10,785.63","16,335"
CPSEETF,EQ,2021-09-14,26.74,26.8,27.05,26.68,26.96,26.97,26.95,"62,08,696","16,73,16,871.55","16,688"
CPSEETF,EQ,2021-09-15,26.97,27.05,28.05,26.97,28.0,27.98,27.75,"1,40,54,846","38,99,90,069.19","25,021"
CPSEETF,EQ,2021-09-16,27.98,28.1,28.15,27.9,28.01,28.03,28.03,"32,99,017","9,24,86,388.32","12,107"
CPSEETF,EQ,2021-09-17,28.03,28.11,28.15,27.4,27.75,27.74,27.8,"66,41,816","18,46,56,122.76","15,260"
CPSEETF,EQ,2021-09-20,27.74,27.8,27.8,27.3,27.34,27.45,27.55,"1,22,39,353","33,71,90,270.14","1,25,200"
CPSEETF,EQ,2021-09-21,27.45,27.54,27.85,27.31,27.75,27.79,27.67,"22,83,294","6,31,83,320.34","1,17,815"
CPSEETF,EQ,2021-09-22,27.79,27.94,28.1,27.71,28.0,28.0,27.98,"44,10,391","12,34,05,830.77","81,453"
CPSEETF,EQ,2021-09-23,28.0,28.15,28.57,28.0,28.53,28.53,28.46,"71,62,123","20,38,60,052.38","25,779"
CPSEETF,EQ,2021-09-24,28.53,28.5,28.73,28.08,28.22,28.24,28.43,"27,95,861","7,94,81,596.54","19,807"
CPSEETF,EQ,2021-09-27,28.24,28.45,28.58,28.21,28.36,28.45,28.41,"23,83,498","6,77,04,584.03","39,672"
CPSEETF,EQ,2021-09-28,28.45,28.5,29.64,28.5,29.35,29.4,29.28,"1,42,29,727","41,66,43,071.92","38,929"
CPSEETF,EQ,2021-09-29,29.4,29.4,30.78,29.01,30.63,30.71,30.37,"1,64,43,657","49,94,59,409.84","94,244"
CPSEETF,EQ,2021-09-30,30.71,30.76,31.4,30.21,30.45,30.52,30.51,"54,57,216","16,64,96,475.13","28,308"
CPSEETF,EQ,2021-10-01,30.52,30.6,31.0,30.24,30.48,30.58,30.65,"63,49,761","19,45,92,580.98","18,868"
CPSEETF,EQ,2021-10-04,30.58,30.0,31.17,30.0,30.97,31.01,30.9,"32,80,966","10,13,93,456.27","24,003"
CPSEETF,EQ,2021-10-05,31.01,30.9,31.85,30.69,31.73,31.75,31.62,"50,07,562","15,83,15,033.87","20,670"
CPSEETF,EQ,2021-10-06,31.75,31.78,32.42,31.43,31.45,31.49,31.79,"65,38,599","20,78,68,419.22","19,358"
CPSEETF,EQ,2021-10-07,31.49,31.79,31.92,31.17,31.2,31.22,31.47,"15,88,942","5,00,10,822.45","11,938"
CPSEETF,EQ,2021-10-08,31.22,31.82,31.82,30.98,31.08,31.05,31.14,"13,96,499","4,34,85,035.60","16,328"
CPSEETF,EQ,2021-10-11,31.05,31.82,32.09,31.0,32.02,31.97,31.93,"63,43,951","20,25,55,034.16","24,961"
CPSEETF,EQ,2021-10-12,31.97,32.95,32.95,31.6,31.81,31.84,31.83,"10,87,999","3,46,25,847.42","13,306"
CPSEETF,EQ,2021-10-13,31.84,32.48,32.6,31.74,31.86,31.84,32.0,"18,72,206","5,99,06,514.43","20,429"
CPSEETF,EQ,2021-10-14,31.84,31.84,32.34,31.66,32.06,32.06,32.08,"53,01,126","17,00,43,429.70","23,768"
CPSEETF,EQ,2021-10-18,32.06,32.48,32.82,32.11,32.55,32.55,32.6,"34,78,371","11,33,77,625.69","25,136"
CPSEETF,EQ,2021-10-19,32.55,32.65,32.8,31.78,31.95,31.91,32.26,"17,83,767","5,75,46,673.87","30,161"
CPSEETF,EQ,2021-10-20,31.91,31.46,32.0,30.95,31.35,31.31,31.45,"25,90,202","8,14,71,714.75","25,089"
CPSEETF,EQ,2021-10-21,31.31,31.3,31.81,31.07,31.33,31.19,31.33,"14,59,419","4,57,20,939.63","23,772"
CPSEETF,EQ,2021-10-22,31.19,31.49,31.49,30.1,30.8,30.66,30.95,"13,18,606","4,08,14,961.15","18,040"
CPSEETF,EQ,2021-10-25,30.66,32.28,32.28,30.71,30.82,30.85,30.91,"9,21,173","2,84,73,976.33","27,640"
CPSEETF,EQ,2021-10-26,30.85,31.44,31.44,30.62,31.05,31.01,30.92,"12,87,144","3,98,03,519.56","1,64,400"
CPSEETF,EQ,2021-10-27,31.01,33.8,33.8,30.56,30.75,30.72,30.94,"11,44,450","3,54,08,272.32","14,333"
CPSEETF,EQ,2021-10-28,30.72,30.68,30.68,29.63,29.78,29.72,30.04,"13,24,183","3,97,83,367.47","12,848"
CPSEETF,EQ,2021-10-29,29.72,30.0,30.0,28.76,29.79,29.56,29.52,"15,54,817","4,58,96,212.43","35,902"
CPSEETF,EQ,2021-11-01,29.56,29.5,30.16,29.21,30.0,29.95,29.71,"10,30,973","3,06,26,381.86","13,584"
CPSEETF,EQ,2021-11-02,29.95,30.1,30.39,29.92,29.95,29.96,30.1,"6,52,094","1,96,26,431.33","9,024"
CPSEETF,EQ,2021-11-03,29.96,29.96,30.29,29.65,29.85,29.77,29.83,"6,62,055","1,97,48,018.96","7,361"
CPSEETF,EQ,2021-11-04,29.77,25.9,30.28,25.9,29.96,29.92,29.95,"3,56,923","1,06,88,705.85","2,439"
CPSEETF,EQ,2021-11-08,29.92,31.0,31.0,29.87,30.52,30.55,30.27,"8,56,087","2,59,17,988.46","19,644"
CPSEETF,EQ,2021-11-09,30.55,30.4,30.81,30.25,30.61,30.6,30.65,"5,55,630","1,70,30,708.77","32,042"
CPSEETF,EQ,2021-11-10,30.6,30.65,30.8,30.34,30.42,30.44,30.5,"19,30,979","5,88,99,160.05","8,468"
CPSEETF,EQ,2021-11-11,30.44,34.4,34.4,30.01,30.21,30.2,30.12,"6,16,142","1,85,59,375.69","9,456"
CPSEETF,EQ,2021-11-12,30.2,29.1,30.59,28.22,30.15,30.14,30.14,"5,59,066","1,68,51,999.20","10,096"
CPSEETF,EQ,2021-11-15,30.14,30.39,30.48,29.92,30.3,30.27,30.29,"7,41,047","2,24,49,743.72","16,538"
CPSEETF,EQ,2021-11-16,30.27,30.29,30.5,30.02,30.14,30.08,30.24,"8,97,834","2,71,46,024.70","61,798"
CPSEETF,EQ,2021-11-17,30.08,30.08,30.4,30.02,30.1,30.11,30.21,"7,22,489","2,18,26,592.29","70,046"
CPSEETF,EQ,2021-11-18,30.11,30.29,30.29,29.67,29.8,29.72,29.84,"7,35,377","2,19,44,907.77","8,065"
CPSEETF,EQ,2021-11-22,29.72,29.9,29.97,29.0,29.22,29.18,29.42,"20,72,172","6,09,61,790.23","18,954"
CPSEETF,EQ,2021-11-23,29.18,29.2,29.99,28.98,29.98,29.94,29.69,"11,44,476","3,39,83,009.83","14,216"
CPSEETF,EQ,2021-11-24,29.94,33.8,33.8,29.94,30.37,30.42,30.48,"13,65,168","4,16,16,843.13","7,434"
CPSEETF,EQ,2021-11-25,30.42,30.62,30.8,30.23,30.68,30.63,30.42,"28,07,137","8,53,82,687.01","17,302"
CPSEETF,EQ,2021-11-26,30.63,30.49,30.49,29.41,29.5,29.5,29.83,"9,53,730","2,84,48,994.95","12,495"
CPSEETF,EQ,2021-11-29,29.5,31.3,31.3,28.55,29.01,29.08,29.2,"21,49,718","6,27,74,769.69","61,667"
CPSEETF,EQ,2021-11-30,29.08,29.08,29.89,29.08,29.3,29.39,29.51,"5,82,348","1,71,85,738.61","31,412"
CPSEETF,EQ,2021-12-01,29.39,29.89,29.89,29.21,29.62,29.6,29.49,"7,74,484","2,28,42,448.32","6,223"
CPSEETF,EQ,2021-12-02,29.6,29.1,30.2,29.1,30.18,30.15,29.99,"38,26,292","11,47,50,131.85","7,386"
CPSEETF,EQ,2021-12-03,30.15,30.06,30.45,29.91,30.0,29.98,30.17,"5,80,907","1,75,26,217.10","8,682"
CPSEETF,EQ,2021-12-06,29.98,29.9,30.5,29.45,29.6,29.52,29.67,"7,41,944","2,20,13,794.21","4,245"
CPSEETF,EQ,2021-12-07,29.52,29.67,30.01,29.52,29.91,29.95,29.96,"10,43,753","3,12,66,559.82","11,334"
CPSEETF,EQ,2021-12-08,29.95,30.0,30.27,29.99,30.07,30.08,30.07,"5,03,176","1,51,30,009.53","7,410"
CPSEETF,EQ,2021-12-09,30.08,30.38,30.38,29.88,30.1,30.08,30.01,"11,77,382","3,53,36,001.64","8,289"
CPSEETF,EQ,2021-12-10,30.08,30.08,30.29,29.75,29.9,29.97,29.91,"3,87,097","1,15,76,548.90","6,166"
CPSEETF,EQ,2021-12-13,29.97,30.1,30.38,29.81,29.86,29.87,30.15,"14,71,598","4,43,68,371.86","10,620"
CPSEETF,EQ,2021-12-14,29.87,30.66,31.7,29.75,30.18,30.11,30.05,"12,98,330","3,90,09,687.48","6,625"
CPSEETF,EQ,2021-12-15,30.11,30.24,30.34,29.9,29.92,29.92,30.13,"5,67,766","1,71,03,965.89","58,496"
CPSEETF,EQ,2021-12-16,29.92,30.25,30.25,29.8,29.95,29.87,29.9,"2,53,920","75,91,417.54","6,896"
CPSEETF,EQ,2021-12-17,29.87,29.89,29.9,29.31,29.4,29.51,29.54,"7,65,484","2,26,16,036.78","6,201"
CPSEETF,EQ,2021-12-20,29.51,33.3,33.3,28.26,28.61,28.56,28.74,"18,34,099","5,27,08,271.44","53,324"
CPSEETF,EQ,2021-12-21,28.56,28.99,29.05,28.51,28.81,28.85,28.92,"13,53,769","3,91,49,150.73","9,462"
CPSEETF,EQ,2021-12-22,28.85,29.85,29.85,28.8,29.05,29.02,29.0,"15,50,252","4,49,53,239.52","6,268"
CPSEETF,EQ,2021-12-23,29.02,29.22,29.7,29.05,29.66,29.64,29.5,"16,43,807","4,84,91,423.63","5,451"
CPSEETF,EQ,2021-12-24,29.64,29.75,29.75,29.07,29.15,29.19,29.21,"6,59,078","1,92,48,772.44","6,717"
CPSEETF,EQ,2021-12-27,29.19,29.19,29.45,29.0,29.23,29.17,29.12,"3,58,925","1,04,51,246.72","9,392"
CPSEETF,EQ,2021-12-28,29.17,30.17,30.17,29.17,29.54,29.52,29.43,"5,90,258","1,73,69,402.43","10,099"
CPSEETF,EQ,2021-12-29,29.52,29.52,29.67,29.27,29.37,29.42,29.41,"4,36,674","1,28,41,696.21","4,673"
CPSEETF,EQ,2021-12-30,29.42,29.42,29.87,29.21,29.7,29.77,29.56,"5,62,653","1,66,30,644.18","4,507"
CPSEETF,EQ,2021-12-31,29.77,29.85,29.85,29.55,29.64,29.68,29.7,"5,47,277","1,62,56,279.15","11,332"
CPSEETF,EQ,2022-01-03,29.68,29.68,30.15,29.52,30.15,30.1,30.03,"12,06,197","3,62,21,359.48","5,195"
CPSEETF,EQ,2022-01-04,30.1,30.25,30.92,30.02,30.76,30.78,30.65,"15,82,542","4,85,11,354.59","5,411"
CPSEETF,EQ,2022-01-05,30.78,33.0,33.0,30.67,30.81,30.81,30.77,"6,87,123","2,11,44,313.73","3,888"
CPSEETF,EQ,2022-01-06,30.81,30.7,30.95,30.21,30.8,30.81,30.7,"8,41,053","2,58,17,991.70","3,299"
CPSEETF,EQ,2022-01-07,30.81,30.95,31.22,30.78,30.95,31.09,31.06,"12,36,084","3,83,91,047.97","4,336"
CPSEETF,EQ,2022-01-10,31.09,31.9,35.1,31.01,31.3,31.32,31.27,"13,43,629","4,20,19,741.74","4,914"
CPSEETF,EQ,2022-01-11,31.32,31.32,31.47,31.04,31.26,31.32,31.41,"30,32,131","9,52,39,588.36","4,551"
CPSEETF,EQ,2022-01-12,31.32,33.99,33.99,31.41,31.65,31.72,31.64,"16,30,246","5,15,84,224.61","4,448"
CPSEETF,EQ,2022-01-13,31.72,33.0,33.0,31.6,31.99,32.01,32.05,"41,24,454","13,21,77,799.30","5,176"
CPSEETF,EQ,2022-01-14,32.01,32.01,32.14,31.32,32.03,32.05,32.02,"40,18,339","12,86,49,554.29","3,722"
CPSEETF,EQ,2022-01-17,32.05,32.3,32.42,32.01,32.19,32.22,32.31,"55,70,125","17,99,69,297.60","5,169"
CPSEETF,EQ,2022-01-18,32.22,32.59,32.59,31.61,31.74,31.79,32.11,"9,64,662","3,09,74,387.97","4,136"
CPSEETF,EQ,2022-01-19,31.79,31.82,32.14,31.74,32.02,32.07,31.98,"9,96,804","3,18,78,899.51","3,643"
CPSEETF,EQ,2022-01-20,32.07,32.07,32.41,30.9,32.26,32.29,32.34,"54,46,960","17,61,37,261.25","4,619"
CPSEETF,EQ,2022-01-21,32.29,32.33,33.0,28.1,31.87,31.78,32.05,"11,84,340","3,79,56,093.60","3,566"
CPSEETF,EQ,2022-01-24,31.78,31.99,32.08,31.1,31.35,31.4,31.55,"17,76,985","5,60,63,213.79","4,487"
CPSEETF,EQ,2022-01-25,31.4,31.4,32.05,31.16,31.88,31.98,31.87,"49,57,813","15,80,02,013.16","4,225"
CPSEETF,EQ,2022-01-27,31.98,33.25,33.25,31.64,31.88,31.85,31.83,"9,60,487","3,05,68,353.43","3,974"
CPSEETF,EQ,2022-01-28,31.85,31.85,32.8,31.85,32.31,32.31,32.57,"27,38,931","8,92,05,000.66","3,09,850"
CPSEETF,EQ,2022-01-31,32.31,32.56,32.8,30.76,32.7,32.71,32.69,"46,72,763","15,27,67,527.26","4,832"
CPSEETF,EQ,2022-02-01,32.71,32.71,32.98,32.12,32.64,32.65,32.63,"17,12,465","5,58,72,556.68","5,141"
CPSEETF,EQ,2022-02-02,32.65,32.85,33.0,32.68,32.82,32.8,32.82,"14,27,174","4,68,42,585.96","3,720"
CPSEETF,EQ,2022-02-03,32.8,33.0,33.0,32.37,32.37,32.46,32.68,"4,79,306","1,56,63,919.95","2,963"
CPSEETF,EQ,2022-02-04,32.46,32.46,32.84,32.22,32.34,32.28,32.57,"4,55,343","1,48,31,226.45","3,240"
CPSEETF,EQ,2022-02-07,32.28,33.2,33.2,32.25,32.5,32.57,32.56,"8,78,499","2,86,07,087.04","3,583"
CPSEETF,EQ,2022-02-08,32.57,32.57,32.91,31.98,32.22,32.22,32.35,"11,89,402","3,84,73,213.67","3,605"
CPSEETF,EQ,2022-02-09,32.22,33.2,33.2,31.71,32.45,32.4,32.39,"18,53,535","6,00,42,756.03","2,972"
CPSEETF,EQ,2022-02-10,32.4,33.19,33.19,31.75,32.73,32.75,32.74,"51,10,792","16,73,17,687.01","3,299"
CPSEETF,EQ,2022-02-11,32.75,32.75,32.87,32.4,32.48,32.5,32.58,"17,53,248","5,71,29,217.15","3,510"
CPSEETF,EQ,2022-02-14,32.5,32.4,32.5,31.59,31.67,31.77,32.11,"9,34,024","2,99,88,902.26","3,917"
CPSEETF,EQ,2022-02-15,31.77,32.09,32.09,31.3,31.88,31.82,31.59,"7,86,573","2,48,46,888.28","3,442"
CPSEETF,EQ,2022-02-16,31.82,32.29,32.29,31.69,31.93,31.95,32.01,"5,64,112","1,80,57,198.32","3,009"
CPSEETF,EQ,2022-02-17,31.95,31.95,32.25,31.73,32.09,32.15,32.15,"21,41,155","6,88,38,081.55","4,243"
CPSEETF,EQ,2022-02-18,32.15,32.49,32.49,31.83,31.86,31.87,31.99,"7,33,475","2,34,64,820.51","85,126"
CPSEETF,EQ,2022-02-21,31.87,33.2,33.2,31.6,31.69,31.68,31.75,"6,43,067","2,04,14,196.51","12,585"
CPSEETF,EQ,2022-02-22,31.68,33.03,33.03,31.07,31.6,31.7,31.41,"12,40,677","3,89,74,413.11","57,468"
CPSEETF,EQ,2022-02-23,31.7,33.0,33.0,31.41,31.49,31.46,31.64,"5,02,823","1,59,08,950.94","62,080"
CPSEETF,EQ,2022-02-24,31.46,31.2,31.59,30.0,30.0,30.11,30.59,"24,96,695","7,63,64,452.73","7,253"
CPSEETF,EQ,2022-02-25,30.11,30.3,31.52,30.16,31.47,31.47,31.22,"9,76,579","3,04,89,149.84","4,846"
CPSEETF,EQ,2022-02-28,31.47,31.69,32.43,30.73,32.38,32.36,31.98,"10,11,232","3,23,40,968.94","9,328"
CPSEETF,EQ,2022-03-02,32.36,32.36,33.29,32.0,33.16,33.17,33.12,"68,38,326","22,64,59,091.45","7,378"
CPSEETF,EQ,2022-03-03,33.17,33.8,34.02,33.21,33.86,33.88,33.68,"74,29,030","25,02,30,650.38","6,285"
CPSEETF,EQ,2022-03-04,33.88,33.88,34.0,33.09,33.17,33.14,33.53,"1,20,80,162","40,50,47,209.02","4,813"
CPSEETF,EQ,2022-03-07,33.14,33.25,34.35,32.65,34.32,34.23,33.68,"1,10,78,581","37,31,20,118.06","9,655"
CPSEETF,EQ,2022-03-08,34.23,34.35,34.8,33.51,33.88,33.95,34.45,"62,87,946","21,66,12,957.38","4,893"
CPSEETF,EQ,2022-03-09,33.95,33.83,34.54,33.47,33.79,33.79,33.8,"19,66,411","6,64,71,304.58","4,107"
CPSEETF,EQ,2022-03-10,33.79,34.2,34.25,33.11,33.5,33.49,33.58,"13,34,229","4,47,99,513.46","3,810"
CPSEETF,EQ,2022-03-11,33.49,33.89,33.89,33.42,33.71,33.72,33.65,"8,30,547","2,79,44,103.74","3,290"
CPSEETF,EQ,2022-03-14,33.72,33.8,33.8,33.21,33.47,33.45,33.33,"7,69,460","2,56,42,321.43","3,490"
CPSEETF,EQ,2022-03-15,33.45,33.95,33.95,32.42,32.54,32.56,32.84,"31,96,904","10,49,85,971.70","4,375"
CPSEETF,EQ,2022-03-16,32.56,32.8,33.05,32.68,33.05,32.99,32.84,"3,45,580","1,13,47,310.22","3,200"
CPSEETF,EQ,2022-03-17,32.99,33.29,33.29,32.84,33.19,33.12,32.97,"13,22,119","4,35,90,357.03","4,686"
CPSEETF,EQ,2022-03-21,33.12,33.27,33.5,33.0,33.25,33.23,33.35,"9,16,162","3,05,55,471.41","3,997"
CPSEETF,EQ,2022-03-22,33.23,33.35,33.88,33.25,33.35,33.48,33.51,"10,07,200","3,37,50,241.64","3,643"
CPSEETF,EQ,2022-03-23,33.48,33.99,33.99,33.34,33.53,33.5,33.47,"5,25,776","1,75,99,767.97","3,091"
CPSEETF,EQ,2022-03-24,33.5,33.65,33.98,33.51,33.9,33.95,33.87,"17,78,505","6,02,31,241.12","3,864"
CPSEETF,EQ,2022-03-25,33.95,33.89,34.0,33.63,33.8,33.72,33.77,"17,71,131","5,98,09,024.75","2,949"
CPSEETF,EQ,2022-03-28,33.72,33.77,34.1,33.34,33.95,34.01,33.96,"20,19,160","6,85,78,538.96","1,05,757"
CPSEETF,EQ,2022-03-29,34.01,34.1,34.1,33.5,33.59,33.62,33.72,"4,82,805","1,62,80,849.65","1,06,152"
CPSEETF,EQ,2022-03-30,33.62,33.84,33.84,33.25,33.27,33.34,33.31,"8,50,446","2,83,24,585.86","3,567"
CPSEETF,EQ,2022-03-31,33.34,33.64,33.64,33.27,33.35,33.49,33.44,"6,62,771","2,21,61,144.25","3,140"
CPSEETF,EQ,2022-04-01,33.49,33.75,34.6,33.49,34.5,34.51,34.29,"22,74,271","7,79,74,765.80","5,210"
CPSEETF,EQ,2022-04-04,34.51,34.56,34.95,34.4,34.87,34.91,34.78,"13,19,454","4,58,94,066.72","4,890"
CPSEETF,EQ,2022-04-05,34.91,34.31,35.67,34.31,35.49,35.53,35.28,"68,39,982","24,13,43,747.94","5,870"
CPSEETF,EQ,2022-04-06,35.53,35.95,36.33,35.28,36.19,36.14,36.06,"47,59,693","17,16,30,109.18","6,159"
CPSEETF,EQ,2022-04-07,36.14,36.28,36.72,35.95,36.09,36.03,36.56,"37,79,709","13,82,01,248.26","5,326"
CPSEETF,EQ,2022-04-08,36.03,36.0,36.85,36.0,36.25,36.26,36.22,"5,74,908","2,08,24,993.97","3,499"
CPSEETF,EQ,2022-04-11,36.26,36.26,36.64,36.1,36.41,36.43,36.41,"5,44,999","1,98,44,100.54","4,115"
CPSEETF,EQ,2022-04-12,36.43,36.59,36.59,35.83,36.03,36.01,36.02,"4,04,825","1,45,81,272.12","3,363"
CPSEETF,EQ,2022-04-13,36.01,36.25,36.48,36.03,36.24,36.2,36.32,"4,84,130","1,75,82,685.99","2,807"
CPSEETF,EQ,2022-04-18,36.2,36.0,37.21,35.86,37.19,37.15,36.88,"74,44,819","27,45,96,359.99","8,722"
CPSEETF,EQ,2022-04-19,37.15,37.84,38.0,36.84,36.85,37.22,37.67,"1,13,07,849","42,59,94,697.07","9,037"
CPSEETF,EQ,2022-04-20,37.22,37.67,37.8,37.03,37.2,37.14,37.22,"8,70,831","3,24,08,263.33","3,760"
CPSEETF,EQ,2022-04-21,37.14,37.89,37.89,37.21,37.61,37.61,37.51,"20,15,684","7,56,01,062.41","3,532"
CPSEETF,EQ,2022-04-22,37.61,36.8,37.74,36.8,37.07,37.11,37.34,"6,62,743","2,47,45,647.16","3,433"
CPSEETF,EQ,2022-04-25,37.11,36.51,37.0,35.76,36.2,36.09,36.18,"23,92,183","8,65,52,019.96","92,680"
CPSEETF,EQ,2022-04-26,36.09,36.59,36.6,36.02,36.33,36.33,36.23,"11,20,819","4,06,12,499.65","90,621"
CPSEETF,EQ,2022-04-27,36.33,36.55,36.59,35.75,36.2,36.04,36.06,"20,30,775","7,32,19,933.13","72,053"
CPSEETF,EQ,2022-04-28,36.04,36.64,36.64,35.93,36.5,36.43,36.18,"5,09,747","1,84,44,446.57","21,598"
CPSEETF,EQ,2022-04-29,36.43,36.43,36.74,35.45,35.65,35.61,36.03,"20,98,364","7,55,97,694.87","3,37,787"
CPSEETF,EQ,2022-05-02,35.61,35.01,35.79,35.0,35.7,35.6,35.45,"7,22,334","2,56,03,841.24","3,631"
CPSEETF,EQ,2022-05-04,35.6,35.6,38.8,35.52,35.83,35.84,36.01,"8,39,429","3,02,24,380.50","3,803"
CPSEETF,EQ,2022-05-05,35.84,36.0,36.65,35.87,35.88,35.91,36.25,"9,22,854","3,34,57,922.69","3,693"
CPSEETF,EQ,2022-05-06,35.91,36.25,36.37,35.4,36.3,36.22,35.96,"37,95,601","13,65,02,153.99","3,520"
CPSEETF,EQ,2022-05-09,36.22,36.22,36.22,35.5,35.76,35.88,35.85,"12,13,202","4,34,92,380.38","3,955"
CPSEETF,EQ,2022-05-10,35.88,35.88,35.88,34.43,34.59,34.67,35.21,"5,93,594","2,09,01,826.80","3,718"
CPSEETF,EQ,2022-05-11,34.67,34.6,35.1,33.98,34.59,34.49,34.52,"10,69,034","3,68,99,250.70","3,151"
CPSEETF,EQ,2022-05-12,34.49,34.49,34.65,33.62,34.1,33.92,33.84,"13,21,655","4,47,24,236.27","3,202"
CPSEETF,EQ,2022-05-13,33.92,34.25,34.5,33.6,33.81,33.81,33.98,"8,73,895","2,96,91,369.58","3,030"
CPSEETF,EQ,2022-05-16,33.81,33.9,34.15,33.51,34.09,33.99,33.93,"3,49,393","1,18,55,501.28","2,791"
CPSEETF,EQ,2022-05-17,33.99,33.94,35.4,33.8,35.26,35.27,34.84,"8,94,155","3,11,54,800.35","3,293"
CPSEETF,EQ,2022-05-18,35.27,36.0,36.0,34.75,34.93,34.85,35.06,"4,28,270","1,50,16,178.62","2,786"
CPSEETF,EQ,2022-05-19,34.85,38.0,38.0,34.0,34.49,34.46,34.19,"13,86,355","4,73,98,683.31","2,801"
CPSEETF,EQ,2022-05-20,34.46,34.46,35.25,34.46,34.95,34.98,34.93,"14,52,663","5,07,40,526.61","2,287"
CPSEETF,EQ,2022-05-23,34.98,35.55,35.55,34.16,34.3,34.2,34.4,"25,45,152","8,75,56,447.52","3,162"
CPSEETF,EQ,2022-05-24,34.2,34.47,34.67,33.87,34.0,34.01,34.12,"3,69,205","1,25,96,162.04","2,218"
CPSEETF,EQ,2022-05-25,34.01,34.12,34.32,33.51,33.96,33.87,33.84,"5,67,688","1,92,09,597.05","2,392"
CPSEETF,EQ,2022-05-26,33.87,34.5,34.5,33.51,34.21,34.2,33.93,"3,39,684","1,15,23,938.55","2,218"
CPSEETF,EQ,2022-05-27,34.2,34.26,34.32,33.62,33.73,33.74,33.79,"4,80,500","1,62,37,975.56","2,613"
CPSEETF,EQ,2022-05-30,33.74,34.9,34.9,33.79,33.85,33.95,33.92,"3,04,799","1,03,39,510.18","2,594"
CPSEETF,EQ,2022-05-31,33.95,34.0,35.08,33.81,35.05,34.99,34.69,"11,27,901","3,91,23,800.87","3,203"
CPSEETF,EQ,2022-06-01,34.99,35.2,35.38,34.92,35.19,35.08,35.13,"3,48,264","1,22,35,059.19","2,432"
CPSEETF,EQ,2022-06-02,35.08,37.2,37.2,34.72,35.31,35.29,35.19,"2,07,128","72,88,396.23","2,147"
CPSEETF,EQ,2022-06-03,35.29,35.0,35.55,34.93,34.93,34.93,35.11,"3,40,986","1,19,70,904.28","2,148"
CPSEETF,EQ,2022-06-06,34.93,35.11,35.38,34.35,35.07,35.07,34.98,"2,87,792","1,00,67,730.95","2,439"
CPSEETF,EQ,2022-06-07,35.07,34.98,35.75,34.82,35.6,35.68,35.51,"8,21,170","2,91,59,681.92","3,006"
CPSEETF,EQ,2022-06-08,35.68,35.95,36.09,35.5,35.7,35.71,35.91,"6,97,630","2,50,52,622.97","2,880"
CPSEETF,EQ,2022-06-09,35.71,36.0,36.2,35.66,35.8,35.84,35.9,"13,82,575","4,96,27,579.26","2,443"
CPSEETF,EQ,2022-06-10,35.84,35.95,35.95,35.5,35.55,35.64,35.64,"3,84,866","1,37,15,992.22","2,042"
CPSEETF,EQ,2022-06-13,35.64,36.85,36.85,34.38,34.55,34.39,34.76,"6,02,516","2,09,45,612.88","3,559"
CPSEETF,EQ,2022-06-14,34.39,34.9,35.0,34.39,34.88,34.71,34.72,"4,25,115","1,47,60,403.10","2,359"
CPSEETF,EQ,2022-06-15,34.71,35.45,35.45,34.15,34.16,34.18,34.41,"4,04,076","1,39,06,170.39","2,268"
CPSEETF,EQ,2022-06-16,34.18,34.85,34.95,32.75,32.85,32.83,32.95,"67,99,862","22,40,71,820.49","4,411"
CPSEETF,EQ,2022-06-17,32.83,33.35,33.35,32.4,32.6,32.66,32.69,"5,16,080","1,68,70,991.62","2,475"
CPSEETF,EQ,2022-06-20,32.66,32.66,32.7,31.0,31.57,31.44,31.68,"19,97,041","6,32,75,491.94","4,096"
CPSEETF,EQ,2022-06-21,31.44,31.5,32.31,29.6,32.12,32.13,31.98,"8,59,554","2,74,92,157.85","2,350"
CPSEETF,EQ,2022-06-22,32.13,32.13,32.23,31.42,31.67,31.59,31.7,"5,20,381","1,64,96,556.57","2,080"
CPSEETF,EQ,2022-06-23,31.59,30.7,31.8,30.25,31.51,31.59,31.53,"5,87,145","1,85,11,442.41","1,800"
CPSEETF,EQ,2022-06-24,31.59,31.9,31.9,31.5,31.84,31.77,31.67,"2,08,401","65,99,505.87","1,882"
CPSEETF,EQ,2022-06-27,31.77,31.85,32.47,31.81,32.44,32.42,32.21,"4,61,680","1,48,71,080.30","2,395"
CPSEETF,EQ,2022-06-28,32.42,32.74,32.98,32.21,32.89,32.93,32.7,"9,60,818","3,14,18,025.87","2,727"
CPSEETF,EQ,2022-06-29,32.93,28.6,33.41,28.6,33.22,33.31,33.17,"14,34,738","4,75,83,809.19","2,125"
CPSEETF,EQ,2022-06-30,33.31,34.41,34.41,32.76,33.0,32.96,32.97,"16,09,856","5,30,74,081.74","2,136"
CPSEETF,EQ,2022-07-01,32.96,33.28,33.28,31.5,31.66,31.59,31.9,"7,59,226","2,42,18,018.99","3,166"
CPSEETF,EQ,2022-07-04,31.59,32.56,32.56,31.25,31.5,31.43,31.38,"4,46,495","1,40,12,133.51","2,187"
CPSEETF,EQ,2022-07-05,31.43,32.89,32.89,31.4,31.52,31.52,31.73,"3,00,737","95,42,776.52","2,200"
CPSEETF,EQ,2022-07-06,31.52,31.73,31.83,30.5,31.06,30.91,30.82,"14,15,420","4,36,18,832.30","3,391"
CPSEETF,EQ,2022-07-07,30.91,31.19,31.59,31.1,31.47,31.5,31.41,"16,93,182","5,31,89,779.56","2,275"
CPSEETF,EQ,2022-07-08,31.5,31.5,31.93,31.31,31.83,31.88,31.74,"5,55,148","1,76,21,120.86","1,967"
CPSEETF,EQ,2022-07-11,31.88,32.0,32.2,31.78,32.07,32.04,32.03,"12,59,203","4,03,32,083.06","2,732"
CPSEETF,EQ,2022-07-12,32.04,32.99,32.99,31.9,32.0,32.01,32.08,"3,77,141","1,20,97,346.17","2,138"
CPSEETF,EQ,2022-07-13,32.01,32.07,32.39,31.95,32.24,32.15,32.11,"5,28,490","1,69,67,732.04","2,027"
CPSEETF,EQ,2022-07-14,32.15,32.1,32.51,31.95,32.1,32.17,32.25,"4,42,405","1,42,69,166.42","2,197"
CPSEETF,EQ,2022-07-15,32.17,32.5,32.5,32.01,32.19,32.2,32.16,"1,96,637","63,23,069.26","1,703"
CPSEETF,EQ,2022-07-18,32.2,32.2,32.8,32.15,32.68,32.68,32.66,"5,27,829","1,72,40,627.48","2,409"
CPSEETF,EQ,2022-07-19,32.68,32.94,32.95,32.58,32.6,32.74,32.81,"5,79,671","1,90,20,345.85","2,041"
CPSEETF,EQ,2022-07-20,32.74,32.95,33.3,32.86,32.95,32.95,33.12,"3,51,358","1,16,36,515.80","2,144"
CPSEETF,EQ,2022-07-21,32.95,33.3,33.35,32.96,33.35,33.28,33.18,"5,92,565","1,96,63,819.37","2,060"
CPSEETF,EQ,2022-07-22,33.28,33.8,33.8,32.91,33.06,33.0,33.07,"8,38,808","2,77,38,663.40","1,894"
CPSEETF,EQ,2022-07-25,33.0,33.0,33.19,32.73,33.12,33.1,33.11,"60,51,326","20,03,83,794.38","2,258"
CPSEETF,EQ,2022-07-26,33.1,33.48,33.48,32.05,32.91,32.99,33.03,"66,06,284","21,81,87,477.97","2,012"
CPSEETF,EQ,2022-07-27,32.99,33.68,33.68,32.84,33.06,33.07,33.02,"2,79,501","92,29,947.31","1,570"
CPSEETF,EQ,2022-07-28,33.07,33.33,33.35,33.01,33.3,33.3,33.22,"4,70,553","1,56,34,096.43","1,775"
CPSEETF,EQ,2022-07-29,33.3,33.45,34.0,33.3,33.97,33.94,33.8,"13,31,716","4,50,12,769.15","2,840"
CPSEETF,EQ,2022-08-01,33.94,34.2,34.8,33.66,34.71,34.68,34.18,"14,86,480","5,08,08,944.27","3,467"
CPSEETF,EQ,2022-08-02,34.68,34.68,35.0,34.34,34.86,34.91,34.68,"10,06,013","3,48,86,497.21","4,345"
CPSEETF,EQ,2022-08-03,34.91,34.34,35.1,31.8,34.64,34.71,34.65,"3,43,530","1,19,04,242.88","2,145"
CPSEETF,EQ,2022-08-04,34.71,34.71,34.84,34.15,34.46,34.4,34.45,"5,11,073","1,76,04,526.94","2,518"
CPSEETF,EQ,2022-08-05,34.4,34.89,34.89,34.22,34.66,34.44,34.42,"4,71,661","1,62,34,822.72","2,198"
CPSEETF,EQ,2022-08-08,34.44,34.74,35.03,34.4,34.95,34.91,34.93,"10,36,718","3,62,08,459.50","2,693"
CPSEETF,EQ,2022-08-10,34.91,35.25,35.25,34.8,34.96,35.0,34.9,"21,70,596","7,57,50,367.50","2,845"
CPSEETF,EQ,2022-08-11,35.0,36.2,36.2,34.82,34.97,34.9,35.03,"5,72,296","2,00,49,298.57","2,479"
CPSEETF,EQ,2022-08-12,34.9,35.0,35.8,34.82,35.79,35.74,35.54,"14,33,579","5,09,43,846.48","3,221"
CPSEETF,EQ,2022-08-16,35.74,36.1,36.1,35.62,35.87,35.87,35.8,"6,69,173","2,39,56,960.31","3,085"
CPSEETF,EQ,2022-08-17,35.87,35.87,36.25,35.8,35.9,35.9,36.05,"10,45,618","3,76,93,829.68","2,990"
CPSEETF,EQ,2022-08-18,35.9,36.1,36.1,35.76,35.91,35.9,35.91,"21,66,062","7,77,93,568.08","2,508"
CPSEETF,EQ,2022-08-19,35.9,36.19,36.19,35.42,35.55,35.49,35.54,"20,45,744","7,26,96,614.98","2,716"
CPSEETF,EQ,2022-08-22,35.49,35.49,35.8,35.15,35.25,35.24,35.31,"3,50,415","1,23,71,712.63","2,419"
CPSEETF,EQ,2022-08-23,35.24,35.3,35.85,35.15,35.84,35.77,35.64,"4,04,206","1,44,03,980.05","2,199"
CPSEETF,EQ,2022-08-24,35.77,35.98,36.27,35.68,35.96,36.05,36.07,"7,75,491","2,79,69,680.88","2,571"
CPSEETF,EQ,2022-08-25,36.05,36.59,36.59,36.0,36.11,36.06,36.2,"13,06,083","4,72,86,283.25","2,521"
CPSEETF,EQ,2022-08-26,36.06,36.6,36.82,36.08,36.71,36.71,36.58,"13,37,109","4,89,15,952.46","3,299"
CPSEETF,EQ,2022-08-29,36.71,36.5,36.63,35.72,36.37,36.52,36.43,"6,17,965","2,25,12,073.09","2,838"
CPSEETF,EQ,2022-08-30,36.52,36.75,37.16,36.47,36.99,37.09,37.02,"9,89,900","3,66,42,221.33","3,050"
CPSEETF,EQ,2022-09-01,37.09,37.0,37.14,36.7,36.8,36.75,36.92,"2,86,221","1,05,66,275.00","2,778"
CPSEETF,EQ,2022-09-02,36.75,36.91,37.14,36.62,36.72,36.71,36.93,"14,47,992","5,34,70,255.45","2,612"
CPSEETF,EQ,2022-09-05,36.71,37.75,37.75,34.5,37.0,37.0,36.97,"6,94,391","2,56,71,184.40","3,355"
CPSEETF,EQ,2022-09-06,37.0,36.5,37.37,36.5,37.01,37.09,37.13,"7,82,881","2,90,71,963.40","3,670"
CPSEETF,EQ,2022-09-07,37.09,37.44,37.44,36.94,37.3,37.28,37.2,"3,80,833","1,41,68,737.86","5,056"
CPSEETF,EQ,2022-09-08,37.28,37.43,37.43,37.02,37.15,37.16,37.29,"5,67,071","2,11,48,543.03","2,578"
CPSEETF,EQ,2022-09-09,37.16,37.75,37.75,36.98,37.22,37.22,37.13,"11,15,461","4,14,18,075.54","3,569"
CPSEETF,EQ,2022-09-12,37.22,37.75,37.75,36.01,37.17,37.2,37.21,"8,58,330","3,19,34,502.47","3,241"
CPSEETF,EQ,2022-09-13,37.2,39.4,39.4,36.89,37.34,37.39,37.42,"8,06,410","3,01,76,076.43","3,111"
CPSEETF,EQ,2022-09-14,37.39,37.95,37.95,37.06,37.67,37.65,37.56,"6,12,582","2,30,10,846.89","3,377"
CPSEETF,EQ,2022-09-15,37.65,37.65,38.15,37.44,37.9,38.0,37.82,"32,14,454","12,15,68,708.74","3,666"
CPSEETF,EQ,2022-09-16,38.0,37.99,38.0,37.5,37.65,37.66,37.66,"5,15,631","1,94,19,466.53","2,943"
CPSEETF,EQ,2022-09-19,37.66,37.82,37.99,37.34,37.46,37.41,37.75,"4,56,147","1,72,17,419.50","2,973"
CPSEETF,EQ,2022-09-20,37.41,38.68,38.68,37.39,37.56,37.53,37.66,"48,35,005","18,21,05,131.54","2,683"
CPSEETF,EQ,2022-09-21,37.53,37.82,37.82,37.0,37.0,37.04,37.24,"45,34,739","16,88,86,012.09","2,496"
CPSEETF,EQ,2022-09-22,37.04,37.24,37.24,36.55,36.65,36.67,36.68,"48,52,365","17,79,68,295.67","2,169"
CPSEETF,EQ,2022-09-23,36.67,36.89,36.9,35.4,35.8,35.65,35.99,"10,70,896","3,85,41,018.03","3,292"
CPSEETF,EQ,2022-09-26,35.65,35.85,36.63,33.82,34.45,34.55,34.38,"10,25,091","3,52,41,055.33","4,155"
CPSEETF,EQ,2022-09-27,34.55,35.98,35.98,34.33,34.6,34.62,34.63,"5,30,401","1,83,68,707.10","2,340"
CPSEETF,EQ,2022-09-28,34.62,34.99,34.99,34.18,34.35,34.43,34.36,"6,93,470","2,38,27,242.70","2,140"
CPSEETF,EQ,2022-09-29,34.43,34.99,34.99,34.36,34.7,34.66,34.71,"1,63,701","56,81,271.17","1,823"
CPSEETF,EQ,2022-09-30,34.66,34.75,35.22,34.45,35.12,34.95,34.98,"4,28,926","1,50,05,216.99","1,960"
CPSEETF,EQ,2022-10-03,34.95,36.94,36.94,34.12,35.13,35.05,35.08,"77,79,354","27,29,27,360.82","3,237"
CPSEETF,EQ,2022-10-04,35.05,35.49,35.86,35.14,35.81,35.78,35.68,"3,86,200","1,37,79,526.57","2,014"
CPSEETF,EQ,2022-10-06,35.78,36.0,36.2,35.83,36.06,36.03,36.03,"5,15,692","1,85,80,136.68","2,151"
CPSEETF,EQ,2022-10-07,36.03,36.24,36.48,35.76,36.2,36.25,36.13,"3,65,677","1,32,12,950.09","1,941"
CPSEETF,EQ,2022-10-10,36.25,36.87,36.87,35.96,36.2,36.13,36.22,"3,58,747","1,29,93,582.86","2,308"
CPSEETF,EQ,2022-10-11,36.13,36.21,36.29,35.55,35.67,35.7,35.87,"3,60,717","1,29,38,255.08","2,114"
CPSEETF,EQ,2022-10-12,35.7,36.24,36.62,35.03,36.28,36.4,36.01,"8,90,007","3,20,46,749.19","2,291"
CPSEETF,EQ,2022-10-13,36.4,36.29,36.6,36.08,36.2,36.18,36.23,"3,05,496","1,10,69,429.33","1,752"
CPSEETF,EQ,2022-10-14,36.18,36.59,36.67,35.91,36.11,35.99,36.25,"2,05,071","74,33,981.40","1,761"
CPSEETF,EQ,2022-10-17,35.99,36.19,36.28,35.55,36.25,36.23,36.08,"2,74,512","99,05,320.37","2,412"
CPSEETF,EQ,2022-10-18,36.23,38.38,38.38,36.1,36.72,36.62,36.51,"5,79,217","2,11,50,079.37","2,257"
CPSEETF,EQ,2022-10-19,36.62,36.61,36.94,36.32,36.42,36.37,36.59,"10,47,379","3,83,18,797.83","1,807"
CPSEETF,EQ,2022-10-20,36.37,36.69,37.07,36.2,36.97,36.95,36.7,"11,00,075","4,03,73,188.83","1,926"
CPSEETF,EQ,2022-10-21,36.95,37.06,37.1,36.52,36.8,36.73,36.89,"2,67,349","98,63,433.03","1,847"
CPSEETF,EQ,2022-10-24,36.73,36.99,37.2,36.12,37.04,37.0,36.91,"7,47,535","2,75,89,814.37","2,199"
CPSEETF,EQ,2022-10-25,37.0,37.07,37.18,36.82,37.15,37.08,37.08,"17,96,764","6,66,22,601.29","2,207"
CPSEETF,EQ,2022-10-27,37.08,37.24,37.7,37.07,37.7,37.6,37.45,"6,02,905","2,25,76,540.49","2,907"
CPSEETF,EQ,2022-10-28,37.6,37.74,38.16,37.6,37.95,37.9,37.91,"19,46,495","7,38,01,356.21","2,822"
CPSEETF,EQ,2022-10-31,37.9,37.92,38.37,37.71,38.0,38.0,37.99,"5,56,040","2,11,24,362.11","3,216"
CPSEETF,EQ,2022-11-01,38.0,38.1,38.85,37.9,38.8,38.78,38.6,"31,29,102","12,07,84,104.06","5,269"
CPSEETF,EQ,2022-11-02,38.78,38.99,39.04,38.6,38.7,38.66,38.87,"4,48,488","1,74,30,925.01","6,660"
CPSEETF,EQ,2022-11-03,38.66,38.66,40.0,38.45,38.59,38.61,38.64,"4,85,136","1,87,45,716.45","2,423"
CPSEETF,EQ,2022-11-04,38.61,38.8,38.97,38.45,38.62,38.48,38.62,"5,14,363","1,98,62,537.80","2,380"
CPSEETF,EQ,2022-11-07,38.48,39.75,39.75,38.05,38.81,38.86,38.73,"15,82,858","6,13,02,567.46","2,991"
CPSEETF,EQ,2022-11-09,38.86,39.3,39.3,38.39,38.59,38.48,38.67,"4,31,687","1,66,95,085.70","3,619"
CPSEETF,EQ,2022-11-10,38.48,39.24,39.24,37.92,38.24,38.14,38.26,"5,49,511","2,10,26,378.51","2,770"
CPSEETF,EQ,2022-11-11,38.14,38.99,38.99,38.1,38.27,38.22,38.26,"3,23,644","1,23,81,671.10","2,318"
CPSEETF,EQ,2022-11-14,38.22,38.59,38.97,38.0,38.17,38.03,38.19,"5,89,260","2,25,01,455.04","3,300"
CPSEETF,EQ,2022-11-15,38.03,38.3,38.59,38.18,38.44,38.39,38.33,"3,33,157","1,27,69,936.75","2,290"
CPSEETF,EQ,2022-11-16,38.39,38.4,38.97,38.3,38.47,38.47,38.42,"4,13,067","1,58,70,428.38","2,043"
CPSEETF,EQ,2022-11-17,38.47,38.99,38.99,38.21,38.5,38.5,38.53,"3,55,308","1,36,88,927.56","2,130"
CPSEETF,EQ,2022-11-18,38.5,38.94,38.94,38.0,38.19,38.09,38.2,"3,60,890","1,37,84,504.33","2,329"
CPSEETF,EQ,2022-11-21,38.09,40.0,40.0,37.86,38.0,37.98,37.97,"3,36,873","1,27,89,710.37","2,269"
CPSEETF,EQ,2022-11-22,37.98,38.69,38.69,37.88,38.17,38.23,38.03,"2,14,374","81,52,692.79","2,010"
CPSEETF,EQ,2022-11-23,38.23,38.03,38.9,33.3,38.11,38.16,38.16,"2,52,896","96,50,267.51","1,755"
CPSEETF,EQ,2022-11-24,38.16,38.9,38.9,38.16,38.39,38.6,38.42,"4,28,620","1,64,67,070.47","1,895"
CPSEETF,EQ,2022-11-25,38.6,38.79,38.95,38.42,38.75,38.76,38.75,"9,88,323","3,82,94,233.31","2,319"
CPSEETF,EQ,2022-11-28,38.76,40.0,40.0,38.74,38.75,38.76,38.88,"6,78,926","2,63,98,999.80","3,035"
CPSEETF,EQ,2022-11-29,38.76,39.19,39.19,38.6,38.68,38.63,38.72,"6,28,534","2,43,34,117.90","3,127"
CPSEETF,EQ,2022-11-30,38.63,39.5,39.5,38.55,38.87,38.81,38.68,"2,53,621","98,10,341.84","3,452"
CPSEETF,EQ,2022-12-01,38.81,38.95,39.07,38.58,38.63,38.64,38.75,"3,19,230","1,23,69,689.19","2,463"
CPSEETF,EQ,2022-12-02,38.64,39.5,39.5,38.65,38.65,38.67,38.74,"4,61,871","1,78,92,838.84","2,525"
CPSEETF,EQ,2022-12-05,38.67,39.0,39.33,36.3,39.3,39.27,39.03,"13,21,835","5,15,90,818.52","4,105"
CPSEETF,EQ,2022-12-06,39.27,39.49,39.49,38.93,39.21,39.2,39.15,"5,87,267","2,29,93,368.04","2,603"
CPSEETF,EQ,2022-12-07,39.2,39.48,39.48,38.75,38.79,38.84,38.95,"6,37,097","2,48,17,785.62","2,511"
CPSEETF,EQ,2022-12-08,38.84,39.55,39.55,38.6,38.74,38.7,38.72,"1,85,558","71,84,710.49","2,036"
CPSEETF,EQ,2022-12-09,38.7,39.4,39.4,38.29,38.4,38.43,38.63,"4,66,181","1,80,10,573.38","3,742"
CPSEETF,EQ,2022-12-12,38.43,39.35,39.35,38.21,38.65,38.59,38.51,"4,55,760","1,75,50,977.96","3,146"
CPSEETF,EQ,2022-12-13,38.59,40.5,40.5,38.58,38.7,38.69,38.66,"2,51,317","97,16,944.42","1,933"
CPSEETF,EQ,2022-12-14,38.69,38.95,39.4,38.71,39.0,39.16,39.19,"8,67,503","3,39,97,327.57","2,951"
CPSEETF,EQ,2022-12-15,39.16,39.18,39.48,38.8,38.91,38.87,39.11,"4,35,208","1,70,18,872.05","3,092"
CPSEETF,EQ,2022-12-16,38.87,39.57,39.57,38.3,38.6,38.36,38.54,"3,01,526","1,16,19,897.25","3,144"
CPSEETF,EQ,2022-12-19,38.36,39.01,39.05,38.22,38.7,38.68,38.46,"4,47,388","1,72,07,138.52","2,618"
CPSEETF,EQ,2022-12-20,38.68,38.65,38.93,38.12,38.85,38.46,38.27,"4,81,428","1,84,26,197.48","2,421"
CPSEETF,EQ,2022-12-21,38.46,38.6,38.87,37.79,37.93,37.94,38.13,"6,31,861","2,40,95,065.97","2,656"
CPSEETF,EQ,2022-12-22,37.94,38.49,38.49,37.21,37.6,37.55,37.51,"5,21,804","1,95,70,352.71","2,810"
CPSEETF,EQ,2022-12-23,37.55,37.54,37.55,36.65,36.85,36.75,36.93,"6,12,780","2,26,31,270.22","3,147"
CPSEETF,EQ,2022-12-26,36.75,37.05,37.67,36.03,37.5,37.38,37.44,"11,29,111","4,22,78,145.00","3,064"
CPSEETF,EQ,2022-12-27,37.38,37.57,37.83,37.4,37.71,37.69,37.59,"7,93,592","2,98,34,895.82","2,366"
CPSEETF,EQ,2022-12-28,37.69,37.99,37.99,37.1,37.82,37.79,37.76,"3,50,148","1,32,23,179.19","2,072"
CPSEETF,EQ,2022-12-29,37.79,37.76,37.9,37.2,37.89,37.86,37.76,"3,03,852","1,14,72,118.09","2,140"
CPSEETF,EQ,2022-12-30,37.86,37.85,38.28,37.77,37.97,38.06,38.13,"4,15,553","1,58,45,496.86","2,115"
CPSEETF,EQ,2023-01-02,38.06,38.29,38.55,37.8,38.55,38.48,38.41,"8,77,360","3,37,00,180.71","3,292"
CPSEETF,EQ,2023-01-03,38.48,38.48,38.59,38.16,38.38,38.37,38.33,"15,10,827","5,79,14,993.36","2,505"
CPSEETF,EQ,2023-01-04,38.37,38.5,38.5,37.53,37.8,37.65,37.81,"5,31,220","2,00,87,452.02","2,871"
CPSEETF,EQ,2023-01-05,37.65,37.82,37.97,37.47,37.77,37.82,37.66,"2,24,270","84,45,261.48","1,934"
CPSEETF,EQ,2023-01-06,37.82,37.96,37.96,37.51,37.68,37.59,37.66,"3,64,767","1,37,36,434.23","2,138"
CPSEETF,EQ,2023-01-09,37.59,37.78,37.97,37.45,37.8,37.76,37.83,"2,21,562","83,80,688.27","2,174"
CPSEETF,EQ,2023-01-10,37.76,37.98,37.98,37.55,37.9,37.81,37.68,"4,69,215","1,76,77,991.39","2,063"
CPSEETF,EQ,2023-01-11,37.81,38.95,38.95,37.51,37.65,37.56,37.7,"2,47,938","93,46,845.35","1,830"
CPSEETF,EQ,2023-01-12,37.56,38.29,38.29,37.46,37.46,37.59,37.64,"2,81,622","1,06,01,414.09","1,734"
CPSEETF,EQ,2023-01-13,37.59,37.74,37.97,37.45,37.95,37.85,37.88,"7,29,058","2,76,17,272.14","1,677"
CPSEETF,EQ,2023-01-16,37.85,38.83,38.83,37.7,37.87,37.86,37.79,"6,47,069","2,44,52,582.85","2,018"
CPSEETF,EQ,2023-01-17,37.86,38.44,38.44,37.88,38.18,38.11,37.98,"6,79,512","2,58,10,512.05","1,715"
CPSEETF,EQ,2023-01-18,38.11,38.4,38.55,38.11,38.51,38.49,38.36,"4,82,481","1,85,10,134.23","1,985"
CPSEETF,EQ,2023-01-19,38.49,38.48,38.88,38.2,38.82,38.82,38.61,"9,23,264","3,56,45,268.72","1,979"
CPSEETF,EQ,2023-01-20,38.82,38.66,39.19,38.01,39.16,39.1,39.11,"74,70,157","29,21,43,574.61","2,770"
CPSEETF,EQ,2023-01-23,39.1,39.29,39.4,38.97,39.16,39.13,39.29,"17,30,059","6,79,65,724.84","5,797"
CPSEETF,EQ,2023-01-24,39.13,40.3,40.3,38.8,39.0,38.89,39.05,"4,53,387","1,77,06,563.61","2,427"
CPSEETF,EQ,2023-01-25,38.89,39.19,39.19,38.46,38.74,38.7,38.65,"9,19,710","3,55,48,906.13","2,851"
CPSEETF,EQ,2023-01-27,38.7,38.89,38.95,37.74,38.72,38.37,37.96,"26,25,924","9,96,81,975.06","3,948"
CPSEETF,EQ,2023-01-30,38.37,39.5,39.5,37.5,37.7,37.66,37.72,"4,68,692","1,76,80,561.96","3,827"
CPSEETF,EQ,2023-01-31,37.66,38.8,38.8,37.7,38.25,38.26,38.23,"4,37,931","1,67,40,418.46","2,400"
CPSEETF,EQ,2023-02-01,38.26,39.4,39.4,37.2,37.89,37.64,38.5,"70,22,051","27,03,83,255.22","4,199"
CPSEETF,EQ,2023-02-02,37.64,37.89,38.75,37.16,37.3,37.26,37.31,"11,73,329","4,37,82,271.23","3,071"
CPSEETF,EQ,2023-02-03,37.26,38.4,38.4,37.01,37.69,37.54,37.46,"26,25,128","9,83,36,539.19","2,368"
CPSEETF,EQ,2023-02-06,37.54,38.11,38.11,37.34,37.69,37.65,37.69,"8,85,081","3,33,56,909.75","2,728"
CPSEETF,EQ,2023-02-07,37.65,38.8,38.8,37.5,37.65,37.78,37.75,"7,46,259","2,81,70,531.03","2,053"
CPSEETF,EQ,2023-02-08,37.78,37.97,37.97,37.42,37.84,37.78,37.75,"3,00,258","1,13,36,069.55","2,372"
CPSEETF,EQ,2023-02-09,37.78,38.5,38.5,37.79,37.95,37.94,37.94,"2,36,743","89,81,149.92","2,293"
CPSEETF,EQ,2023-02-10,37.94,37.94,38.03,37.8,37.93,37.89,37.96,"3,37,290","1,28,03,035.50","2,012"
CPSEETF,EQ,2023-02-13,37.89,39.0,39.0,37.85,38.2,38.17,38.11,"3,77,523","1,43,88,304.56","2,432"
CPSEETF,EQ,2023-02-14,38.17,39.3,39.3,37.94,38.1,38.13,38.07,"3,22,869","1,22,91,525.51","2,006"
CPSEETF,EQ,2023-02-15,38.13,39.19,39.19,37.82,38.14,38.03,37.93,"2,80,758","1,06,48,497.89","2,038"
CPSEETF,EQ,2023-02-16,38.03,39.0,39.0,38.14,38.72,38.87,38.62,"11,28,581","4,35,87,340.96","2,928"
CPSEETF,EQ,2023-02-17,38.87,39.5,39.5,38.65,38.98,38.99,39.04,"8,14,953","3,18,17,657.16","2,953"
CPSEETF,EQ,2023-02-20,38.99,40.0,40.0,38.75,38.84,38.77,38.89,"5,44,478","2,11,72,882.76","2,814"
CPSEETF,EQ,2023-02-21,38.77,39.67,39.95,38.78,39.15,39.03,39.11,"13,82,390","5,40,67,136.09","2,520"
CPSEETF,EQ,2023-02-22,39.03,39.91,39.91,38.58,38.71,38.62,38.75,"9,71,538","3,76,42,496.68","2,397"
CPSEETF,EQ,2023-02-23,38.62,39.45,39.45,38.6,38.74,38.64,38.76,"2,91,029","1,12,81,606.61","1,697"
CPSEETF,EQ,2023-02-24,38.64,39.8,39.8,38.59,39.01,39.05,38.93,"3,67,564","1,43,08,958.57","2,435"
CPSEETF,EQ,2023-02-27,39.05,39.14,39.5,38.85,39.36,39.43,39.35,"21,94,743","8,63,63,802.43","3,766"
CPSEETF,EQ,2023-02-28,39.43,39.5,39.78,39.07,39.18,39.17,39.19,"2,89,571","1,13,48,117.39","2,417"
CPSEETF,EQ,2023-03-01,39.17,39.67,39.67,39.1,39.36,39.5,39.39,"5,28,795","2,08,29,296.45","2,788"
CPSEETF,EQ,2023-03-02,39.5,39.8,39.95,39.1,39.58,39.58,39.54,"3,99,709","1,58,03,073.89","2,400"
CPSEETF,EQ,2023-03-03,39.58,40.75,40.75,39.53,39.74,39.71,39.92,"13,42,651","5,35,98,669.27","3,307"
CPSEETF,EQ,2023-03-06,39.71,40.4,40.59,39.72,40.5,40.5,40.4,"18,93,382","7,64,83,182.00","5,166"
CPSEETF,EQ,2023-03-08,40.5,40.75,40.75,40.31,40.74,40.66,40.65,"37,02,115","15,04,78,052.11","3,647"
CPSEETF,EQ,2023-03-09,40.66,40.95,40.95,40.36,40.5,40.44,40.73,"14,29,732","5,82,35,909.44","3,291"
CPSEETF,EQ,2023-03-10,40.44,40.9,40.95,40.02,40.6,40.54,40.37,"20,17,727","8,14,50,471.02","3,083"
CPSEETF,EQ,2023-03-13,40.54,40.8,40.9,39.96,40.18,40.07,40.28,"4,65,408","1,87,47,113.17","3,720"
CPSEETF,EQ,2023-03-14,40.07,40.5,40.7,39.65,39.88,39.77,40.0,"52,21,604","20,88,57,444.55","3,140"
CPSEETF,EQ,2023-03-15,39.77,40.0,40.94,39.79,40.09,39.91,40.04,"16,14,390","6,46,41,451.73","4,068"
CPSEETF,EQ,2023-03-16,39.91,40.19,40.7,39.38,40.03,40.03,39.86,"8,22,818","3,27,99,164.00","3,535"
CPSEETF,EQ,2023-03-17,40.03,40.9,40.9,39.86,40.04,40.1,40.35,"5,02,323","2,02,68,534.10","3,236"
CPSEETF,EQ,2023-03-20,40.1,40.99,40.99,39.45,39.71,39.7,39.74,"4,74,764","1,88,65,129.95","3,651"
CPSEETF,EQ,2023-03-21,39.7,40.88,40.88,39.35,39.41,39.45,39.46,"77,50,550","30,57,98,075.79","2,918"
CPSEETF,EQ,2023-03-22,39.45,40.49,40.49,39.19,39.3,39.21,39.22,"37,53,095","14,72,14,013.87","2,716"
CPSEETF,EQ,2023-03-23,39.21,40.05,40.05,39.05,39.21,39.19,39.22,"2,60,538","1,02,18,756.09","2,305"
CPSEETF,EQ,2023-03-24,39.19,39.95,39.95,38.51,38.61,38.73,38.96,"4,32,918","1,68,65,967.60","2,891"
CPSEETF,EQ,2023-03-27,38.73,38.34,39.9,38.34,38.55,38.58,38.82,"3,04,734","1,18,29,857.01","2,729"
CPSEETF,EQ,2023-03-28,38.58,38.98,38.98,38.4,38.5,38.47,38.52,"2,99,570","1,15,40,584.59","2,242"
CPSEETF,EQ,2023-03-29,38.47,39.6,39.6,38.4,39.23,39.13,38.54,"61,20,039","23,58,42,854.62","2,666"
CPSEETF,EQ,2023-03-31,39.13,39.73,39.9,38.97,39.47,39.56,39.6,"48,60,764","19,24,97,203.87","3,129"
CPSEETF,EQ,2023-04-03,39.56,40.0,40.27,39.05,40.19,40.03,40.11,"8,06,325","3,23,39,585.86","3,711"
CPSEETF,EQ,2023-04-05,40.03,40.1,40.29,40.0,40.16,40.12,40.14,"3,40,019","1,36,49,036.15","2,985"
CPSEETF,EQ,2023-04-06,40.12,40.99,40.99,39.9,40.0,39.95,40.0,"3,19,266","1,27,71,679.07","2,395"
CPSEETF,EQ,2023-04-10,39.95,40.5,40.65,39.9,40.59,40.58,40.38,"21,76,569","8,78,79,099.01","3,967"
CPSEETF,EQ,2023-04-11,40.58,40.9,40.97,40.37,40.75,40.9,40.82,"6,66,784","2,72,19,983.71","2,920"
CPSEETF,EQ,2023-04-12,40.9,40.99,40.99,40.5,40.75,40.88,40.84,"5,08,969","2,07,86,706.63","2,431"
CPSEETF,EQ,2023-04-13,40.88,40.9,41.09,40.6,40.9,40.84,40.93,"8,30,884","3,40,05,670.67","2,365"
CPSEETF,EQ,2023-04-17,40.84,41.0,41.31,40.6,41.31,41.28,41.22,"43,15,870","17,79,08,480.31","4,590"
CPSEETF,EQ,2023-04-18,41.28,41.45,41.49,41.05,41.19,41.17,41.19,"4,16,031","1,71,34,931.81","2,472"
CPSEETF,EQ,2023-04-19,41.17,41.47,41.47,40.7,40.89,40.76,40.98,"2,73,513","1,12,07,732.93","2,190"
CPSEETF,EQ,2023-04-20,40.76,41.46,41.46,40.76,40.91,40.94,41.0,"20,56,407","8,43,17,792.30","2,027"
CPSEETF,EQ,2023-04-21,40.94,41.3,41.3,40.78,40.95,40.97,40.9,"2,48,234","1,01,52,470.03","1,881"
CPSEETF,EQ,2023-04-24,40.97,41.21,41.21,40.67,41.09,41.07,41.05,"4,05,709","1,66,56,052.07","2,275"
CPSEETF,EQ,2023-04-25,41.07,41.21,41.3,40.93,41.03,41.03,41.17,"2,35,542","96,96,330.17","1,926"
CPSEETF,EQ,2023-04-26,41.03,41.13,41.35,40.96,41.1,41.3,41.07,"13,46,376","5,52,98,939.31","1,816"
CPSEETF,EQ,2023-04-27,41.3,41.29,41.4,41.08,41.28,41.29,41.28,"6,02,730","2,48,81,910.60","1,715"
CPSEETF,EQ,2023-04-28,41.29,41.58,41.58,41.01,41.5,41.47,41.4,"8,33,734","3,45,16,072.22","2,542"
CPSEETF,EQ,2023-05-02,41.47,41.43,42.3,40.2,42.22,42.2,42.05,"13,36,617","5,62,02,246.26","5,253"
CPSEETF,EQ,2023-05-03,42.2,42.38,42.56,42.0,42.43,42.37,42.42,"13,88,711","5,89,15,343.35","4,704"
CPSEETF,EQ,2023-05-04,42.37,42.95,42.95,42.1,42.3,42.35,42.29,"12,55,184","5,30,87,553.90","3,273"
CPSEETF,EQ,2023-05-05,42.35,42.99,42.99,42.03,42.24,42.18,42.29,"14,34,711","6,06,80,581.30","2,687"
CPSEETF,EQ,2023-05-08,42.18,42.24,42.74,42.17,42.65,42.68,42.63,"16,06,482","6,84,76,700.13","3,305"
CPSEETF,EQ,2023-05-09,42.68,43.0,43.05,42.52,42.67,42.62,42.81,"10,88,930","4,66,16,301.66","3,318"
CPSEETF,EQ,2023-05-10,42.62,42.62,43.02,42.6,42.98,42.95,42.82,"6,22,629","2,66,63,823.06","2,762"
CPSEETF,EQ,2023-05-11,42.95,43.21,43.24,42.83,43.13,43.07,43.13,"7,34,055","3,16,56,141.23","2,492"
CPSEETF,EQ,2023-05-12,43.07,43.2,43.23,42.5,42.52,42.57,42.67,"6,16,327","2,62,96,533.67","2,704"
CPSEETF,EQ,2023-05-15,42.57,43.5,43.5,42.45,42.61,42.63,42.69,"4,37,862","1,86,91,544.33","3,149"
CPSEETF,EQ,2023-05-16,42.63,43.5,43.5,42.62,42.95,42.92,42.91,"4,39,086","1,88,41,015.35","2,036"
CPSEETF,EQ,2023-05-17,42.92,43.25,43.5,42.76,42.93,42.92,42.92,"3,59,165","1,54,17,050.18","2,055"
CPSEETF,EQ,2023-05-18,42.92,43.25,43.25,42.46,42.55,42.52,42.74,"3,99,782","1,70,86,384.73","2,171"
CPSEETF,EQ,2023-05-19,42.52,42.75,43.92,42.16,42.27,43.06,42.61,"3,84,827","1,63,96,934.77","2,256"
CPSEETF,EQ,2023-05-22,43.06,43.4,43.4,42.4,42.4,42.45,42.46,"15,89,818","6,75,05,540.75","3,585"
CPSEETF,EQ,2023-05-23,42.45,43.22,43.22,42.3,42.42,42.37,42.5,"6,11,403","2,59,87,446.73","2,064"
CPSEETF,EQ,2023-05-24,42.37,42.9,42.9,41.1,42.47,42.54,42.5,"9,69,119","4,11,82,972.77","1,791"
CPSEETF,EQ,2023-05-25,42.54,42.6,42.79,42.39,42.65,42.54,42.57,"1,80,586","76,87,969.93","1,832"
CPSEETF,EQ,2023-05-26,42.54,43.05,43.05,42.4,42.48,42.49,42.5,"5,28,861","2,24,74,833.55","1,859"
CPSEETF,EQ,2023-05-29,42.49,43.06,43.06,42.12,42.45,42.41,42.45,"5,85,280","2,48,47,309.15","2,785"
CPSEETF,EQ,2023-05-30,42.41,43.05,43.05,42.37,42.53,42.46,42.53,"6,97,577","2,96,68,668.12","1,942"
CPSEETF,EQ,2023-05-31,42.46,42.85,42.94,41.74,42.03,41.99,42.12,"39,06,421","16,45,44,683.85","3,532"
CPSEETF,EQ,2023-06-01,41.99,42.12,42.12,41.57,41.75,41.72,41.68,"10,23,911","4,26,76,117.69","3,588"
CPSEETF,EQ,2023-06-02,41.72,42.48,42.48,41.67,41.9,41.79,41.79,"21,13,137","8,83,04,596.46","3,193"
CPSEETF,EQ,2023-06-05,41.79,42.24,42.25,41.79,42.05,41.96,42.06,"10,67,205","4,48,86,339.42","3,059"
CPSEETF,EQ,2023-06-06,41.96,42.25,42.25,41.81,42.09,42.03,42.03,"7,60,650","3,19,67,813.55","2,296"
CPSEETF,EQ,2023-06-07,42.03,43.3,43.3,42.03,42.44,42.35,42.28,"4,54,661","1,92,24,244.55","1,970"
CPSEETF,EQ,2023-06-08,42.35,43.1,43.42,42.31,42.77,42.65,42.83,"17,31,639","7,41,70,533.64","2,805"
CPSEETF,EQ,2023-06-09,42.65,42.01,43.11,41.35,42.82,42.82,42.73,"4,57,146","1,95,33,334.94","2,141"
CPSEETF,EQ,2023-06-12,42.82,43.09,43.2,42.5,42.96,42.95,43.14,"36,28,351","15,65,09,688.01","3,201"
CPSEETF,EQ,2023-06-13,42.95,43.34,43.34,42.7,43.15,43.14,43.1,"7,63,393","3,29,03,668.97","1,955"
CPSEETF,EQ,2023-06-14,43.14,43.43,43.48,43.15,43.4,43.42,43.36,"7,60,541","3,29,78,350.02","2,432"
CPSEETF,EQ,2023-06-15,43.42,43.42,43.47,43.21,43.39,43.38,43.33,"3,01,383","1,30,59,502.15","2,158"
CPSEETF,EQ,2023-06-16,43.38,43.47,43.78,42.84,43.4,43.59,43.59,"10,56,206","4,60,37,047.60","2,867"
CPSEETF,EQ,2023-06-19,43.59,43.99,43.99,43.36,43.48,43.42,43.56,"3,61,936","1,57,64,702.50","2,744"
CPSEETF,EQ,2023-06-20,43.42,43.62,43.83,43.3,43.7,43.75,43.57,"7,31,663","3,18,77,207.31","2,295"
CPSEETF,EQ,2023-06-21,43.75,43.79,44.08,43.64,44.08,44.04,43.98,"8,96,148","3,94,11,087.26","2,612"
CPSEETF,EQ,2023-06-22,44.04,44.03,44.24,43.55,43.7,43.66,43.96,"4,80,387","2,11,16,784.17","2,485"
CPSEETF,EQ,2023-06-23,43.66,43.66,44.24,43.14,43.27,43.29,43.51,"6,79,319","2,95,57,891.04","2,557"
CPSEETF,EQ,2023-06-26,43.29,43.51,44.0,42.99,43.3,43.21,43.27,"2,99,910","1,29,75,643.25","2,670"
CPSEETF,EQ,2023-06-27,43.21,43.27,43.59,43.1,43.25,43.17,43.23,"2,97,894","1,28,76,533.23","1,902"
CPSEETF,EQ,2023-06-28,43.17,43.6,43.6,43.17,43.6,43.53,43.47,"3,77,475","1,64,07,704.77","1,824"
CPSEETF,EQ,2023-06-30,43.53,44.85,44.85,42.92,44.02,44.22,44.01,"14,88,767","6,55,26,890.31","3,081"
CPSEETF,EQ,2023-07-03,44.22,45.55,45.55,43.82,44.05,44.18,44.2,"5,40,679","2,38,98,036.79","4,093"
CPSEETF,EQ,2023-07-04,44.18,44.86,44.86,43.74,44.02,44.15,44.13,"3,52,367","1,55,49,977.53","2,844"
CPSEETF,EQ,2023-07-05,44.15,44.44,44.54,44.13,44.39,44.31,44.41,"9,41,556","4,18,18,177.15","2,917"
CPSEETF,EQ,2023-07-06,44.31,44.01,45.35,44.01,45.25,45.28,44.98,"16,99,514","7,64,46,679.24","4,589"
CPSEETF,EQ,2023-07-07,45.28,45.26,45.45,44.78,45.0,44.83,44.99,"23,17,905","10,42,72,733.58","3,699"
CPSEETF,EQ,2023-07-10,44.83,46.0,46.0,44.35,44.5,44.43,44.56,"4,09,256","1,82,37,717.34","3,625"
CPSEETF,EQ,2023-07-11,44.43,45.49,45.49,44.44,44.91,44.92,44.86,"4,02,480","1,80,56,247.82","2,749"
CPSEETF,EQ,2023-07-12,44.92,44.86,45.55,44.86,45.02,44.98,45.13,"17,93,152","8,09,31,094.91","2,731"
CPSEETF,EQ,2023-07-13,44.98,45.49,45.49,44.29,44.58,44.4,44.73,"9,11,748","4,07,82,736.88","3,881"
CPSEETF,EQ,2023-07-14,44.4,45.75,45.75,44.19,44.55,44.47,44.32,"5,72,757","2,53,85,651.19","3,958"
CPSEETF,EQ,2023-07-17,44.47,45.75,45.75,44.19,44.3,44.32,44.34,"11,95,524","5,30,07,322.24","5,715"
CPSEETF,EQ,2023-07-18,44.32,45.45,45.45,44.18,44.25,44.24,44.28,"12,35,124","5,46,86,415.73","3,850"
CPSEETF,EQ,2023-07-19,44.24,44.6,44.97,44.28,44.68,44.68,44.73,"17,32,244","7,74,91,320.35","3,249"
CPSEETF,EQ,2023-07-20,44.68,45.25,45.25,44.48,44.85,44.77,44.74,"7,30,987","3,27,02,890.93","2,933"
CPSEETF,EQ,2023-07-21,44.77,44.99,44.99,44.5,44.88,44.82,44.79,"4,68,000","2,09,61,342.18","2,719"
CPSEETF,EQ,2023-07-24,44.82,46.15,46.15,44.83,45.31,45.34,45.2,"6,42,044","2,90,18,369.92","3,600"
CPSEETF,EQ,2023-07-25,45.34,45.79,45.85,45.2,45.78,45.83,45.71,"9,34,631","4,27,24,353.62","3,653"
CPSEETF,EQ,2023-07-26,45.83,45.94,45.99,45.69,45.85,45.82,45.85,"3,88,502","1,78,11,912.32","2,765"
CPSEETF,EQ,2023-07-27,45.82,44.45,46.0,44.45,45.88,45.82,45.87,"3,55,136","1,62,89,399.45","2,374"
CPSEETF,EQ,2023-07-28,45.82,46.03,46.73,45.73,46.49,46.55,46.38,"14,00,511","6,49,54,840.99","5,067"
CPSEETF,EQ,2023-07-31,46.55,46.9,47.9,41.65,47.79,47.71,47.37,"14,91,630","7,06,65,659.50","7,100"
CPSEETF,EQ,2023-08-01,47.71,47.7,48.01,47.41,48.0,47.95,47.89,"18,24,089","8,73,61,600.10","5,351"
CPSEETF,EQ,2023-08-02,47.95,48.55,48.55,46.54,46.94,46.89,47.23,"23,72,400","11,20,42,564.07","7,681"
CPSEETF,EQ,2023-08-03,46.89,47.44,47.6,46.25,46.51,46.53,46.73,"6,51,791","3,04,58,011.93","3,938"
CPSEETF,EQ,2023-08-04,46.53,46.53,47.3,46.52,46.94,46.82,46.89,"8,05,327","3,77,61,226.19","3,137"
CPSEETF,EQ,2023-08-07,46.82,48.19,48.19,46.72,46.81,46.79,46.85,"3,21,359","1,50,55,031.32","3,983"
CPSEETF,EQ,2023-08-08,46.79,48.2,48.2,46.39,46.9,46.8,46.66,"7,18,639","3,35,34,907.01","2,872"
CPSEETF,EQ,2023-08-09,46.8,48.0,48.0,46.67,47.28,47.19,46.91,"5,30,704","2,48,94,082.70","2,929"
CPSEETF,EQ,2023-08-10,47.19,48.6,48.6,47.13,47.29,47.16,47.36,"3,64,073","1,72,42,387.01","2,988"
CPSEETF,EQ,2023-08-11,47.16,47.99,47.99,47.3,47.4,47.38,47.52,"21,52,255","10,22,75,121.13","5,744"
CPSEETF,EQ,2023-08-14,47.38,48.0,48.0,46.94,47.4,47.27,47.26,"4,40,460","2,08,16,587.28","4,352"
CPSEETF,EQ,2023-08-16,47.27,48.7,48.7,47.01,47.55,47.71,47.53,"6,96,405","3,30,99,102.27","3,697"
CPSEETF,EQ,2023-08-17,47.71,48.8,48.8,47.23,47.52,47.46,47.51,"4,03,937","1,91,92,566.87","2,918"
CPSEETF,EQ,2023-08-18,47.46,48.49,48.49,46.88,46.9,47.02,47.14,"7,07,263","3,33,41,915.09","3,831"
CPSEETF,EQ,2023-08-21,47.02,48.25,48.25,47.02,47.58,47.53,47.43,"5,12,475","2,43,08,866.02","3,608"
CPSEETF,EQ,2023-08-22,47.53,48.25,48.4,47.54,48.05,48.09,48.07,"11,72,104","5,63,42,920.53","3,258"
CPSEETF,EQ,2023-08-23,48.09,48.37,48.39,48.06,48.25,48.24,48.25,"26,25,678","12,66,97,650.06","3,207"
CPSEETF,EQ,2023-08-24,48.24,48.65,48.65,47.88,47.99,47.95,48.22,"7,23,464","3,48,86,459.69","3,282"
CPSEETF,EQ,2023-08-25,47.95,48.5,48.5,47.51,47.55,47.56,47.71,"4,28,690","2,04,54,618.60","3,009"
CPSEETF,EQ,2023-08-28,47.56,48.6,48.6,47.67,48.08,48.0,47.91,"5,64,169","2,70,27,271.32","3,330"
CPSEETF,EQ,2023-08-29,48.0,48.98,48.98,47.91,48.25,48.17,48.15,"8,64,101","4,16,03,714.73","2,444"
CPSEETF,EQ,2023-08-30,48.17,48.65,48.65,48.01,48.15,48.12,48.18,"4,00,766","1,93,08,499.28","2,647"
CPSEETF,EQ,2023-08-31,48.12,47.05,48.39,46.64,47.9,47.91,47.95,"3,82,852","1,83,56,464.00","2,789"
CPSEETF,EQ,2023-09-01,47.91,48.44,49.49,47.31,49.47,49.41,49.11,"27,90,115","13,70,15,226.85","5,981"
CPSEETF,EQ,2023-09-04,49.41,49.89,50.64,49.51,50.6,50.56,50.3,"46,76,142","23,52,06,334.06","7,400"
CPSEETF,EQ,2023-09-05,50.56,51.0,51.0,50.34,50.79,50.74,50.71,"13,44,921","6,82,00,577.20","4,399"
CPSEETF,EQ,2023-09-06,50.74,51.3,51.35,50.19,50.59,50.61,50.62,"7,58,797","3,84,07,903.27","4,050"
CPSEETF,EQ,2023-09-07,50.61,51.2,51.6,50.5,51.52,51.53,51.19,"13,18,968","6,75,12,485.90","4,605"
CPSEETF,EQ,2023-09-08,51.53,52.1,52.7,51.64,52.5,52.45,52.28,"18,51,937","9,68,26,105.93","5,915"
CPSEETF,EQ,2023-09-11,52.45,52.65,53.5,52.38,52.79,52.84,52.68,"9,51,550","5,01,32,360.25","5,452"
CPSEETF,EQ,2023-09-12,52.84,53.18,53.6,50.75,51.14,50.87,51.38,"23,98,495","12,32,37,444.92","9,142"
CPSEETF,EQ,2023-09-13,50.87,51.0,51.69,50.63,51.55,51.58,51.21,"12,20,580","6,25,01,041.91","4,110"
CPSEETF,EQ,2023-09-14,51.58,51.98,60.51,51.2,52.17,52.14,52.15,"11,29,025","5,88,79,250.16","3,893"
CPSEETF,EQ,2023-09-15,52.14,52.65,52.65,51.81,51.97,51.91,52.13,"8,31,425","4,33,39,185.00","4,088"
CPSEETF,EQ,2023-09-18,51.91,52.59,52.77,51.91,52.7,52.71,52.53,"14,46,521","7,59,83,306.92","4,994"
CPSEETF,EQ,2023-09-20,52.71,52.7,53.33,52.26,52.8,53.12,53.09,"52,61,854","27,93,59,718.93","6,346"
CPSEETF,EQ,2023-09-21,53.12,54.0,54.0,52.06,52.24,52.25,52.8,"33,37,351","17,62,25,377.90","5,499"
CPSEETF,EQ,2023-09-22,52.25,53.8,53.8,51.77,52.25,52.24,52.24,"36,95,718","19,30,52,473.20","3,470"
CPSEETF,EQ,2023-09-25,52.24,52.84,52.85,51.87,52.28,52.3,52.15,"5,90,548","3,07,98,121.93","3,888"
CPSEETF,EQ,2023-09-26,52.3,53.85,53.85,52.28,52.53,52.47,52.58,"3,74,480","1,96,88,717.50","2,844"
CPSEETF,EQ,2023-09-27,52.47,53.73,53.73,52.11,52.56,52.66,52.47,"5,68,538","2,98,30,348.31","2,838"
CPSEETF,EQ,2023-09-28,52.66,52.67,52.99,52.42,52.7,52.52,52.58,"11,65,245","6,12,70,157.94","3,241"
CPSEETF,EQ,2023-09-29,52.52,52.98,53.73,52.59,53.58,53.58,53.38,"13,59,954","7,26,00,947.88","5,961"
CPSEETF,EQ,2023-10-03,53.58,53.58,53.85,52.61,52.95,52.88,52.96,"9,85,111","5,21,72,466.35","6,526"
CPSEETF,EQ,2023-10-04,52.88,53.5,53.5,51.83,52.3,52.24,52.17,"14,44,142","7,53,48,083.16","5,230"
CPSEETF,EQ,2023-10-05,52.24,52.93,52.93,51.8,52.25,52.15,51.95,"74,22,766","38,56,43,883.37","3,866"
CPSEETF,EQ,2023-10-06,52.15,52.0,52.8,50.6,52.25,52.29,52.22,"3,52,796","1,84,21,566.49","3,016"
CPSEETF,EQ,2023-10-09,52.29,52.6,52.79,51.43,51.83,51.8,51.85,"4,45,298","2,30,90,670.01","4,374"
CPSEETF,EQ,2023-10-10,51.8,53.35,53.35,51.43,52.8,52.84,52.61,"5,27,177","2,77,36,541.20","2,990"
CPSEETF,EQ,2023-10-11,52.84,53.7,54.45,52.81,52.98,52.92,52.95,"9,29,141","4,92,01,055.14","2,816"
CPSEETF,EQ,2023-10-12,52.92,54.55,54.55,52.93,53.5,53.44,53.34,"8,34,224","4,44,99,192.47","3,172"
CPSEETF,EQ,2023-10-13,53.44,53.59,53.66,52.43,53.6,53.51,53.5,"8,86,139","4,74,04,619.84","3,392"
CPSEETF,EQ,2023-10-16,53.51,53.8,54.0,53.49,53.95,53.92,53.87,"7,32,103","3,94,38,484.81","3,983"
CPSEETF,EQ,2023-10-17,53.92,53.99,54.65,53.93,54.6,54.58,54.42,"13,94,286","7,58,70,227.00","4,968"
CPSEETF,EQ,2023-10-18,54.58,52.95,55.24,52.95,54.26,54.13,54.24,"37,57,611","20,37,99,530.62","4,410"
CPSEETF,EQ,2023-10-19,54.13,54.23,54.89,53.61,54.07,54.04,53.94,"9,22,744","4,97,75,400.18","2,997"
CPSEETF,EQ,2023-10-20,54.04,55.4,55.4,53.43,53.9,53.65,53.61,"7,30,214","3,91,49,625.55","3,390"
CPSEETF,EQ,2023-10-23,53.65,54.09,54.1,52.1,52.69,52.58,52.93,"8,80,742","4,66,13,403.19","5,301"
CPSEETF,EQ,2023-10-25,52.58,53.09,54.54,51.72,52.45,52.31,52.47,"8,96,432","4,70,38,039.30","4,547"
CPSEETF,EQ,2023-10-26,52.31,53.29,53.3,51.35,52.23,51.92,51.73,"17,63,528","9,12,24,273.26","4,694"
CPSEETF,EQ,2023-10-27,51.92,52.69,53.1,51.72,53.06,52.97,52.73,"6,78,830","3,57,93,601.89","3,174"
CPSEETF,EQ,2023-10-30,52.97,53.7,53.7,52.46,53.44,53.04,52.9,"6,15,145","3,25,42,050.73","3,230"
CPSEETF,EQ,2023-10-31,53.04,53.3,53.35,52.9,53.14,53.14,53.03,"6,92,733","3,67,37,251.27","2,247"
CPSEETF,EQ,2023-11-01,53.14,53.35,53.35,52.68,52.7,52.71,52.96,"2,99,403","1,58,55,344.92","2,961"
CPSEETF,EQ,2023-11-02,52.71,54.3,54.3,52.7,53.1,53.05,53.01,"5,16,541","2,73,81,304.37","2,291"
CPSEETF,EQ,2023-11-03,53.05,53.74,53.74,53.0,53.57,53.63,53.54,"4,41,302","2,36,29,448.56","2,932"
CPSEETF,EQ,2023-11-06,53.63,53.94,54.45,53.45,54.31,54.35,54.1,"6,47,196","3,50,14,633.16","4,176"
CPSEETF,EQ,2023-11-07,54.35,54.83,54.83,54.1,54.52,54.41,54.51,"5,90,622","3,21,92,499.59","3,569"
CPSEETF,EQ,2023-11-08,54.41,54.89,54.89,54.5,54.78,54.81,54.77,"6,31,720","3,46,02,217.52","3,109"
CPSEETF,EQ,2023-11-09,54.81,54.2,55.11,54.2,54.85,54.85,54.8,"8,54,481","4,68,25,262.95","3,279"
CPSEETF,EQ,2023-11-10,54.85,55.07,55.37,54.66,55.37,55.29,55.09,"6,86,354","3,78,10,400.16","3,936"
CPSEETF,EQ,2023-11-12,55.29,56.89,56.89,55.28,55.84,55.79,55.92,"4,14,041","2,31,53,042.87","3,947"
CPSEETF,EQ,2023-11-13,55.79,56.0,56.84,55.63,56.67,56.65,56.54,"19,97,411","11,29,29,227.98","5,432"
CPSEETF,EQ,2023-11-15,56.65,58.35,58.35,56.41,57.15,56.93,57.08,"14,67,527","8,37,64,331.63","5,784"
CPSEETF,EQ,2023-11-16,56.93,57.81,57.81,57.07,57.28,57.18,57.32,"11,23,074","6,43,79,560.66","4,585"
CPSEETF,EQ,2023-11-17,57.18,55.8,57.76,55.8,57.05,57.08,57.04,"8,77,764","5,00,68,653.86","4,676"
CPSEETF,EQ,2023-11-20,57.08,59.93,59.93,56.88,57.06,56.99,57.2,"7,63,736","4,36,82,884.26","4,774"
CPSEETF,EQ,2023-11-21,56.99,58.7,58.7,56.7,57.05,57.03,57.03,"13,70,394","7,81,52,046.73","4,014"
CPSEETF,EQ,2023-11-22,57.03,57.9,57.95,56.88,57.14,57.12,57.08,"11,16,668","6,37,40,959.31","3,397"
CPSEETF,EQ,2023-11-23,57.12,57.89,57.89,56.83,57.07,57.04,57.11,"15,85,014","9,05,19,146.51","2,956"
CPSEETF,EQ,2023-11-24,57.04,57.64,58.0,57.0,57.0,57.42,57.29,"13,35,295","7,64,96,932.22","3,197"
CPSEETF,EQ,2023-11-28,57.42,59.0,59.0,57.0,57.81,57.69,57.42,"9,51,872","5,46,52,975.51","5,836"
CPSEETF,EQ,2023-11-29,57.69,59.0,59.0,57.65,57.81,57.81,57.82,"6,30,937","3,64,81,787.36","3,871"
CPSEETF,EQ,2023-11-30,57.81,57.4,58.56,56.1,58.39,58.32,58.0,"22,15,460","12,84,92,259.81","6,458"
CPSEETF,EQ,2023-12-01,58.32,58.47,59.69,58.33,59.08,59.07,59.37,"30,33,641","18,01,17,366.03","7,407"
CPSEETF,EQ,2023-12-04,59.07,59.8,62.0,58.98,60.79,60.71,60.64,"39,96,781","24,23,49,796.61","11,058"
CPSEETF,EQ,2023-12-05,60.71,60.71,62.04,60.03,61.8,61.68,60.92,"25,60,406","15,59,90,412.66","8,033"
CPSEETF,EQ,2023-12-06,61.68,62.23,62.38,61.15,61.7,61.69,61.68,"26,01,537","16,04,52,479.57","6,872"
CPSEETF,EQ,2023-12-07,61.69,62.25,62.6,61.5,62.3,62.39,62.15,"16,03,223","9,96,33,219.46","7,026"
CPSEETF,EQ,2023-12-08,62.39,63.1,63.1,61.3,62.01,62.0,62.21,"37,75,846","23,48,78,071.52","8,459"
CPSEETF,EQ,2023-12-11,62.0,62.27,62.83,62.2,62.75,62.67,62.68,"28,24,044","17,70,12,356.47","6,550"
CPSEETF,EQ,2023-12-12,62.67,63.0,63.2,61.55,62.27,62.04,62.26,"34,65,583","21,57,62,053.44","7,252"
CPSEETF,EQ,2023-12-13,62.04,62.97,62.97,61.93,62.8,62.78,62.46,"9,97,895","6,23,28,955.04","4,943"
CPSEETF,EQ,2023-12-14,62.78,62.97,63.58,62.73,63.1,62.99,63.05,"20,81,449","13,12,43,600.16","5,683"
CPSEETF,EQ,2023-12-15,62.99,63.85,64.59,63.05,64.32,64.26,63.94,"21,14,655","13,52,17,743.40","7,058"
CPSEETF,EQ,2023-12-18,64.26,64.26,65.48,63.8,64.14,64.33,64.08,"16,96,262","10,86,90,364.70","8,218"
CPSEETF,EQ,2023-12-19,64.33,64.85,65.25,64.03,64.83,64.94,64.72,"20,34,819","13,17,01,995.71","6,709"
CPSEETF,EQ,2023-12-20,64.94,65.0,66.5,63.03,63.98,63.54,64.96,"42,04,980","27,31,62,095.57","12,558"
CPSEETF,EQ,2023-12-21,63.54,63.75,65.5,62.71,64.7,64.59,64.04,"22,32,144","14,29,44,510.07","8,257"
CPSEETF,EQ,2023-12-22,64.59,65.5,65.5,64.27,65.01,64.95,64.88,"17,65,174","11,45,25,379.21","6,111"
CPSEETF,EQ,2023-12-26,64.95,65.3,66.51,65.05,66.35,66.27,66.25,"32,09,529","21,26,33,284.25","9,486"
CPSEETF,EQ,2023-12-27,66.27,66.59,68.55,65.79,66.15,65.99,66.14,"44,96,827","29,74,00,589.68","8,789"
CPSEETF,EQ,2023-12-28,65.99,67.95,67.95,66.2,67.23,67.29,67.08,"45,73,028","30,67,51,381.55","8,803"
CPSEETF,EQ,2023-12-29,67.29,67.53,67.77,66.4,66.91,66.88,66.87,"21,62,229","14,45,92,119.06","9,966"
CPSEETF,EQ,2024-01-01,66.88,67.5,67.65,66.95,67.15,67.17,67.34,"14,25,698","9,60,04,013.56","8,202"
CPSEETF,EQ,2024-01-02,67.17,67.48,67.57,66.5,67.37,67.25,67.14,"30,27,104","20,32,43,273.77","8,100"
CPSEETF,EQ,2024-01-03,67.25,67.49,67.5,66.59,67.14,67.06,67.05,"21,19,705","14,21,34,040.69","6,695"
CPSEETF,EQ,2024-01-04,67.06,67.5,68.65,67.05,68.63,68.31,68.32,"64,31,422","43,93,66,986.42","8,490"
CPSEETF,EQ,2024-01-05,68.31,68.79,69.5,68.21,68.64,68.55,68.78,"27,66,314","19,02,61,357.77","9,314"
CPSEETF,EQ,2024-01-08,68.55,69.0,69.0,68.22,68.49,68.37,68.56,"16,39,762","11,24,17,226.49","8,649"
CPSEETF,EQ,2024-01-09,68.37,68.62,68.99,68.45,68.6,68.6,68.74,"15,26,851","10,49,53,261.08","6,144"
CPSEETF,EQ,2024-01-10,68.6,68.96,69.97,67.3,68.15,68.23,67.86,"35,01,522","23,76,02,083.03","13,075"
CPSEETF,EQ,2024-01-11,68.23,68.99,68.99,68.0,68.16,68.11,68.23,"22,24,862","15,17,91,668.84","6,760"
CPSEETF,EQ,2024-01-12,68.11,68.0,68.84,66.05,68.43,68.39,68.22,"10,69,840","7,29,88,167.08","5,905"
CPSEETF,EQ,2024-01-15,68.39,69.72,69.98,68.39,69.9,69.83,69.5,"41,81,226","29,05,86,266.27","9,207"
CPSEETF,EQ,2024-01-16,69.83,69.99,70.3,68.91,69.55,69.5,69.8,"24,92,447","17,39,67,421.63","9,566"
CPSEETF,EQ,2024-01-17,69.5,70.24,70.24,68.03,69.36,69.2,69.37,"35,46,818","24,60,42,453.14","8,171"
CPSEETF,EQ,2024-01-18,69.2,69.49,69.5,66.9,69.02,68.62,68.31,"55,37,623","37,82,50,394.94","13,058"
CPSEETF,EQ,2024-01-19,68.62,69.9,70.25,68.63,70.2,70.08,69.77,"25,99,805","18,13,94,203.37","7,915"
CPSEETF,EQ,2024-01-20,70.08,71.5,71.93,69.11,71.5,71.36,71.35,"47,48,836","33,88,14,747.46","9,624"
CPSEETF,EQ,2024-01-23,71.36,71.36,72.94,68.66,68.95,68.79,69.94,"80,26,383","56,13,79,952.85","22,538"
CPSEETF,EQ,2024-01-24,68.79,69.95,70.71,68.21,70.62,70.54,69.78,"30,35,680","21,18,27,785.09","8,095"
CPSEETF,EQ,2024-01-25,70.54,70.58,71.8,70.25,71.77,71.41,71.28,"25,92,992","18,48,39,308.48","7,854"
CPSEETF,EQ,2024-01-29,71.41,71.0,74.69,70.0,74.69,74.32,73.86,"78,38,121","57,89,54,745.77","15,668"
CPSEETF,EQ,2024-01-30,74.32,74.33,75.48,73.58,74.0,73.71,74.54,"59,83,414","44,60,18,118.33","14,794"
CPSEETF,EQ,2024-01-31,73.71,74.8,74.8,73.52,74.55,74.38,74.06,"35,02,963","25,94,42,096.89","10,028"
CPSEETF,EQ,2024-02-01,74.38,74.84,75.5,74.1,74.8,74.76,75.01,"39,88,362","29,91,74,477.31","11,523"
CPSEETF,EQ,2024-02-02,74.76,76.9,78.0,75.01,77.8,77.58,77.23,"74,77,151","57,74,96,225.26","18,108"
CPSEETF,EQ,2024-02-05,77.58,79.9,80.81,78.0,79.4,79.19,79.57,"1,32,58,456","1,05,49,58,043.19","26,207"
CPSEETF,EQ,2024-02-06,79.19,80.89,80.89,77.91,79.79,79.54,78.92,"44,26,086","34,92,98,725.49","16,992"
CPSEETF,EQ,2024-02-07,79.54,79.81,80.79,78.51,79.3,79.12,79.35,"49,46,508","39,24,83,655.59","15,147"
CPSEETF,EQ,2024-02-08,79.12,81.5,81.5,79.34,80.7,80.2,80.25,"91,53,346","73,45,44,972.30","17,584"
CPSEETF,EQ,2024-02-09,80.2,81.8,81.8,76.71,78.81,78.72,78.25,"79,60,080","62,28,53,137.44","31,534"
CPSEETF,EQ,2024-02-12,78.72,80.72,80.72,74.52,75.45,74.99,75.94,"1,43,67,397","1,09,10,70,683.67","37,268"
CPSEETF,EQ,2024-02-13,74.99,76.45,76.5,74.2,76.35,76.24,75.58,"50,84,159","38,42,37,181.27","19,262"
CPSEETF,EQ,2024-02-14,76.24,76.0,78.85,75.3,78.85,78.38,77.35,"41,02,076","31,73,03,909.15","12,890"
CPSEETF,EQ,2024-02-15,78.38,78.78,81.72,78.66,81.22,81.26,81.08,"1,12,48,435","91,20,12,687.81","17,410"
CPSEETF,EQ,2024-02-16,81.26,81.89,82.73,80.82,80.97,81.08,81.44,"49,42,041","40,24,67,931.48","15,194"
CPSEETF,EQ,2024-02-19,81.08,83.5,83.5,80.73,81.38,81.06,81.73,"28,34,616","23,16,59,993.35","14,589"
CPSEETF,EQ,2024-02-20,81.06,82.06,82.9,80.88,81.78,81.7,81.54,"18,13,303","14,78,49,694.46","10,055"
CPSEETF,EQ,2024-02-21,81.7,83.29,83.29,79.6,80.47,79.91,80.12,"94,21,062","75,48,44,138.43","18,750"
CPSEETF,EQ,2024-02-22,79.91,80.9,81.44,78.77,81.35,81.16,80.02,"28,94,480","23,16,12,760.07","11,827"
CPSEETF,EQ,2024-02-23,81.16,81.87,81.87,80.81,81.32,81.32,81.3,"26,58,996","21,61,73,592.60","8,963"
CPSEETF,EQ,2024-02-26,81.32,82.9,82.9,81.0,81.29,81.22,81.36,"21,10,439","17,16,97,240.98","9,872"
CPSEETF,EQ,2024-02-27,81.22,82.45,82.45,80.61,81.25,81.28,81.24,"21,06,099","17,10,94,130.18","7,913"
CPSEETF,EQ,2024-02-28,81.28,83.7,83.7,79.74,80.09,80.09,80.33,"37,79,279","30,36,00,622.88","15,510"
CPSEETF,EQ,2024-02-29,80.09,82.0,82.0,78.6,80.33,80.15,79.45,"37,44,528","29,75,08,255.81","15,609"
CPSEETF,EQ,2024-03-01,80.15,81.99,81.99,80.01,81.69,81.58,81.39,"20,31,266","16,53,26,646.54","9,498"
CPSEETF,EQ,2024-03-02,81.58,83.0,83.0,80.33,81.76,81.75,81.71,"8,88,726","7,26,18,114.50","3,168"
CPSEETF,EQ,2024-03-04,81.75,81.0,83.97,81.0,83.66,83.67,83.56,"93,27,368","77,93,50,916.41","14,986"
CPSEETF,EQ,2024-03-05,83.67,85.0,85.0,83.44,84.7,84.6,84.12,"45,65,675","38,40,72,641.92","12,458"
CPSEETF,EQ,2024-03-06,84.6,85.0,85.0,82.21,83.99,83.97,83.24,"52,22,084","43,47,10,014.15","18,665"
CPSEETF,EQ,2024-03-07,83.97,85.0,85.0,83.77,83.99,83.93,84.14,"21,53,448","18,11,87,651.19","10,967"
CPSEETF,EQ,2024-03-11,83.93,84.0,84.9,82.53,82.85,82.73,83.27,"27,26,693","22,70,56,984.98","17,558"
CPSEETF,EQ,2024-03-12,82.73,83.6,83.6,81.15,81.27,81.28,81.65,"29,01,580","23,69,16,383.74","15,808"
CPSEETF,EQ,2024-03-13,81.28,82.28,82.48,75.08,76.5,76.01,77.54,"1,13,45,989","87,97,60,207.54","48,561"
CPSEETF,EQ,2024-03-14,76.01,78.31,78.31,75.0,77.72,77.46,76.73,"60,11,279","46,12,47,047.60","24,567"
CPSEETF,EQ,2024-03-15,77.46,77.46,78.23,73.71,76.3,76.31,75.51,"48,95,659","36,96,83,368.18","27,056"
CPSEETF,EQ,2024-03-18,76.31,78.6,78.8,75.84,76.8,76.54,76.57,"46,41,181","35,53,83,117.59","13,598"
CPSEETF,EQ,2024-03-19,76.54,77.99,77.99,75.01,75.62,75.57,75.85,"33,72,419","25,58,12,062.50","13,923"
CPSEETF,EQ,2024-03-20,75.57,77.69,77.69,74.81,76.21,76.16,75.85,"28,27,398","21,44,53,386.10","9,842"
CPSEETF,EQ,2024-03-21,76.16,76.59,78.5,76.31,78.5,78.39,77.92,"37,24,017","29,01,63,662.01","10,186"
CPSEETF,EQ,2024-03-22,78.39,78.9,79.18,77.92,78.88,78.78,78.44,"62,14,298","48,74,28,980.65","10,309"
CPSEETF,EQ,2024-03-26,78.78,79.4,79.4,77.88,78.9,78.89,78.65,"23,70,212","18,64,24,031.50","9,443"
CPSEETF,EQ,2024-03-27,78.89,79.4,80.0,78.65,78.9,78.8,79.25,"20,09,582","15,92,50,164.94","8,097"
CPSEETF,EQ,2024-03-28,78.8,79.6,80.45,78.8,79.85,79.91,79.81,"25,28,474","20,18,01,397.87","9,725"
CPSEETF,EQ,2024-04-01,79.91,80.45,81.5,80.1,81.49,81.37,80.95,"18,55,272","15,01,81,549.65","11,979"
CPSEETF,EQ,2024-04-02,81.37,83.0,83.0,80.94,82.5,82.49,82.2,"22,81,530","18,75,42,370.47","10,323"
CPSEETF,EQ,2024-04-03,82.49,83.11,83.49,82.21,83.33,83.27,83.13,"98,56,028","81,93,00,272.43","11,530"
CPSEETF,EQ,2024-04-04,83.27,83.6,84.27,82.2,83.15,82.9,82.89,"74,72,820","61,94,35,032.99","14,667"
CPSEETF,EQ,2024-04-05,82.9,85.4,85.4,82.4,83.4,83.43,83.2,"18,17,062","15,11,70,874.69","9,584"
CPSEETF,EQ,2024-04-08,83.43,84.19,84.2,83.21,83.93,83.91,83.73,"20,88,497","17,48,63,783.02","10,782"
CPSEETF,EQ,2024-04-09,83.91,84.89,84.89,83.09,83.8,83.8,83.74,"25,93,515","21,71,89,777.04","10,349"
CPSEETF,EQ,2024-04-10,83.8,84.5,84.84,83.55,84.75,84.75,84.61,"49,36,108","41,76,61,403.17","9,511"
CPSEETF,EQ,2024-04-12,84.75,85.0,85.49,83.93,84.45,84.06,84.72,"31,01,637","26,27,79,241.25","15,859"
CPSEETF,EQ,2024-04-15,84.06,84.06,84.91,80.0,84.15,84.13,83.02,"83,98,201","69,72,53,009.64","19,012"
CPSEETF,EQ,2024-04-16,84.13,85.38,85.38,83.02,84.5,84.55,84.59,"27,83,050","23,54,29,808.89","9,889"
CPSEETF,EQ,2024-04-18,84.55,85.0,85.65,82.93,83.5,83.28,84.56,"36,26,260","30,66,19,422.74","14,363"
CPSEETF,EQ,2024-04-19,83.28,84.55,84.55,81.73,83.25,83.26,82.92,"19,90,192","16,50,22,789.61","11,412"
CPSEETF,EQ,2024-04-22,83.26,84.95,84.95,83.1,83.55,83.47,83.52,"25,58,427","21,36,81,200.67","10,104"
CPSEETF,EQ,2024-04-23,83.47,85.95,85.95,83.37,83.95,84.0,83.78,"22,11,143","18,52,42,726.01","10,381"
CPSEETF,EQ,2024-04-24,84.0,84.9,85.1,83.9,84.9,84.95,84.84,"33,92,321","28,77,97,927.95","8,279"
CPSEETF,EQ,2024-04-25,84.95,85.1,85.96,84.51,85.82,85.84,85.52,"28,44,368","24,32,55,887.78","10,369"
CPSEETF,EQ,2024-04-26,85.84,85.84,86.74,85.84,86.5,86.31,86.36,"43,90,994","37,92,17,447.09","12,297"
CPSEETF,EQ,2024-04-29,86.31,87.0,87.7,86.14,86.53,86.47,86.43,"32,97,599","28,50,16,288.07","12,048"
CPSEETF,EQ,2024-04-30,86.47,87.37,87.37,86.43,87.05,86.92,86.97,"23,84,310","20,73,68,187.40","9,598"
CPSEETF,EQ,2024-05-02,86.92,87.37,88.48,86.62,88.1,88.13,87.92,"36,63,977","32,21,44,985.10","16,112"
CPSEETF,EQ,2024-05-03,88.13,88.5,89.7,87.64,88.75,88.67,88.87,"53,07,279","47,16,77,092.15","18,930"
CPSEETF,EQ,2024-05-06,88.67,89.65,89.9,86.0,87.86,87.28,87.25,"56,54,739","49,33,84,952.66","26,954"
CPSEETF,EQ,2024-05-07,87.28,87.0,88.8,84.71,85.14,84.99,85.69,"49,00,013","41,98,70,415.05","28,895"
CPSEETF,EQ,2024-05-08,84.99,86.0,87.0,84.19,86.43,86.29,86.05,"48,21,886","41,49,26,342.47","13,054"
CPSEETF,EQ,2024-05-09,86.29,86.29,86.89,83.48,84.69,83.76,85.4,"86,32,835","73,72,38,986.88","27,429"
CPSEETF,EQ,2024-05-10,83.76,84.1,85.45,83.34,85.18,85.07,84.67,"48,86,789","41,37,74,910.60","12,808"
CPSEETF,EQ,2024-05-13,85.07,87.6,87.6,82.7,84.6,84.52,83.57,"50,62,663","42,30,80,644.07","19,367"
CPSEETF,EQ,2024-05-14,84.52,86.4,86.4,84.52,86.1,86.01,85.69,"23,12,190","19,81,39,479.00","9,610"
CPSEETF,EQ,2024-05-15,86.01,86.74,87.55,86.03,87.38,87.45,87.09,"32,32,454","28,15,13,094.83","11,456"
CPSEETF,EQ,2024-05-16,87.45,88.0,88.0,86.14,87.72,87.72,87.29,"48,34,450","42,19,92,660.36","14,020"
CPSEETF,EQ,2024-05-17,87.72,88.48,89.03,85.1,88.7,88.7,88.59,"39,02,416","34,57,01,990.40","17,246"
CPSEETF,EQ,2024-05-18,88.7,88.99,89.65,88.7,89.35,89.34,89.32,"5,98,059","5,34,17,419.95","3,828"
CPSEETF,EQ,2024-05-21,89.34,92.0,92.74,89.34,92.69,92.67,91.85,"65,51,314","60,17,07,374.22","25,340"
CPSEETF,EQ,2024-05-22,92.67,92.67,93.77,91.84,93.69,93.57,93.1,"49,28,669","45,88,64,998.92","18,972"
CPSEETF,EQ,2024-05-23,93.57,94.0,94.0,92.82,93.53,93.51,93.18,"76,80,040","71,56,24,866.63","17,438"
CPSEETF,EQ,2024-05-24,93.51,94.4,94.97,93.35,94.2,94.26,94.35,"66,41,826","62,66,86,882.41","15,233"
CPSEETF,EQ,2024-05-27,94.26,95.0,95.0,91.45,93.69,93.35,93.45,"68,35,724","63,88,23,765.68","28,281"
CPSEETF,EQ,2024-05-28,93.35,94.74,94.74,91.51,91.8,91.81,92.32,"55,64,164","51,36,70,087.53","31,991"
CPSEETF,EQ,2024-05-29,91.81,92.4,92.5,90.71,92.1,91.91,91.94,"38,24,888","35,16,41,884.34","16,413"
CPSEETF,EQ,2024-05-30,91.91,91.93,92.45,90.25,90.55,90.56,91.02,"53,98,913","49,14,30,224.82","22,855"
CPSEETF,EQ,2024-05-31,90.56,90.9,92.2,90.01,91.99,91.73,91.04,"64,94,657","59,12,53,194.48","17,378"
CPSEETF,EQ,2024-06-03,91.73,94.5,99.7,92.5,99.68,98.67,97.72,"3,65,52,225","3,57,17,66,732.51","48,127"
CPSEETF,EQ,2024-06-04,98.67,98.0,98.0,83.5,88.8,86.95,89.56,"3,67,56,061","3,29,19,56,246.48","1,52,250"
CPSEETF,EQ,2024-06-05,86.95,87.25,90.0,80.0,85.55,85.33,83.01,"1,74,90,761","1,45,18,74,133.09","82,051"
CPSEETF,EQ,2024-06-06,85.33,86.1,89.6,85.5,88.0,87.7,88.14,"1,42,80,445","1,25,87,24,123.10","41,768"
CPSEETF,EQ,2024-06-07,87.7,88.89,89.8,87.13,89.77,89.72,88.82,"84,14,188","74,73,73,587.09","24,997"
CPSEETF,EQ,2024-06-10,89.72,91.15,91.55,90.0,90.42,90.42,90.88,"71,12,190","64,63,56,012.66","32,490"
CPSEETF,EQ,2024-06-11,90.42,91.4,92.21,90.0,91.75,91.67,91.61,"64,87,510","59,43,15,813.37","22,943"
CPSEETF,EQ,2024-06-12,91.67,92.24,93.61,91.6,93.4,93.3,93.06,"80,07,495","74,52,10,397.88","30,824"
CPSEETF,EQ,2024-06-13,93.3,93.64,94.0,92.31,93.5,93.41,93.06,"59,54,662","55,41,66,396.03","31,504"
CPSEETF,EQ,2024-06-14,93.41,96.2,96.2,92.4,93.98,93.96,93.83,"41,99,242","39,40,27,776.62","18,688"
CPSEETF,EQ,2024-06-18,93.96,94.9,95.29,93.83,95.29,95.18,94.99,"70,65,137","67,11,21,299.54","24,667"
CPSEETF,EQ,2024-06-19,95.18,95.18,95.89,93.5,94.0,93.84,94.21,"57,84,378","54,49,47,854.84","31,759"
CPSEETF,EQ,2024-06-20,93.84,94.8,94.8,91.1,93.65,93.63,93.55,"35,11,066","32,84,59,841.60","30,705"
CPSEETF,EQ,2024-06-21,93.63,94.0,94.39,93.05,93.37,93.18,93.65,"28,75,093","26,92,47,891.68","26,001"
CPSEETF,EQ,2024-06-24,93.18,93.44,94.0,92.0,93.61,93.54,93.43,"44,12,694","41,22,63,210.29","24,484"
CPSEETF,EQ,2024-06-25,93.54,93.99,94.28,92.78,93.2,92.91,93.26,"37,82,001","35,27,02,761.88","28,686"
CPSEETF,EQ,2024-06-26,92.91,93.15,93.9,92.55,92.95,92.91,92.92,"32,57,773","30,27,01,461.30","18,707"
CPSEETF,EQ,2024-06-27,92.91,92.99,93.92,92.49,93.75,93.65,93.12,"54,54,078","50,79,06,912.03","18,602"
CPSEETF,EQ,2024-06-28,93.65,94.45,95.28,93.12,94.53,94.36,94.71,"61,95,506","58,67,82,872.99","22,638"
CPSEETF,EQ,2024-07-01,94.36,94.3,95.51,93.8,94.05,93.94,94.03,"28,06,540","26,38,85,101.38","29,364"
CPSEETF,EQ,2024-07-02,93.94,94.8,94.9,93.2,94.4,94.23,93.94,"1,83,67,043","1,72,53,84,901.09","30,239"
CPSEETF,EQ,2024-07-03,94.23,94.89,95.95,94.23,95.8,95.58,95.22,"96,31,599","91,71,36,041.75","24,931"
CPSEETF,EQ,2024-07-04,95.58,95.6,96.88,95.59,96.73,96.5,96.47,"40,06,552","38,65,17,708.29","17,564"
CPSEETF,EQ,2024-07-05,96.5,99.4,99.4,96.5,98.3,98.29,97.71,"49,10,983","47,98,54,043.66","20,283"
CPSEETF,EQ,2024-07-08,98.29,98.92,99.9,98.0,99.75,99.58,99.27,"46,77,716","46,43,48,135.86","24,510"
CPSEETF,EQ,2024-07-09,99.58,99.99,100.49,98.86,99.92,99.86,99.79,"47,62,502","47,52,40,696.64","22,073"
CPSEETF,EQ,2024-07-10,99.86,100.5,100.79,97.23,100.05,100.03,99.25,"48,32,844","47,96,73,245.99","27,761"
CPSEETF,EQ,2024-07-11,100.03,100.05,101.54,100.05,101.54,101.28,100.78,"41,25,101","41,57,18,319.82","20,268"
CPSEETF,EQ,2024-07-12,101.28,101.9,102.45,100.7,101.32,101.34,101.58,"84,94,586","86,28,88,073.27","24,733"
CPSEETF,EQ,2024-07-15,101.34,101.85,103.0,101.33,103.0,102.92,102.38,"40,83,348","41,80,34,399.56","20,826"
CPSEETF,EQ,2024-07-16,102.92,103.09,103.98,102.62,102.87,102.75,103.34,"71,91,518","74,31,85,803.56","23,653"
CPSEETF,EQ,2024-07-18,102.75,105.5,105.5,100.63,101.6,101.48,101.49,"88,33,973","89,65,90,224.53","44,360"
CPSEETF,EQ,2024-07-19,101.48,100.2,101.99,98.15,99.0,98.41,99.34,"1,19,98,447","1,19,18,90,922.77","61,405"
CPSEETF,EQ,2024-07-22,98.41,98.95,100.14,94.5,99.9,99.59,98.96,"85,58,159","84,69,13,136.03","26,260"
CPSEETF,EQ,2024-07-23,99.59,100.2,100.69,93.7,98.6,98.3,97.93,"1,44,82,379","1,41,82,62,790.92","51,408"
CPSEETF,EQ,2024-07-24,98.3,98.8,100.67,98.01,99.85,99.58,99.74,"43,30,542","43,19,43,225.97","16,218"
CPSEETF,EQ,2024-07-25,99.58,99.74,101.36,98.1,100.7,100.67,100.15,"45,93,290","46,00,04,788.01","16,638"
CPSEETF,EQ,2024-07-26,100.67,101.34,102.6,100.77,101.99,101.85,101.88,"48,84,551","49,76,58,058.11","15,901"
CPSEETF,EQ,2024-07-29,101.85,102.5,103.4,101.88,102.74,102.7,102.69,"43,55,328","44,72,69,944.71","18,506"
CPSEETF,EQ,2024-07-30,102.7,102.2,105.23,102.2,104.2,104.21,104.62,"89,50,891","93,64,60,616.95","23,918"
CPSEETF,EQ,2024-07-31,104.21,104.98,104.98,103.3,104.6,104.45,104.41,"46,38,856","48,43,42,601.72","16,848"
CPSEETF,EQ,2024-08-01,104.45,104.75,106.6,104.51,106.15,106.17,105.92,"55,28,215","58,55,64,012.30","25,182"
CPSEETF,EQ,2024-08-02,106.17,105.5,105.5,103.6,104.8,104.51,104.63,"74,45,008","77,89,56,320.56","40,154"
CPSEETF,EQ,2024-08-05,104.51,103.99,104.0,99.25,100.63,100.15,100.73,"1,41,12,502","1,42,16,20,739.82","86,549"
CPSEETF,EQ,2024-08-06,100.15,102.0,103.0,99.0,99.5,99.23,100.77,"1,35,58,537","1,36,62,71,182.21","46,965"
CPSEETF,EQ,2024-08-07,99.23,100.65,103.62,100.65,103.59,103.33,102.61,"1,18,49,308","1,21,57,98,872.18","30,948"
CPSEETF,EQ,2024-08-08,103.33,103.33,104.47,100.33,101.94,101.49,102.22,"85,16,262","87,05,74,413.56","33,009"
CPSEETF,EQ,2024-08-09,101.49,102.89,103.98,102.5,103.1,103.22,103.31,"68,81,415","71,09,49,630.22","22,831"
CPSEETF,EQ,2024-08-12,103.22,104.75,104.75,101.91,103.0,102.9,102.62,"51,04,440","52,37,94,143.14","25,477"
CPSEETF,EQ,2024-08-13,102.9,103.79,103.79,101.55,101.9,101.77,102.46,"30,91,846","31,67,97,787.00","22,444"
CPSEETF,EQ,2024-08-14,101.77,102.2,102.61,100.25,100.5,100.44,101.05,"45,91,516","46,39,69,773.24","25,071"
CPSEETF,EQ,2024-08-16,100.44,101.74,102.0,100.5,101.85,101.84,101.37,"33,68,980","34,15,27,808.91","18,734"
CPSEETF,EQ,2024-08-19,101.84,102.85,103.19,102.37,102.9,102.83,102.94,"27,99,119","28,81,48,636.52","17,391"
CPSEETF,EQ,2024-08-20,102.83,103.4,103.4,102.4,102.78,102.7,102.7,"22,40,676","23,01,20,508.55","16,536"
CPSEETF,EQ,2024-08-21,102.7,103.38,103.38,102.12,102.9,102.74,102.84,"17,24,919","17,73,87,712.46","11,887"
CPSEETF,EQ,2024-08-22,102.74,103.49,103.49,102.1,102.21,102.19,102.33,"32,05,796","32,80,50,297.15","22,639"
CPSEETF,EQ,2024-08-23,102.19,102.33,102.8,101.96,102.5,102.37,102.49,"20,25,140","20,75,53,954.43","13,094"
CPSEETF,EQ,2024-08-26,102.37,102.48,103.75,102.48,103.75,103.63,103.46,"34,86,370","36,06,95,492.96","17,361"
CPSEETF,EQ,2024-08-27,103.63,103.69,104.25,103.09,103.3,103.26,103.63,"31,77,236","32,92,72,756.36","17,855"
CPSEETF,EQ,2024-08-28,103.26,103.89,103.89,102.77,103.0,102.98,103.1,"28,40,338","29,28,39,494.57","17,001"
CPSEETF,EQ,2024-08-29,102.98,103.59,103.59,101.72,102.9,102.75,102.38,"32,29,340","33,06,32,838.39","22,832"
CPSEETF,EQ,2024-08-30,102.75,103.19,103.98,102.76,103.39,103.39,103.54,"32,95,514","34,12,04,100.17","13,783"
CPSEETF,EQ,2024-09-02,103.39,106.5,106.5,102.42,102.75,102.71,102.93,"38,47,362","39,60,19,110.11","30,719"
CPSEETF,EQ,2024-09-03,102.71,103.89,103.89,102.2,102.37,102.29,102.52,"22,13,769","22,69,65,036.55","20,243"
CPSEETF,EQ,2024-09-04,102.29,101.9,101.9,100.67,101.09,100.88,100.99,"66,86,121","67,52,25,758.69","41,283"
CPSEETF,EQ,2024-09-05,100.88,101.47,101.68,99.65,99.79,99.87,100.25,"42,13,258","42,23,89,920.57","41,785"
CPSEETF,EQ,2024-09-06,99.87,100.0,100.49,97.52,98.1,97.99,98.13,"87,54,850","85,91,51,017.00","77,748"
CPSEETF,EQ,2024-09-09,97.99,97.99,99.45,95.61,97.24,96.97,96.36,"1,23,40,508","1,18,90,97,235.56","52,735"
CPSEETF,EQ,2024-09-10,96.97,98.65,98.65,97.02,97.8,97.41,97.56,"87,29,734","85,16,33,903.36","23,334"
CPSEETF,EQ,2024-09-11,97.41,100.0,100.0,96.17,96.62,96.51,96.96,"28,46,048","27,59,66,362.29","30,222"
CPSEETF,EQ,2024-09-12,96.51,97.1,98.45,96.6,98.1,98.26,97.41,"30,81,309","30,01,45,194.39","16,289"
CPSEETF,EQ,2024-09-13,98.26,98.36,99.89,97.7,97.94,97.88,98.3,"25,58,010","25,14,46,218.10","22,989"
CPSEETF,EQ,2024-09-16,97.88,98.0,99.03,96.0,98.6,98.56,98.47,"28,42,177","27,98,78,236.36","20,549"
CPSEETF,EQ,2024-09-17,98.56,98.76,99.15,97.9,98.44,98.45,98.44,"20,69,708","20,37,32,208.62","14,835"
CPSEETF,EQ,2024-09-18,98.45,98.54,99.05,97.35,97.72,97.57,98.05,"22,47,444","22,03,63,204.76","19,905"
CPSEETF,EQ,2024-09-19,97.57,98.9,98.9,96.2,97.12,96.98,96.75,"1,01,45,259","98,15,11,141.93","26,142"
CPSEETF,EQ,2024-09-20,96.98,99.9,99.9,96.83,97.91,98.17,97.85,"45,00,096","44,03,43,991.77","16,735"
CPSEETF,EQ,2024-09-23,98.17,100.0,100.0,98.0,99.65,99.54,99.25,"49,84,830","49,47,33,393.33","16,927"
CPSEETF,EQ,2024-09-24,99.54,99.64,100.98,99.63,100.81,100.69,100.36,"60,73,910","60,95,54,954.91","16,841"
CPSEETF,EQ,2024-09-25,100.69,100.88,101.69,100.6,101.61,101.56,101.33,"72,18,750","73,14,90,711.93","18,026"
CPSEETF,EQ,2024-09-26,101.56,101.6,102.3,100.49,101.11,101.31,100.73,"92,47,412","93,14,62,053.47","20,525"
CPSEETF,EQ,2024-09-27,101.31,100.6,102.06,99.6,101.76,101.79,101.4,"47,65,408","48,31,93,502.47","17,162"
CPSEETF,EQ,2024-09-30,101.79,101.79,102.38,99.63,101.2,101.35,101.27,"38,62,243","39,11,16,759.76","23,339"
CPSEETF,EQ,2024-10-01,101.35,101.8,101.8,100.35,101.0,100.94,101.2,"20,38,092","20,62,56,132.93","19,177"
CPSEETF,EQ,2024-10-03,100.94,100.94,100.94,97.0,99.89,99.59,100.0,"42,55,376","42,55,26,995.49","34,186"
CPSEETF,EQ,2024-10-04,99.59,100.39,100.4,98.25,99.15,99.02,99.16,"23,91,155","23,71,17,210.81","27,444"
CPSEETF,EQ,2024-10-07,99.02,99.03,100.48,94.9,96.1,95.94,96.13,"59,82,990","57,51,27,815.15","58,323"
CPSEETF,EQ,2024-10-08,95.94,96.5,97.71,94.8,97.45,97.18,96.44,"45,08,844","43,48,46,099.23","22,451"
CPSEETF,EQ,2024-10-09,97.18,97.95,98.68,97.0,97.49,97.28,97.55,"19,27,389","18,80,22,907.16","16,254"
CPSEETF,EQ,2024-10-10,97.28,98.0,98.8,97.55,98.5,98.0,98.18,"25,57,799","25,11,17,392.33","13,070"
CPSEETF,EQ,2024-10-11,98.0,98.48,98.48,97.5,97.86,97.92,97.94,"13,90,804","13,62,13,412.99","12,376"
CPSEETF,EQ,2024-10-14,97.92,98.69,98.69,97.55,97.97,97.87,98.01,"15,67,098","15,35,90,446.77","16,395"
CPSEETF,EQ,2024-10-15,97.87,98.68,98.68,96.98,97.45,97.51,97.35,"22,02,663","21,44,31,332.16","18,140"
CPSEETF,EQ,2024-10-16,97.51,98.29,98.29,96.7,96.92,96.87,97.17,"14,33,587","13,93,04,699.81","17,075"
CPSEETF,EQ,2024-10-17,96.87,97.68,97.68,96.0,96.36,96.05,96.39,"29,26,801","28,21,12,128.13","21,309"
CPSEETF,EQ,2024-10-18,96.05,97.5,97.5,95.04,96.25,96.69,96.34,"58,01,011","55,88,63,271.07","21,187"
CPSEETF,EQ,2024-10-21,96.69,98.1,98.1,95.47,95.51,95.58,95.82,"33,38,751","31,99,12,060.61","29,542"
CPSEETF,EQ,2024-10-22,95.58,95.4,96.8,92.5,93.16,92.93,93.94,"69,31,875","65,11,93,996.25","41,498"
CPSEETF,EQ,2024-10-23,92.93,94.48,96.9,90.45,92.36,92.25,92.04,"33,46,247","30,79,77,076.47","32,382"
CPSEETF,EQ,2024-10-24,92.25,92.76,93.37,92.02,92.85,92.85,92.78,"26,61,811","24,69,65,991.64","14,138"
CPSEETF,EQ,2024-10-25,92.85,93.49,93.5,89.67,90.92,90.76,90.63,"39,17,203","35,50,06,509.76","43,248"
CPSEETF,EQ,2024-10-28,90.76,90.8,92.18,88.89,90.4,90.17,90.16,"48,73,604","43,94,14,340.52","32,715"
CPSEETF,EQ,2024-10-29,90.17,90.98,91.89,89.96,91.8,91.78,90.84,"17,27,009","15,68,86,762.85","16,512"
CPSEETF,EQ,2024-10-30,91.78,92.79,93.12,91.24,92.15,91.9,92.42,"22,68,037","20,96,01,214.22","16,101"
CPSEETF,EQ,2024-10-31,91.9,94.65,94.65,91.45,92.39,92.18,92.16,"15,58,300","14,36,10,452.58","13,247"
CPSEETF,EQ,2024-11-01,92.18,91.24,94.6,89.4,93.55,93.5,93.41,"4,27,744","3,99,54,306.02","9,623"
CPSEETF,EQ,2024-11-04,93.5,93.99,93.99,90.23,91.45,91.33,91.0,"40,84,367","37,16,97,806.89","41,093"
CPSEETF,EQ,2024-11-05,91.33,91.89,92.2,90.75,92.13,92.03,91.5,"14,48,831","13,25,60,910.68","16,828"
CPSEETF,EQ,2024-11-06,92.03,94.8,94.8,91.96,94.0,93.9,93.26,"21,11,195","19,68,88,012.00","14,264"
CPSEETF,EQ,2024-11-07,93.9,94.28,94.28,92.94,93.19,93.17,93.38,"15,83,247","14,78,38,248.62","16,237"
CPSEETF,EQ,2024-11-08,93.17,93.59,93.59,91.42,92.0,91.96,92.12,"18,57,790","17,11,30,972.94","19,970"
CPSEETF,EQ,2024-11-11,91.96,92.69,92.69,91.06,91.99,91.82,92.07,"17,50,244","16,11,52,258.36","17,731"
CPSEETF,EQ,2024-11-12,91.82,93.5,93.5,89.9,89.95,90.09,90.88,"21,32,078","19,37,54,290.17","22,965"
CPSEETF,EQ,2024-11-13,90.09,90.1,90.23,88.25,88.57,88.44,88.89,"32,46,683","28,86,02,530.66","30,347"
CPSEETF,EQ,2024-11-14,88.44,88.0,91.1,88.0,88.3,88.16,88.38,"17,66,289","15,61,01,006.77","17,574"
CPSEETF,EQ,2024-11-18,88.16,89.79,89.79,87.19,87.63,87.59,87.84,"16,48,153","14,47,77,759.82","28,705"
CPSEETF,EQ,2024-11-19,87.59,89.95,90.2,88.0,88.69,88.43,89.04,"23,70,877","21,11,14,043.58","15,198"
CPSEETF,EQ,2024-11-21,88.43,90.0,90.0,86.8,88.3,87.84,87.53,"15,89,352","13,91,21,827.34","20,789"
CPSEETF,EQ,2024-11-22,87.84,88.84,89.95,87.21,89.75,89.76,89.2,"44,97,431","40,11,67,629.10","12,041"
CPSEETF,EQ,2024-11-25,89.76,88.26,92.8,88.26,92.3,92.09,92.18,"30,47,715","28,09,50,864.47","16,558"
CPSEETF,EQ,2024-11-26,92.09,92.09,92.6,91.14,91.49,91.33,91.91,"20,95,606","19,26,04,593.50","12,522"
CPSEETF,EQ,2024-11-27,91.33,91.89,92.53,91.21,92.38,92.25,92.11,"13,01,753","11,99,03,906.83","10,132"
CPSEETF,EQ,2024-11-28,92.25,95.0,95.0,91.31,91.85,91.53,91.84,"64,29,104","59,04,68,419.05","15,337"
CPSEETF,EQ,2024-11-29,91.53,93.0,93.0,91.05,91.63,91.63,91.4,"18,51,260","16,92,06,215.79","12,599"
CPSEETF,EQ,2024-12-02,91.63,93.13,93.13,90.11,91.6,91.54,91.39,"11,32,397","10,34,89,972.38","18,068"
CPSEETF,EQ,2024-12-03,91.54,93.0,94.3,91.64,92.6,92.58,92.3,"12,18,823","11,24,99,280.58","11,684"
CPSEETF,EQ,2024-12-04,92.58,93.72,93.72,92.11,92.48,92.45,92.79,"16,17,983","15,01,39,924.09","14,078"
CPSEETF,EQ,2024-12-05,92.45,93.95,93.95,91.45,92.48,92.53,92.12,"18,74,590","17,26,96,424.58","17,511"
CPSEETF,EQ,2024-12-06,92.53,91.03,93.39,91.03,92.72,92.67,92.85,"12,86,074","11,94,17,054.05","12,813"
CPSEETF,EQ,2024-12-09,92.67,93.7,93.7,92.25,92.57,92.5,92.58,"38,37,563","35,52,93,436.12","16,800"
CPSEETF,EQ,2024-12-10,92.5,93.36,93.36,91.84,92.3,92.27,92.3,"11,01,017","10,16,23,254.41","14,257"
CPSEETF,EQ,2024-12-11,92.27,93.19,93.19,92.06,92.24,92.17,92.29,"14,53,973","13,41,88,558.23","11,716"
CPSEETF,EQ,2024-12-12,92.17,92.89,92.89,91.3,91.5,91.44,91.63,"12,37,365","11,33,83,093.85","18,182"
CPSEETF,EQ,2024-12-13,91.44,93.36,93.36,89.85,91.65,91.63,90.89,"16,77,353","15,24,47,677.29","19,181"
CPSEETF,EQ,2024-12-16,91.63,93.0,93.0,91.13,91.31,91.34,91.38,"12,89,538","11,78,32,230.72","15,738"
CPSEETF,EQ,2024-12-17,91.34,92.95,92.95,90.09,90.49,90.22,90.59,"17,17,848","15,56,26,069.12","24,715"
CPSEETF,EQ,2024-12-18,90.22,90.89,90.89,88.21,88.75,88.37,88.73,"35,43,209","31,43,80,427.40","34,860"
CPSEETF,EQ,2024-12-19,88.37,88.3,88.3,86.84,87.99,87.69,87.56,"18,36,891","16,08,33,540.60","20,969"
CPSEETF,EQ,2024-12-20,87.69,87.99,88.27,85.53,86.5,85.81,86.87,"30,62,866","26,60,59,420.09","30,341"
CPSEETF,EQ,2024-12-23,85.81,87.4,87.4,85.3,85.86,85.81,86.05,"26,65,365","22,93,65,880.92","26,577"
CPSEETF,EQ,2024-12-24,85.81,85.87,86.54,85.41,85.7,85.59,85.84,"11,41,657","9,79,98,707.40","13,789"
CPSEETF,EQ,2024-12-26,85.59,85.6,86.47,85.54,85.98,85.88,85.85,"9,56,017","8,20,76,350.71","14,988"
CPSEETF,EQ,2024-12-27,85.88,88.45,88.45,85.33,85.77,85.46,85.77,"10,75,334","9,22,34,639.70","16,950"
CPSEETF,EQ,2024-12-30,85.46,86.95,86.95,83.95,84.59,84.36,84.72,"21,08,225","17,86,01,532.05","23,452"
CPSEETF,EQ,2024-12-31,84.36,85.08,85.48,83.95,85.28,85.29,84.64,"35,14,268","29,74,35,714.34","12,926"
CPSEETF,EQ,2025-01-01,85.29,87.85,87.85,84.81,85.68,85.64,85.31,"8,44,060","7,20,03,342.04","11,842"
CPSEETF,EQ,2025-01-02,85.64,85.64,87.27,85.57,87.2,87.19,86.41,"13,68,855","11,82,87,261.31","11,340"
CPSEETF,EQ,2025-01-03,87.19,89.8,89.8,86.51,88.02,87.99,88.11,"15,25,704","13,44,24,284.81","12,876"
CPSEETF,EQ,2025-01-06,87.99,88.45,88.74,85.0,85.55,85.24,86.05,"19,06,409","16,40,41,609.74","27,903"
CPSEETF,EQ,2025-01-07,85.24,85.97,86.68,85.06,85.89,85.83,85.95,"11,95,034","10,27,08,295.96","11,991"
CPSEETF,EQ,2025-01-08,85.83,88.4,88.4,85.35,86.1,86.09,85.92,"12,19,063","10,47,43,860.02","9,821"
CPSEETF,EQ,2025-01-09,86.09,87.95,87.95,84.85,85.18,85.01,85.19,"12,06,501","10,27,78,848.26","15,924"
CPSEETF,EQ,2025-01-10,85.01,87.55,87.55,82.82,83.1,83.06,83.48,"19,97,918","16,67,82,376.83","22,711"
CPSEETF,EQ,2025-01-13,83.06,80.0,82.84,79.99,80.59,80.27,81.61,"60,51,808","49,38,62,103.41","31,687"
CPSEETF,EQ,2025-01-14,80.27,82.7,82.7,80.31,82.3,82.47,81.88,"17,24,077","14,11,62,800.04","11,577"
CPSEETF,EQ,2025-01-15,82.47,84.95,84.95,81.68,83.44,83.29,83.64,"19,44,707","16,26,64,681.77","11,099"
CPSEETF,EQ,2025-01-16,83.29,84.8,84.9,83.56,84.73,84.55,84.53,"10,74,449","9,08,22,075.65","8,877"
CPSEETF,EQ,2025-01-17,84.55,85.55,86.15,84.02,85.85,85.85,85.66,"14,05,774","12,04,15,701.03","9,481"
CPSEETF,EQ,2025-01-20,85.85,86.45,87.19,85.52,86.92,86.93,86.81,"16,72,704","14,52,09,544.64","12,304"
CPSEETF,EQ,2025-01-21,86.93,87.49,87.72,85.51,85.85,85.81,86.47,"76,14,202","65,84,14,507.61","12,602"
CPSEETF,EQ,2025-01-22,85.81,86.3,86.3,83.45,84.3,84.27,84.24,"16,21,953","13,66,30,623.77","16,202"
CPSEETF,EQ,2025-01-23,84.27,84.89,84.9,83.65,84.55,84.51,84.46,"7,26,936","6,13,98,704.81","8,400"
CPSEETF,EQ,2025-01-24,84.51,84.8,85.49,83.41,84.0,83.69,84.17,"13,58,978","11,43,87,916.51","10,691"
CPSEETF,EQ,2025-01-27,83.69,86.2,86.2,81.45,81.72,81.74,81.99,"18,25,332","14,96,65,439.42","22,439"
CPSEETF,EQ,2025-01-28,81.74,82.4,82.98,79.34,80.85,80.72,80.57,"41,77,576","33,65,99,359.32","19,344"
CPSEETF,EQ,2025-01-29,80.72,82.7,82.7,79.8,82.5,82.19,81.72,"23,02,046","18,81,18,272.20","10,791"
CPSEETF,EQ,2025-01-30,82.19,84.65,84.65,82.2,83.95,83.88,83.68,"32,41,108","27,12,02,747.76","9,082"
CPSEETF,EQ,2025-01-31,83.88,84.4,86.68,83.68,86.64,86.49,85.56,"39,33,931","33,65,93,547.94","12,235"
CPSEETF,EQ,2025-02-01,86.49,86.49,87.46,83.04,83.9,83.82,85.2,"42,46,923","36,18,24,839.59","18,162"
CPSEETF,EQ,2025-02-03,83.82,86.35,86.35,80.0,81.71,81.38,80.95,"53,48,391","43,29,27,378.86","33,689"
CPSEETF,EQ,2025-02-04,81.38,83.32,83.65,80.01,83.55,83.45,82.89,"29,57,831","24,51,89,364.06","10,333"
CPSEETF,EQ,2025-02-05,83.45,84.83,84.91,83.36,84.21,84.32,84.5,"13,79,753","11,65,92,683.11","10,837"
CPSEETF,EQ,2025-02-06,84.32,85.6,85.6,82.7,83.1,82.94,83.47,"15,91,560","13,28,44,864.38","14,886"
CPSEETF,EQ,2025-02-07,82.94,83.69,83.7,81.8,82.99,82.79,82.72,"13,85,084","11,45,72,114.33","11,156"
CPSEETF,EQ,2025-02-10,82.79,83.79,83.79,80.4,80.68,80.63,80.91,"34,11,940","27,60,76,713.73","28,509"
CPSEETF,EQ,2025-02-11,80.63,81.7,81.7,78.51,78.8,79.01,79.09,"57,10,121","45,16,39,314.89","23,637"
CPSEETF,EQ,2025-02-12,79.01,81.4,81.4,76.74,78.52,78.38,77.84,"29,81,213","23,20,58,923.25","20,156"
CPSEETF,EQ,2025-02-13,78.38,79.35,79.48,78.05,78.79,78.77,79.0,"18,45,414","14,57,84,873.45","9,654"
CPSEETF,EQ,2025-02-14,78.77,79.59,79.59,75.9,76.5,76.6,76.44,"1,12,80,156","86,22,92,080.33","21,753"
CPSEETF,EQ,2025-02-17,76.6,77.3,77.6,75.01,77.6,77.46,76.61,"36,47,478","27,94,41,393.62","14,179"
CPSEETF,EQ,2025-02-18,77.46,78.2,78.31,76.25,77.95,78.13,77.2,"25,23,827","19,48,42,010.68","10,749"
CPSEETF,EQ,2025-02-19,78.13,78.45,79.37,77.21,78.88,78.92,78.8,"14,77,608","11,64,36,122.71","8,099"
CPSEETF,EQ,2025-02-20,78.92,79.64,81.04,78.21,80.85,80.85,80.32,"48,21,557","38,72,80,865.56","9,908"
CPSEETF,EQ,2025-02-21,80.85,81.62,81.62,79.8,79.81,79.95,80.33,"37,33,421","29,99,19,068.85","10,547"
CPSEETF,EQ,2025-02-24,79.95,79.95,80.71,78.71,78.85,78.91,79.16,"10,97,038","8,68,37,488.06","12,298"
CPSEETF,EQ,2025-02-25,78.91,78.95,79.4,78.08,78.25,78.26,78.55,"8,98,977","7,06,13,041.96","10,101"
CPSEETF,EQ,2025-02-27,78.26,80.6,80.6,77.12,77.85,77.71,77.71,"8,99,929","6,99,33,093.80","11,333"
CPSEETF,EQ,2025-02-28,77.71,78.34,78.34,75.69,76.72,76.56,76.63,"18,08,218","13,85,71,274.45","16,734"
CPSEETF,EQ,2025-03-03,76.56,76.63,78.0,75.36,76.8,76.83,76.11,"15,96,422","12,15,06,231.68","16,772"
CPSEETF,EQ,2025-03-04,76.83,79.0,79.0,75.5,77.75,77.65,77.3,"15,84,739","12,24,96,968.58","9,124"
CPSEETF,EQ,2025-03-05,77.65,78.25,80.25,76.55,80.04,80.11,79.65,"21,59,433","17,19,88,902.04","10,415"
CPSEETF,EQ,2025-03-06,80.11,82.0,82.0,80.01,81.3,81.45,80.59,"47,52,884","38,30,45,738.43","11,040"
CPSEETF,EQ,2025-03-07,81.45,81.9,82.12,80.81,80.98,81.04,81.38,"16,72,675","13,61,18,653.01","9,718"
CPSEETF,EQ,2025-03-10,81.04,83.45,83.45,80.0,80.29,80.25,81.2,"27,11,015","22,01,45,344.47","12,948"
CPSEETF,EQ,2025-03-11,80.25,80.0,82.65,79.21,80.95,80.81,80.45,"14,54,124","11,69,83,962.01","7,321"
CPSEETF,EQ,2025-03-12,80.81,80.81,81.9,80.06,80.85,80.98,80.87,"15,90,569","12,86,29,373.13","9,056"
CPSEETF,EQ,2025-03-13,80.98,82.2,82.45,80.87,81.15,81.24,81.48,"15,33,487","12,49,53,769.45","8,283"
CPSEETF,EQ,2025-03-17,81.24,82.3,82.3,81.0,81.63,81.62,81.57,"20,64,043","16,83,73,063.60","12,868"
CPSEETF,EQ,2025-03-18,81.62,82.5,82.92,81.65,82.87,82.84,82.53,"18,57,960","15,33,39,902.72","8,168"
CPSEETF,EQ,2025-03-19,82.84,82.84,84.91,82.05,84.43,84.44,84.38,"59,88,688","50,53,05,271.83","10,676"
CPSEETF,EQ,2025-03-20,84.44,84.46,85.09,83.99,84.98,84.92,84.39,"59,93,468","50,57,98,826.53","10,661"
CPSEETF,EQ,2025-03-21,84.92,87.45,87.45,84.39,86.9,86.42,86.25,"57,36,067","49,47,16,517.63","12,659"
CPSEETF,EQ,2025-03-24,86.42,87.45,88.55,86.42,88.21,88.27,88.16,"49,53,847","43,67,44,636.49","16,055"
CPSEETF,EQ,2025-03-25,88.27,90.9,90.9,87.08,87.25,87.44,87.57,"46,36,010","40,59,64,132.97","12,671"
CPSEETF,EQ,2025-03-26,87.44,90.0,90.0,86.28,86.4,86.36,87.36,"16,86,571","14,73,36,474.12","9,611"
CPSEETF,EQ,2025-03-27,86.36,87.33,87.43,85.91,87.36,87.27,86.93,"21,43,432","18,63,18,593.90","8,347"
CPSEETF,EQ,2025-03-28,87.27,87.28,88.35,86.91,87.14,87.07,87.7,"20,91,302","18,34,13,627.60","10,109"
CPSEETF,EQ,2025-04-01,87.07,87.8,88.3,85.43,86.36,86.39,87.06,"31,84,706","27,72,57,216.86","14,588"
CPSEETF,EQ,2025-04-02,86.39,89.0,89.0,84.91,86.25,86.04,85.68,"24,14,031","20,68,31,205.43","12,320"
CPSEETF,EQ,2025-04-03,86.04,88.5,88.5,85.56,87.44,87.26,86.82,"18,62,408","16,16,91,408.83","8,535"
CPSEETF,EQ,2025-04-04,87.26,84.65,87.7,84.1,84.54,84.52,85.08,"27,86,317","23,70,66,861.85","17,653"
CPSEETF,EQ,2025-04-07,84.52,87.05,87.05,74.9,82.0,82.0,81.25,"40,31,921","32,75,98,186.88","24,780"
CPSEETF,EQ,2025-04-08,82.0,84.45,84.98,82.0,84.3,84.09,83.88,"15,06,636","12,63,73,537.15","9,566"
CPSEETF,EQ,2025-04-09,84.09,86.5,86.5,81.55,83.7,83.56,83.78,"10,59,644","8,87,75,481.18","7,897"
CPSEETF,EQ,2025-04-11,83.56,86.0,86.16,83.61,86.05,86.09,85.74,"18,20,379","15,60,83,824.58","11,981"
CPSEETF,EQ,2025-04-15,86.09,88.0,88.0,85.1,87.48,87.39,87.56,"27,61,707","24,18,09,474.39","13,873"
CPSEETF,EQ,2025-04-16,87.39,88.6,88.6,87.0,87.9,87.85,87.61,"15,16,300","13,28,45,534.14","7,779"
CPSEETF,EQ,2025-04-17,87.85,88.26,88.65,87.19,88.5,88.52,88.17,"29,45,814","25,97,30,902.78","10,089"
CPSEETF,EQ,2025-04-21,88.52,89.25,90.64,88.49,90.3,90.4,90.13,"49,80,364","44,89,01,958.73","15,291"
CPSEETF,EQ,2025-04-22,90.4,91.4,91.4,89.73,89.83,89.79,90.21,"17,90,420","16,15,18,269.10","11,324"
CPSEETF,EQ,2025-04-23,89.79,90.7,90.78,88.93,90.25,90.44,90.0,"18,51,329","16,66,17,558.37","8,455"
CPSEETF,EQ,2025-04-24,90.44,92.2,92.2,89.89,90.15,90.13,90.15,"15,36,505","13,85,17,130.89","8,103"
CPSEETF,EQ,2025-04-25,90.13,90.65,90.73,87.41,88.1,88.22,88.57,"30,93,380","27,39,93,418.78","16,067"
CPSEETF,EQ,2025-04-28,88.22,90.0,90.0,87.7,89.48,89.5,89.42,"21,71,126","19,41,39,153.99","11,078"
CPSEETF,EQ,2025-04-29,89.5,87.7,90.3,86.81,89.26,89.16,89.59,"12,39,350","11,10,34,881.20","8,018"
CPSEETF,EQ,2025-04-30,89.16,91.0,91.0,88.36,88.45,88.63,89.14,"10,33,883","9,21,62,398.97","7,996"
CPSEETF,EQ,2025-05-02,88.63,91.29,91.29,87.64,87.9,87.94,88.39,"15,88,610","14,04,11,409.68","14,299"
CPSEETF,EQ,2025-05-05,87.94,90.0,90.0,87.1,88.4,88.25,88.22,"10,67,735","9,41,97,853.50","11,264"
CPSEETF,EQ,2025-05-06,88.25,89.7,90.0,86.55,86.94,86.88,87.06,"24,74,953","21,54,68,470.59","13,183"
CPSEETF,EQ,2025-05-07,86.88,88.66,88.66,85.88,87.62,87.53,87.36,"16,95,597","14,81,19,068.67","8,346"
CPSEETF,EQ,2025-05-08,87.53,88.0,89.28,86.02,86.4,86.53,87.31,"15,18,591","13,25,87,725.12","8,840"
CPSEETF,EQ,2025-05-09,86.53,89.13,89.13,85.0,86.35,86.29,86.16,"23,04,076","19,85,15,438.66","11,910"
CPSEETF,EQ,2025-05-12,86.29,88.88,89.45,87.26,89.4,89.36,88.93,"22,13,311","19,68,33,025.76","13,770"
CPSEETF,EQ,2025-05-13,89.36,89.86,89.98,88.31,89.03,88.92,89.33,"13,13,485","11,73,30,126.64","8,778"
CPSEETF,EQ,2025-05-14,88.92,90.03,90.35,88.94,90.08,90.01,89.93,"23,41,903","21,06,02,766.08","11,063"
CPSEETF,EQ,2025-05-15,90.01,90.84,91.13,89.2,90.85,91.01,90.53,"34,61,011","31,33,38,539.32","10,742"
CPSEETF,EQ,2025-05-16,91.01,88.28,92.8,88.28,92.4,92.44,92.27,"45,62,893","42,09,97,662.47","13,761"
CPSEETF,EQ,2025-05-19,92.44,93.0,93.53,92.24,92.71,92.74,92.98,"36,31,685","33,76,87,867.20","13,079"
CPSEETF,EQ,2025-05-20,92.74,92.74,93.6,91.75,92.08,91.9,92.65,"66,07,989","61,22,57,276.10","11,909"
CPSEETF,EQ,2025-05-21,91.9,92.65,93.39,91.9,92.93,92.92,92.85,"18,16,663","16,86,70,078.88","8,231"
CPSEETF,EQ,2025-05-22,92.92,94.0,94.0,91.4,92.2,92.1,92.06,"22,55,914","20,76,85,850.45","15,408"
CPSEETF,EQ,2025-05-23,92.1,92.7,92.82,91.88,92.7,92.68,92.6,"12,14,674","11,24,84,274.19","7,162"
CPSEETF,EQ,2025-05-26,92.68,93.84,93.84,92.71,92.76,92.76,93.07,"15,77,797","14,68,52,968.43","10,769"
CPSEETF,EQ,2025-05-27,92.76,93.39,93.39,92.05,92.51,92.45,92.44,"7,93,519","7,33,54,335.74","7,950"
CPSEETF,EQ,2025-05-28,92.45,93.19,93.19,92.29,92.3,92.34,92.49,"7,76,335","7,18,05,399.71","7,142"
CPSEETF,EQ,2025-05-29,92.34,93.5,93.5,92.05,92.53,92.47,92.42,"9,42,053","8,70,65,238.79","6,591"
CPSEETF,EQ,2025-05-30,92.47,93.51,93.53,91.4,91.7,91.56,91.91,"14,19,818","13,05,01,247.91","11,593"
CPSEETF,EQ,2025-06-02,91.56,92.39,92.39,88.95,91.8,91.8,91.7,"9,94,627","9,12,03,670.30","11,379"
CPSEETF,EQ,2025-06-03,91.8,93.0,93.0,90.7,91.05,91.03,91.36,"10,70,667","9,78,10,896.00","10,824"
CPSEETF,EQ,2025-06-04,91.03,93.3,93.3,90.75,91.5,91.52,91.16,"9,71,298","8,85,43,050.53","7,208"
CPSEETF,EQ,2025-06-05,91.52,93.5,93.5,91.02,92.41,92.41,92.13,"13,19,165","12,15,38,456.39","8,356"
CPSEETF,EQ,2025-06-06,92.41,92.8,94.72,90.09,92.85,92.92,92.81,"23,13,554","21,47,20,273.67","8,715"
CPSEETF,EQ,2025-06-09,92.92,90.59,93.93,90.58,93.79,93.8,93.69,"21,59,170","20,22,92,595.55","12,143"
CPSEETF,EQ,2025-06-10,93.8,94.0,94.55,93.8,94.14,94.09,94.17,"13,12,762","12,36,26,796.13","9,911"
CPSEETF,EQ,2025-06-11,94.09,94.09,95.0,91.73,93.79,93.79,94.28,"14,25,914","13,44,40,691.41","8,612"
CPSEETF,EQ,2025-06-12,93.79,92.3,95.0,92.3,92.44,92.48,93.37,"15,98,831","14,92,77,903.15","12,728"
CPSEETF,EQ,2025-06-13,92.48,92.0,92.93,90.0,92.75,92.64,92.45,"17,84,706","16,49,98,366.55","9,916"
CPSEETF,EQ,2025-06-16,92.64,92.0,94.49,92.0,93.86,93.82,93.29,"16,85,875","15,72,73,396.32","11,623"
CPSEETF,EQ,2025-06-17,93.82,96.16,96.16,93.13,93.3,93.34,93.66,"15,58,008","14,59,24,385.62","7,893"
CPSEETF,EQ,2025-06-18,93.34,93.7,93.79,92.5,92.69,92.69,92.92,"9,72,837","9,03,99,010.90","8,324"
CPSEETF,EQ,2025-06-19,92.69,95.0,95.0,91.2,91.75,92.04,92.22,"10,98,621","10,13,13,844.49","7,930"
CPSEETF,EQ,2025-06-20,92.04,89.73,93.99,89.73,93.31,93.52,93.05,"18,63,484","17,33,97,461.30","7,383"
CPSEETF,EQ,2025-06-23,93.52,91.18,94.6,91.18,94.48,94.42,94.08,"22,52,640","21,19,28,946.80","10,644"
CPSEETF,EQ,2025-06-24,94.42,92.05,95.0,92.05,93.5,93.34,93.61,"18,23,744","17,07,15,719.80","11,402"
CPSEETF,EQ,2025-06-25,93.34,92.87,95.67,92.86,93.08,92.98,93.16,"12,04,844","11,22,39,132.60","7,918"
CPSEETF,EQ,2025-06-26,92.98,92.24,94.05,92.24,93.53,93.54,93.13,"13,09,098","12,19,21,263.89","9,148"
CPSEETF,EQ,2025-06-27,93.54,91.2,94.35,90.73,94.14,94.02,94.07,"13,92,344","13,09,76,244.39","7,443"
CPSEETF,EQ,2025-06-30,94.02,93.63,94.71,92.86,94.11,94.23,94.07,"12,39,843","11,66,29,122.23","9,815"
CPSEETF,EQ,2025-07-01,94.23,94.6,94.79,93.51,94.24,94.21,94.45,"11,24,879","10,62,45,674.59","8,739"
CPSEETF,EQ,2025-07-02,94.21,91.85,95.08,91.85,93.5,93.58,93.83,"25,19,432","23,64,00,318.02","10,380"
CPSEETF,EQ,2025-07-03,93.58,95.91,95.91,93.41,93.8,93.71,93.84,"7,22,703","6,78,20,054.27","7,159"
CPSEETF,EQ,2025-07-04,93.71,92.55,94.29,92.55,93.98,93.91,93.83,"7,19,222","6,74,86,825.64","7,288"
CPSEETF,EQ,2025-07-07,93.91,93.1,95.8,93.1,93.4,93.28,93.36,"20,29,197","18,94,51,940.51","12,372"
CPSEETF,EQ,2025-07-08,93.28,95.0,95.0,93.01,94.15,94.15,93.97,"15,62,174","14,67,91,626.38","6,169"
CPSEETF,EQ,2025-07-09,94.15,94.15,94.65,93.65,94.33,94.29,94.35,"9,05,464","8,54,31,572.16","6,158"
CPSEETF,EQ,2025-07-10,94.29,94.33,94.99,93.51,93.75,93.69,93.98,"6,51,311","6,12,08,248.01","8,265"
CPSEETF,EQ,2025-07-11,93.69,94.6,94.6,93.01,93.35,93.32,93.37,"6,23,734","5,82,40,420.55","7,508"
CPSEETF,EQ,2025-07-14,93.32,95.65,95.65,93.01,93.44,93.4,93.4,"7,93,931","7,41,51,728.48","8,376"
CPSEETF,EQ,2025-07-15,93.4,95.8,95.8,93.3,93.6,93.58,93.63,"7,33,137","6,86,44,285.66","6,709"
CPSEETF,EQ,2025-07-16,93.58,94.05,94.05,91.62,93.45,93.43,93.49,"6,72,683","6,28,87,664.17","6,626"
CPSEETF,EQ,2025-07-17,93.43,94.99,94.99,91.94,93.27,93.32,93.52,"25,50,779","23,85,54,484.41","6,019"
CPSEETF,EQ,2025-07-18,93.32,95.04,95.04,90.98,92.74,92.75,93.07,"7,07,890","6,58,82,539.14","7,718"
CPSEETF,EQ,2025-07-21,92.75,94.99,94.99,92.23,93.14,93.09,92.89,"6,87,095","6,38,25,709.99","8,353"
CPSEETF,EQ,2025-07-22,93.09,94.13,94.13,92.77,93.26,93.33,93.23,"8,97,099","8,36,33,242.67","6,532"
CPSEETF,EQ,2025-07-23,93.33,93.26,95.0,90.53,93.55,93.47,93.38,"8,88,035","8,29,28,266.61","5,678"
CPSEETF,EQ,2025-07-24,93.47,93.45,94.5,92.01,92.87,92.87,92.93,"6,67,205","6,20,05,148.68","9,172"
CPSEETF,EQ,2025-07-25,92.87,93.6,93.6,91.1,91.65,91.22,91.72,"14,31,360","13,12,88,111.88","14,990"
CPSEETF,EQ,2025-07-28,91.22,91.2,93.25,90.56,90.9,90.83,91.14,"9,19,086","8,37,64,184.26","10,475"
CPSEETF,EQ,2025-07-29,90.83,90.0,93.1,89.7,91.48,91.22,90.75,"7,38,043","6,69,75,566.37","6,870"
CPSEETF,EQ,2025-07-30,91.22,88.93,91.95,88.93,91.2,91.13,91.48,"5,26,356","4,81,51,729.58","5,208"
CPSEETF,EQ,2025-07-31,91.13,93.86,93.86,90.0,90.55,90.58,90.95,"8,03,506","7,30,75,210.40","6,631"
CPSEETF,EQ,2025-08-01,90.58,91.0,91.0,89.5,89.65,89.66,89.91,"6,68,258","6,00,81,996.76","11,832"
CPSEETF,EQ,2025-08-04,89.66,90.85,91.9,89.0,90.3,90.09,89.94,"5,91,311","5,31,82,473.38","10,473"
CPSEETF,EQ,2025-08-05,90.09,89.63,91.34,89.59,90.01,90.11,90.05,"5,31,317","4,78,45,951.15","7,790"
CPSEETF,EQ,2025-08-06,90.11,88.0,90.7,88.0,90.07,90.02,90.18,"5,84,834","5,27,42,915.44","5,731"
CPSEETF,EQ,2025-08-07,90.02,90.0,91.08,89.0,89.97,89.82,89.64,"7,70,067","6,90,26,205.47","7,775"
CPSEETF,EQ,2025-08-08,89.82,91.08,91.08,89.0,89.79,89.81,89.9,"5,55,827","4,99,67,242.92","5,863"
CPSEETF,EQ,2025-08-11,89.81,91.08,91.08,89.52,89.99,90.02,89.91,"5,48,502","4,93,14,998.42","9,354"
CPSEETF,EQ,2025-08-12,90.02,87.76,91.08,87.76,90.33,90.31,90.32,"7,94,654","7,17,70,136.88","5,627"
CPSEETF,EQ,2025-08-13,90.31,89.8,91.2,89.8,91.03,91.08,91.0,"8,89,179","8,09,11,608.40","5,084"
CPSEETF,EQ,2025-08-14,91.08,93.35,93.35,88.8,90.49,90.5,90.47,"5,72,835","5,18,23,612.49","6,512"
CPSEETF,EQ,2025-08-18,90.5,91.5,91.85,87.79,90.7,90.58,90.77,"6,86,111","6,22,77,961.49","9,918"
CPSEETF,EQ,2025-08-19,90.58,92.0,92.0,88.31,90.39,90.31,90.34,"3,45,855","3,12,44,635.89","5,460"
CPSEETF,EQ,2025-08-20,90.31,90.31,91.97,90.2,90.39,90.34,90.37,"6,85,902","6,19,86,008.76","5,477"
CPSEETF,EQ,2025-08-21,90.34,91.8,92.0,88.08,90.05,89.97,90.31,"5,79,333","5,23,19,859.99","6,576"
CPSEETF,EQ,2025-08-22,89.97,90.01,91.5,88.37,89.7,89.57,89.77,"3,60,470","3,23,60,489.66","6,186"
CPSEETF,EQ,2025-08-25,89.57,87.33,91.71,87.33,89.75,89.64,89.7,"7,08,838","6,35,81,446.88","7,368"
CPSEETF,EQ,2025-08-26,89.64,88.0,91.0,88.0,88.69,88.56,88.79,"6,09,093","5,40,79,448.34","9,815"
CPSEETF,EQ,2025-08-28,88.56,88.0,88.99,87.61,88.0,87.87,88.03,"6,95,201","6,12,01,321.86","9,844"
CPSEETF,EQ,2025-08-29,87.87,86.5,88.2,85.67,87.89,87.83,87.71,"7,10,965","6,23,61,587.75","6,917"
CPSEETF,EQ,2025-09-01,87.83,90.46,90.46,86.51,89.17,89.02,88.61,"7,18,050","6,36,24,769.66","9,138"
CPSEETF,EQ,2025-09-02,89.02,90.0,90.9,88.31,90.07,90.09,90.35,"9,52,929","8,60,94,207.04","6,209"
CPSEETF,EQ,2025-09-03,90.09,87.83,91.08,87.83,90.2,90.22,90.3,"5,25,635","4,74,65,875.16","5,849"
CPSEETF,EQ,2025-09-04,90.22,90.34,91.83,89.4,89.63,89.49,89.88,"6,53,041","5,86,94,654.21","6,860"
CPSEETF,EQ,2025-09-05,89.49,90.3,90.58,87.25,89.55,89.36,89.36,"4,48,850","4,01,08,454.87","6,951"
CPSEETF,EQ,2025-09-08,89.36,90.81,90.81,88.29,88.7,88.93,89.39,"4,89,420","4,37,50,288.84","9,481"
CPSEETF,EQ,2025-09-09,88.93,86.7,90.57,86.26,88.97,88.75,88.86,"6,83,169","6,07,08,303.16","6,499"
CPSEETF,EQ,2025-09-10,88.75,88.08,90.15,86.53,89.99,89.85,89.76,"12,22,854","10,97,60,387.40","8,816"
CPSEETF,EQ,2025-09-11,89.85,88.81,90.99,88.68,90.67,90.68,90.67,"10,46,965","9,49,32,762.57","6,612"
CPSEETF,EQ,2025-09-12,90.68,91.35,91.7,88.41,91.58,91.53,91.31,"11,60,055","10,59,24,096.33","21,444"
CPSEETF,EQ,2025-09-15,91.53,89.24,92.08,89.24,91.56,91.56,91.78,"9,30,349","8,53,86,319.90","8,598"
CPSEETF,EQ,2025-09-16,91.56,92.25,92.82,89.27,92.65,92.7,92.5,"34,17,273","31,60,98,092.38","12,202"
CPSEETF,EQ,2025-09-17,92.7,93.33,93.52,89.92,93.37,93.43,93.36,"28,47,403","26,58,35,931.92","7,228"
CPSEETF,EQ,2025-09-18,93.43,93.97,94.0,92.5,93.0,92.9,92.93,"11,38,600","10,58,11,892.64","8,745"
CPSEETF,EQ,2025-09-19,92.9,92.9,93.38,92.0,93.1,93.02,93.06,"8,19,163","7,62,31,628.57","5,596"
CPSEETF,EQ,2025-09-22,93.02,93.2,93.43,92.29,93.0,93.03,93.07,"11,47,969","10,68,41,517.69","18,660"
CPSEETF,EQ,2025-09-23,93.03,93.05,93.5,92.26,93.2,93.16,92.94,"25,67,392","23,86,19,307.69","6,012"
CPSEETF,EQ,2025-09-24,93.16,90.83,93.74,90.83,93.15,93.32,93.44,"16,42,412","15,34,69,046.08","22,409"
CPSEETF,EQ,2025-09-25,93.32,93.78,94.3,92.5,93.0,92.86,93.71,"13,59,555","12,74,10,565.44","16,683"
CPSEETF,EQ,2025-09-26,92.86,90.07,93.33,90.07,91.77,91.76,92.17,"25,71,986","23,70,68,997.93","15,176"
CPSEETF,EQ,2025-09-29,91.76,91.7,93.08,91.0,92.5,92.16,92.52,"8,56,466","7,92,41,936.34","7,581"
CPSEETF,EQ,2025-09-30,92.16,92.7,93.06,92.02,92.31,92.35,92.55,"5,08,694","4,70,81,031.14","5,416"
CPSEETF,EQ,2025-10-01,92.35,92.35,93.5,92.21,92.99,92.74,92.89,"8,93,109","8,29,57,117.30","6,522"
CPSEETF,EQ,2025-10-03,92.74,91.5,93.75,91.5,93.55,93.69,93.14,"15,89,109","14,80,10,993.58","8,147"
CPSEETF,EQ,2025-10-06,93.69,91.34,93.97,91.34,93.45,93.4,93.27,"10,10,750","9,42,68,707.43","10,902"
CPSEETF,EQ,2025-10-07,93.4,93.96,94.35,90.6,93.85,93.74,93.98,"14,72,214","13,83,56,246.29","7,119"
CPSEETF,EQ,2025-10-08,93.74,94.14,94.67,92.3,92.5,92.44,92.9,"8,67,031","8,05,43,136.66","9,835"
CPSEETF,EQ,2025-10-09,92.44,92.5,92.95,91.9,92.9,92.81,92.45,"13,29,235","12,28,87,062.50","8,677"
CPSEETF,EQ,2025-10-10,92.81,93.33,93.95,92.64,93.52,93.59,93.66,"9,91,072","9,28,23,114.89","6,989"
CPSEETF,EQ,2025-10-13,93.59,94.0,94.0,92.5,93.11,93.03,92.97,"12,78,828","11,88,95,659.59","9,541"
CPSEETF,EQ,2025-10-14,93.03,93.6,93.8,92.36,92.36,92.39,93.03,"7,88,258","7,33,35,092.18","6,453"
CPSEETF,EQ,2025-10-15,92.39,92.88,93.92,92.4,93.55,93.55,93.51,"9,25,123","8,65,04,647.26","6,039"
CPSEETF,EQ,2025-10-16,93.55,93.92,94.0,93.51,93.9,93.91,93.87,"10,81,147","10,14,85,911.82","5,423"
CPSEETF,EQ,2025-10-17,93.91,94.4,94.4,93.27,93.8,93.77,93.82,"10,56,677","9,91,36,846.70","5,812"
CPSEETF,EQ,2025-10-20,93.77,94.14,94.37,93.72,94.05,94.0,93.98,"11,83,344","11,12,05,187.09","8,114"
CPSEETF,EQ,2025-10-21,94.0,96.0,96.0,91.65,94.05,94.09,94.14,"5,03,020","4,73,55,256.19","4,605"
CPSEETF,EQ,2025-10-23,94.09,92.0,94.92,92.0,94.42,94.48,94.63,"15,31,536","14,49,25,862.65","9,860"
CPSEETF,EQ,2025-10-24,94.48,92.11,95.09,92.11,94.6,94.57,94.75,"11,71,786","11,10,27,891.54","6,514"
CPSEETF,EQ,2025-10-27,94.57,95.49,95.49,94.39,94.62,94.55,94.66,"9,79,282","9,27,03,551.04","8,711"
CPSEETF,EQ,2025-10-28,94.55,94.99,94.99,93.42,93.91,93.82,94.06,"7,46,252","7,01,94,270.74","7,595"
CPSEETF,EQ,2025-10-29,93.82,91.01,95.3,91.01,95.05,94.77,94.82,"21,53,672","20,42,15,720.36","6,397"
CPSEETF,EQ,2025-10-30,94.77,95.5,95.51,94.16,94.99,94.83,94.59,"9,34,057","8,83,55,896.72","5,422"
CPSEETF,EQ,2025-10-31,94.83,95.0,95.0,94.12,94.69,94.65,94.49,"8,55,452","8,08,35,549.54","6,123"
CPSEETF,EQ,2025-11-03,94.65,94.78,95.0,94.0,94.5,94.37,94.5,"7,56,015","7,14,40,032.82","10,177"
CPSEETF,EQ,2025-11-04,94.37,94.86,94.86,90.6,93.24,93.13,93.45,"7,81,113","7,29,92,917.76","9,444"
CPSEETF,EQ,2025-11-06,93.13,93.36,93.36,91.61,91.85,91.77,92.06,"11,44,617","10,53,72,239.35","13,685"
CPSEETF,EQ,2025-11-07,91.77,92.05,92.29,91.0,92.12,92.05,91.34,"24,43,923","22,32,20,941.18","7,744"
CPSEETF,EQ,2025-11-10,92.05,89.74,92.76,89.74,92.4,92.35,92.45,"6,87,652","6,35,76,760.19","8,178"
CPSEETF,EQ,2025-11-11,92.35,94.65,94.65,91.81,92.95,92.82,92.57,"7,83,399","7,25,17,985.88","6,028"
CPSEETF,EQ,2025-11-12,92.82,93.03,93.55,92.55,93.06,93.03,93.2,"7,30,544","6,80,88,963.14","5,888"
CPSEETF,EQ,2025-11-13,93.03,92.43,93.26,92.32,92.72,92.56,92.73,"7,10,986","6,59,27,873.36","6,834"
CPSEETF,EQ,2025-11-14,92.56,92.6,93.55,92.56,93.28,93.4,93.11,"9,06,131","8,43,73,300.37","5,394"
CPSEETF,EQ,2025-11-17,93.4,93.78,93.9,93.33,93.69,93.6,93.62,"7,79,247","7,29,50,163.43","8,173"
CPSEETF,EQ,2025-11-18,93.6,93.92,95.48,91.81,93.1,93.09,93.37,"6,29,828","5,88,08,305.02","5,559"
CPSEETF,EQ,2025-11-19,93.09,93.49,93.78,92.53,93.1,93.06,92.93,"5,08,819","4,72,86,988.19","4,819"
CPSEETF,EQ,2025-11-20,93.06,93.16,93.81,93.08,93.24,93.23,93.52,"7,42,139","6,94,05,902.33","5,496"
CPSEETF,EQ,2025-11-21,93.23,95.56,95.56,92.52,92.65,92.6,92.79,"4,35,490","4,04,08,230.94","5,948"
CPSEETF,EQ,2025-11-24,92.6,90.85,93.14,89.82,91.51,91.47,91.78,"7,33,383","6,73,08,433.77","10,055"
CPSEETF,EQ,2025-11-25,91.47,91.41,91.94,91.32,91.35,91.47,91.74,"11,58,237","10,62,61,794.83","5,603"
CPSEETF,EQ,2025-11-26,91.47,91.88,92.46,91.36,92.26,92.34,92.2,"9,47,151","8,73,25,522.96","4,960"
CPSEETF,EQ,2025-11-27,92.34,91.3,92.73,91.3,92.04,91.97,92.14,"4,63,912","4,27,42,876.36","5,637"
CPSEETF,EQ,2025-11-28,91.97,91.97,93.0,91.01,91.62,91.56,91.65,"5,71,211","5,23,53,518.51","7,092"
CPSEETF,EQ,2025-12-01,91.56,92.21,92.21,91.0,91.98,91.96,91.9,"6,75,715","6,20,97,936.34","8,837"
CPSEETF,EQ,2025-12-02,91.96,89.66,92.19,89.66,91.63,91.54,91.69,"7,78,591","7,13,86,674.38","6,669"
CPSEETF,EQ,2025-12-03,91.54,91.72,91.95,90.3,90.8,90.71,90.61,"9,12,568","8,26,92,227.47","10,773"
CPSEETF,EQ,2025-12-04,90.71,90.3,91.69,90.3,91.05,90.95,90.77,"6,75,126","6,12,84,308.54","6,007"
CPSEETF,EQ,2025-12-05,90.95,91.12,91.25,90.41,91.1,90.96,90.94,"6,43,166","5,84,88,003.29","7,111"
CPSEETF,EQ,2025-12-08,90.96,91.17,91.35,89.02,89.46,89.3,89.62,"12,80,128","11,47,22,694.29","15,651"
CPSEETF,EQ,2025-12-09,89.3,89.3,89.72,88.0,89.55,89.6,89.11,"8,89,023","7,92,18,810.95","8,839"
CPSEETF,EQ,2025-12-10,89.6,89.92,90.5,89.31,89.67,89.69,89.7,"5,67,415","5,08,97,864.62","7,157"
CPSEETF,EQ,2025-12-11,89.69,89.69,90.21,89.12,89.5,89.44,89.56,"11,56,635","10,35,86,829.35","7,210"
CPSEETF,EQ,2025-12-12,89.44,89.79,90.1,88.4,89.59,89.58,89.67,"4,93,029","4,42,07,632.16","5,964"
CPSEETF,EQ,2025-12-15,89.58,89.99,90.49,87.34,89.49,89.48,89.3,"7,04,700","6,29,30,132.91","8,836"
CPSEETF,EQ,2025-12-16,89.48,88.51,89.98,88.51,88.73,88.86,88.84,"5,78,048","5,13,55,531.34","8,776"
CPSEETF,EQ,2025-12-17,88.86,89.64,89.64,88.5,88.73,88.73,88.73,"4,33,374","3,84,54,816.64","6,004"
CPSEETF,EQ,2025-12-18,88.73,86.7,89.14,86.7,88.29,88.27,88.17,"5,59,603","4,93,38,295.11","8,709"
CPSEETF,EQ,2025-12-19,88.27,88.2,89.34,86.06,89.28,89.24,88.88,"5,39,796","4,79,74,546.27","5,616"
CPSEETF,EQ,2025-12-22,89.24,89.9,90.02,89.01,90.01,89.96,89.76,"11,13,518","9,99,49,038.29","8,208"
CPSEETF,EQ,2025-12-23,89.96,90.12,91.53,89.91,91.15,91.16,91.09,"25,59,822","23,31,82,523.26","8,337"
CPSEETF,EQ,2025-12-24,91.16,88.88,91.98,88.88,91.2,91.18,91.5,"14,78,520","13,52,84,749.79","6,414"
CPSEETF,EQ,2025-12-26,91.18,92.0,92.0,90.9,91.15,91.1,91.41,"13,56,211","12,39,65,273.07","8,398"
CPSEETF,EQ,2025-12-29,91.1,88.82,91.88,88.82,90.33,90.27,90.48,"26,44,727","23,93,04,120.87","10,174"
CPSEETF,EQ,2025-12-30,90.27,91.0,91.03,89.98,90.41,90.32,90.19,"8,68,872","7,83,61,969.20","6,024"
CPSEETF,EQ,2025-12-31,90.32,88.06,91.81,88.05,91.68,91.75,91.56,"24,04,704","22,01,71,488.08","6,412"
CPSEETF,EQ,2026-01-01,91.75,91.75,92.3,91.45,91.9,91.94,91.86,"7,39,939","6,79,70,759.84","6,701"
CPSEETF,EQ,2026-01-02,91.94,94.23,94.9,91.0,94.8,94.73,93.8,"60,69,641","56,93,36,710.31","13,559"
CPSEETF,EQ,2026-01-05,94.73,94.77,95.5,94.53,94.82,94.9,94.99,"29,84,005","28,34,41,791.55","13,886"
CPSEETF,EQ,2026-01-06,94.9,92.52,95.3,91.0,94.82,94.87,94.9,"47,25,812","44,84,80,428.74","8,162"
CPSEETF,EQ,2026-01-07,94.87,94.87,94.99,94.02,94.45,94.44,94.36,"12,67,855","11,96,30,073.11","8,072"
CPSEETF,EQ,2026-01-08,94.44,94.35,95.83,90.83,92.8,92.59,93.3,"13,09,619","12,21,82,200.15","10,112"
CPSEETF,EQ,2026-01-09,92.59,93.29,95.0,92.14,92.56,92.51,93.15,"12,08,438","11,25,66,415.14","7,304"
CPSEETF,EQ,2026-01-12,92.51,90.19,93.39,90.19,93.24,93.15,92.57,"12,24,369","11,33,40,165.15","10,714"
CPSEETF,EQ,2026-01-13,93.15,93.15,93.99,92.65,93.3,93.4,93.3,"12,26,348","11,44,16,571.11","6,702"
CPSEETF,EQ,2026-01-14,93.4,95.73,95.73,93.21,94.68,94.55,94.71,"25,88,682","24,51,82,060.53","7,367"
CPSEETF,EQ,2026-01-16,94.55,94.66,95.19,93.21,93.88,93.84,94.17,"10,44,318","9,83,47,317.61","10,675"
CPSEETF,EQ,2026-01-19,93.84,94.4,94.8,93.12,93.2,93.24,93.54,"9,10,125","8,51,34,342.60","9,326"
CPSEETF,EQ,2026-01-20,93.24,93.7,93.7,91.52,91.83,91.72,92.45,"12,83,084","11,86,16,153.70","10,164"
CPSEETF,EQ,2026-01-21,91.72,92.44,92.65,90.82,91.58,91.52,91.56,"10,63,008","9,73,33,177.35","8,345"
CPSEETF,EQ,2026-01-22,91.52,91.56,93.6,91.0,93.6,93.41,93.07,"85,67,550","79,73,48,703.46","14,069"
CPSEETF,EQ,2026-01-23,93.41,93.06,93.43,91.07,92.2,92.18,92.34,"45,07,124","41,61,90,985.28","14,176"
CPSEETF,EQ,2026-01-27,92.18,92.18,93.8,91.7,93.8,93.41,93.01,"31,80,486","29,58,18,788.08","13,117"
CPSEETF,EQ,2026-01-28,93.41,93.8,99.0,93.04,98.6,98.08,96.6,"99,32,538","95,94,66,076.50","21,339"
CPSEETF,EQ,2026-01-29,98.08,98.36,99.58,98.08,99.0,99.28,98.91,"95,88,520","94,84,35,907.35","19,227"
CPSEETF,EQ,2026-01-30,99.28,98.91,99.0,97.4,98.15,98.19,98.18,"58,99,969","57,92,43,848.61","23,662"
CPSEETF,EQ,2026-02-01,98.19,98.19,99.9,93.0,94.5,94.65,95.71,"70,92,669","67,88,31,167.70","28,197"
CPSEETF,EQ,2026-02-02,94.65,95.71,96.69,92.9,96.4,95.89,94.93,"50,35,603","47,80,27,600.94","16,110"
CPSEETF,EQ,2026-02-03,95.89,98.29,99.74,96.58,97.95,98.01,97.64,"27,68,790","27,03,47,360.27","12,955"
CPSEETF,EQ,2026-02-04,98.01,97.64,100.39,97.64,99.97,99.91,99.91,"47,77,562","47,73,37,768.20","15,955"
CPSEETF,EQ,2026-02-05,99.91,99.91,102.4,97.64,99.56,99.79,99.78,"31,82,572","31,75,50,308.81","11,383"
CPSEETF,EQ,2026-02-06,99.79,97.29,100.12,97.29,99.85,99.82,99.37,"23,77,873","23,62,78,038.50","8,858"
CPSEETF,EQ,2026-02-09,99.82,99.82,102.31,99.72,99.9,99.88,100.06,"27,20,010","27,21,61,134.99","12,416"
CPSEETF,EQ,2026-02-10,99.88,101.1,101.1,98.5,100.16,100.36,100.3,"20,32,037","20,38,07,316.81","9,226"
CPSEETF,EQ,2026-02-11,100.36,100.25,101.14,97.2,100.5,100.55,100.11,"19,40,638","19,42,67,810.40","9,186"
CPSEETF,EQ,2026-02-12,100.55,100.55,101.4,99.88,100.47,100.44,100.55,"15,38,170","15,46,62,408.68","8,778"
CPSEETF,EQ,2026-02-13,100.44,100.45,100.98,98.3,98.55,98.51,99.05,"18,34,638","18,17,15,398.18","12,835"
CPSEETF,EQ,2026-02-16,98.51,98.91,100.97,96.5,100.54,100.45,100.1,"42,10,796","42,14,98,629.64","13,143"
CPSEETF,EQ,2026-02-17,100.45,100.45,101.17,100.09,100.6,101.05,100.74,"22,00,503","22,16,78,670.72","8,638"
CPSEETF,EQ,2026-02-18,101.05,99.5,101.69,99.0,100.72,100.78,100.95,"29,65,670","29,93,87,976.89","10,116"
CPSEETF,EQ,2026-02-19,100.78,103.29,103.29,100.0,100.05,100.32,100.81,"24,17,498","24,37,13,648.97","9,667"
CPSEETF,EQ,2026-02-20,100.32,100.32,101.99,100.27,101.43,101.63,101.44,"20,66,552","20,96,41,314.41","9,107"
CPSEETF,EQ,2026-02-23,101.63,101.63,105.0,101.35,101.85,101.94,101.69,"25,23,219","25,65,86,738.56","10,667"
CPSEETF,EQ,2026-02-24,101.94,101.95,102.91,101.32,102.89,102.67,101.97,"59,91,380","61,09,17,049.43","17,170"
CPSEETF,EQ,2026-02-25,102.67,101.96,103.5,100.03,103.32,103.32,103.23,"24,19,633","24,97,69,772.12","9,783"
CPSEETF,EQ,2026-02-26,103.32,103.32,105.0,102.65,103.35,103.27,103.11,"13,84,594","14,27,63,048.09","7,938"
CPSEETF,EQ,2026-02-27,103.27,103.08,104.28,102.6,103.48,102.86,103.09,"34,45,408","35,51,89,514.32","13,841"
CPSEETF,EQ,2026-03-02,102.86,103.48,105.0,99.0,102.25,102.32,102.14,"34,43,679","35,17,42,462.86","19,380"
CPSEETF,EQ,2026-03-04,102.32,105.39,105.39,99.25,100.7,101.2,101.27,"46,67,585","47,27,04,988.07","16,123"
CPSEETF,EQ,2026-03-05,101.2,101.2,104.42,101.11,103.32,103.31,103.54,"47,73,254","49,42,38,279.10","13,228"
CPSEETF,EQ,2026-03-06,103.31,103.31,104.68,103.3,103.99,103.67,104.01,"26,23,463","27,28,72,188.33","9,477"
CPSEETF,EQ,2026-03-09,103.67,106.26,106.26,100.5,102.1,102.2,101.94,"31,21,625","31,82,06,699.32","16,316"
CPSEETF,EQ,2026-03-10,102.2,104.75,104.75,101.62,102.85,102.62,102.56,"22,31,191","22,88,31,182.78","8,304"
CPSEETF,EQ,2026-03-11,102.62,104.5,104.6,102.5,102.67,102.87,103.21,"14,07,040","14,52,27,506.58","7,259"
CPSEETF,EQ,2026-03-12,102.87,102.53,104.9,101.86,104.43,104.47,103.79,"21,52,294","22,33,93,710.20","10,160"
CPSEETF,EQ,2026-03-13,104.47,103.79,105.0,102.22,102.59,102.55,103.24,"23,15,420","23,90,35,310.83","13,486"
CPSEETF,EQ,2026-03-16,102.55,102.23,103.31,100.07,101.19,101.05,101.08,"22,41,168","22,65,41,840.66","15,216"
CPSEETF,EQ,2026-03-17,101.05,102.8,102.8,101.06,102.35,102.26,102.13,"26,15,637","26,71,26,447.41","7,411"
CPSEETF,EQ,2026-03-18,102.26,102.99,103.08,101.81,102.13,102.08,102.43,"12,05,210","12,34,46,070.38","6,938"
CPSEETF,EQ,2026-03-19,102.08,102.5,102.6,99.9,101.2,101.12,101.66,"18,75,216","19,06,30,426.52","9,560"
CPSEETF,EQ,2026-03-20,101.12,103.64,103.64,101.34,101.85,101.76,102.71,"11,17,889","11,48,18,317.71","7,323"
CPSEETF,EQ,2026-03-23,101.76,104.81,104.81,99.1,99.55,99.75,99.94,"24,08,438","24,07,04,665.59","16,310"
CPSEETF,EQ,2026-03-24,99.75,102.25,102.25,99.16,100.2,100.14,100.48,"42,19,515","42,39,57,071.52","8,799"
CPSEETF,EQ,2026-03-25,100.14,101.14,101.19,100.31,100.59,100.51,100.87,"12,98,807","13,10,10,084.10","7,979"
CPSEETF,EQ,2026-03-27,100.51,101.5,101.5,99.67,100.5,100.38,100.48,"14,44,524","14,51,50,869.60","9,821"
CPSEETF,EQ,2026-03-30,100.38,100.37,101.79,99.63,100.0,100.0,100.7,"17,98,846","18,11,52,616.61","11,020"
CPSEETF,EQ,2026-04-01,100.0,100.0,102.91,100.0,101.75,101.52,101.78,"20,68,971","21,05,78,980.96","10,866"
CPSEETF,EQ,2026-04-02,101.52,102.0,102.0,98.9,100.76,100.82,99.73,"15,55,534","15,51,36,415.37","10,778"
CPSEETF,EQ,2026-04-06,100.82,101.82,101.82,99.69,101.6,101.7,101.12,"16,04,685","16,22,61,495.06","12,979"
CPSEETF,EQ,2026-04-07,101.7,100.64,102.49,100.11,102.31,102.31,102.0,"16,04,257","16,36,41,152.93","7,640"
CPSEETF,EQ,2026-04-08,102.31,102.31,104.86,101.6,102.5,102.4,102.17,"22,73,743","23,23,13,809.18","12,018"
CPSEETF,EQ,2026-04-09,102.4,103.9,103.9,102.03,103.35,103.34,103.38,"15,45,734","15,97,94,595.77","7,709"
CPSEETF,EQ,2026-04-10,103.34,105.92,105.92,102.58,103.2,103.21,103.6,"14,96,090","15,49,95,362.42","9,370"
CPSEETF,EQ,2026-04-13,103.21,103.21,104.31,101.25,103.49,103.45,103.16,"17,02,869","17,56,62,452.88","10,994"
CPSEETF,EQ,2026-04-15,103.45,105.08,105.5,103.7,104.98,105.02,104.58,"23,13,256","24,19,11,540.52","10,119"
CPSEETF,EQ,2026-04-16,105.02,105.49,105.9,104.78,105.6,105.43,105.3,"20,96,001","22,07,17,824.59","8,086"
CPSEETF,EQ,2026-04-17,105.43,106.56,106.99,105.01,106.93,106.85,106.15,"28,84,212","30,61,67,501.49","10,645"
CPSEETF,EQ,2026-04-20,106.85,107.06,107.84,105.55,106.8,106.93,107.03,"25,14,975","26,91,76,334.26","12,330"
CPSEETF,EQ,2026-04-21,106.93,107.8,107.8,106.4,106.6,106.52,107.02,"13,66,130","14,61,98,829.97","8,332"
CPSEETF,EQ,2026-04-22,106.52,107.7,107.7,106.14,107.18,107.12,107.04,"20,21,036","21,63,25,113.52","6,666"
CPSEETF,EQ,2026-04-23,107.12,107.6,107.63,105.42,106.94,106.95,107.08,"11,95,578","12,80,24,726.62","6,693"
CPSEETF,EQ,2026-04-24,106.95,107.8,107.8,106.0,106.5,106.54,106.56,"11,02,926","11,75,27,064.25","7,568"
CPSEETF,EQ,2026-04-27,106.54,107.85,107.85,106.55,107.5,107.44,107.47,"28,27,053","30,38,17,380.42","14,014"
CPSEETF,EQ,2026-04-28,107.44,110.12,110.12,107.0,108.75,108.6,108.54,"17,18,293","18,64,97,248.55","8,640"
CPSEETF,EQ,2026-04-29,108.6,109.9,109.97,108.53,109.27,108.81,109.3,"17,41,251","19,03,16,133.10","8,906"
CPSEETF,EQ,2026-04-30,108.81,108.0,109.81,107.3,108.53,108.37,108.06,"18,14,069","19,60,24,037.56","13,340"
CPSEETF,EQ,2026-05-04,108.37,110.5,110.5,107.32,108.08,108.01,108.35,"17,94,140","19,43,93,254.73","14,556"
CPSEETF,EQ,2026-05-05,108.01,110.0,110.0,106.55,107.97,107.55,107.26,"12,26,891","13,15,98,359.00","11,096"
CPSEETF,EQ,2026-05-06,107.55,107.55,108.9,106.4,106.5,106.7,107.18,"27,32,656","29,28,74,441.26","11,960"
CPSEETF,EQ,2026-05-07,106.7,104.03,107.68,104.03,107.08,106.94,106.77,"17,25,092","18,41,96,303.67","10,012"
CPSEETF,EQ,2026-05-08,106.94,107.27,107.27,106.1,106.48,106.44,106.45,"10,83,581","11,53,46,470.49","9,206"
CPSEETF,EQ,2026-05-11,106.44,107.9,107.9,105.31,105.32,105.51,105.81,"15,42,712","16,32,32,227.03","14,115"
CPSEETF,EQ,2026-05-12,105.51,106.85,106.85,104.8,105.31,105.0,106.08,"19,87,520","21,08,32,818.42","14,691"
CPSEETF,EQ,2026-05-13,105.0,101.85,107.1,101.85,105.7,105.47,105.21,"18,88,131","19,86,47,508.85","8,998"
CPSEETF,EQ,2026-05-14,105.47,102.83,107.3,102.83,105.8,106.1,106.36,"19,06,302","20,27,56,199.02","7,459"
CPSEETF,EQ,2026-05-15,106.1,107.0,107.0,105.43,105.99,105.89,106.2,"9,35,906","9,93,90,718.04","7,453"
CPSEETF,EQ,2026-05-18,105.89,105.89,106.9,103.8,104.7,104.68,104.35,"12,78,868","13,34,49,931.33","12,742"
CPSEETF,EQ,2026-05-19,104.68,106.25,106.25,104.31,104.81,104.88,104.99,"12,47,934","13,10,20,731.18","6,145"
CPSEETF,EQ,2026-05-20,104.88,105.7,105.7,103.35,104.78,104.67,104.13,"7,25,594","7,55,55,709.24","7,346"
CPSEETF,EQ,2026-05-21,104.67,106.47,106.47,104.5,104.6,104.68,105.19,"6,68,347","7,03,02,119.60","6,054"
CPSEETF,EQ,2026-05-22,104.68,105.55,105.55,103.62,103.82,103.81,104.0,"9,48,001","9,85,87,676.57","9,751"
CPSEETF,EQ,2026-05-25,103.81,105.9,105.9,103.62,104.05,103.95,103.95,"12,67,225","13,17,23,160.90","10,611"
CPSEETF,EQ,2026-05-26,103.95,103.95,104.88,103.01,103.64,103.58,104.03,"13,41,624","13,95,73,391.81","11,921"
CPSEETF,EQ,2026-05-27,103.58,103.16,104.15,102.39,103.99,103.99,103.4,"13,91,408","14,38,76,365.75","8,600"
CPSEETF,EQ,2026-05-29,103.99,103.0,105.74,101.2,101.77,101.69,102.52,"17,51,047","17,95,19,544.52","17,810"
CPSEETF,EQ,2026-06-01,101.69,101.78,102.79,100.82,100.94,100.96,101.19,"14,42,215","14,59,41,238.90","15,225"
CPSEETF,EQ,2026-06-02,100.96,101.0,101.0,99.21,100.49,100.31,99.95,"15,46,154","15,45,45,810.11","13,988"
CPSEETF,EQ,2026-06-03,100.31,100.01,101.95,99.82,100.69,100.62,100.33,"7,85,099","7,87,71,183.91","8,174"
CPSEETF,EQ,2026-06-04,100.62,102.5,102.5,100.01,101.0,101.02,100.75,"7,31,250","7,36,71,581.31","7,141"
CPSEETF,EQ,2026-06-05,101.02,102.5,102.5,99.71,100.24,100.17,100.32,"9,45,778","9,48,84,287.05","10,162"
CPSEETF,EQ,2026-06-08,100.17,102.67,102.67,98.88,100.0,100.14,100.11,"12,06,649","12,07,97,497.10","11,508"
CPSEETF,EQ,2026-06-09,100.14,100.9,101.35,99.11,99.35,99.21,99.39,"14,02,538","13,93,92,427.84","12,335"
CPSEETF,EQ,2026-06-10,99.21,101.69,101.69,97.54,97.9,97.69,98.36,"14,97,383","14,72,76,077.45","13,443"
CPSEETF,EQ,2026-06-11,97.69,97.69,98.66,96.86,97.15,97.05,97.29,"8,86,056","8,62,05,127.27","10,361"
CPSEETF,EQ,2026-06-12,97.05,98.89,98.89,96.13,97.08,96.82,96.73,"17,18,236","16,62,10,415.53","12,704"
CPSEETF,EQ,2026-06-15,96.82,96.57,98.7,95.55,97.1,96.95,97.14,"18,11,555","17,59,82,682.14","14,738"
CPSEETF,EQ,2026-06-16,96.95,98.4,98.4,96.69,97.46,97.42,97.13,"29,25,200","28,41,28,136.70","8,264"
CPSEETF,EQ,2026-06-17,97.42,98.01,99.0,97.08,98.6,98.39,97.67,"34,51,831","33,71,40,902.57","7,694"
CPSEETF,EQ,2026-06-18,98.39,95.93,112.0,95.93,99.45,99.36,98.95,"15,30,211","15,14,10,775.73","7,312"
CPSEETF,EQ,2026-06-19,99.36,100.0,100.29,98.77,99.63,99.62,99.44,"14,26,232","14,18,18,773.47","6,942"
CPSEETF,EQ,2026-06-22,99.62,99.62,100.99,98.6,99.64,99.56,99.4,"23,81,360","23,67,16,371.62","8,792"
CPSEETF,EQ,2026-06-23,99.56,100.9,100.9,98.61,98.75,98.76,99.17,"7,80,249","7,73,77,923.62","6,788"
CPSEETF,EQ,2026-06-24,98.76,99.17,99.75,97.5,97.9,97.87,98.28,"5,85,662","5,75,58,409.24","7,373"
CPSEETF,EQ,2026-06-25,97.87,97.6,98.42,96.0,96.28,96.14,96.78,"20,19,309","19,54,22,886.13","13,578"
CPSEETF,EQ,2026-06-29,96.14,96.14,97.3,95.97,97.1,96.99,96.54,"9,23,813","8,91,85,137.55","10,041"
CPSEETF,EQ,2026-06-30,96.99,101.84,101.84,96.18,97.15,96.94,96.87,"7,11,590","6,89,33,366.82","7,657"
CPSEETF,EQ,2026-07-01,96.94,96.94,97.8,95.94,97.05,96.98,97.01,"10,20,692","9,90,15,823.53","7,095"
CPSEETF,EQ,2026-07-02,96.98,96.15,98.5,96.15,97.31,97.27,96.94,"10,38,699","10,06,95,500.14","6,941"
CPSEETF,EQ,2026-07-03,97.27,99.0,99.0,97.28,97.48,97.42,97.75,"9,85,060","9,62,87,717.79","6,818"
CPSEETF,EQ,2026-07-06,97.42,94.98,98.0,94.98,97.62,97.6,97.71,"9,58,388","9,36,43,573.97","9,152"
CPSEETF,EQ,2026-07-07,97.6,97.23,98.45,96.42,96.6,96.79,97.06,"23,43,975","22,75,16,464.48","8,770"
CPSEETF,EQ,2026-07-08,96.79,97.8,97.8,95.68,96.01,95.92,96.22,"9,65,803","9,29,29,429.92","10,049"
CPSEETF,EQ,2026-07-09,95.92,97.8,97.8,95.33,95.64,95.57,95.93,"7,87,296","7,55,29,065.18","7,400"
CPSEETF,EQ,2026-07-10,95.57,95.57,96.57,94.58,96.5,96.22,96.22,"5,43,047","5,22,54,061.71","7,054"
CPSEETF,EQ,2026-07-13,96.22,99.11,99.11,95.77,96.75,96.78,96.39,"10,27,507","9,90,40,795.99","8,476"
CPSEETF,EQ,2026-07-14,96.78,96.78,97.12,95.5,96.52,96.55,96.51,"14,15,256","13,65,82,104.71","7,107"
CPSEETF,EQ,2026-07-15,96.55,96.0,97.85,95.6,95.95,95.91,96.16,"6,71,223","6,45,41,974.88","7,436"
CPSEETF,EQ,2026-07-16,95.91,95.91,96.91,95.5,95.59,95.53,95.83,"3,86,896","3,70,77,735.68","5,893"
CPSEETF,EQ,2026-07-17,95.53,97.91,97.91,94.1,95.7,95.69,95.65,"5,66,328","5,41,68,998.93","5,376"
CPSEETF,EQ,2026-07-20,95.69,95.69,96.95,95.69,96.85,96.77,96.6,"7,15,011","6,90,71,257.58","14,831"
CPSEETF,EQ,2026-07-21,96.77,97.44,97.44,96.2,96.75,96.72,96.76,"5,42,209","5,24,62,485.00","5,018"
CPSEETF,EQ,2026-07-22,96.72,98.0,98.0,95.0,96.71,96.76,96.66,"4,35,201","4,20,66,850.51","4,697"
CPSEETF,EQ,2026-07-23,96.76,98.7,98.7,95.0,96.7,96.75,96.63,"4,59,385","4,43,91,798.69","4,658"
CPSEETF,EQ,2026-07-24,96.75,96.75,96.85,95.85,96.28,96.23,96.26,"4,70,595","4,53,01,069.76","5,201"
CPSEETF,EQ,2026-07-27,96.23,96.99,96.99,95.9,95.93,96.06,96.2,"5,24,348","5,04,42,946.27","7,990"
CPSEETF,EQ,2026-07-28,96.06,96.06,96.45,94.03,94.24,94.27,94.46,"14,61,178","13,80,22,091.15","13,643"
CPSEETF,EQ,2026-07-29,94.27,94.27,95.26,93.7,94.1,94.03,93.95,"10,19,834","9,58,12,382.49","8,793"
CPSEETF,EQ,2026-07-30,94.03,94.03,94.7,93.79,94.54,94.58,94.42,"5,34,441","5,04,61,425.60","5,285"
CPSEETF,EQ,2026-07-31,94.58,95.0,95.41,94.37,94.99,94.91,94.72,"8,13,009","7,70,09,952.80","5,767"
CPSEETF,EQ,2026-08-03,94.91,94.99,96.29,94.7,95.0,94.89,95.03,"7,57,122","7,19,48,028.27","11,157"
CPSEETF,EQ,2026-08-04,94.89,95.99,95.99,94.5,94.5,94.62,94.92,"8,17,151","7,75,67,608.66","7,280"
CPSEETF,EQ,2026-08-05,94.62,95.99,95.99,94.2,95.3,94.74,94.64,"6,77,252","6,40,92,837.76","9,458"
CPSEETF,EQ,2026-08-06,94.74,96.63,96.63,93.87,94.3,94.21,94.18,"11,03,837","10,39,54,990.46","15,429"
CPSEETF,EQ,2026-08-07,94.21,94.3,95.79,93.85,94.48,94.27,94.3,"8,80,048","8,29,88,311.12","6,634"
CPSEETF,EQ,2026-08-10,94.27,95.8,95.8,93.7,93.8,93.8,93.89,"26,52,988","24,91,00,804.03","12,878"
CPSEETF,EQ,2026-08-11,93.8,96.14,96.14,93.28,93.99,93.84,93.7,"11,38,622","10,66,93,344.15","8,071"
CPSEETF,EQ,2026-08-12,93.84,93.84,94.98,93.21,93.95,93.86,93.61,"10,31,400","9,65,48,290.10","7,654"
CPSEETF,EQ,2026-08-13,93.86,94.97,94.97,93.79,94.62,94.37,94.17,"6,17,371","5,81,37,167.05","5,290"
CPSEETF,EQ,2026-08-14,94.37,94.2,94.57,93.75,93.99,93.85,93.93,"5,48,323","5,15,05,960.26","6,682"
CPSEETF,EQ,2026-08-17,93.85,93.85,94.39,93.51,93.81,93.76,93.68,"12,96,788","12,14,86,524.32","9,073"
CPSEETF,EQ,2026-08-18,93.76,94.0,94.3,93.7,94.09,93.99,93.98,"9,69,195","9,10,88,810.74","5,240"
CPSEETF,EQ,2026-08-19,93.99,94.5,94.5,93.01,93.1,93.14,93.33,"10,93,832","10,20,86,662.39","8,778"
CPSEETF,EQ,2026-08-20,93.14,93.14,94.01,92.79,93.57,93.54,93.32,"5,94,814","5,55,08,540.30","6,329"
CPSEETF,EQ,2026-08-21,93.54,93.0,94.75,93.0,94.44,94.27,94.3,"8,10,704","7,64,51,863.44","5,620"
CPSEETF,EQ,2026-08-24,94.27,94.27,94.98,93.7,94.05,94.07,94.12,"6,49,100","6,10,90,051.99","7,968"
CPSEETF,EQ,2026-08-25,94.07,94.07,94.69,93.42,93.97,93.78,93.7,"5,13,537","4,81,19,156.65","6,298"
CPSEETF,EQ,2026-08-26,93.78,93.78,94.73,93.1,93.2,93.19,93.42,"11,66,522","10,89,76,694.14","7,463"
CPSEETF,EQ,2026-08-27,93.19,93.59,93.78,92.41,92.63,92.59,92.7,"12,59,923","11,67,98,678.89","9,438"
CPSEETF,EQ,2026-08-28,92.59,94.9,94.9,92.51,92.84,92.76,92.67,"9,81,251","9,09,28,900.26","5,515"
CPSEETF,EQ,2026-08-31,92.76,92.84,94.3,92.16,92.75,92.58,92.4,"5,62,670","5,19,93,034.05","8,525"
CPSEETF,EQ,2026-09-01,92.58,93.5,93.5,91.93,92.5,92.53,92.6,"5,18,496","4,80,13,143.24","6,933"
CPSEETF,EQ,2026-09-02,92.53,94.84,94.84,92.06,93.73,93.64,93.36,"12,38,289","11,56,07,642.83","7,054"
CPSEETF,EQ,2026-09-03,93.64,93.4,94.3,93.39,93.62,93.57,93.91,"8,53,002","8,01,05,727.66","5,655"
CPSEETF,EQ,2026-09-04,93.57,95.44,95.44,93.4,93.58,93.7,93.81,"3,53,172","3,31,31,903.92","5,424"
CPSEETF,EQ,2026-09-07,93.7,93.2,94.47,93.2,93.26,93.47,93.7,"4,80,522","4,50,27,212.03","8,409"
CPSEETF,EQ,2026-09-08,93.47,94.24,94.4,93.34,94.3,94.23,94.04,"13,24,882","12,45,89,806.71","5,429"
CPSEETF,EQ,2026-09-09,94.23,94.0,95.49,93.24,94.7,94.79,95.21,"28,83,640","27,45,49,949.06","6,312"
CPSEETF,EQ,2026-09-10,94.79,95.9,95.9,94.51,94.79,94.78,95.0,"5,65,197","5,36,92,946.78","5,977"
CPSEETF,EQ,2026-09-11,94.78,94.78,95.25,93.5,94.0,93.89,94.47,"21,00,651","19,84,46,853.01","6,581"
