"ï»¿""Symbol  """,Series,Date,Prev Close,Open Price,High Price,Low Price,Last Price,Close Price,Average Price,Total Traded Quantity,Turnover â¹,No. of Trades
ICICIFMCG,EQ,2021-08-10,367.44,368.01,385.0,365.0,365.3,365.02,366.82,"5,857","21,48,450.05",125
ICICIFMCG,EQ,2021-08-11,365.02,385.25,437.0,360.25,365.4,363.62,369.21,"2,676","9,87,992.72",130
ICICIFMCG,EQ,2021-08-12,363.62,370.89,374.0,361.53,366.36,366.84,366.36,"10,552","38,65,840.57",139
ICICIFMCG,EQ,2021-08-13,366.84,368.0,371.0,366.84,369.65,369.74,369.35,"3,557","13,13,794.32",107
ICICIFMCG,EQ,2021-08-16,369.74,392.0,392.0,363.6,370.65,370.16,370.85,"2,032","7,53,559.93",121
ICICIFMCG,EQ,2021-08-17,370.16,371.0,377.0,369.0,371.5,372.61,372.26,"3,223","11,99,778.37",115
ICICIFMCG,EQ,2021-08-18,372.61,392.0,392.0,371.0,378.4,377.73,378.56,"8,445","31,96,963.72",184
ICICIFMCG,EQ,2021-08-20,377.73,384.99,384.99,375.52,384.96,383.73,382.19,"7,173","27,41,460.37",174
ICICIFMCG,EQ,2021-08-23,383.73,391.4,430.0,384.0,386.0,386.21,386.72,"16,523","63,89,796.48",283
ICICIFMCG,EQ,2021-08-24,386.21,384.95,385.95,380.99,382.99,382.73,382.29,"2,393","9,14,827.24",129
ICICIFMCG,EQ,2021-08-25,382.73,386.0,388.48,382.0,385.81,385.81,385.83,"3,685","14,21,782.18",112
ICICIFMCG,EQ,2021-08-26,385.81,419.0,419.0,380.0,388.0,389.68,388.31,"6,225","24,17,218.38",194
ICICIFMCG,EQ,2021-08-27,389.68,389.0,389.0,385.26,388.9,387.92,387.7,"2,667","10,33,988.60",86
ICICIFMCG,EQ,2021-08-30,387.92,395.68,396.0,387.1,392.3,392.18,390.66,"4,723","18,45,079.67",174
ICICIFMCG,EQ,2021-08-31,392.18,395.0,398.9,392.0,394.9,394.04,393.24,"13,106","51,53,812.46",208
ICICIFMCG,EQ,2021-09-01,394.04,399.0,399.0,390.66,396.7,397.58,397.13,"5,441","21,60,793.79",135
ICICIFMCG,EQ,2021-09-02,397.58,398.0,406.49,398.0,405.0,403.5,402.66,"2,992","12,04,765.98",148
ICICIFMCG,EQ,2021-09-03,403.5,404.0,407.0,401.6,403.15,403.08,403.2,"4,753","19,16,392.05",187
ICICIFMCG,EQ,2021-09-06,403.08,411.7,411.7,402.9,403.0,403.01,404.04,"2,749","11,10,709.85",117
ICICIFMCG,EQ,2021-09-07,403.01,409.94,409.94,401.18,404.0,404.19,404.55,928,"3,75,425.20",145
ICICIFMCG,EQ,2021-09-08,404.19,411.0,411.0,401.0,404.0,402.67,402.09,939,"3,77,559.17",125
ICICIFMCG,EQ,2021-09-09,402.67,410.0,410.0,401.11,406.5,405.42,404.58,"1,720","6,95,874.51",123
ICICIFMCG,EQ,2021-09-13,405.42,406.0,410.0,405.0,407.1,406.8,406.65,"2,250","9,14,953.79",188
ICICIFMCG,EQ,2021-09-14,406.8,414.95,414.95,405.05,406.25,406.22,406.53,"1,980","8,04,936.58",147
ICICIFMCG,EQ,2021-09-15,406.22,419.0,419.0,404.5,405.5,405.49,405.76,"20,382","82,70,226.17",140
ICICIFMCG,EQ,2021-09-16,405.49,404.97,411.8,404.97,410.8,410.76,410.27,"7,138","29,28,472.06",167
ICICIFMCG,EQ,2021-09-17,410.76,416.9,416.9,406.95,408.5,409.69,411.66,"3,215","13,23,491.86",179
ICICIFMCG,EQ,2021-09-20,409.69,415.0,416.4,409.6,413.49,413.35,412.31,"2,646","10,90,979.29",150
ICICIFMCG,EQ,2021-09-21,413.35,416.55,417.0,403.63,414.7,415.95,413.42,"1,909","7,89,224.93",157
ICICIFMCG,EQ,2021-09-22,415.95,416.0,417.5,415.0,415.99,416.8,416.7,"1,507","6,27,973.28",82
ICICIFMCG,EQ,2021-09-23,416.8,418.0,422.0,410.0,416.45,415.01,415.29,"6,543","27,17,231.50",125
ICICIFMCG,EQ,2021-09-24,415.01,415.01,419.39,411.0,411.7,411.7,413.54,"2,655","10,97,956.97",179
ICICIFMCG,EQ,2021-09-27,411.7,419.9,419.9,406.5,409.2,409.2,408.39,"2,682","10,95,302.69",211
ICICIFMCG,EQ,2021-09-28,409.2,411.0,412.0,406.04,408.19,407.52,407.79,"2,641","10,76,966.92",159
ICICIFMCG,EQ,2021-09-29,407.52,414.95,414.95,403.31,405.38,404.9,406.28,"2,909","11,81,864.14",157
ICICIFMCG,EQ,2021-09-30,404.9,407.0,409.0,403.0,405.5,405.49,405.53,"2,098","8,50,798.47",106
ICICIFMCG,EQ,2021-10-01,405.49,405.49,405.49,400.76,404.75,402.7,402.65,"2,816","11,33,850.23",151
ICICIFMCG,EQ,2021-10-04,402.7,402.5,406.29,402.5,405.37,405.21,404.12,"2,249","9,08,875.48",92
ICICIFMCG,EQ,2021-10-05,405.21,417.7,417.7,396.23,405.2,404.88,405.35,"1,650","6,68,828.77",100
ICICIFMCG,EQ,2021-10-06,404.88,411.0,411.0,401.0,401.0,402.93,405.82,"8,564","34,75,465.07",163
ICICIFMCG,EQ,2021-10-07,402.93,404.0,407.0,401.01,403.35,403.34,403.97,758,"3,06,211.04",87
ICICIFMCG,EQ,2021-10-08,403.34,406.0,406.0,400.05,400.65,400.45,401.49,"9,452","37,94,851.62",219
ICICIFMCG,EQ,2021-10-11,400.45,399.95,403.2,396.95,402.8,402.79,402.2,"2,282","9,17,813.68",94
ICICIFMCG,EQ,2021-10-12,402.79,414.7,414.7,395.13,407.0,406.13,405.57,"5,529","22,42,386.30",126
ICICIFMCG,EQ,2021-10-13,406.13,407.0,411.8,407.0,409.51,409.59,408.35,"1,550","6,32,935.47",112
ICICIFMCG,EQ,2021-10-14,409.59,409.0,423.7,409.0,414.85,414.72,414.84,"3,596","14,91,762.21",179
ICICIFMCG,EQ,2021-10-18,414.72,415.04,417.8,414.0,415.8,415.79,415.47,"2,213","9,19,428.73",124
ICICIFMCG,EQ,2021-10-19,415.79,427.7,427.7,402.85,402.94,403.12,408.66,"9,885","40,39,586.57",386
ICICIFMCG,EQ,2021-10-20,403.12,407.0,410.0,394.91,397.94,397.94,400.02,"8,458","33,83,372.15",420
ICICIFMCG,EQ,2021-10-21,397.94,406.0,407.0,392.65,394.42,394.52,395.96,"5,673","22,46,291.77",305
ICICIFMCG,EQ,2021-10-22,394.52,395.0,399.95,387.91,389.79,389.4,391.41,"9,122","35,70,442.93",280
ICICIFMCG,EQ,2021-10-25,389.4,397.4,397.4,382.5,385.84,385.8,385.34,"5,341","20,58,110.40",227
ICICIFMCG,EQ,2021-10-26,385.8,393.79,393.79,385.83,388.0,388.57,388.14,"3,761","14,59,789.87",126
ICICIFMCG,EQ,2021-10-27,388.57,389.0,393.99,389.0,390.5,390.89,392.14,"3,464","13,58,378.81",134
ICICIFMCG,EQ,2021-10-28,390.89,392.0,395.0,382.0,384.49,383.98,384.94,"14,918","57,42,564.73",306
ICICIFMCG,EQ,2021-10-29,383.98,387.25,387.25,380.0,384.0,383.61,383.54,"1,683","6,45,505.13",168
ICICIFMCG,EQ,2021-11-01,383.61,392.0,392.0,383.0,388.25,388.18,384.85,"3,103","11,94,201.84",135
ICICIFMCG,EQ,2021-11-02,388.18,388.18,389.0,385.7,387.3,387.27,387.4,"2,307","8,93,723.88",87
ICICIFMCG,EQ,2021-11-03,387.27,391.62,391.62,380.95,385.5,384.61,384.52,"2,002","7,69,807.21",131
ICICIFMCG,EQ,2021-11-04,384.61,394.99,394.99,388.0,388.0,388.19,388.23,"2,380","9,23,983.93",61
ICICIFMCG,EQ,2021-11-08,388.19,394.0,394.0,384.01,391.0,390.61,388.69,"3,524","13,69,756.97",135
ICICIFMCG,EQ,2021-11-09,390.61,391.0,391.9,390.4,391.8,391.79,391.04,"2,292","8,96,258.86",74
ICICIFMCG,EQ,2021-11-10,391.79,399.0,399.0,387.0,389.5,389.51,389.68,"1,943","7,57,141.97",111
ICICIFMCG,EQ,2021-11-11,389.51,398.7,398.7,384.95,386.9,386.87,387.19,"2,335","9,04,097.59",175
ICICIFMCG,EQ,2021-11-12,386.87,386.87,391.15,386.85,390.25,390.97,389.76,"2,665","10,38,722.80",70
ICICIFMCG,EQ,2021-11-15,390.97,392.0,393.94,387.5,393.24,393.62,392.62,"5,279","20,72,652.81",132
ICICIFMCG,EQ,2021-11-16,393.62,394.0,394.99,390.0,392.4,392.26,393.09,"5,653","22,22,158.90",105
ICICIFMCG,EQ,2021-11-17,392.26,392.26,393.99,390.0,392.15,391.84,391.82,"1,723","6,75,106.44",72
ICICIFMCG,EQ,2021-11-18,391.84,391.84,392.5,388.2,391.25,390.68,390.07,"1,718","6,70,144.13",98
ICICIFMCG,EQ,2021-11-22,390.68,390.9,390.9,383.12,384.1,384.1,386.21,"5,268","20,34,577.60",182
ICICIFMCG,EQ,2021-11-23,384.1,385.9,387.7,384.1,387.6,387.67,386.6,"1,929","7,45,744.15",79
ICICIFMCG,EQ,2021-11-24,387.67,397.67,397.67,383.1,383.5,383.75,385.63,"2,325","8,96,599.84",128
ICICIFMCG,EQ,2021-11-25,383.75,383.75,384.39,380.51,384.0,383.99,381.84,"7,997","30,53,551.82",171
ICICIFMCG,EQ,2021-11-26,383.99,384.0,384.0,378.0,378.5,378.41,379.41,"4,726","17,93,099.07",289
ICICIFMCG,EQ,2021-11-29,378.41,370.4,381.0,370.4,375.0,374.32,374.09,"5,139","19,22,468.94",222
ICICIFMCG,EQ,2021-11-30,374.32,381.85,381.85,374.51,376.0,377.47,377.06,"10,137","38,22,271.84",141
ICICIFMCG,EQ,2021-12-01,377.47,376.1,384.0,372.95,376.5,376.58,376.4,"1,997","7,51,670.69",151
ICICIFMCG,EQ,2021-12-02,376.58,383.7,383.7,376.1,380.0,379.02,378.08,"40,070","1,51,49,645.89",95
ICICIFMCG,EQ,2021-12-03,379.02,382.9,382.9,376.07,377.5,377.29,379.11,"34,073","1,29,17,451.37",103
ICICIFMCG,EQ,2021-12-06,377.29,382.5,382.5,370.0,371.5,371.4,372.3,"4,873","18,14,204.27",226
ICICIFMCG,EQ,2021-12-07,371.4,371.0,374.99,370.01,373.8,372.85,372.66,"2,159","8,04,580.51",122
ICICIFMCG,EQ,2021-12-08,372.85,377.99,377.99,374.0,376.9,376.9,376.04,"3,874","14,56,766.08",56
ICICIFMCG,EQ,2021-12-09,376.9,379.99,383.0,376.0,382.0,381.82,379.52,"9,787","37,14,376.29",98
ICICIFMCG,EQ,2021-12-10,381.82,378.01,384.0,378.01,383.0,383.0,383.01,"7,852","30,07,421.46",64
ICICIFMCG,EQ,2021-12-13,383.0,380.03,386.0,379.5,379.52,379.51,381.69,"1,254","4,78,644.50",116
ICICIFMCG,EQ,2021-12-14,379.51,379.52,380.79,376.27,378.2,378.2,378.79,588,"2,22,727.32",73
ICICIFMCG,EQ,2021-12-15,378.2,379.49,379.49,374.4,376.0,374.79,375.46,"1,311","4,92,227.99",108
ICICIFMCG,EQ,2021-12-16,374.79,378.99,378.99,372.1,373.79,373.77,373.08,"5,351","19,96,360.50",126
ICICIFMCG,EQ,2021-12-17,373.77,370.4,376.37,366.3,366.5,366.49,368.14,"6,571","24,19,064.56",405
ICICIFMCG,EQ,2021-12-20,366.49,366.49,369.0,360.0,362.5,361.82,361.85,"7,278","26,33,547.34",370
ICICIFMCG,EQ,2021-12-21,361.82,360.23,367.98,360.23,365.2,364.9,366.08,"1,652","6,04,769.46",113
ICICIFMCG,EQ,2021-12-22,364.9,368.99,368.99,365.0,366.4,366.39,366.3,"11,256","41,23,122.42",100
ICICIFMCG,EQ,2021-12-23,366.39,368.0,371.0,367.51,371.0,370.46,369.73,"1,697","6,27,432.01",73
ICICIFMCG,EQ,2021-12-24,370.46,371.0,374.99,369.59,370.74,370.6,370.69,"3,619","13,41,514.27",75
ICICIFMCG,EQ,2021-12-27,370.6,373.99,373.99,363.55,370.99,370.93,369.57,"1,869","6,90,728.65",106
ICICIFMCG,EQ,2021-12-28,370.93,374.99,374.99,371.0,373.0,371.9,371.97,"2,742","10,19,930.59",72
ICICIFMCG,EQ,2021-12-29,371.9,375.59,375.59,371.0,372.2,371.65,371.36,"3,397","12,61,514.86",64
ICICIFMCG,EQ,2021-12-30,371.65,372.0,372.99,371.41,372.49,372.18,372.5,"2,953","10,99,978.05",96
ICICIFMCG,EQ,2021-12-31,372.18,374.0,377.84,372.71,376.6,377.52,376.3,"1,828","6,87,879.11",113
ICICIFMCG,EQ,2022-01-03,377.52,381.99,381.99,370.0,378.0,377.85,377.58,"4,527","17,09,322.25",121
ICICIFMCG,EQ,2022-01-04,377.85,377.85,381.98,370.1,379.01,379.18,377.5,"4,212","15,90,047.92",108
ICICIFMCG,EQ,2022-01-05,379.18,381.94,381.94,377.52,380.0,379.29,378.88,"1,608","6,09,231.07",102
ICICIFMCG,EQ,2022-01-06,379.29,379.29,381.93,371.3,377.4,377.52,376.08,"4,341","16,32,573.12",118
ICICIFMCG,EQ,2022-01-07,377.52,380.9,380.9,375.63,378.85,379.02,378.5,"1,266","4,79,179.09",63
ICICIFMCG,EQ,2022-01-10,379.02,380.0,382.0,379.0,380.87,380.86,380.98,"1,990","7,58,148.30",133
ICICIFMCG,EQ,2022-01-11,380.86,382.99,382.99,379.0,379.4,380.36,379.81,"2,062","7,83,177.04",82
ICICIFMCG,EQ,2022-01-12,380.36,380.36,381.0,375.08,380.99,379.66,379.76,"3,234","12,28,133.57",80
ICICIFMCG,EQ,2022-01-13,379.66,379.7,382.0,379.7,381.6,380.34,380.42,"1,351","5,13,941.68",76
ICICIFMCG,EQ,2022-01-14,380.34,379.7,381.75,378.51,379.65,379.56,380.08,"1,785","6,78,451.19",78
ICICIFMCG,EQ,2022-01-17,379.56,379.56,382.0,374.95,381.28,381.27,380.7,"5,539","21,08,717.05",125
ICICIFMCG,EQ,2022-01-18,381.27,381.27,385.98,375.0,376.96,376.78,377.96,"4,007","15,14,480.40",163
ICICIFMCG,EQ,2022-01-19,376.78,376.78,380.99,372.91,373.5,373.43,374.73,"3,854","14,44,209.02",165
ICICIFMCG,EQ,2022-01-20,373.43,377.0,378.99,367.6,368.5,368.6,368.8,"9,879","36,43,423.01",241
ICICIFMCG,EQ,2022-01-21,368.6,368.6,373.91,366.15,369.5,369.15,368.98,"6,764","24,95,769.32",195
ICICIFMCG,EQ,2022-01-24,369.15,373.99,373.99,361.45,364.0,363.43,363.14,"25,831","93,80,157.03",350
ICICIFMCG,EQ,2022-01-25,363.43,364.0,372.0,359.81,366.0,366.81,363.89,"15,454","56,23,553.03",231
ICICIFMCG,EQ,2022-01-27,366.81,365.0,368.0,358.02,361.32,361.26,360.5,"7,644","27,55,680.77",382
ICICIFMCG,EQ,2022-01-28,361.26,366.99,367.0,362.0,363.99,363.49,365.5,"2,012","7,35,382.97",140
ICICIFMCG,EQ,2022-01-31,363.49,363.49,368.0,356.22,364.65,365.56,365.35,"5,853","21,38,370.22",190
ICICIFMCG,EQ,2022-02-01,365.56,372.99,373.3,367.2,373.3,372.66,370.08,"6,970","25,79,438.44",169
ICICIFMCG,EQ,2022-02-02,372.66,378.99,378.99,371.1,376.0,375.92,375.23,"3,200","12,00,723.23",105
ICICIFMCG,EQ,2022-02-03,375.92,377.0,379.99,374.0,376.0,374.74,375.94,"1,407","5,28,944.38",104
ICICIFMCG,EQ,2022-02-04,374.74,370.2,384.88,364.0,376.63,375.52,374.87,"5,790","21,70,515.85",142
ICICIFMCG,EQ,2022-02-07,375.52,379.98,379.98,368.5,369.4,369.4,370.9,"1,416","5,25,195.00",211
ICICIFMCG,EQ,2022-02-08,369.4,369.4,372.0,366.51,368.9,367.88,367.95,"28,994","1,06,68,271.28",128
ICICIFMCG,EQ,2022-02-09,367.88,372.98,372.98,368.51,370.5,369.86,369.84,"10,012","37,02,880.73",66
ICICIFMCG,EQ,2022-02-10,369.86,370.49,372.5,367.6,372.5,371.22,369.63,"9,953","36,78,902.62",125
ICICIFMCG,EQ,2022-02-11,371.22,371.2,373.99,367.25,369.49,368.24,368.18,"1,745","6,42,467.56",100
ICICIFMCG,EQ,2022-02-14,368.24,371.0,371.0,361.0,362.01,361.94,363.85,"15,117","55,00,341.80",325
ICICIFMCG,EQ,2022-02-15,361.94,366.98,369.41,361.94,369.19,367.96,365.65,"2,648","9,68,228.06",143
ICICIFMCG,EQ,2022-02-16,367.96,371.99,371.99,365.53,368.0,368.18,368.42,"2,213","8,15,311.75",100
ICICIFMCG,EQ,2022-02-17,368.18,372.99,372.99,360.0,369.5,369.12,368.66,"1,689","6,22,672.12",85
ICICIFMCG,EQ,2022-02-18,369.12,369.5,371.0,367.26,369.19,368.37,368.28,473,"1,74,195.80",50
ICICIFMCG,EQ,2022-02-21,368.37,371.0,372.98,364.51,365.85,365.85,365.6,"48,585","1,77,62,608.74",157
ICICIFMCG,EQ,2022-02-22,365.85,365.8,367.99,360.0,363.0,362.78,361.72,"3,371","12,19,342.88",157
ICICIFMCG,EQ,2022-02-23,362.78,365.0,367.0,362.51,363.8,363.86,363.97,653,"2,37,671.75",61
ICICIFMCG,EQ,2022-02-24,363.86,362.99,362.99,352.0,355.57,355.55,355.63,"11,527","40,99,342.21",472
ICICIFMCG,EQ,2022-02-25,355.55,362.5,362.5,355.0,357.79,357.26,356.75,"4,572","16,31,071.31",169
ICICIFMCG,EQ,2022-02-28,357.26,357.15,359.6,351.1,359.6,358.2,353.64,"4,646","16,43,009.34",225
ICICIFMCG,EQ,2022-03-02,358.2,358.0,359.6,354.51,358.1,357.57,356.94,"1,764","6,29,643.24",133
ICICIFMCG,EQ,2022-03-03,357.57,360.0,360.0,354.41,355.6,354.67,356.48,"2,355","8,39,521.67",122
ICICIFMCG,EQ,2022-03-04,354.67,356.99,357.8,347.0,350.5,351.3,350.25,"15,341","53,73,190.53",344
ICICIFMCG,EQ,2022-03-07,351.3,352.99,352.99,339.59,340.94,340.42,342.92,"7,154","24,53,235.81",501
ICICIFMCG,EQ,2022-03-08,340.42,350.0,350.0,338.0,343.68,342.25,340.73,"4,673","15,92,208.05",215
ICICIFMCG,EQ,2022-03-09,342.25,345.99,352.9,342.71,349.15,348.42,347.17,"7,180","24,92,695.45",150
ICICIFMCG,EQ,2022-03-10,348.42,357.98,359.0,350.0,359.0,358.11,356.1,"5,505","19,60,325.89",131
ICICIFMCG,EQ,2022-03-11,358.11,362.99,362.99,356.88,360.6,360.51,359.64,"1,124","4,04,232.62",73
ICICIFMCG,EQ,2022-03-14,360.51,350.6,362.94,350.6,360.01,360.01,359.52,"14,119","50,76,113.20",130
ICICIFMCG,EQ,2022-03-15,360.01,363.0,363.0,358.0,360.0,359.58,361.1,"1,073","3,87,464.48",83
ICICIFMCG,EQ,2022-03-16,359.58,361.8,367.35,360.51,367.35,366.32,363.14,"2,054","7,45,887.75",81
ICICIFMCG,EQ,2022-03-17,366.32,365.3,371.8,362.75,370.6,370.22,369.25,"2,965","10,94,825.02",149
ICICIFMCG,EQ,2022-03-21,370.22,375.0,375.0,365.31,365.69,366.03,367.9,"2,156","7,93,194.13",170
ICICIFMCG,EQ,2022-03-22,366.03,368.9,368.9,358.25,362.73,362.69,359.39,"10,019","36,00,682.79",267
ICICIFMCG,EQ,2022-03-23,362.69,362.85,370.8,360.05,363.5,363.24,364.04,"6,505","23,68,052.92",171
ICICIFMCG,EQ,2022-03-24,363.24,369.5,369.5,359.01,361.5,361.6,362.26,"14,404","52,18,046.34",155
ICICIFMCG,EQ,2022-03-25,361.6,361.0,372.8,358.0,359.69,359.08,360.05,"15,986","57,55,696.96",240
ICICIFMCG,EQ,2022-03-28,359.08,365.98,365.98,357.0,359.51,359.75,358.26,"3,343","11,97,657.76",181
ICICIFMCG,EQ,2022-03-29,359.75,366.98,366.98,355.1,359.5,361.9,360.89,"15,708","56,68,879.15",177
ICICIFMCG,EQ,2022-03-30,361.9,367.98,367.98,355.0,362.62,362.63,363.23,"3,499","12,70,940.97",128
ICICIFMCG,EQ,2022-03-31,362.63,362.63,367.79,362.63,367.19,367.05,364.75,"14,237","51,93,001.97",182
ICICIFMCG,EQ,2022-04-01,367.05,366.3,371.9,364.1,370.61,369.76,369.2,"9,793","36,15,578.40",187
ICICIFMCG,EQ,2022-04-04,369.76,374.98,376.35,364.55,376.35,375.66,373.8,"9,646","36,05,660.02",255
ICICIFMCG,EQ,2022-04-05,375.66,381.0,381.0,340.1,380.5,380.05,377.32,"29,857","1,12,65,748.84",208
ICICIFMCG,EQ,2022-04-06,380.05,379.5,381.0,375.0,379.5,379.31,378.79,"6,426","24,34,093.10",151
ICICIFMCG,EQ,2022-04-07,379.31,379.3,382.9,376.25,378.16,378.43,381.68,"14,441","55,11,880.60",159
ICICIFMCG,EQ,2022-04-08,378.43,381.9,386.0,378.43,384.5,385.61,382.37,"17,079","65,30,502.66",265
ICICIFMCG,EQ,2022-04-11,385.61,386.0,389.98,383.51,386.5,386.53,386.18,"16,284","62,88,489.58",213
ICICIFMCG,EQ,2022-04-12,386.53,386.53,386.53,382.66,382.68,383.06,383.96,"12,420","47,68,798.08",133
ICICIFMCG,EQ,2022-04-13,383.06,383.06,389.0,383.0,385.65,385.35,386.38,"3,074","11,87,720.27",119
ICICIFMCG,EQ,2022-04-18,385.35,388.99,388.99,381.16,386.45,386.49,385.97,"4,658","17,97,826.49",259
ICICIFMCG,EQ,2022-04-19,386.49,387.8,390.7,382.01,382.01,383.12,386.01,"3,547","13,69,185.82",179
ICICIFMCG,EQ,2022-04-20,383.12,385.98,385.98,380.25,381.99,381.9,380.99,"3,008","11,46,027.69",104
ICICIFMCG,EQ,2022-04-21,381.9,381.0,386.0,377.03,384.0,383.57,382.12,"2,169","8,28,812.15",88
ICICIFMCG,EQ,2022-04-22,383.57,382.11,385.99,381.3,382.9,382.9,382.96,"1,168","4,47,294.15",98
ICICIFMCG,EQ,2022-04-25,382.9,380.9,380.9,374.15,378.29,377.4,376.03,"4,445","16,71,446.33",195
ICICIFMCG,EQ,2022-04-26,377.4,384.0,384.0,378.0,382.3,382.29,382.73,"1,756","6,72,068.68",60
ICICIFMCG,EQ,2022-04-27,382.29,382.35,382.99,377.2,382.47,380.51,379.58,"2,932","11,12,939.64",110
ICICIFMCG,EQ,2022-04-28,380.51,382.49,389.55,382.0,388.58,388.41,384.62,"4,175","16,05,794.89",144
ICICIFMCG,EQ,2022-04-29,388.41,385.0,391.99,383.0,387.0,388.57,389.67,"4,327","16,86,110.29",151
ICICIFMCG,EQ,2022-05-02,388.57,387.0,389.0,382.09,387.0,386.99,385.72,"3,004","11,58,696.89",137
ICICIFMCG,EQ,2022-05-04,386.99,386.99,388.0,383.27,383.9,384.44,386.47,"3,073","11,87,621.26",153
ICICIFMCG,EQ,2022-05-05,384.44,386.5,386.98,379.15,380.99,380.47,382.46,"2,083","7,96,664.85",122
ICICIFMCG,EQ,2022-05-06,380.47,383.0,384.98,374.0,378.99,378.77,377.52,"1,09,128","4,11,98,291.77",233
ICICIFMCG,EQ,2022-05-09,378.77,382.98,382.98,371.2,373.6,373.58,373.25,"27,211","1,01,56,629.20",199
ICICIFMCG,EQ,2022-05-10,373.58,375.0,378.0,372.01,378.0,377.49,375.24,"1,638","6,14,644.87",81
ICICIFMCG,EQ,2022-05-11,377.49,382.98,382.98,367.3,372.99,372.18,370.64,"3,145","11,65,652.33",209
ICICIFMCG,EQ,2022-05-12,372.18,376.98,376.98,362.3,366.85,366.83,364.8,"5,233","19,09,003.88",214
ICICIFMCG,EQ,2022-05-13,366.83,371.98,379.0,369.0,374.5,374.65,373.98,"14,721","55,05,411.57",126
ICICIFMCG,EQ,2022-05-16,374.65,377.0,378.0,371.32,374.1,376.2,375.05,"1,343","5,03,687.90",92
ICICIFMCG,EQ,2022-05-17,376.2,378.0,380.0,373.01,375.7,375.53,375.13,"23,600","88,53,072.34",213
ICICIFMCG,EQ,2022-05-18,375.53,375.53,380.98,374.18,376.0,378.98,378.87,"2,360","8,94,132.49",98
ICICIFMCG,EQ,2022-05-19,378.98,371.9,383.0,371.9,383.0,379.31,380.5,"3,231","12,29,397.50",185
ICICIFMCG,EQ,2022-05-20,379.31,380.0,389.1,377.5,389.0,387.47,388.11,"38,979","1,51,28,292.68",212
ICICIFMCG,EQ,2022-05-23,387.47,387.47,392.0,386.0,389.8,389.52,388.93,"4,946","19,23,646.40",188
ICICIFMCG,EQ,2022-05-24,389.52,388.9,388.9,384.06,386.79,385.27,385.65,"1,766","6,81,056.11",86
ICICIFMCG,EQ,2022-05-25,385.27,388.0,388.0,380.5,384.0,384.03,385.36,"1,602","6,17,341.25",88
ICICIFMCG,EQ,2022-05-26,384.03,386.0,387.0,381.01,386.84,386.25,384.7,840,"3,23,146.50",120
ICICIFMCG,EQ,2022-05-27,386.25,391.98,391.98,386.3,391.97,391.87,389.29,"6,808","26,50,317.20",107
ICICIFMCG,EQ,2022-05-30,391.87,394.9,395.0,388.1,394.0,393.54,392.73,"1,556","6,11,084.24",157
ICICIFMCG,EQ,2022-05-31,393.54,394.4,397.98,389.3,391.4,392.65,392.23,"4,272","16,75,604.55",157
ICICIFMCG,EQ,2022-06-01,392.65,392.65,395.0,389.01,392.9,392.65,392.61,"3,475","13,64,328.66",138
ICICIFMCG,EQ,2022-06-02,392.65,426.1,426.1,386.0,392.0,390.28,390.69,"3,389","13,24,050.19",160
ICICIFMCG,EQ,2022-06-03,390.28,396.0,396.0,389.35,391.6,391.5,390.86,"4,512","17,63,550.73",107
ICICIFMCG,EQ,2022-06-06,391.5,402.0,402.0,386.35,386.35,387.16,388.22,"4,673","18,14,156.83",133
ICICIFMCG,EQ,2022-06-07,387.16,387.16,389.0,382.75,383.99,383.96,383.82,"1,494","5,73,424.93",137
ICICIFMCG,EQ,2022-06-08,383.96,386.0,386.9,380.0,383.0,382.46,383.19,"3,726","14,27,751.25",143
ICICIFMCG,EQ,2022-06-09,382.46,381.0,382.04,379.0,382.03,380.48,380.16,"1,407","5,34,879.52",110
ICICIFMCG,EQ,2022-06-10,380.48,378.0,381.79,378.0,381.15,381.11,380.6,"1,803","6,86,222.59",81
ICICIFMCG,EQ,2022-06-13,381.11,378.0,379.71,377.1,378.49,378.23,378.35,"3,319","12,55,737.04",141
ICICIFMCG,EQ,2022-06-14,378.23,375.0,380.9,374.0,377.0,377.09,376.18,"3,959","14,89,290.60",121
ICICIFMCG,EQ,2022-06-15,377.09,379.0,379.0,375.0,375.76,375.96,376.23,878,"3,30,326.97",73
ICICIFMCG,EQ,2022-06-16,375.96,377.0,380.0,374.0,375.69,374.34,375.41,"9,575","35,94,548.89",93
ICICIFMCG,EQ,2022-06-17,374.34,377.0,377.0,370.0,373.59,373.18,371.91,"1,551","5,76,831.41",130
ICICIFMCG,EQ,2022-06-20,373.18,370.0,378.09,370.0,377.55,376.98,376.1,"1,492","5,61,134.29",133
ICICIFMCG,EQ,2022-06-21,376.98,376.5,382.99,376.5,382.95,382.95,381.76,"3,240","12,36,914.27",112
ICICIFMCG,EQ,2022-06-22,382.95,382.9,383.0,377.27,378.0,377.93,379.76,931,"3,53,558.01",90
ICICIFMCG,EQ,2022-06-23,377.93,383.98,383.98,379.7,380.3,380.47,380.83,379,"1,44,333.81",53
ICICIFMCG,EQ,2022-06-24,380.47,384.0,386.99,381.0,385.0,384.89,385.02,"2,032","7,82,363.84",96
ICICIFMCG,EQ,2022-06-27,384.89,390.0,423.7,386.51,390.46,390.15,391.64,"4,270","16,72,302.09",206
ICICIFMCG,EQ,2022-06-28,390.15,385.0,389.74,384.25,389.6,388.28,386.8,"17,587","68,02,683.63",131
ICICIFMCG,EQ,2022-06-29,388.28,387.0,387.0,382.19,383.8,384.09,384.19,"1,981","7,61,082.22",80
ICICIFMCG,EQ,2022-06-30,384.09,387.0,387.0,382.1,384.0,384.62,384.26,701,"2,69,368.58",70
ICICIFMCG,EQ,2022-07-01,384.62,380.0,396.0,380.0,393.6,394.1,389.73,"4,205","16,38,797.01",254
ICICIFMCG,EQ,2022-07-04,394.1,383.0,423.0,383.0,406.06,406.44,408.53,"1,04,484","4,26,84,360.65","2,058"
ICICIFMCG,EQ,2022-07-05,406.44,407.0,412.0,404.16,405.99,404.73,406.28,"12,896","52,39,394.78",608
ICICIFMCG,EQ,2022-07-06,404.73,407.0,416.9,406.0,416.9,414.58,411.26,"24,183","99,45,419.27",464
ICICIFMCG,EQ,2022-07-07,414.58,418.0,419.98,413.51,415.5,416.12,416.28,"25,378","1,05,64,349.43",410
ICICIFMCG,EQ,2022-07-08,416.12,416.0,420.84,415.02,415.65,415.96,416.14,"11,140","46,35,791.49",286
ICICIFMCG,EQ,2022-07-11,415.96,415.96,421.0,411.51,421.0,420.04,419.17,"7,204","30,19,681.01",338
ICICIFMCG,EQ,2022-07-12,420.04,420.0,422.4,413.13,413.5,414.56,415.55,"10,885","45,23,218.64",334
ICICIFMCG,EQ,2022-07-13,414.56,415.08,420.0,415.08,420.0,419.21,417.56,"6,649","27,76,333.89",266
ICICIFMCG,EQ,2022-07-14,419.21,424.98,424.98,415.08,416.25,417.69,418.65,"6,563","27,47,612.59",245
ICICIFMCG,EQ,2022-07-15,417.69,422.4,422.4,419.0,419.5,420.3,420.38,"36,990","1,55,49,830.98",499
ICICIFMCG,EQ,2022-07-18,420.3,428.0,428.0,419.0,422.7,422.78,423.22,"12,898","54,58,630.40",422
ICICIFMCG,EQ,2022-07-19,422.78,422.78,425.71,420.0,422.55,422.02,421.78,"8,267","34,86,818.52",187
ICICIFMCG,EQ,2022-07-20,422.02,425.71,428.0,423.0,427.57,427.07,426.81,"8,804","37,57,595.45",286
ICICIFMCG,EQ,2022-07-21,427.07,427.07,431.0,427.07,430.83,430.75,430.2,"15,009","64,56,915.52",193
ICICIFMCG,EQ,2022-07-22,430.75,430.75,434.35,430.0,433.79,432.9,432.06,"14,627","63,19,768.76",297
ICICIFMCG,EQ,2022-07-25,432.9,432.9,434.9,430.0,434.0,432.55,432.61,"10,171","44,00,083.08",262
ICICIFMCG,EQ,2022-07-26,432.55,430.0,431.68,425.53,425.53,426.38,428.58,"3,352","14,36,606.19",252
ICICIFMCG,EQ,2022-07-27,426.38,429.0,429.31,424.52,428.01,427.86,426.59,"5,458","23,28,337.81",160
ICICIFMCG,EQ,2022-07-28,427.86,429.0,432.0,426.9,429.75,430.86,429.05,"52,404","2,24,84,127.59",308
ICICIFMCG,EQ,2022-07-29,430.86,432.0,435.0,429.23,434.0,431.51,431.32,"5,409","23,32,988.93",212
ICICIFMCG,EQ,2022-08-01,431.51,433.0,436.98,429.04,434.0,433.27,432.85,"4,102","17,75,539.95",221
ICICIFMCG,EQ,2022-08-02,433.27,435.0,440.0,434.0,436.7,436.05,436.38,"9,810","42,80,890.89",260
ICICIFMCG,EQ,2022-08-03,436.05,436.0,438.0,431.05,434.6,433.58,433.04,"12,928","55,98,287.25",189
ICICIFMCG,EQ,2022-08-04,433.58,434.6,436.7,432.91,436.5,436.25,433.91,"2,873","12,46,624.78",83
ICICIFMCG,EQ,2022-08-05,436.25,438.0,440.0,432.02,438.49,438.33,438.62,"3,936","17,26,395.61",172
ICICIFMCG,EQ,2022-08-08,438.33,434.03,441.96,434.03,438.0,438.33,437.46,"2,478","10,84,016.81",165
ICICIFMCG,EQ,2022-08-10,438.33,438.33,440.98,435.21,437.0,436.76,437.09,"10,316","45,08,978.60",165
ICICIFMCG,EQ,2022-08-11,436.76,441.94,441.94,433.0,433.5,433.77,435.17,"2,283","9,93,485.39",169
ICICIFMCG,EQ,2022-08-12,433.77,439.7,439.7,429.62,431.92,432.86,432.01,"16,977","73,34,226.96",170
ICICIFMCG,EQ,2022-08-16,432.86,439.7,440.14,432.86,437.4,437.34,437.79,"10,075","44,10,697.88",258
ICICIFMCG,EQ,2022-08-17,437.34,443.98,443.98,438.7,440.4,440.36,440.34,"11,413","50,25,612.30",195
ICICIFMCG,EQ,2022-08-18,440.36,440.36,445.5,436.5,444.13,443.85,443.03,"3,645","16,14,832.42",237
ICICIFMCG,EQ,2022-08-19,443.85,444.85,446.98,437.0,438.57,438.71,440.57,"6,422","28,29,324.02",274
ICICIFMCG,EQ,2022-08-22,438.71,440.99,440.99,436.55,438.37,437.97,438.66,"2,710","11,88,758.21",171
ICICIFMCG,EQ,2022-08-23,437.97,435.0,439.5,433.1,437.04,437.14,436.83,"1,765","7,70,998.30",132
ICICIFMCG,EQ,2022-08-24,437.14,438.6,439.65,435.86,439.26,437.31,437.39,"8,802","38,49,927.44",164
ICICIFMCG,EQ,2022-08-25,437.31,438.0,441.19,435.8,438.02,437.49,439.4,"5,307","23,31,891.29",116
ICICIFMCG,EQ,2022-08-26,437.49,436.03,441.0,435.1,435.75,435.31,436.66,"2,431","10,61,520.33",121
ICICIFMCG,EQ,2022-08-29,435.31,432.0,437.99,429.0,437.5,437.25,435.0,"12,074","52,52,218.50",201
ICICIFMCG,EQ,2022-08-30,437.25,440.98,446.66,437.0,446.65,446.1,443.38,"3,540","15,69,568.86",137
ICICIFMCG,EQ,2022-09-01,446.1,446.99,446.99,440.89,444.4,442.73,442.92,"4,831","21,39,770.31",195
ICICIFMCG,EQ,2022-09-02,442.73,442.73,447.5,442.73,446.34,446.09,445.4,"3,109","13,84,760.98",155
ICICIFMCG,EQ,2022-09-05,446.09,448.77,448.77,444.86,447.06,445.82,446.37,"3,488","15,56,932.41",125
ICICIFMCG,EQ,2022-09-06,445.82,445.75,447.7,443.2,445.0,444.96,445.68,"3,389","15,10,410.93",122
ICICIFMCG,EQ,2022-09-07,444.96,444.0,446.0,444.0,445.78,445.54,445.27,"1,077","4,79,553.46",90
ICICIFMCG,EQ,2022-09-08,445.54,449.0,449.0,444.5,445.5,445.59,445.73,"2,388","10,64,410.13",127
ICICIFMCG,EQ,2022-09-09,445.59,445.05,451.99,445.05,447.84,447.73,449.09,"4,980","22,36,456.17",257
ICICIFMCG,EQ,2022-09-12,447.73,449.79,449.99,446.83,448.0,447.23,447.76,"6,799","30,44,310.52",205
ICICIFMCG,EQ,2022-09-13,447.23,450.0,452.0,448.01,450.5,450.94,450.57,"2,998","13,50,808.34",144
ICICIFMCG,EQ,2022-09-14,450.94,447.99,453.0,444.97,449.36,451.57,450.34,"14,701","66,20,381.28",215
ICICIFMCG,EQ,2022-09-15,451.57,453.99,453.99,449.0,449.66,449.6,450.48,"1,479","6,66,257.84",144
ICICIFMCG,EQ,2022-09-16,449.6,450.99,450.99,439.11,441.86,440.37,442.11,"21,635","95,64,960.17",298
ICICIFMCG,EQ,2022-09-19,440.37,442.0,445.9,437.0,444.2,444.35,442.65,"10,513","46,53,630.71",220
ICICIFMCG,EQ,2022-09-20,444.35,444.53,451.64,444.53,447.91,448.74,449.05,"4,754","21,34,801.99",137
ICICIFMCG,EQ,2022-09-21,448.74,448.74,454.59,448.0,454.0,453.14,452.79,"4,987","22,58,054.11",235
ICICIFMCG,EQ,2022-09-22,453.14,455.55,461.69,448.04,460.73,460.0,458.15,"5,931","27,17,265.70",289
ICICIFMCG,EQ,2022-09-23,460.0,460.01,465.6,456.9,458.6,458.15,459.71,"19,538","89,81,826.16",270
ICICIFMCG,EQ,2022-09-26,458.15,458.0,459.97,446.99,449.25,447.62,450.89,"9,380","42,29,353.51",399
ICICIFMCG,EQ,2022-09-27,447.62,450.99,454.01,447.63,451.0,451.22,452.86,"9,905","44,85,576.55",202
ICICIFMCG,EQ,2022-09-28,451.22,451.25,452.97,446.09,448.91,448.26,448.83,"6,210","27,87,245.18",214
ICICIFMCG,EQ,2022-09-29,448.26,452.97,454.57,448.94,453.5,453.11,452.06,"7,902","35,72,140.63",150
ICICIFMCG,EQ,2022-09-30,453.11,454.98,454.98,448.03,453.5,453.32,451.99,"2,409","10,88,853.52",197
ICICIFMCG,EQ,2022-10-03,453.32,457.98,457.98,442.51,448.0,444.24,449.42,"6,947","31,22,151.20",328
ICICIFMCG,EQ,2022-10-04,444.24,454.98,454.98,447.01,450.01,451.64,449.72,"2,029","9,12,482.84",128
ICICIFMCG,EQ,2022-10-06,451.64,456.97,456.97,449.27,449.52,449.88,450.56,"1,04,385","4,70,31,537.26",265
ICICIFMCG,EQ,2022-10-07,449.88,451.97,451.97,443.13,447.69,446.97,446.14,"4,131","18,43,022.34",209
ICICIFMCG,EQ,2022-10-10,446.97,445.95,445.95,437.91,441.0,440.95,440.64,"6,810","30,00,786.13",351
ICICIFMCG,EQ,2022-10-11,440.95,440.95,440.95,433.01,437.0,434.59,437.19,"2,040","8,91,875.86",262
ICICIFMCG,EQ,2022-10-12,434.59,438.77,441.19,434.51,440.0,439.96,439.46,"3,519","15,46,451.48",119
ICICIFMCG,EQ,2022-10-13,439.96,441.99,441.99,439.3,439.75,439.68,439.55,"1,160","5,09,874.46",97
ICICIFMCG,EQ,2022-10-14,439.68,447.49,447.49,438.51,438.51,440.6,443.44,"1,15,067","5,10,25,660.42",155
ICICIFMCG,EQ,2022-10-17,440.6,440.99,442.0,438.36,440.2,440.43,440.23,"4,794","21,10,439.49",136
ICICIFMCG,EQ,2022-10-18,440.43,444.96,447.59,442.0,444.72,445.99,444.62,"1,304","5,79,787.80",98
ICICIFMCG,EQ,2022-10-19,445.99,447.5,448.99,445.0,446.92,446.77,446.87,"4,386","19,59,965.01",108
ICICIFMCG,EQ,2022-10-20,446.77,449.73,452.49,446.91,452.49,450.83,450.23,"1,764","7,94,202.18",101
ICICIFMCG,EQ,2022-10-21,450.83,450.84,455.19,448.87,451.4,450.6,451.8,"2,893","13,07,046.68",196
ICICIFMCG,EQ,2022-10-24,450.6,454.95,455.0,450.0,450.25,450.16,451.12,"2,730","12,31,545.44",168
ICICIFMCG,EQ,2022-10-25,450.16,454.86,454.86,445.12,446.89,445.76,447.08,"6,894","30,82,181.34",261
ICICIFMCG,EQ,2022-10-27,445.76,449.97,449.97,444.27,449.38,446.79,444.88,"17,258","76,77,794.69",201
ICICIFMCG,EQ,2022-10-28,446.79,446.8,451.99,446.31,449.24,447.2,448.12,"4,354","19,51,123.41",178
ICICIFMCG,EQ,2022-10-31,447.2,449.94,453.59,447.2,453.19,451.01,450.81,"8,125","36,62,844.80",175
ICICIFMCG,EQ,2022-11-01,451.01,454.0,455.0,451.01,453.75,454.18,454.19,"5,440","24,70,795.87",180
ICICIFMCG,EQ,2022-11-02,454.18,457.96,457.96,451.03,454.99,453.83,454.69,"4,671","21,23,836.57",185
ICICIFMCG,EQ,2022-11-03,453.83,455.95,457.8,452.66,455.8,455.72,455.83,"2,520","11,48,693.56",122
ICICIFMCG,EQ,2022-11-04,455.72,457.96,457.96,453.07,456.0,455.82,455.04,"2,920","13,28,702.96",132
ICICIFMCG,EQ,2022-11-07,455.82,459.83,460.0,453.5,457.64,456.17,456.26,"2,494","11,37,918.78",203
ICICIFMCG,EQ,2022-11-09,456.17,456.17,461.2,456.17,457.09,459.22,459.28,"8,494","39,01,146.44",207
ICICIFMCG,EQ,2022-11-10,459.22,456.18,459.19,454.5,454.74,455.24,456.36,"1,667","7,60,744.97",154
ICICIFMCG,EQ,2022-11-11,455.24,459.79,459.79,453.88,456.03,454.24,456.16,"5,117","23,34,154.22",166
ICICIFMCG,EQ,2022-11-14,454.24,461.28,461.28,447.45,447.53,448.34,452.46,"16,991","76,87,768.54",319
ICICIFMCG,EQ,2022-11-15,448.34,448.34,450.67,443.85,448.49,448.08,446.66,"5,701","25,46,413.29",257
ICICIFMCG,EQ,2022-11-16,448.08,448.42,450.25,446.17,450.25,450.22,450.2,"2,42,748","10,92,85,778.38",197
ICICIFMCG,EQ,2022-11-17,450.22,450.67,450.68,446.18,447.53,447.81,449.3,"1,244","5,58,931.08",107
ICICIFMCG,EQ,2022-11-18,447.81,450.97,450.97,445.01,448.11,448.13,446.7,"1,404","6,27,170.58",130
ICICIFMCG,EQ,2022-11-21,448.13,449.96,449.96,445.01,446.8,446.78,446.47,"1,497","6,68,358.19",144
ICICIFMCG,EQ,2022-11-22,446.78,445.01,448.43,445.0,448.4,447.16,447.02,"3,901","17,43,817.99",106
ICICIFMCG,EQ,2022-11-23,447.16,446.05,449.19,446.05,449.14,448.13,448.13,"2,181","9,77,367.81",105
ICICIFMCG,EQ,2022-11-24,448.13,450.1,452.95,446.05,452.88,452.22,452.32,"33,356","1,50,87,587.88",152
ICICIFMCG,EQ,2022-11-25,452.22,454.49,455.24,448.51,451.4,450.82,450.52,"2,576","11,60,534.01",194
ICICIFMCG,EQ,2022-11-28,450.82,446.3,452.39,421.0,451.6,451.02,450.92,"2,392","10,78,610.01",171
ICICIFMCG,EQ,2022-11-29,451.02,452.97,461.89,452.94,461.78,459.92,458.77,"14,441","66,25,109.94",244
ICICIFMCG,EQ,2022-11-30,459.92,460.79,466.95,460.79,466.95,463.79,463.36,"5,407","25,05,408.46",241
ICICIFMCG,EQ,2022-12-01,463.79,466.0,468.0,461.41,464.9,462.71,462.95,"4,097","18,96,688.70",237
ICICIFMCG,EQ,2022-12-02,462.71,462.71,462.86,452.31,462.86,461.87,461.26,"3,236","14,92,646.48",154
ICICIFMCG,EQ,2022-12-05,461.87,463.03,463.03,458.09,462.5,462.07,460.28,"2,411","11,09,745.04",201
ICICIFMCG,EQ,2022-12-06,462.07,463.03,463.03,460.06,462.99,461.94,461.83,"2,043","9,43,513.08",141
ICICIFMCG,EQ,2022-12-07,461.94,463.04,468.49,460.04,468.49,466.46,466.35,"9,935","46,33,148.65",262
ICICIFMCG,EQ,2022-12-08,466.46,500.0,500.0,463.06,468.04,467.9,469.04,"3,737","17,52,785.28",197
ICICIFMCG,EQ,2022-12-09,467.9,473.98,473.98,468.51,472.98,471.38,471.1,"6,689","31,51,155.08",253
ICICIFMCG,EQ,2022-12-12,471.38,471.0,473.94,470.51,472.01,472.06,471.92,"8,454","39,89,583.04",234
ICICIFMCG,EQ,2022-12-13,472.06,472.02,472.79,468.06,470.55,472.07,471.8,"3,934","18,56,065.87",162
ICICIFMCG,EQ,2022-12-14,472.07,473.97,473.97,464.0,469.89,468.31,468.44,"20,754","97,21,920.48",257
ICICIFMCG,EQ,2022-12-15,468.31,470.76,470.76,464.5,465.98,466.08,467.24,"1,909","8,91,961.87",202
ICICIFMCG,EQ,2022-12-16,466.08,468.49,468.49,461.91,464.5,462.64,463.12,"4,628","21,43,312.32",252
ICICIFMCG,EQ,2022-12-19,462.64,465.97,470.5,463.12,470.5,469.42,468.2,"14,136","66,18,452.24",238
ICICIFMCG,EQ,2022-12-20,469.42,472.95,472.95,464.5,467.98,467.64,466.13,"2,049","9,55,093.24",170
ICICIFMCG,EQ,2022-12-21,467.64,467.98,471.86,461.76,463.84,463.15,465.09,"4,294","19,97,111.99",217
ICICIFMCG,EQ,2022-12-22,463.15,467.95,467.95,456.3,459.52,458.98,459.86,"5,605","25,77,514.18",232
ICICIFMCG,EQ,2022-12-23,458.98,458.95,458.95,453.2,454.0,453.93,456.28,"10,081","45,99,721.40",317
ICICIFMCG,EQ,2022-12-26,453.93,456.91,458.92,448.55,456.01,457.92,456.85,"8,838","40,37,642.96",209
ICICIFMCG,EQ,2022-12-27,457.92,465.0,465.0,454.02,456.5,454.53,456.57,"4,410","20,13,456.01",188
ICICIFMCG,EQ,2022-12-28,454.53,457.19,457.95,455.0,455.85,455.73,455.91,949,"4,32,661.24",120
ICICIFMCG,EQ,2022-12-29,455.73,461.98,461.98,450.0,456.76,454.54,452.4,"4,582","20,72,899.51",234
ICICIFMCG,EQ,2022-12-30,454.54,461.98,461.98,450.0,452.0,452.22,453.82,"3,446","15,63,848.02",175
ICICIFMCG,EQ,2023-01-02,452.22,457.77,457.77,450.06,452.4,451.91,451.71,"4,753","21,46,962.74",228
ICICIFMCG,EQ,2023-01-03,451.91,452.41,452.55,449.75,450.21,450.37,451.11,"12,113","54,64,248.26",197
ICICIFMCG,EQ,2023-01-04,450.37,450.5,454.96,447.0,447.44,447.72,448.76,"3,766","16,90,030.37",198
ICICIFMCG,EQ,2023-01-05,447.72,454.98,454.99,447.1,454.49,454.23,451.35,"13,353","60,26,908.61",228
ICICIFMCG,EQ,2023-01-06,454.23,458.86,458.87,452.32,454.92,452.38,453.22,"17,352","78,64,335.04",173
ICICIFMCG,EQ,2023-01-09,452.38,455.95,459.35,453.23,457.25,457.12,456.97,"5,064","23,14,088.63",196
ICICIFMCG,EQ,2023-01-10,457.12,459.94,459.94,455.0,456.54,456.3,456.35,"1,289","5,88,234.38",126
ICICIFMCG,EQ,2023-01-11,456.3,459.93,459.93,450.7,450.72,451.25,452.9,"6,143","27,82,147.73",206
ICICIFMCG,EQ,2023-01-12,451.25,464.25,464.25,446.5,449.95,449.42,449.18,"4,942","22,19,850.58",221
ICICIFMCG,EQ,2023-01-13,449.42,456.97,456.97,448.1,452.99,449.73,449.79,"2,767","12,44,566.52",137
ICICIFMCG,EQ,2023-01-16,449.73,454.98,454.98,446.56,450.85,450.55,449.5,"5,369","24,13,356.27",149
ICICIFMCG,EQ,2023-01-17,450.55,454.98,456.09,450.01,456.07,453.45,453.1,"10,404","47,14,094.91",138
ICICIFMCG,EQ,2023-01-18,453.45,456.96,457.99,453.0,457.99,455.81,455.86,"3,017","13,75,342.13",185
ICICIFMCG,EQ,2023-01-19,455.81,457.99,457.99,451.49,453.0,452.19,453.6,"2,249","10,20,136.91",132
ICICIFMCG,EQ,2023-01-20,452.19,451.86,453.98,447.24,449.6,447.6,449.19,"7,499","33,68,476.94",257
ICICIFMCG,EQ,2023-01-23,447.6,451.86,452.99,450.0,450.92,451.78,451.23,"3,814","17,21,007.95",154
ICICIFMCG,EQ,2023-01-24,451.78,454.99,454.99,451.19,451.38,451.85,451.79,"3,001","13,55,810.68",132
ICICIFMCG,EQ,2023-01-25,451.85,454.98,454.98,450.01,453.5,452.45,451.45,"3,584","16,18,009.74",175
ICICIFMCG,EQ,2023-01-27,452.45,453.5,456.75,449.04,455.79,453.21,452.93,"6,332","28,67,949.19",216
ICICIFMCG,EQ,2023-01-30,453.21,455.79,457.94,449.31,451.6,453.06,452.31,"5,070","22,93,231.77",200
ICICIFMCG,EQ,2023-01-31,453.06,450.5,455.93,447.5,455.9,453.92,451.7,"4,093","18,48,801.57",212
ICICIFMCG,EQ,2023-02-01,453.92,458.94,465.0,449.1,449.1,458.5,456.26,"14,946","68,19,283.22",234
ICICIFMCG,EQ,2023-02-02,458.5,462.94,471.31,455.12,470.0,469.95,467.36,"14,708","68,73,894.14",405
ICICIFMCG,EQ,2023-02-03,469.95,471.0,471.0,466.0,469.25,469.64,468.77,"6,625","31,05,618.97",293
ICICIFMCG,EQ,2023-02-06,469.64,471.0,474.0,470.0,473.99,472.23,471.63,"7,720","36,40,992.57",317
ICICIFMCG,EQ,2023-02-07,472.23,472.5,474.03,464.49,467.01,467.87,465.21,"41,935","1,95,08,423.95",324
ICICIFMCG,EQ,2023-02-08,467.87,468.01,469.88,466.13,468.09,468.09,467.38,"5,608","26,21,084.17",201
ICICIFMCG,EQ,2023-02-09,468.09,468.09,470.99,466.91,467.94,467.65,467.62,"8,191","38,30,298.81",152
ICICIFMCG,EQ,2023-02-10,467.65,467.65,467.66,462.51,463.5,464.29,464.43,"2,237","10,38,924.66",228
ICICIFMCG,EQ,2023-02-13,464.29,464.29,467.99,463.5,465.84,465.13,464.53,"1,695","7,87,381.35",142
ICICIFMCG,EQ,2023-02-14,465.13,467.27,470.7,465.42,468.66,468.72,468.77,"22,236","1,04,23,606.69",176
ICICIFMCG,EQ,2023-02-15,468.72,469.82,471.73,465.92,471.73,469.56,468.7,"3,686","17,27,637.46",173
ICICIFMCG,EQ,2023-02-16,469.56,475.98,475.98,464.1,470.0,470.31,470.9,"1,685","7,93,470.59",157
ICICIFMCG,EQ,2023-02-17,470.31,474.98,474.98,468.0,469.25,469.04,469.01,"1,987","9,31,924.85",140
ICICIFMCG,EQ,2023-02-20,469.04,465.08,474.71,465.08,468.55,466.92,469.1,"3,113","14,60,310.33",204
ICICIFMCG,EQ,2023-02-21,466.92,460.0,472.97,460.0,468.0,468.53,468.85,765,"3,58,666.88",102
ICICIFMCG,EQ,2023-02-22,468.53,467.3,468.2,466.0,468.2,467.68,467.07,"3,589","16,76,323.60",175
ICICIFMCG,EQ,2023-02-23,467.68,468.21,472.33,465.0,466.19,466.36,469.5,"9,752","45,78,599.69",152
ICICIFMCG,EQ,2023-02-24,466.36,469.89,469.89,463.73,466.0,465.29,465.51,"6,485","30,18,863.59",163
ICICIFMCG,EQ,2023-02-27,465.29,464.93,466.09,460.0,461.9,462.07,462.78,"3,553","16,44,241.08",265
ICICIFMCG,EQ,2023-02-28,462.07,462.08,466.08,458.0,461.5,461.53,461.34,"2,853","13,16,196.30",173
ICICIFMCG,EQ,2023-03-01,461.53,466.98,466.98,461.54,464.49,463.79,463.69,"1,052","4,87,805.56",142
ICICIFMCG,EQ,2023-03-02,463.79,468.98,468.98,460.0,461.6,461.43,461.89,"2,631","12,15,225.19",153
ICICIFMCG,EQ,2023-03-03,461.43,463.9,467.5,463.11,465.15,465.29,465.27,"5,016","23,33,795.96",131
ICICIFMCG,EQ,2023-03-06,465.29,469.75,472.61,466.5,468.51,468.62,469.34,"10,767","50,53,415.70",189
ICICIFMCG,EQ,2023-03-08,468.62,472.43,472.44,466.58,468.75,468.84,469.04,"9,016","42,28,862.84",163
ICICIFMCG,EQ,2023-03-09,468.84,472.46,472.46,465.01,466.99,465.75,467.22,"1,756","8,20,439.34",127
ICICIFMCG,EQ,2023-03-10,465.75,468.89,468.89,461.06,466.96,466.22,464.95,"4,360","20,27,174.75",150
ICICIFMCG,EQ,2023-03-13,466.22,466.97,467.99,460.5,462.5,462.46,463.67,"2,300","10,66,438.16",208
ICICIFMCG,EQ,2023-03-14,462.46,466.9,466.9,459.0,460.0,459.55,461.36,"7,354","33,92,825.47",171
ICICIFMCG,EQ,2023-03-15,459.55,460.01,464.94,455.76,455.76,456.16,458.44,"5,471","25,08,126.32",202
ICICIFMCG,EQ,2023-03-16,456.16,461.88,462.5,455.32,461.92,462.23,459.22,"9,108","41,82,592.75",148
ICICIFMCG,EQ,2023-03-17,462.23,464.0,464.0,458.12,461.0,460.54,460.35,"1,948","8,96,764.24",170
ICICIFMCG,EQ,2023-03-20,460.54,464.79,465.39,457.02,465.38,465.06,461.1,"8,580","39,56,230.52",203
ICICIFMCG,EQ,2023-03-21,465.06,469.0,469.0,460.0,460.11,460.55,461.9,"3,540","16,35,116.02",166
ICICIFMCG,EQ,2023-03-22,460.55,462.68,464.83,461.02,464.11,462.51,462.2,785,"3,62,827.66",86
ICICIFMCG,EQ,2023-03-23,462.51,464.11,465.98,462.24,464.0,464.38,464.8,"1,425","6,62,333.33",108
ICICIFMCG,EQ,2023-03-24,464.38,468.99,468.99,460.11,463.0,463.78,465.02,"2,029","9,43,533.91",139
ICICIFMCG,EQ,2023-03-27,463.78,469.5,469.5,460.54,462.51,465.13,465.09,"3,774","17,55,250.04",181
ICICIFMCG,EQ,2023-03-28,465.13,462.57,468.23,462.06,463.0,462.95,463.2,"2,400","11,11,686.09",108
ICICIFMCG,EQ,2023-03-29,462.95,463.01,468.2,461.93,467.1,465.62,464.26,"5,394","25,04,237.98",124
ICICIFMCG,EQ,2023-03-31,465.62,469.97,470.99,460.16,470.28,470.28,468.67,"17,386","81,48,292.78",243
ICICIFMCG,EQ,2023-04-03,470.28,474.93,474.93,467.85,469.6,468.71,469.04,"3,303","15,49,226.50",231
ICICIFMCG,EQ,2023-04-05,468.71,472.92,476.69,470.04,476.5,475.3,474.26,"6,346","30,09,684.78",345
ICICIFMCG,EQ,2023-04-06,475.3,470.19,475.37,470.19,473.9,473.32,474.1,"2,460","11,66,293.67",137
ICICIFMCG,EQ,2023-04-10,473.32,473.33,473.7,471.5,473.24,472.1,472.92,"3,079","14,56,121.80",258
ICICIFMCG,EQ,2023-04-11,472.1,468.09,475.0,468.09,475.0,474.56,473.7,"1,961","9,28,927.90",118
ICICIFMCG,EQ,2023-04-12,474.56,477.99,477.99,472.51,473.36,473.65,473.8,"1,975","9,35,764.70",124
ICICIFMCG,EQ,2023-04-13,473.65,474.34,478.0,474.31,474.56,475.33,476.0,"2,248","10,70,052.76",147
ICICIFMCG,EQ,2023-04-17,475.33,474.0,481.47,474.0,480.25,480.21,479.46,"5,205","24,95,605.83",270
ICICIFMCG,EQ,2023-04-18,480.21,480.21,480.43,478.0,479.47,478.83,479.38,"1,860","8,91,652.13",155
ICICIFMCG,EQ,2023-04-19,478.83,483.98,483.98,476.2,477.94,477.35,477.59,"1,413","6,74,832.89",142
ICICIFMCG,EQ,2023-04-20,477.35,482.48,482.48,475.0,475.5,476.52,476.55,"1,888","8,99,723.40",135
ICICIFMCG,EQ,2023-04-21,476.52,477.31,480.91,476.51,480.7,480.23,478.92,"2,442","11,69,523.79",154
ICICIFMCG,EQ,2023-04-24,480.23,485.98,485.98,478.0,482.5,483.42,481.83,"5,607","27,01,604.04",226
ICICIFMCG,EQ,2023-04-25,483.42,485.58,485.58,481.5,484.45,483.86,483.84,"2,681","12,97,162.01",152
ICICIFMCG,EQ,2023-04-26,483.86,486.79,488.6,482.93,488.6,487.01,485.69,"2,082","10,11,209.49",174
ICICIFMCG,EQ,2023-04-27,487.01,492.98,492.98,486.5,488.18,487.16,487.69,"5,235","25,53,072.53",197
ICICIFMCG,EQ,2023-04-28,487.16,488.2,493.85,484.6,491.65,490.19,488.21,"8,805","42,98,684.70",171
ICICIFMCG,EQ,2023-05-02,490.19,494.94,495.98,489.71,492.25,491.18,492.46,"10,704","52,71,280.29",360
ICICIFMCG,EQ,2023-05-03,491.18,494.93,496.43,489.63,496.17,494.41,493.74,"13,964","68,94,623.37",274
ICICIFMCG,EQ,2023-05-04,494.41,497.0,497.01,492.5,495.11,494.36,493.81,"5,349","26,41,390.14",251
ICICIFMCG,EQ,2023-05-05,494.36,494.37,496.94,494.0,496.8,496.09,495.94,"1,636","8,11,350.07",191
ICICIFMCG,EQ,2023-05-08,496.09,496.1,500.94,496.1,499.5,499.6,499.64,"8,139","40,66,532.36",261
ICICIFMCG,EQ,2023-05-09,499.6,504.48,504.79,496.51,499.99,498.15,499.1,"7,218","36,02,513.05",239
ICICIFMCG,EQ,2023-05-10,498.15,499.95,500.69,496.5,500.69,500.66,499.41,"2,439","12,18,051.66",175
ICICIFMCG,EQ,2023-05-11,500.66,505.48,505.48,499.45,503.3,502.76,500.82,"3,362","16,83,757.01",151
ICICIFMCG,EQ,2023-05-12,502.76,507.98,507.98,500.77,504.51,503.99,504.13,"6,312","31,82,082.02",242
ICICIFMCG,EQ,2023-05-15,503.99,507.88,511.64,503.86,510.4,509.9,508.72,"5,391","27,42,525.83",292
ICICIFMCG,EQ,2023-05-16,509.9,510.01,514.68,507.01,507.01,508.3,509.63,"6,748","34,39,011.52",254
ICICIFMCG,EQ,2023-05-17,508.3,507.0,509.99,505.9,509.4,509.07,508.15,"3,217","16,34,704.35",177
ICICIFMCG,EQ,2023-05-18,509.07,512.43,512.6,502.01,502.01,502.95,506.13,"2,524","12,77,475.07",264
ICICIFMCG,EQ,2023-05-19,502.95,503.01,504.05,498.1,503.73,503.72,500.92,"2,670","13,37,468.66",228
ICICIFMCG,EQ,2023-05-22,503.72,507.79,508.98,502.24,505.9,505.31,504.85,"3,027","15,28,182.45",204
ICICIFMCG,EQ,2023-05-23,505.31,504.73,508.0,504.0,506.78,506.53,507.26,"5,186","26,30,637.84",181
ICICIFMCG,EQ,2023-05-24,506.53,507.18,511.15,506.17,511.15,508.53,507.45,"2,219","11,26,030.58",135
ICICIFMCG,EQ,2023-05-25,508.53,507.89,513.51,507.89,512.0,510.84,511.43,"4,455","22,78,440.58",187
ICICIFMCG,EQ,2023-05-26,510.84,511.0,519.27,510.84,519.24,518.26,515.78,"4,442","22,91,112.35",281
ICICIFMCG,EQ,2023-05-29,518.26,518.26,524.0,518.26,521.41,521.98,522.02,"5,642","29,45,248.14",270
ICICIFMCG,EQ,2023-05-30,521.98,521.98,525.81,521.98,525.4,525.08,525.01,"5,606","29,43,223.39",210
ICICIFMCG,EQ,2023-05-31,525.08,528.82,528.82,521.01,527.0,525.57,524.09,"7,464","39,11,816.84",220
ICICIFMCG,EQ,2023-06-01,525.57,528.18,529.36,524.3,525.55,525.12,527.17,"7,590","40,01,242.99",297
ICICIFMCG,EQ,2023-06-02,525.12,529.78,529.78,526.99,528.66,528.6,528.52,"4,986","26,35,179.86",206
ICICIFMCG,EQ,2023-06-05,528.6,534.98,534.98,525.93,526.5,526.4,527.95,"8,235","43,47,667.18",357
ICICIFMCG,EQ,2023-06-06,526.4,532.98,532.98,522.7,525.64,525.12,524.57,"5,333","27,97,540.86",264
ICICIFMCG,EQ,2023-06-07,525.12,525.13,531.9,525.13,531.9,530.47,528.86,"7,738","40,92,336.67",273
ICICIFMCG,EQ,2023-06-08,530.47,534.78,534.78,523.43,527.5,525.27,527.23,"6,375","33,61,097.37",390
ICICIFMCG,EQ,2023-06-09,525.27,527.83,529.0,520.75,523.0,522.5,524.57,"5,314","27,87,566.81",360
ICICIFMCG,EQ,2023-06-12,522.5,526.86,526.86,521.0,523.0,523.08,522.12,"3,555","18,56,137.02",295
ICICIFMCG,EQ,2023-06-13,523.08,525.5,531.15,525.5,528.2,528.81,528.9,"8,393","44,39,037.08",349
ICICIFMCG,EQ,2023-06-14,528.81,528.51,533.97,528.51,532.41,531.88,531.71,"7,798","41,46,287.66",247
ICICIFMCG,EQ,2023-06-15,531.88,532.0,537.9,532.0,536.99,536.7,536.25,"6,370","34,15,929.77",275
ICICIFMCG,EQ,2023-06-16,536.7,541.68,546.01,535.82,538.76,539.35,538.99,"8,014","43,19,495.50",430
ICICIFMCG,EQ,2023-06-19,539.35,542.79,542.79,536.25,537.1,537.09,539.2,"5,847","31,52,726.83",336
ICICIFMCG,EQ,2023-06-20,537.09,539.2,539.2,534.77,537.5,537.14,536.36,"6,376","34,19,829.57",198
ICICIFMCG,EQ,2023-06-21,537.14,540.86,540.86,534.36,536.74,534.95,536.92,"10,326","55,44,215.18",246
ICICIFMCG,EQ,2023-06-22,534.95,534.4,536.84,531.7,532.68,532.58,534.14,"9,999","53,40,849.64",273
ICICIFMCG,EQ,2023-06-23,532.58,536.68,536.68,526.37,529.05,528.35,527.48,"10,192","53,76,088.38",321
ICICIFMCG,EQ,2023-06-26,528.35,534.98,535.34,528.35,533.6,533.44,533.8,"5,152","27,50,146.59",238
ICICIFMCG,EQ,2023-06-27,533.44,534.15,534.15,530.2,533.0,532.55,532.59,"1,604","8,54,273.54",197
ICICIFMCG,EQ,2023-06-28,532.55,532.55,534.75,532.0,533.82,534.02,533.92,"2,886","15,40,891.93",162
ICICIFMCG,EQ,2023-06-30,534.02,533.99,539.4,533.96,539.0,538.71,537.44,"11,651","62,61,690.17",361
ICICIFMCG,EQ,2023-07-03,538.71,522.55,545.0,522.55,544.99,543.2,539.06,"7,173","38,66,687.75",389
ICICIFMCG,EQ,2023-07-04,543.2,549.98,554.9,540.88,543.97,543.28,543.33,"4,297","23,34,690.31",266
ICICIFMCG,EQ,2023-07-05,543.28,549.98,554.51,540.57,552.0,553.74,550.55,"6,312","34,75,090.07",408
ICICIFMCG,EQ,2023-07-06,553.74,559.72,559.72,551.52,556.0,554.89,554.37,"11,058","61,30,255.07",379
ICICIFMCG,EQ,2023-07-07,554.89,554.01,554.89,544.99,551.0,546.29,549.97,"9,415","51,77,989.66",499
ICICIFMCG,EQ,2023-07-10,546.29,542.29,552.97,541.52,542.75,542.47,543.22,"6,507","35,34,734.96",416
ICICIFMCG,EQ,2023-07-11,542.47,545.01,549.8,543.79,549.5,548.82,547.46,"4,329","23,69,940.10",277
ICICIFMCG,EQ,2023-07-12,548.82,548.81,549.79,546.8,549.75,548.76,548.38,"5,040","27,63,822.75",258
ICICIFMCG,EQ,2023-07-13,548.76,554.79,554.8,545.3,547.9,545.88,549.37,"7,056","38,76,380.52",326
ICICIFMCG,EQ,2023-07-14,545.88,545.88,552.45,542.08,552.45,550.95,548.77,"3,710","20,35,925.02",220
ICICIFMCG,EQ,2023-07-17,550.95,554.85,555.21,550.31,552.3,551.69,553.53,"10,830","59,94,690.75",375
ICICIFMCG,EQ,2023-07-18,551.69,554.87,554.98,548.0,551.0,549.68,551.72,"5,081","28,03,299.62",341
ICICIFMCG,EQ,2023-07-19,549.68,548.0,553.3,538.69,551.99,551.21,549.53,"10,117","55,59,612.54",668
ICICIFMCG,EQ,2023-07-20,551.21,554.88,560.05,549.62,560.05,559.29,555.94,"11,311","62,88,237.46",417
ICICIFMCG,EQ,2023-07-21,559.29,559.29,561.94,550.88,552.0,553.45,555.61,"7,568","42,04,893.58",559
ICICIFMCG,EQ,2023-07-24,553.45,553.46,559.84,544.0,544.81,545.26,548.22,"28,076","1,53,91,761.71","1,402"
ICICIFMCG,EQ,2023-07-25,545.26,545.26,548.17,536.51,540.9,540.4,539.4,"31,910","1,72,12,386.34","2,185"
ICICIFMCG,EQ,2023-07-26,540.4,544.0,546.81,540.05,546.1,545.94,544.9,"10,356","56,43,000.82",543
ICICIFMCG,EQ,2023-07-27,545.94,546.49,546.86,539.81,542.51,541.96,542.98,"17,162","93,18,538.33",945
ICICIFMCG,EQ,2023-07-28,541.96,548.97,548.97,540.16,545.21,546.41,544.54,"4,013","21,85,251.11",285
ICICIFMCG,EQ,2023-07-31,546.41,546.4,547.34,540.0,546.0,544.01,544.01,"15,142","82,37,397.99",956
ICICIFMCG,EQ,2023-08-01,544.01,548.99,548.99,541.78,542.55,542.31,543.97,"11,734","63,82,988.18",653
ICICIFMCG,EQ,2023-08-02,542.31,547.81,547.81,535.36,541.24,539.94,539.07,"14,467","77,98,770.98",919
ICICIFMCG,EQ,2023-08-03,539.94,540.0,540.8,535.06,537.8,536.21,537.8,"6,971","37,48,969.77",527
ICICIFMCG,EQ,2023-08-04,536.21,542.98,543.72,535.51,537.7,537.62,537.33,"12,758","68,55,206.66",351
ICICIFMCG,EQ,2023-08-07,537.62,541.83,541.83,533.55,537.5,536.25,535.68,"6,566","35,17,300.92",487
ICICIFMCG,EQ,2023-08-08,536.25,536.26,538.1,534.1,536.15,535.97,535.69,"5,926","31,74,498.87",379
ICICIFMCG,EQ,2023-08-09,535.97,542.97,542.97,533.1,537.0,538.0,534.45,"6,850","36,60,967.77",442
ICICIFMCG,EQ,2023-08-10,538.0,540.27,540.27,533.0,534.5,533.81,534.5,"5,553","29,68,100.66",518
ICICIFMCG,EQ,2023-08-11,533.81,534.07,534.07,526.07,530.5,530.28,529.77,"17,651","93,51,019.44",794
ICICIFMCG,EQ,2023-08-14,530.28,534.87,534.87,525.31,533.5,533.1,530.04,"10,602","56,19,445.57",461
ICICIFMCG,EQ,2023-08-16,533.1,537.85,537.85,528.1,535.1,534.48,533.8,"4,794","25,59,015.23",266
ICICIFMCG,EQ,2023-08-17,534.48,550.5,550.5,529.1,531.29,530.11,530.82,"4,754","25,23,527.48",412
ICICIFMCG,EQ,2023-08-18,530.11,534.87,534.87,528.12,531.9,531.08,530.25,"3,983","21,11,997.06",302
ICICIFMCG,EQ,2023-08-21,531.08,531.89,535.15,529.0,534.9,534.4,532.69,"3,170","16,88,622.80",365
ICICIFMCG,EQ,2023-08-22,534.4,539.97,539.97,529.94,535.51,536.56,535.92,"3,421","18,33,371.48",264
ICICIFMCG,EQ,2023-08-23,536.56,533.2,539.99,533.2,535.83,535.51,536.03,"2,383","12,77,363.72",178
ICICIFMCG,EQ,2023-08-24,535.51,536.3,539.0,535.0,537.0,537.08,536.83,"3,183","17,08,716.08",210
ICICIFMCG,EQ,2023-08-25,537.08,537.08,537.49,530.51,533.25,532.09,532.94,"3,450","18,38,657.10",355
ICICIFMCG,EQ,2023-08-28,532.09,537.76,537.76,529.0,531.3,530.73,530.5,"6,577","34,89,124.95",460
ICICIFMCG,EQ,2023-08-29,530.73,530.73,531.3,527.6,529.04,528.9,529.21,"6,833","36,16,091.62",577
ICICIFMCG,EQ,2023-08-30,528.9,534.71,534.71,528.5,531.9,531.86,530.67,"4,103","21,77,336.37",337
ICICIFMCG,EQ,2023-08-31,531.86,534.01,534.89,525.9,527.6,526.71,528.09,"11,993","63,33,414.96",553
ICICIFMCG,EQ,2023-09-01,526.71,530.0,530.0,527.0,529.35,528.96,528.69,"6,366","33,65,619.30",398
ICICIFMCG,EQ,2023-09-04,528.96,527.0,533.0,524.02,528.15,528.32,527.39,"12,391","65,34,864.05",791
ICICIFMCG,EQ,2023-09-05,528.32,530.99,535.0,528.33,535.0,532.0,531.13,"9,270","49,23,583.67",654
ICICIFMCG,EQ,2023-09-06,532.0,534.99,538.0,529.01,536.08,536.39,534.61,"13,613","72,77,613.42",406
ICICIFMCG,EQ,2023-09-07,536.39,539.88,539.88,533.25,535.54,534.97,534.84,"6,700","35,83,422.71",430
ICICIFMCG,EQ,2023-09-08,534.97,537.99,537.99,532.43,535.0,534.49,534.24,"6,009","32,10,250.96",350
ICICIFMCG,EQ,2023-09-11,534.49,537.99,538.0,534.5,538.0,537.57,536.87,"8,558","45,94,567.45",371
ICICIFMCG,EQ,2023-09-12,537.57,524.0,538.81,521.45,538.11,537.31,535.97,"8,915","47,78,150.45",270
ICICIFMCG,EQ,2023-09-13,537.31,534.61,538.77,534.61,536.5,537.15,536.8,"8,534","45,81,024.21",237
ICICIFMCG,EQ,2023-09-14,537.15,538.0,541.0,535.5,538.29,537.84,539.89,"16,913","91,31,153.34",343
ICICIFMCG,EQ,2023-09-15,537.84,537.84,538.0,535.0,535.8,535.74,536.25,"9,138","49,00,288.64",545
ICICIFMCG,EQ,2023-09-18,535.74,535.7,539.0,519.65,536.26,538.52,536.86,"5,376","28,86,179.38",351
ICICIFMCG,EQ,2023-09-20,538.52,537.99,537.99,532.62,536.0,536.15,535.76,"4,514","24,18,426.88",325
ICICIFMCG,EQ,2023-09-21,536.15,535.81,541.42,530.01,541.42,533.18,532.6,"9,960","53,04,715.86",376
ICICIFMCG,EQ,2023-09-22,533.18,536.0,536.0,528.44,532.96,532.59,530.85,"9,622","51,07,882.48",229
ICICIFMCG,EQ,2023-09-25,532.59,528.18,535.99,528.18,533.5,532.81,531.8,"5,982","31,81,246.72",326
ICICIFMCG,EQ,2023-09-26,532.81,534.71,535.6,532.26,535.6,535.18,534.14,"1,875","10,01,520.01",165
ICICIFMCG,EQ,2023-09-27,535.18,535.17,540.61,532.51,538.77,539.54,537.17,"9,867","53,00,298.00",379
ICICIFMCG,EQ,2023-09-28,539.54,535.11,539.98,529.01,532.25,530.11,533.7,"8,613","45,96,789.32",486
ICICIFMCG,EQ,2023-09-29,530.11,530.51,550.11,528.04,534.29,532.4,534.59,"19,128","1,02,25,724.74",487
ICICIFMCG,EQ,2023-10-03,532.4,533.99,533.99,525.7,529.82,529.58,531.02,"7,862","41,74,908.29",469
ICICIFMCG,EQ,2023-10-04,529.58,532.89,532.89,527.41,531.81,530.39,529.53,"3,711","19,65,093.11",318
ICICIFMCG,EQ,2023-10-05,530.39,527.01,532.99,527.01,530.7,530.07,530.5,"4,481","23,77,155.62",212
ICICIFMCG,EQ,2023-10-06,530.07,534.09,534.09,530.08,531.17,531.5,532.68,"3,124","16,64,081.49",192
ICICIFMCG,EQ,2023-10-09,531.5,531.0,531.89,526.06,531.0,531.04,530.91,"1,482","7,86,815.26",199
ICICIFMCG,EQ,2023-10-10,531.04,531.5,534.92,525.15,534.7,534.62,532.26,"3,890","20,70,487.14",220
ICICIFMCG,EQ,2023-10-11,534.62,524.0,540.0,523.95,539.49,539.27,537.84,"6,037","32,46,935.42",226
ICICIFMCG,EQ,2023-10-12,539.27,541.99,541.99,536.98,539.35,539.37,539.06,"3,277","17,66,510.02",203
ICICIFMCG,EQ,2023-10-13,539.37,539.91,543.86,536.99,541.51,540.69,541.7,"32,710","1,77,18,931.44",641
ICICIFMCG,EQ,2023-10-16,540.69,551.51,551.51,539.1,540.37,540.68,541.32,"6,263","33,90,259.46",483
ICICIFMCG,EQ,2023-10-17,540.68,546.25,546.48,540.69,541.75,541.9,542.87,"11,213","60,87,239.12",409
ICICIFMCG,EQ,2023-10-18,541.9,544.99,544.99,539.58,541.02,540.49,542.18,"4,525","24,53,363.39",335
ICICIFMCG,EQ,2023-10-19,540.49,539.99,542.19,537.47,540.4,541.74,539.75,"3,971","21,43,335.37",295
ICICIFMCG,EQ,2023-10-20,541.74,555.0,558.0,533.01,535.0,534.01,535.85,"10,387","55,65,891.37",517
ICICIFMCG,EQ,2023-10-23,534.01,537.93,537.94,524.0,531.7,529.64,532.04,"10,337","54,99,714.73",483
ICICIFMCG,EQ,2023-10-25,529.64,534.72,534.72,524.9,528.49,528.13,528.48,"7,005","37,01,997.79",406
ICICIFMCG,EQ,2023-10-26,528.13,529.99,529.99,519.64,527.0,524.53,522.0,"43,520","2,27,17,262.01",773
ICICIFMCG,EQ,2023-10-27,524.53,524.53,531.3,524.53,530.19,530.76,530.12,"6,794","36,01,609.92",237
ICICIFMCG,EQ,2023-10-30,530.76,534.72,534.72,525.78,530.0,528.31,528.4,"2,259","11,93,646.13",270
ICICIFMCG,EQ,2023-10-31,528.31,532.89,532.89,526.69,529.31,527.56,527.94,"4,912","25,93,261.50",229
ICICIFMCG,EQ,2023-11-01,527.56,529.99,531.0,524.89,525.51,525.74,528.25,"8,167","43,14,232.00",283
ICICIFMCG,EQ,2023-11-02,525.74,532.8,533.98,528.31,533.86,531.72,530.54,"13,257","70,33,310.41",228
ICICIFMCG,EQ,2023-11-03,531.72,536.81,536.81,531.73,534.76,534.97,534.05,"3,261","17,41,549.05",236
ICICIFMCG,EQ,2023-11-06,534.97,545.7,545.7,535.01,538.8,538.18,537.35,"5,460","29,33,908.57",282
ICICIFMCG,EQ,2023-11-07,538.18,541.24,541.25,535.81,538.0,537.78,537.35,"1,537","8,25,902.45",187
ICICIFMCG,EQ,2023-11-08,537.78,536.0,542.2,536.0,541.0,541.62,540.02,"2,075","11,20,531.21",198
ICICIFMCG,EQ,2023-11-09,541.62,545.29,545.29,537.41,538.3,538.05,539.01,"2,524","13,60,468.92",223
ICICIFMCG,EQ,2023-11-10,538.05,541.87,541.87,533.51,538.5,538.06,535.52,"2,148","11,50,307.51",205
ICICIFMCG,EQ,2023-11-12,538.06,542.99,544.85,540.0,540.34,540.66,541.48,"2,035","11,01,907.39",351
ICICIFMCG,EQ,2023-11-13,540.66,549.9,549.9,535.67,538.59,536.86,537.07,"2,744","14,73,722.10",293
ICICIFMCG,EQ,2023-11-15,536.86,543.98,543.98,537.15,539.39,540.17,538.58,"21,625","1,16,46,762.82",453
ICICIFMCG,EQ,2023-11-16,540.17,529.37,543.5,529.37,543.5,541.32,541.96,"8,170","44,27,851.39",507
ICICIFMCG,EQ,2023-11-17,541.32,543.49,545.0,540.39,544.47,544.47,543.97,"6,889","37,47,393.63",284
ICICIFMCG,EQ,2023-11-20,544.47,554.17,554.17,542.05,544.44,543.58,543.18,"6,862","37,27,270.01",406
ICICIFMCG,EQ,2023-11-21,543.58,549.98,549.98,540.88,541.72,541.86,542.0,"3,212","17,40,894.10",329
ICICIFMCG,EQ,2023-11-22,541.86,550.0,550.0,540.66,543.8,543.79,542.14,"6,340","34,37,144.23",205
ICICIFMCG,EQ,2023-11-23,543.79,540.06,547.0,540.06,545.06,545.31,545.14,"4,683","25,52,881.56",258
ICICIFMCG,EQ,2023-11-24,545.31,545.31,548.0,543.42,544.38,543.96,544.51,"3,037","16,53,675.01",216
ICICIFMCG,EQ,2023-11-28,543.96,547.99,547.99,541.8,543.0,542.39,542.38,"4,923","26,70,144.47",397
ICICIFMCG,EQ,2023-11-29,542.39,545.99,545.99,542.0,544.45,544.47,544.04,"3,527","19,18,833.75",289
ICICIFMCG,EQ,2023-11-30,544.47,543.47,549.46,543.47,549.0,547.69,547.47,"23,095","1,26,43,750.23",423
ICICIFMCG,EQ,2023-12-01,547.69,549.69,557.85,547.88,555.16,556.5,554.94,"36,319","2,01,54,961.06",984
ICICIFMCG,EQ,2023-12-04,556.5,559.69,564.86,551.45,560.1,561.01,559.95,"45,914","2,57,09,439.49","1,123"
ICICIFMCG,EQ,2023-12-05,561.01,564.99,564.99,557.8,559.5,558.92,560.69,"14,787","82,90,866.00",516
ICICIFMCG,EQ,2023-12-06,558.92,562.99,566.0,560.07,565.0,564.61,564.07,"6,788","38,28,910.55",394
ICICIFMCG,EQ,2023-12-07,564.61,567.87,567.87,559.01,561.75,560.7,560.84,"5,160","28,93,909.41",412
ICICIFMCG,EQ,2023-12-08,560.7,563.59,564.12,554.0,555.55,555.17,558.96,"34,568","1,93,21,969.23",570
ICICIFMCG,EQ,2023-12-11,555.17,567.02,567.02,555.01,556.75,557.45,557.64,"5,622","31,35,050.42",343
ICICIFMCG,EQ,2023-12-12,557.45,561.79,561.79,554.75,555.35,555.89,557.62,"4,296","23,95,542.46",222
ICICIFMCG,EQ,2023-12-13,555.89,558.79,560.0,555.25,559.95,559.74,557.34,"4,767","26,56,828.42",239
ICICIFMCG,EQ,2023-12-14,559.74,566.0,566.0,559.01,560.24,561.17,560.63,"48,898","2,74,13,643.06",248
ICICIFMCG,EQ,2023-12-15,561.17,558.24,562.7,557.67,557.67,559.34,559.23,"25,455","1,42,35,130.48",443
ICICIFMCG,EQ,2023-12-18,559.34,562.29,564.5,557.01,559.0,561.22,559.68,"13,223","74,00,678.42",681
ICICIFMCG,EQ,2023-12-19,561.22,578.05,578.05,558.42,568.1,567.11,564.96,"25,426","1,43,64,783.69",414
FMCGIETF,EQ,2023-12-20,567.11,567.11,574.0,558.0,558.0,564.32,570.32,"48,869","2,78,70,763.61",597
FMCGIETF,EQ,2023-12-21,564.32,566.97,567.39,556.77,566.99,566.89,561.08,"10,553","59,21,050.93",247
FMCGIETF,EQ,2023-12-22,566.89,566.89,571.49,564.18,569.0,570.25,569.28,"10,019","57,03,600.52",240
FMCGIETF,EQ,2023-12-26,570.25,570.99,573.0,566.15,573.0,572.44,571.72,"10,443","59,70,458.13",476
FMCGIETF,EQ,2023-12-27,572.44,574.99,575.84,572.69,574.8,574.91,574.47,"4,926","28,29,823.11",329
FMCGIETF,EQ,2023-12-28,574.91,578.0,584.84,574.0,583.0,583.45,579.21,"13,165","76,25,326.22",651
FMCGIETF,EQ,2023-12-29,583.45,586.0,597.57,583.0,587.82,588.3,587.56,"30,650","1,80,08,561.72",582
FMCGIETF,EQ,2024-01-01,588.3,594.98,594.98,588.14,591.45,592.78,591.45,"5,594","33,08,587.82",489
FMCGIETF,EQ,2024-01-02,592.78,592.77,607.58,585.67,591.0,590.77,591.22,"17,900","1,05,82,780.92",521
FMCGIETF,EQ,2024-01-03,590.77,591.0,595.0,587.83,591.13,592.71,593.77,"7,194","42,71,554.68",324
FMCGIETF,EQ,2024-01-04,592.71,596.0,599.67,594.01,597.0,596.97,596.66,"5,632","33,60,387.44",342
FMCGIETF,EQ,2024-01-05,596.97,599.9,603.85,595.01,596.72,595.69,597.8,"5,328","31,85,057.22",315
FMCGIETF,EQ,2024-01-08,595.69,599.6,599.6,586.0,588.0,586.73,588.81,"16,362","96,34,138.85",761
FMCGIETF,EQ,2024-01-09,586.73,592.09,592.09,584.64,584.64,585.01,586.4,"10,815","63,41,941.43",386
FMCGIETF,EQ,2024-01-10,585.01,588.29,588.29,579.21,582.44,582.18,580.39,"20,772","1,20,55,890.12",436
FMCGIETF,EQ,2024-01-11,582.18,597.03,597.03,580.51,581.8,581.6,582.05,"8,480","49,35,812.82",273
FMCGIETF,EQ,2024-01-12,581.6,586.59,586.59,579.25,584.6,584.4,582.2,"9,690","56,41,473.69",372
FMCGIETF,EQ,2024-01-15,584.4,589.39,589.39,581.15,586.0,586.07,585.12,"47,053","2,75,31,686.59",534
FMCGIETF,EQ,2024-01-16,586.07,591.98,591.98,583.0,587.25,586.2,585.99,"7,785","45,61,953.97",325
FMCGIETF,EQ,2024-01-17,586.2,585.0,589.92,581.27,582.0,582.03,582.69,"5,710","33,27,161.91",372
FMCGIETF,EQ,2024-01-18,582.03,581.99,581.99,571.45,579.3,577.12,577.12,"24,732","1,42,73,274.33",512
FMCGIETF,EQ,2024-01-19,577.12,577.0,586.29,575.15,586.29,584.83,582.57,"2,954","17,20,906.37",207
FMCGIETF,EQ,2024-01-20,584.83,589.87,589.87,579.0,579.8,579.45,580.77,"6,765","39,28,882.65",503
FMCGIETF,EQ,2024-01-23,579.45,579.51,584.99,567.0,571.46,569.06,572.57,"38,192","2,18,67,520.10",903
FMCGIETF,EQ,2024-01-24,569.06,572.09,578.7,559.84,576.88,576.62,571.85,"43,862","2,50,82,274.42",431
FMCGIETF,EQ,2024-01-25,576.62,577.0,578.99,569.1,571.5,570.17,572.27,"15,186","86,90,486.54",530
FMCGIETF,EQ,2024-01-29,570.17,576.98,576.98,569.2,569.2,570.4,571.35,"8,265","47,22,240.36",485
FMCGIETF,EQ,2024-01-30,570.4,574.0,574.88,564.04,564.49,564.89,568.04,"37,257","2,11,63,646.03",757
FMCGIETF,EQ,2024-01-31,564.89,571.0,571.0,561.01,571.0,569.98,567.82,"18,506","1,05,08,036.01","1,132"
FMCGIETF,EQ,2024-02-01,569.98,574.79,576.21,569.68,571.55,571.35,572.43,"38,814","2,22,18,189.47",582
FMCGIETF,EQ,2024-02-02,571.35,575.99,577.87,568.02,571.0,570.47,571.11,"20,590","1,17,59,209.08",818
FMCGIETF,EQ,2024-02-05,570.47,573.84,575.1,565.01,566.3,566.18,568.43,"17,455","99,21,890.42",984
FMCGIETF,EQ,2024-02-06,566.18,570.19,570.2,561.73,565.75,565.12,564.09,"49,682","2,80,25,114.33","1,558"
FMCGIETF,EQ,2024-02-07,565.12,569.99,570.0,564.01,567.1,566.0,565.9,"13,916","78,75,100.81",605
FMCGIETF,EQ,2024-02-08,566.0,567.0,570.57,554.44,558.1,558.07,559.35,"39,447","2,20,64,633.20","2,043"
FMCGIETF,EQ,2024-02-09,558.07,552.5,562.09,552.49,560.9,559.87,559.37,"13,200","73,83,622.25",858
FMCGIETF,EQ,2024-02-12,559.87,564.99,565.98,553.5,554.5,554.36,555.83,"11,629","64,63,694.77","1,115"
FMCGIETF,EQ,2024-02-13,554.36,559.97,559.97,553.55,556.5,555.69,555.3,"12,320","68,41,354.24",846
FMCGIETF,EQ,2024-02-14,555.69,554.99,561.0,552.32,561.0,558.77,555.09,"14,753","81,89,314.19",599
FMCGIETF,EQ,2024-02-15,558.77,555.06,564.83,554.0,555.0,554.77,555.89,"32,871","1,82,72,544.82","1,318"
FMCGIETF,EQ,2024-02-16,554.77,555.91,559.9,553.07,556.9,556.48,555.49,"16,148","89,70,132.76",968
FMCGIETF,EQ,2024-02-19,556.48,560.59,562.48,556.51,561.19,561.17,560.47,"26,415","1,48,04,704.56","1,198"
FMCGIETF,EQ,2024-02-20,561.17,562.99,564.0,556.52,560.79,559.71,558.57,"24,259","1,35,50,407.02","1,120"
FMCGIETF,EQ,2024-02-21,559.71,562.99,564.0,557.8,561.2,560.44,561.53,"23,329","1,30,99,955.32",764
FMCGIETF,EQ,2024-02-22,560.44,563.99,564.99,557.06,564.95,564.72,561.65,"11,317","63,56,176.59",508
FMCGIETF,EQ,2024-02-23,564.72,565.09,566.86,563.8,565.63,565.1,565.26,"9,522","53,82,395.98",556
FMCGIETF,EQ,2024-02-26,565.1,565.1,565.62,560.16,564.9,564.82,563.27,"18,032","1,01,56,917.31",639
FMCGIETF,EQ,2024-02-27,564.82,567.99,569.88,561.4,563.36,563.5,564.21,"7,380","41,63,858.27",453
FMCGIETF,EQ,2024-02-28,563.5,561.51,568.0,558.21,559.5,558.96,560.44,"10,482","58,74,518.11",578
FMCGIETF,EQ,2024-02-29,558.96,563.97,563.97,555.28,561.59,561.23,558.93,"5,896","32,95,463.70",319
FMCGIETF,EQ,2024-03-01,561.23,561.26,566.97,560.0,564.9,563.5,564.32,"10,508","59,29,827.49",566
FMCGIETF,EQ,2024-03-02,563.5,560.01,567.49,552.51,564.6,564.69,562.3,"1,611","9,05,870.03",109
FMCGIETF,EQ,2024-03-04,564.69,564.7,569.0,560.12,563.4,563.25,563.64,"9,493","53,50,677.98",617
FMCGIETF,EQ,2024-03-05,563.25,563.25,563.98,556.5,559.13,558.04,558.55,"19,109","1,06,73,268.77",744
FMCGIETF,EQ,2024-03-06,558.04,560.99,561.0,552.61,559.5,559.42,555.68,"26,413","1,46,77,054.67",745
FMCGIETF,EQ,2024-03-07,559.42,559.43,566.64,558.0,565.5,564.86,559.21,"40,917","2,28,81,256.92",534
FMCGIETF,EQ,2024-03-11,564.86,567.99,568.0,561.01,562.99,562.54,564.91,"19,207","1,08,50,209.44",756
FMCGIETF,EQ,2024-03-12,562.54,562.55,568.98,555.5,557.35,556.59,556.67,"23,195","1,29,12,024.49",930
FMCGIETF,EQ,2024-03-13,556.59,562.09,568.15,555.0,559.3,557.67,566.72,"2,32,238","13,16,14,294.26","1,535"
FMCGIETF,EQ,2024-03-14,557.67,557.67,562.99,554.77,562.99,561.96,559.43,"9,047","50,61,150.60",430
FMCGIETF,EQ,2024-03-15,561.96,561.96,566.47,559.12,561.0,563.02,562.67,"35,256","1,98,37,384.44",486
FMCGIETF,EQ,2024-03-18,563.02,563.02,566.87,556.37,562.15,560.29,559.99,"6,790","38,02,365.71",497
FMCGIETF,EQ,2024-03-19,560.29,560.29,560.3,547.41,550.0,548.94,550.94,"35,790","1,97,18,308.57","1,890"
FMCGIETF,EQ,2024-03-20,548.94,554.97,554.97,545.01,551.75,551.3,548.97,"18,503","1,01,57,653.44",567
FMCGIETF,EQ,2024-03-21,551.3,551.76,555.37,550.5,555.0,554.91,554.42,"1,20,952","6,70,58,150.88",494
FMCGIETF,EQ,2024-03-22,554.91,555.01,560.0,554.5,560.0,559.07,556.69,"13,845","77,07,321.08",481
FMCGIETF,EQ,2024-03-26,559.07,559.07,561.47,555.0,557.25,556.55,556.98,"26,436","1,47,24,250.66",595
FMCGIETF,EQ,2024-03-27,556.55,556.56,558.99,555.55,558.0,556.67,557.28,"6,574","36,63,541.93",360
FMCGIETF,EQ,2024-03-28,556.67,558.29,562.99,555.16,560.0,561.83,559.39,"15,100","84,46,833.53",508
FMCGIETF,EQ,2024-04-01,561.83,561.83,566.0,557.41,560.65,560.5,561.39,"13,758","77,23,650.51",857
FMCGIETF,EQ,2024-04-02,560.5,560.51,563.99,559.03,562.6,562.55,561.11,"8,449","47,40,828.17",525
FMCGIETF,EQ,2024-04-03,562.55,562.55,562.55,556.1,560.69,560.24,558.82,"19,291","1,07,80,108.35","1,051"
FMCGIETF,EQ,2024-04-04,560.24,560.45,563.0,556.8,559.3,557.78,558.43,"38,921","2,17,34,710.83","1,061"
FMCGIETF,EQ,2024-04-05,557.78,557.78,562.54,555.41,561.8,560.43,560.03,"21,983","1,23,11,091.26",630
FMCGIETF,EQ,2024-04-08,560.43,561.01,562.89,557.3,561.65,561.3,561.2,"13,942","78,24,269.53",579
FMCGIETF,EQ,2024-04-09,561.3,559.14,562.94,557.01,559.7,558.51,559.01,"24,506","1,36,99,069.76","1,098"
FMCGIETF,EQ,2024-04-10,558.51,558.52,565.69,557.56,563.79,563.25,560.18,"30,545","1,71,10,579.69",655
FMCGIETF,EQ,2024-04-12,563.25,562.01,565.77,559.0,559.8,559.37,560.41,"14,767","82,75,631.41",804
FMCGIETF,EQ,2024-04-15,559.37,557.32,561.87,550.12,553.0,553.0,553.14,"36,652","2,02,73,508.52","1,282"
FMCGIETF,EQ,2024-04-16,553.0,551.02,555.95,550.0,554.9,554.56,553.66,"13,357","73,95,178.64",502
FMCGIETF,EQ,2024-04-18,554.56,559.86,559.87,548.69,549.9,550.56,552.71,"32,021","1,76,98,335.92","1,159"
FMCGIETF,EQ,2024-04-19,550.56,550.0,552.83,540.0,551.0,551.66,549.26,"14,405","79,12,115.60",792
FMCGIETF,EQ,2024-04-22,551.66,555.29,557.0,551.7,557.0,554.41,555.25,"40,877","2,26,96,822.73","1,062"
FMCGIETF,EQ,2024-04-23,554.41,556.99,561.61,555.16,560.4,560.58,560.06,"22,650","1,26,85,412.43",469
FMCGIETF,EQ,2024-04-24,560.58,560.59,561.63,556.71,559.45,559.9,559.97,"10,568","59,17,719.34",453
FMCGIETF,EQ,2024-04-25,559.9,559.9,565.0,557.25,565.0,562.91,560.65,"16,336","91,58,779.58",538
FMCGIETF,EQ,2024-04-26,562.91,560.03,566.88,560.03,564.25,564.48,565.13,"44,319","2,50,46,056.29",680
FMCGIETF,EQ,2024-04-29,564.48,564.54,567.0,562.24,564.0,563.59,563.89,"11,994","67,63,274.25",630
FMCGIETF,EQ,2024-04-30,563.59,564.0,568.1,560.11,565.5,563.77,565.5,"14,194","80,26,658.98",672
FMCGIETF,EQ,2024-05-02,563.77,563.77,568.96,561.17,567.99,566.59,567.11,"26,513","1,50,35,813.26",841
FMCGIETF,EQ,2024-05-03,566.59,566.99,568.78,561.2,565.6,564.45,563.32,"54,811","3,08,75,951.30",891
FMCGIETF,EQ,2024-05-06,564.45,566.0,568.91,562.64,568.0,567.73,566.64,"14,394","81,56,175.60",731
FMCGIETF,EQ,2024-05-07,567.73,568.99,582.5,566.88,580.0,579.04,579.09,"1,01,994","5,90,63,695.79","2,876"
FMCGIETF,EQ,2024-05-08,579.04,579.03,583.73,577.67,580.95,581.16,580.46,"62,207","3,61,08,959.37","1,282"
FMCGIETF,EQ,2024-05-09,581.16,582.99,584.39,565.71,570.0,568.13,572.56,"41,739","2,38,98,071.55","1,691"
FMCGIETF,EQ,2024-05-10,568.13,56.8,60.75,56.8,57.74,57.63,57.56,"2,03,523","1,17,14,748.20","1,662"
FMCGIETF,EQ,2024-05-13,57.63,58.44,58.75,56.99,57.5,57.46,57.45,"4,11,320","2,36,28,448.25","2,214"
FMCGIETF,EQ,2024-05-14,57.46,58.47,58.47,57.1,57.35,57.23,57.3,"2,34,966","1,34,64,074.01","1,063"
FMCGIETF,EQ,2024-05-15,57.23,58.95,58.95,56.65,56.89,56.79,56.94,"2,00,153","1,13,96,591.17","1,530"
FMCGIETF,EQ,2024-05-16,56.79,56.79,57.2,56.3,57.06,56.97,56.61,"2,47,854","1,40,30,582.21","1,476"
FMCGIETF,EQ,2024-05-17,56.97,57.05,57.47,56.9,57.32,57.28,57.17,"1,16,141","66,39,996.34",762
FMCGIETF,EQ,2024-05-18,57.28,57.63,57.64,57.19,57.53,57.44,57.39,"43,229","24,80,990.32",255
FMCGIETF,EQ,2024-05-21,57.44,58.34,58.95,56.91,57.2,57.18,57.08,"2,64,701","1,51,08,035.15","1,839"
FMCGIETF,EQ,2024-05-22,57.18,57.43,58.08,57.21,57.97,57.98,57.92,"5,48,329","3,17,59,857.02","1,293"
FMCGIETF,EQ,2024-05-23,57.98,58.29,58.29,57.66,57.98,57.99,57.91,"1,97,362","1,14,28,874.88","1,338"
FMCGIETF,EQ,2024-05-24,57.99,57.98,58.5,57.63,58.0,57.87,57.87,"2,55,978","1,48,13,156.07","1,258"
FMCGIETF,EQ,2024-05-27,57.87,58.35,58.35,57.45,57.59,57.52,57.73,"3,56,309","2,05,69,171.46","1,599"
FMCGIETF,EQ,2024-05-28,57.52,57.6,57.83,57.35,57.6,57.45,57.49,"1,82,551","1,04,94,250.48","1,423"
FMCGIETF,EQ,2024-05-29,57.45,57.36,57.8,57.1,57.8,57.22,57.28,"3,68,212","2,10,91,857.67","1,566"
FMCGIETF,EQ,2024-05-30,57.22,57.19,57.75,56.32,56.66,56.47,56.64,"2,56,009","1,45,00,554.45","2,712"
FMCGIETF,EQ,2024-05-31,56.47,58.15,58.15,56.15,56.5,56.31,56.47,"1,78,539","1,00,81,727.38","1,361"
FMCGIETF,EQ,2024-06-03,56.31,56.93,57.69,56.41,56.78,56.58,56.87,"2,79,987","1,59,23,538.76","1,758"
FMCGIETF,EQ,2024-06-04,56.58,58.3,58.77,55.91,58.45,57.81,57.66,"10,23,057","5,89,89,547.22","3,254"
FMCGIETF,EQ,2024-06-05,57.81,57.96,67.95,57.96,61.65,60.45,61.54,"44,34,184","27,29,00,118.92","14,934"
FMCGIETF,EQ,2024-06-06,60.45,61.0,61.22,58.91,60.0,59.79,59.8,"16,57,682","9,91,29,516.26","6,103"
FMCGIETF,EQ,2024-06-07,59.79,60.47,60.85,59.95,60.61,60.72,60.48,"99,80,594","60,36,53,883.12","3,758"
FMCGIETF,EQ,2024-06-10,60.72,60.72,61.38,60.21,60.51,60.58,60.76,"43,40,205","26,37,09,408.91","4,232"
FMCGIETF,EQ,2024-06-11,60.58,60.93,61.27,60.3,60.45,60.44,60.78,"21,31,690","12,95,55,671.55","2,367"
FMCGIETF,EQ,2024-06-12,60.44,60.58,60.58,60.06,60.15,60.11,60.26,"30,29,323","18,25,57,557.22","3,659"
FMCGIETF,EQ,2024-06-13,60.11,60.15,60.74,59.7,59.8,59.77,59.85,"11,89,951","7,12,21,697.07","3,107"
FMCGIETF,EQ,2024-06-14,59.77,59.77,60.38,59.27,59.85,59.79,59.87,"6,78,320","4,06,13,024.08","3,442"
FMCGIETF,EQ,2024-06-18,59.79,60.94,60.95,59.81,59.98,59.98,60.01,"6,16,026","3,69,67,964.08","1,935"
FMCGIETF,EQ,2024-06-19,59.98,60.01,60.34,59.26,59.47,59.39,59.6,"6,10,764","3,64,01,187.27","3,319"
FMCGIETF,EQ,2024-06-20,59.39,59.6,59.84,59.08,59.47,59.47,59.44,"4,54,859","2,70,36,384.47","1,832"
FMCGIETF,EQ,2024-06-21,59.47,59.77,59.78,58.5,58.9,58.76,58.97,"9,54,002","5,62,60,400.98","6,308"
FMCGIETF,EQ,2024-06-24,58.76,58.76,59.11,58.5,59.11,59.08,58.99,"3,18,678","1,87,99,770.33","2,420"
FMCGIETF,EQ,2024-06-25,59.08,59.48,59.48,58.75,59.02,58.97,58.94,"3,13,227","1,84,60,760.74","2,741"
FMCGIETF,EQ,2024-06-26,58.97,58.98,59.32,58.6,59.27,59.18,59.19,"3,62,832","2,14,76,961.78","2,698"
FMCGIETF,EQ,2024-06-27,59.18,59.2,59.5,58.95,59.35,59.24,59.27,"3,38,174","2,00,43,349.31","2,681"
FMCGIETF,EQ,2024-06-28,59.24,59.0,59.8,59.0,59.56,59.57,59.68,"9,66,869","5,77,01,666.25","3,937"
FMCGIETF,EQ,2024-07-01,59.57,59.6,59.93,59.26,59.81,59.82,59.75,"3,67,338","2,19,47,165.99","1,739"
FMCGIETF,EQ,2024-07-02,59.82,60.1,60.33,59.2,59.69,59.7,59.63,"4,23,913","2,52,79,114.38","2,779"
FMCGIETF,EQ,2024-07-03,59.7,59.97,59.97,59.33,59.82,59.78,59.74,"3,03,485","1,81,29,772.08","3,125"
FMCGIETF,EQ,2024-07-04,59.78,61.55,61.55,59.71,59.81,59.83,59.97,"5,22,412","3,13,30,854.12","3,716"
FMCGIETF,EQ,2024-07-05,59.83,59.84,60.49,59.81,60.44,60.31,60.2,"6,70,522","4,03,63,797.04","2,540"
FMCGIETF,EQ,2024-07-08,60.31,60.67,61.59,60.5,61.59,61.44,61.23,"30,99,867","18,98,15,235.97","7,419"
FMCGIETF,EQ,2024-07-09,61.44,61.5,62.29,61.45,62.12,62.04,61.9,"15,71,034","9,72,49,902.96","6,807"
FMCGIETF,EQ,2024-07-10,62.04,62.26,62.47,61.27,62.12,62.21,62.03,"13,67,526","8,48,24,260.38","4,813"
FMCGIETF,EQ,2024-07-11,62.21,62.29,62.45,61.72,62.3,62.32,62.19,"7,84,955","4,88,19,440.52","5,361"
FMCGIETF,EQ,2024-07-12,62.32,62.32,62.65,62.13,62.6,62.56,62.47,"10,70,071","6,68,43,151.03","5,770"
FMCGIETF,EQ,2024-07-15,62.56,62.91,63.01,62.47,62.97,62.96,62.76,"7,06,655","4,43,51,045.18","3,884"
FMCGIETF,EQ,2024-07-16,62.96,63.09,63.79,62.91,63.59,63.48,63.41,"9,15,233","5,80,34,535.06","5,495"
FMCGIETF,EQ,2024-07-18,63.48,63.6,64.18,63.19,64.11,64.07,63.77,"10,46,524","6,67,37,511.54","5,532"
FMCGIETF,EQ,2024-07-19,64.07,64.56,64.6,63.27,64.07,63.89,64.05,"11,48,294","7,35,52,272.61","4,186"
FMCGIETF,EQ,2024-07-22,63.89,63.88,64.4,62.0,63.82,63.79,63.92,"9,32,966","5,96,36,613.80","5,036"
FMCGIETF,EQ,2024-07-23,63.79,64.29,66.0,63.76,65.8,65.46,64.77,"16,29,373","10,55,35,559.60","5,194"
FMCGIETF,EQ,2024-07-24,65.46,66.0,66.97,64.81,65.23,65.2,65.41,"11,23,644","7,35,01,473.36","5,579"
FMCGIETF,EQ,2024-07-25,65.2,65.21,65.98,64.41,65.29,65.02,64.9,"6,12,380","3,97,44,370.38","4,378"
FMCGIETF,EQ,2024-07-26,65.02,65.3,65.82,64.77,65.6,65.63,65.36,"5,32,089","3,47,77,331.40","5,750"
FMCGIETF,EQ,2024-07-29,65.63,65.7,66.3,65.21,65.53,65.4,65.46,"6,46,121","4,22,94,657.42","5,819"
FMCGIETF,EQ,2024-07-30,65.4,66.06,66.06,64.77,64.85,64.86,65.29,"4,98,232","3,25,28,374.04","4,058"
FMCGIETF,EQ,2024-07-31,64.86,64.87,65.37,64.8,65.3,65.0,65.01,"2,79,406","1,81,63,560.08","3,796"
FMCGIETF,EQ,2024-08-01,65.0,66.0,66.0,64.89,65.25,65.22,65.12,"3,28,811","2,14,11,166.82","2,427"
FMCGIETF,EQ,2024-08-02,65.22,67.2,67.2,64.51,64.86,64.73,65.02,"3,28,938","2,13,87,881.03","4,308"
FMCGIETF,EQ,2024-08-05,64.73,62.95,65.16,62.95,64.52,64.51,64.43,"8,16,301","5,25,90,772.79","4,844"
FMCGIETF,EQ,2024-08-06,64.51,64.51,65.38,64.33,64.33,64.45,64.89,"5,20,855","3,37,99,592.73","3,075"
FMCGIETF,EQ,2024-08-07,64.45,65.21,65.5,64.55,65.5,65.41,65.21,"3,84,933","2,51,03,066.91","3,408"
FMCGIETF,EQ,2024-08-08,65.41,65.84,65.85,64.9,65.27,65.25,65.22,"3,95,973","2,58,24,694.85","2,716"
FMCGIETF,EQ,2024-08-09,65.25,65.3,65.8,65.0,65.25,65.17,65.3,"4,86,925","3,17,94,204.01","3,768"
FMCGIETF,EQ,2024-08-12,65.17,65.75,65.75,64.6,64.72,64.7,64.87,"5,04,818","3,27,48,369.17","2,793"
FMCGIETF,EQ,2024-08-13,64.7,65.7,65.7,64.32,64.55,64.5,64.62,"3,14,783","2,03,39,973.98","3,524"
FMCGIETF,EQ,2024-08-14,64.5,64.82,64.88,64.0,64.35,64.36,64.33,"3,46,960","2,23,19,932.82","4,935"
FMCGIETF,EQ,2024-08-16,64.36,65.36,65.65,64.3,65.28,65.12,64.79,"2,78,973","1,80,75,532.87","5,115"
FMCGIETF,EQ,2024-08-19,65.12,65.66,65.78,64.59,65.31,65.23,65.3,"4,95,090","3,23,30,199.66","5,173"
FMCGIETF,EQ,2024-08-20,65.23,66.55,66.55,64.97,65.35,65.28,65.22,"3,43,164","2,23,82,348.46","5,548"
FMCGIETF,EQ,2024-08-21,65.28,65.28,66.26,65.28,66.2,66.19,65.94,"3,70,300","2,44,19,330.93","5,411"
FMCGIETF,EQ,2024-08-22,66.19,66.23,66.68,66.11,66.63,66.57,66.5,"4,15,568","2,76,35,270.08","3,637"
FMCGIETF,EQ,2024-08-23,66.57,67.12,67.12,66.21,66.65,66.5,66.5,"4,32,207","2,87,42,857.98","5,871"
FMCGIETF,EQ,2024-08-26,66.5,66.56,66.94,66.35,66.75,66.72,66.69,"3,15,184","2,10,19,281.19","5,500"
FMCGIETF,EQ,2024-08-27,66.72,67.06,67.06,66.04,66.34,66.15,66.32,"4,61,534","3,06,07,481.37","6,824"
FMCGIETF,EQ,2024-08-28,66.15,66.15,66.65,65.66,65.9,65.83,65.96,"10,20,054","6,72,82,523.30","6,910"
FMCGIETF,EQ,2024-08-29,65.83,65.5,66.83,65.31,66.3,66.17,66.06,"2,28,098","1,50,68,306.70","2,444"
FMCGIETF,EQ,2024-08-30,66.17,66.59,66.6,65.92,66.14,66.13,66.25,"7,38,184","4,89,01,889.76","6,081"
FMCGIETF,EQ,2024-09-02,66.13,67.4,67.4,65.9,66.6,66.72,66.69,"9,02,204","6,01,65,126.41","9,689"
FMCGIETF,EQ,2024-09-03,66.72,66.75,67.1,66.48,66.57,66.61,66.88,"3,06,819","2,05,20,870.10","3,452"
FMCGIETF,EQ,2024-09-04,66.61,66.3,67.01,66.0,66.89,66.72,66.7,"5,92,856","3,95,40,659.42","4,335"
FMCGIETF,EQ,2024-09-05,66.72,67.1,67.12,66.52,66.66,66.81,66.82,"2,16,145","1,44,42,398.23","3,348"
FMCGIETF,EQ,2024-09-06,66.81,66.81,66.99,65.91,66.2,66.17,66.35,"4,09,078","2,71,40,960.98","5,892"
FMCGIETF,EQ,2024-09-09,66.17,66.18,67.71,65.92,67.65,67.6,67.15,"4,87,373","3,27,27,106.06","7,113"
FMCGIETF,EQ,2024-09-10,67.6,67.73,68.0,67.21,67.82,67.73,67.72,"4,70,493","3,18,63,345.16","3,915"
FMCGIETF,EQ,2024-09-11,67.73,68.3,68.53,67.44,67.99,67.96,68.27,"7,09,324","4,84,23,541.20","3,862"
FMCGIETF,EQ,2024-09-12,67.96,68.54,68.63,67.74,68.57,68.58,68.34,"17,07,053","11,66,55,224.78","3,958"
FMCGIETF,EQ,2024-09-13,68.58,69.11,69.11,68.14,68.38,68.31,68.34,"6,88,134","4,70,24,024.26","4,964"
FMCGIETF,EQ,2024-09-16,68.31,68.38,68.75,67.5,67.99,67.87,67.81,"7,58,783","5,14,55,066.16","9,022"
FMCGIETF,EQ,2024-09-17,67.87,67.86,68.39,67.7,67.93,67.9,67.93,"5,94,535","4,03,86,556.12","4,872"
FMCGIETF,EQ,2024-09-18,67.9,67.89,68.3,67.4,67.81,67.79,67.89,"4,99,205","3,38,92,572.00","6,171"
FMCGIETF,EQ,2024-09-19,67.79,68.01,68.6,67.88,68.24,68.07,68.11,"16,38,040","11,15,66,342.09","3,426"
FMCGIETF,EQ,2024-09-20,68.07,68.63,69.21,68.18,68.93,69.12,68.82,"8,89,703","6,12,29,591.17","10,562"
FMCGIETF,EQ,2024-09-23,69.12,71.2,71.2,68.88,69.5,69.62,69.48,"4,20,722","2,92,31,508.89","4,438"
FMCGIETF,EQ,2024-09-24,69.62,69.62,69.64,68.95,69.29,69.08,69.15,"5,33,027","3,68,60,173.54","7,152"
FMCGIETF,EQ,2024-09-25,69.08,69.08,69.32,68.2,68.96,68.69,68.49,"5,70,799","3,90,92,438.79","7,725"
FMCGIETF,EQ,2024-09-26,68.69,68.88,69.37,68.58,69.37,69.19,68.85,"6,10,289","4,20,18,784.01","3,985"
FMCGIETF,EQ,2024-09-27,69.19,69.24,69.71,68.3,69.14,69.16,69.36,"6,11,693","4,24,26,198.79","6,688"
FMCGIETF,EQ,2024-09-30,69.16,69.15,69.67,68.6,68.75,68.79,68.88,"4,09,610","2,82,13,800.20","7,529"
FMCGIETF,EQ,2024-10-01,68.79,68.8,69.67,68.28,69.0,68.74,68.57,"4,28,687","2,93,96,114.01","5,200"
FMCGIETF,EQ,2024-10-03,68.74,68.74,68.76,67.6,68.22,67.87,67.87,"5,55,070","3,76,71,602.45","11,413"
FMCGIETF,EQ,2024-10-04,67.87,68.68,68.68,66.43,67.0,66.93,67.1,"9,66,670","6,48,62,765.10","11,166"
FMCGIETF,EQ,2024-10-07,66.93,68.9,68.9,65.7,66.09,65.98,66.28,"6,96,398","4,61,59,381.04","13,284"
FMCGIETF,EQ,2024-10-08,65.98,66.98,66.99,65.79,66.98,66.46,66.39,"2,36,781","1,57,19,327.72","6,112"
FMCGIETF,EQ,2024-10-09,66.46,66.38,66.78,65.3,65.84,65.49,65.79,"13,21,404","8,69,37,357.72","19,310"
FMCGIETF,EQ,2024-10-10,65.49,66.06,66.06,64.9,65.3,65.14,65.26,"11,53,704","7,52,89,719.75","10,393"
FMCGIETF,EQ,2024-10-11,65.14,65.2,65.63,64.9,65.34,65.17,65.12,"6,41,517","4,17,75,495.79","11,599"
FMCGIETF,EQ,2024-10-14,65.17,65.29,65.66,64.92,65.49,65.46,65.32,"6,26,983","4,09,52,050.53","9,093"
FMCGIETF,EQ,2024-10-15,65.46,65.53,65.76,65.16,65.74,65.7,65.57,"4,26,211","2,79,46,462.61","5,029"
FMCGIETF,EQ,2024-10-16,65.7,65.74,65.89,65.15,65.45,65.43,65.39,"5,44,700","3,56,20,536.68","9,265"
FMCGIETF,EQ,2024-10-17,65.43,65.6,65.6,64.3,65.26,64.86,64.7,"4,86,713","3,14,90,801.43","8,492"
FMCGIETF,EQ,2024-10-18,64.86,64.56,64.69,63.42,64.35,64.13,63.9,"8,32,495","5,31,96,880.76","14,230"
FMCGIETF,EQ,2024-10-21,64.13,64.25,65.12,62.7,63.24,63.25,63.16,"21,55,033","13,61,10,481.14","15,965"
FMCGIETF,EQ,2024-10-22,63.25,63.26,63.77,62.83,63.62,63.16,63.12,"5,80,352","3,66,33,023.75","6,529"
FMCGIETF,EQ,2024-10-23,63.16,63.8,63.8,62.76,63.1,62.99,63.02,"5,59,444","3,52,57,027.02","17,481"
FMCGIETF,EQ,2024-10-24,62.99,63.01,63.18,61.01,61.45,61.24,61.48,"21,23,387","13,05,40,071.93","17,857"
FMCGIETF,EQ,2024-10-25,61.24,62.24,62.24,61.35,62.14,61.83,61.92,"6,41,438","3,97,15,889.92","16,118"
FMCGIETF,EQ,2024-10-28,61.83,62.0,62.48,61.01,62.22,62.17,62.22,"6,67,675","4,15,40,863.74","9,806"
FMCGIETF,EQ,2024-10-29,62.17,62.22,62.39,61.55,62.25,62.16,61.95,"3,28,676","2,03,61,454.80","5,158"
FMCGIETF,EQ,2024-10-30,62.16,62.16,62.8,62.07,62.72,62.66,62.58,"4,59,441","2,87,52,572.90","12,399"
FMCGIETF,EQ,2024-10-31,62.66,62.72,62.72,61.93,62.4,62.18,62.08,"14,63,515","9,08,54,210.23","15,830"
FMCGIETF,EQ,2024-11-01,62.18,64.05,64.05,62.51,62.99,62.95,62.85,"1,51,321","95,11,105.17","2,053"
FMCGIETF,EQ,2024-11-04,62.95,62.95,62.95,61.16,61.67,61.7,61.48,"9,60,461","5,90,52,043.93","18,136"
FMCGIETF,EQ,2024-11-05,61.7,62.69,62.69,61.13,61.45,61.41,61.38,"4,13,336","2,53,71,957.53","6,324"
FMCGIETF,EQ,2024-11-06,61.41,61.42,61.9,61.4,61.8,61.71,61.66,"8,11,798","5,00,55,931.88","8,512"
FMCGIETF,EQ,2024-11-07,61.71,61.72,61.97,61.0,61.3,61.18,61.31,"5,59,288","3,42,87,773.74","10,739"
FMCGIETF,EQ,2024-11-08,61.18,61.71,61.71,60.86,61.4,61.38,61.26,"3,41,385","2,09,14,080.43","4,677"
FMCGIETF,EQ,2024-11-11,61.38,61.54,61.59,60.61,61.18,60.88,61.12,"3,86,150","2,35,99,709.53","6,446"
FMCGIETF,EQ,2024-11-12,60.88,60.88,60.88,59.6,60.0,59.93,60.26,"7,58,488","4,57,07,819.46","8,197"
FMCGIETF,EQ,2024-11-13,59.93,60.93,60.93,59.43,59.87,59.6,59.63,"5,23,764","3,12,32,590.69","8,268"
FMCGIETF,EQ,2024-11-14,59.6,59.65,59.78,58.7,59.22,58.77,58.87,"20,16,299","11,86,96,357.72","10,777"
FMCGIETF,EQ,2024-11-18,58.77,59.07,59.3,58.4,59.23,59.11,58.77,"7,30,322","4,29,23,771.58","7,432"
FMCGIETF,EQ,2024-11-19,59.11,59.01,60.01,59.01,59.02,59.09,59.48,"8,01,847","4,76,97,658.36","5,416"
FMCGIETF,EQ,2024-11-21,59.09,59.33,59.33,58.41,58.7,58.79,58.62,"5,26,967","3,08,89,071.45","5,814"
FMCGIETF,EQ,2024-11-22,58.79,58.79,60.1,58.44,59.78,59.9,59.25,"3,53,757","2,09,60,798.29","5,346"
FMCGIETF,EQ,2024-11-25,59.9,60.15,60.98,60.14,60.9,60.45,60.57,"6,51,862","3,94,80,789.23","6,379"
FMCGIETF,EQ,2024-11-26,60.45,60.9,61.17,60.41,60.67,60.81,60.71,"2,80,990","1,70,59,054.64","3,290"
FMCGIETF,EQ,2024-11-27,60.81,61.34,61.34,60.44,61.11,60.99,60.78,"3,64,299","2,21,41,044.92","8,381"
FMCGIETF,EQ,2024-11-28,60.99,61.31,61.72,60.5,60.81,60.73,60.97,"4,23,864","2,58,41,629.75","4,289"
FMCGIETF,EQ,2024-11-29,60.73,60.74,61.13,60.54,61.02,60.98,60.89,"3,10,849","1,89,26,884.04","2,867"
FMCGIETF,EQ,2024-12-02,60.98,61.97,61.97,60.51,61.0,60.97,60.92,"3,08,075","1,87,68,326.05","5,508"
FMCGIETF,EQ,2024-12-03,60.97,60.97,60.97,60.05,60.74,60.72,60.5,"28,44,682","17,21,07,317.72","6,730"
FMCGIETF,EQ,2024-12-04,60.72,60.97,60.97,60.18,60.35,60.29,60.49,"7,71,422","4,66,67,130.79","8,697"
FMCGIETF,EQ,2024-12-05,60.29,60.7,60.77,59.86,60.7,60.63,60.38,"8,05,515","4,86,34,650.79","6,187"
FMCGIETF,EQ,2024-12-06,60.63,60.7,60.94,60.64,60.84,60.78,60.82,"4,47,168","2,71,94,585.02","6,694"
FMCGIETF,EQ,2024-12-09,60.78,61.38,61.99,59.25,59.48,59.41,59.45,"61,03,686","36,28,43,050.06","23,658"
FMCGIETF,EQ,2024-12-10,59.41,59.55,59.67,59.32,59.66,59.49,59.48,"11,46,354","6,81,90,290.22","6,154"
FMCGIETF,EQ,2024-12-11,59.49,59.5,59.85,59.4,59.79,59.72,59.75,"12,63,810","7,55,12,456.75","7,600"
FMCGIETF,EQ,2024-12-12,59.72,59.9,59.91,58.96,59.24,59.08,59.25,"20,76,216","12,30,16,846.00","13,789"
FMCGIETF,EQ,2024-12-13,59.08,59.67,59.89,58.39,59.85,59.82,59.22,"17,82,778","10,55,84,227.20","14,690"
FMCGIETF,EQ,2024-12-16,59.82,59.82,60.14,59.4,59.7,59.6,59.68,"13,96,147","8,33,19,746.03","7,516"
FMCGIETF,EQ,2024-12-17,59.6,59.76,59.79,59.15,59.58,59.4,59.45,"9,60,069","5,70,73,813.22","5,544"
FMCGIETF,EQ,2024-12-18,59.4,59.66,59.68,59.2,59.46,59.37,59.38,"7,02,128","4,16,94,760.75","8,601"
FMCGIETF,EQ,2024-12-19,59.37,59.3,59.37,58.93,59.05,59.06,59.11,"9,64,481","5,70,07,106.35","7,070"
FMCGIETF,EQ,2024-12-20,59.06,59.06,59.4,58.25,58.41,58.48,58.82,"12,19,964","7,17,59,241.98","7,953"
FMCGIETF,EQ,2024-12-23,58.48,59.0,59.21,58.53,59.1,59.02,58.89,"8,79,754","5,18,11,325.24","4,412"
FMCGIETF,EQ,2024-12-24,59.02,59.21,59.54,58.87,59.35,59.37,59.34,"5,10,121","3,02,72,211.50","5,328"
FMCGIETF,EQ,2024-12-26,59.37,59.38,60.34,59.06,59.29,59.2,59.25,"4,31,633","2,55,76,131.59","6,086"
FMCGIETF,EQ,2024-12-27,59.2,59.78,59.78,59.05,59.46,59.37,59.36,"3,06,574","1,81,99,111.60","4,599"
FMCGIETF,EQ,2024-12-30,59.37,60.35,60.35,59.01,59.43,59.44,59.37,"6,96,243","4,13,34,387.32","4,680"
FMCGIETF,EQ,2024-12-31,59.44,59.98,59.98,59.12,59.59,59.56,59.27,"22,69,357","13,45,01,801.04","4,162"
FMCGIETF,EQ,2025-01-01,59.56,59.59,59.95,59.55,59.86,59.81,59.79,"4,84,100","2,89,44,725.88","4,503"
FMCGIETF,EQ,2025-01-02,59.81,60.36,60.55,59.68,60.46,60.48,60.2,"9,22,616","5,55,43,240.23","3,424"
FMCGIETF,EQ,2025-01-03,60.48,60.63,60.9,60.2,60.68,60.65,60.57,"9,01,081","5,45,74,574.24","5,141"
FMCGIETF,EQ,2025-01-06,60.65,60.59,61.0,59.36,59.9,59.54,60.01,"6,82,125","4,09,31,052.78","7,629"
FMCGIETF,EQ,2025-01-07,59.54,59.9,60.09,59.6,59.85,59.65,59.81,"4,93,276","2,95,04,920.85","4,341"
FMCGIETF,EQ,2025-01-08,59.65,60.15,60.15,59.08,59.9,59.93,59.55,"6,87,973","4,09,65,611.64","4,434"
FMCGIETF,EQ,2025-01-09,59.93,60.42,61.1,59.69,60.56,60.54,60.65,"9,21,048","5,58,64,487.30","3,207"
FMCGIETF,EQ,2025-01-10,60.54,60.99,60.99,59.83,60.0,59.97,60.08,"9,93,179","5,96,67,917.39","5,962"
FMCGIETF,EQ,2025-01-13,59.97,60.0,60.0,59.1,59.21,59.2,59.44,"8,40,502","4,99,63,250.33","5,857"
FMCGIETF,EQ,2025-01-14,59.2,59.66,59.66,58.45,58.71,58.53,58.78,"14,28,689","8,39,80,358.43","7,486"
FMCGIETF,EQ,2025-01-15,58.53,58.72,59.29,58.04,58.46,58.43,58.35,"10,93,491","6,38,07,897.85","5,651"
FMCGIETF,EQ,2025-01-16,58.43,59.96,59.96,57.8,58.18,58.13,58.03,"12,52,837","7,27,07,316.98","7,312"
FMCGIETF,EQ,2025-01-17,58.13,58.4,58.94,58.0,58.85,58.74,58.55,"7,20,325","4,21,74,132.56","5,311"
FMCGIETF,EQ,2025-01-20,58.74,60.33,60.33,58.36,58.86,58.65,58.58,"6,85,187","4,01,36,053.55","3,771"
FMCGIETF,EQ,2025-01-21,58.65,59.22,59.65,58.45,58.53,58.53,58.82,"6,14,055","3,61,21,336.35","3,953"
FMCGIETF,EQ,2025-01-22,58.53,59.29,59.29,58.32,58.49,58.56,58.56,"6,52,781","3,82,24,739.07","3,550"
FMCGIETF,EQ,2025-01-23,58.56,58.74,58.77,57.61,58.71,58.72,58.56,"7,45,557","4,36,57,039.06","4,506"
FMCGIETF,EQ,2025-01-24,58.72,57.76,59.28,57.76,59.09,59.01,58.99,"8,32,989","4,91,39,851.24","2,342"
FMCGIETF,EQ,2025-01-27,59.01,59.29,59.4,58.25,58.66,58.51,58.7,"6,18,226","3,62,92,400.74","3,815"
FMCGIETF,EQ,2025-01-28,58.51,58.97,58.97,58.11,58.35,58.34,58.3,"5,92,327","3,45,35,530.72","4,780"
FMCGIETF,EQ,2025-01-29,58.34,59.2,59.2,57.64,57.95,57.92,57.98,"14,14,141","8,19,85,659.90","6,433"
FMCGIETF,EQ,2025-01-30,57.92,57.5,58.5,57.37,58.5,58.38,58.25,"5,25,950","3,06,37,916.81","6,751"
FMCGIETF,EQ,2025-01-31,58.38,56.65,59.65,56.65,59.56,59.42,59.36,"28,27,003","16,78,21,736.12","6,268"
FMCGIETF,EQ,2025-02-01,59.42,59.43,62.18,58.91,61.35,61.3,61.22,"49,05,497","30,03,18,648.41","9,380"
FMCGIETF,EQ,2025-02-03,61.3,61.5,61.87,60.11,60.4,60.44,60.74,"26,19,912","15,91,24,599.60","8,583"
FMCGIETF,EQ,2025-02-04,60.44,60.95,60.95,59.5,60.23,60.22,59.96,"22,33,557","13,39,22,581.50","7,413"
FMCGIETF,EQ,2025-02-05,60.22,60.23,60.35,59.29,59.43,59.35,59.62,"18,30,194","10,91,11,543.34","8,785"
FMCGIETF,EQ,2025-02-06,59.35,60.09,60.96,58.59,58.89,58.8,58.92,"11,59,628","6,83,23,715.33","8,194"
FMCGIETF,EQ,2025-02-07,58.8,59.19,59.2,57.82,58.04,58.02,58.13,"27,51,937","15,99,66,811.79","11,021"
FMCGIETF,EQ,2025-02-10,58.02,58.58,58.67,57.55,57.8,57.76,57.94,"7,29,294","4,22,51,900.44","6,283"
FMCGIETF,EQ,2025-02-11,57.76,58.9,58.9,56.25,56.7,56.65,56.89,"19,20,289","10,92,45,165.68","11,101"
FMCGIETF,EQ,2025-02-12,56.65,57.0,57.11,56.19,56.82,56.76,56.68,"8,34,531","4,73,03,670.24","4,459"
FMCGIETF,EQ,2025-02-13,56.76,57.19,57.19,56.36,56.5,56.41,56.72,"7,31,459","4,14,89,678.84","7,678"
FMCGIETF,EQ,2025-02-14,56.41,56.89,57.03,56.07,56.28,56.25,56.4,"10,56,541","5,95,93,408.59","4,913"
FMCGIETF,EQ,2025-02-17,56.25,56.98,56.98,55.71,56.03,56.03,55.92,"7,07,582","3,95,64,713.43","5,082"
FMCGIETF,EQ,2025-02-18,56.03,56.03,56.18,55.36,55.52,55.52,55.62,"10,01,144","5,56,85,000.59","6,403"
FMCGIETF,EQ,2025-02-19,55.52,55.92,55.94,55.13,55.34,55.36,55.41,"10,70,823","5,93,33,234.84","4,172"
FMCGIETF,EQ,2025-02-20,55.36,55.37,55.44,54.93,55.41,55.39,55.21,"8,16,942","4,51,04,003.81","11,473"
FMCGIETF,EQ,2025-02-21,55.39,55.6,55.6,54.95,54.96,55.01,55.05,"11,45,967","6,30,87,302.61","6,433"
FMCGIETF,EQ,2025-02-24,55.01,55.0,55.39,54.8,55.33,55.34,55.13,"6,89,826","3,80,33,516.27","7,230"
FMCGIETF,EQ,2025-02-25,55.34,55.79,55.79,55.12,55.38,55.43,55.36,"8,49,997","4,70,58,377.25","7,852"
FMCGIETF,EQ,2025-02-27,55.43,56.9,56.9,54.62,55.07,55.09,55.09,"7,28,634","4,01,40,996.01","4,961"
FMCGIETF,EQ,2025-02-28,55.09,56.75,56.75,53.53,53.95,53.68,53.95,"27,88,215","15,04,12,459.76","12,559"
FMCGIETF,EQ,2025-03-03,53.68,54.24,54.47,53.12,53.88,53.75,53.51,"10,08,320","5,39,59,853.58","5,640"
FMCGIETF,EQ,2025-03-04,53.75,54.11,54.11,53.14,53.45,53.46,53.32,"7,98,420","4,25,74,156.93","5,829"
FMCGIETF,EQ,2025-03-05,53.46,53.96,55.9,53.44,54.37,54.3,53.73,"16,90,616","9,08,35,703.83","3,916"
FMCGIETF,EQ,2025-03-06,54.3,54.79,54.98,54.05,54.81,54.79,54.54,"8,42,855","4,59,68,567.44","6,443"
FMCGIETF,EQ,2025-03-07,54.79,54.8,55.46,54.51,54.85,54.89,54.79,"5,85,410","3,20,76,845.31","3,917"
FMCGIETF,EQ,2025-03-10,54.89,54.85,55.48,54.56,54.87,54.88,55.13,"11,26,198","6,20,85,594.98","10,599"
FMCGIETF,EQ,2025-03-11,54.88,54.88,55.11,54.01,55.02,54.95,54.95,"11,29,737","6,20,77,438.24","2,542"
FMCGIETF,EQ,2025-03-12,54.95,55.24,55.24,54.66,54.94,54.89,54.87,"6,32,014","3,46,81,549.44","5,058"
FMCGIETF,EQ,2025-03-13,54.89,55.23,55.24,54.7,54.7,54.74,54.85,"15,48,675","8,49,48,508.94","7,062"
FMCGIETF,EQ,2025-03-17,54.74,55.83,55.94,54.4,54.61,54.61,54.64,"11,32,934","6,19,06,365.51","4,308"
FMCGIETF,EQ,2025-03-18,54.61,54.61,55.55,54.52,55.38,55.34,55.29,"19,73,435","10,91,10,839.79","6,447"
FMCGIETF,EQ,2025-03-19,55.34,55.5,55.72,55.19,55.24,55.23,55.3,"15,05,586","8,32,56,172.09","4,782"
FMCGIETF,EQ,2025-03-20,55.23,55.59,56.01,55.23,55.82,55.83,55.64,"6,44,380","3,58,53,667.67","4,239"
FMCGIETF,EQ,2025-03-21,55.83,56.05,56.1,55.65,56.0,55.9,55.89,"8,80,825","4,92,32,856.42","8,961"
FMCGIETF,EQ,2025-03-24,55.9,56.21,56.31,55.91,56.24,56.19,56.18,"9,16,284","5,14,73,348.05","4,489"
FMCGIETF,EQ,2025-03-25,56.19,56.47,56.57,55.92,55.92,56.02,56.17,"20,73,686","11,64,79,353.10","9,146"
FMCGIETF,EQ,2025-03-26,56.02,56.54,56.54,55.8,55.93,55.89,56.04,"7,40,100","4,14,72,556.88","5,051"
FMCGIETF,EQ,2025-03-27,55.89,56.39,56.39,55.6,56.28,56.25,56.18,"8,93,271","5,01,84,660.70","5,862"
FMCGIETF,EQ,2025-03-28,56.25,56.25,56.98,56.25,56.44,56.47,56.69,"11,89,400","6,74,26,774.56","7,544"
FMCGIETF,EQ,2025-04-01,56.47,56.64,56.98,55.83,56.1,55.99,56.09,"11,22,892","6,29,83,585.23","6,524"
FMCGIETF,EQ,2025-04-02,55.99,56.62,56.68,55.78,56.62,56.61,56.41,"5,03,142","2,83,82,638.55","6,667"
FMCGIETF,EQ,2025-04-03,56.61,56.88,58.28,54.9,56.74,56.75,56.52,"8,79,726","4,97,23,873.58","16,380"
FMCGIETF,EQ,2025-04-04,56.75,56.68,57.15,56.21,56.73,56.73,56.73,"11,13,985","6,31,94,354.06","4,687"
FMCGIETF,EQ,2025-04-07,56.73,56.0,56.25,54.47,56.0,55.92,55.72,"10,84,784","6,04,46,140.99","11,657"
FMCGIETF,EQ,2025-04-08,55.92,56.49,57.62,56.46,57.46,57.3,57.2,"15,53,494","8,88,62,042.82","6,623"
FMCGIETF,EQ,2025-04-09,57.3,57.3,58.42,57.3,58.3,58.27,58.11,"15,92,953","9,25,63,655.80","7,516"
FMCGIETF,EQ,2025-04-11,58.27,58.49,58.89,58.23,58.71,58.76,58.61,"11,48,766","6,73,25,869.82","9,291"
FMCGIETF,EQ,2025-04-15,58.76,59.0,59.36,58.57,58.95,58.92,58.84,"9,05,274","5,32,68,949.40","5,403"
FMCGIETF,EQ,2025-04-16,58.92,59.24,59.48,58.75,59.05,59.37,59.2,"9,15,382","5,41,93,976.31","7,259"
FMCGIETF,EQ,2025-04-17,59.37,59.66,59.82,58.68,59.75,59.76,59.48,"9,88,581","5,88,04,304.47","9,976"
FMCGIETF,EQ,2025-04-21,59.76,60.2,60.2,59.25,59.42,59.35,59.36,"14,98,222","8,89,36,130.66","10,165"
FMCGIETF,EQ,2025-04-22,59.35,59.79,60.4,59.26,60.35,60.31,60.03,"11,42,508","6,85,79,746.79","6,619"
FMCGIETF,EQ,2025-04-23,60.31,60.36,60.68,60.21,60.58,60.61,60.44,"10,80,367","6,52,96,882.13","2,763"
FMCGIETF,EQ,2025-04-24,60.61,60.82,61.18,60.0,60.15,60.06,60.48,"15,88,609","9,60,86,303.14","12,500"
FMCGIETF,EQ,2025-04-25,60.06,60.59,60.59,59.03,59.8,59.79,59.61,"12,36,454","7,37,07,419.74","7,030"
FMCGIETF,EQ,2025-04-28,59.79,59.98,59.99,59.4,59.88,59.84,59.75,"7,03,785","4,20,54,217.61","10,018"
FMCGIETF,EQ,2025-04-29,59.84,60.12,60.12,59.46,59.64,59.61,59.67,"6,65,703","3,97,23,883.70","13,884"
FMCGIETF,EQ,2025-04-30,59.61,59.65,59.99,59.23,59.41,59.52,59.7,"5,18,594","3,09,60,585.36","10,397"
FMCGIETF,EQ,2025-05-02,59.52,59.66,59.76,59.0,59.29,59.36,59.39,"7,04,970","4,18,65,572.52","14,211"
FMCGIETF,EQ,2025-05-05,59.36,59.67,60.13,59.39,60.12,60.01,59.98,"9,21,555","5,52,70,915.14","3,652"
FMCGIETF,EQ,2025-05-06,60.01,60.39,60.39,59.68,59.68,59.94,60.07,"9,46,272","5,68,38,078.47","10,793"
FMCGIETF,EQ,2025-05-07,59.94,59.94,59.94,59.11,59.64,59.64,59.65,"4,04,783","2,41,46,684.58","10,510"
FMCGIETF,EQ,2025-05-08,59.64,59.64,59.84,58.91,58.95,59.05,59.23,"5,87,023","3,47,69,305.49","4,956"
FMCGIETF,EQ,2025-05-09,59.05,58.95,58.96,58.12,58.73,58.67,58.56,"6,27,620","3,67,50,715.74","4,897"
FMCGIETF,EQ,2025-05-12,58.67,59.02,60.3,59.02,60.3,60.21,59.96,"10,37,320","6,21,99,552.27","4,372"
FMCGIETF,EQ,2025-05-13,60.21,60.27,60.48,59.46,59.99,59.59,59.74,"13,45,318","8,03,70,006.42","6,646"
FMCGIETF,EQ,2025-05-14,59.59,59.8,59.81,59.29,59.69,59.61,59.56,"7,69,421","4,58,23,547.97","12,019"
FMCGIETF,EQ,2025-05-15,59.61,59.9,60.1,59.32,59.93,59.95,59.74,"9,96,635","5,95,37,243.84","15,068"
FMCGIETF,EQ,2025-05-16,59.95,60.23,60.55,59.8,60.36,60.37,60.17,"8,81,385","5,30,31,665.90","5,638"
FMCGIETF,EQ,2025-05-19,60.37,60.37,60.66,60.07,60.29,60.23,60.27,"16,82,716","10,14,13,327.19","6,939"
FMCGIETF,EQ,2025-05-20,60.23,60.53,60.61,59.34,59.53,59.44,59.79,"8,42,095","5,03,45,147.31","5,898"
FMCGIETF,EQ,2025-05-21,59.44,59.72,60.0,59.35,59.61,59.67,59.72,"4,97,934","2,97,38,783.19","3,137"
FMCGIETF,EQ,2025-05-22,59.67,59.67,59.67,58.51,58.93,58.82,58.79,"19,76,486","11,62,04,431.22","10,642"
FMCGIETF,EQ,2025-05-23,58.82,59.11,59.75,58.91,59.65,59.64,59.57,"19,16,759","11,41,81,999.04","3,532"
FMCGIETF,EQ,2025-05-26,59.64,59.64,60.2,59.64,60.2,60.14,60.02,"16,97,865","10,19,02,658.95","4,068"
FMCGIETF,EQ,2025-05-27,60.14,60.22,60.38,59.5,59.84,59.81,59.85,"12,85,499","7,69,32,476.97","5,421"
FMCGIETF,EQ,2025-05-28,59.81,59.82,59.82,59.1,59.47,59.3,59.38,"12,31,251","7,31,08,653.85","5,709"
FMCGIETF,EQ,2025-05-29,59.3,59.69,59.69,58.92,59.27,59.24,59.11,"11,19,231","6,61,62,109.96","6,593"
FMCGIETF,EQ,2025-05-30,59.24,59.25,59.49,58.75,59.0,58.87,59.02,"12,49,732","7,37,57,347.15","5,199"
FMCGIETF,EQ,2025-06-02,58.87,59.01,59.78,58.91,59.47,59.41,59.29,"9,57,230","5,67,53,904.92","6,378"
FMCGIETF,EQ,2025-06-03,59.41,59.0,60.08,58.93,59.08,59.05,59.15,"8,69,798","5,14,45,257.38","5,852"
FMCGIETF,EQ,2025-06-04,59.05,59.34,60.0,58.86,59.8,59.5,59.17,"7,00,667","4,14,55,574.42","3,806"
FMCGIETF,EQ,2025-06-05,59.5,59.48,59.49,58.92,59.3,59.27,59.21,"10,66,934","6,31,70,108.19","4,987"
FMCGIETF,EQ,2025-06-06,59.27,59.47,59.47,59.18,59.4,59.38,59.3,"9,32,013","5,52,66,053.55","8,126"
FMCGIETF,EQ,2025-06-09,59.38,60.08,60.08,59.31,59.71,59.67,59.57,"12,10,921","7,21,30,862.25","6,724"
FMCGIETF,EQ,2025-06-10,59.67,60.11,60.11,59.35,59.93,59.84,59.82,"14,00,611","8,37,85,415.40","12,367"
FMCGIETF,EQ,2025-06-11,59.84,61.33,61.33,59.4,59.5,59.45,59.6,"15,74,879","9,38,64,229.78","9,308"
FMCGIETF,EQ,2025-06-12,59.45,59.51,59.71,58.59,58.95,58.7,58.94,"23,78,065","14,01,70,768.37","19,927"
FMCGIETF,EQ,2025-06-13,58.7,60.16,60.16,57.96,58.1,58.11,58.12,"34,81,045","20,23,07,696.52","11,179"
FMCGIETF,EQ,2025-06-16,58.11,59.3,59.3,57.99,58.8,58.44,58.25,"14,94,324","8,70,44,205.05","7,418"
FMCGIETF,EQ,2025-06-17,58.44,59.61,59.61,58.05,58.24,58.21,58.26,"13,44,395","7,83,26,897.84","20,248"
FMCGIETF,EQ,2025-06-18,58.21,59.37,60.12,57.82,58.05,58.01,58.05,"11,86,260","6,88,66,144.39","11,137"
FMCGIETF,EQ,2025-06-19,58.01,58.5,58.5,57.7,58.0,57.82,57.91,"9,30,196","5,38,68,669.87","17,190"
FMCGIETF,EQ,2025-06-20,57.82,57.83,58.4,57.78,58.4,58.22,58.07,"5,34,342","3,10,27,926.26","4,133"
FMCGIETF,EQ,2025-06-23,58.22,59.67,59.67,57.69,57.9,57.97,57.95,"16,06,153","9,30,83,287.50","15,514"
FMCGIETF,EQ,2025-06-24,57.97,58.7,58.7,57.95,58.25,58.0,58.19,"12,65,488","7,36,36,887.31","3,485"
FMCGIETF,EQ,2025-06-25,58.0,59.74,59.74,57.96,58.26,58.26,58.27,"9,11,808","5,31,33,153.43","4,847"
FMCGIETF,EQ,2025-06-26,58.26,58.49,58.65,58.22,58.65,58.61,58.42,"11,53,205","6,73,69,464.36","11,512"
FMCGIETF,EQ,2025-06-27,58.61,58.91,58.91,58.55,58.73,58.68,58.68,"8,86,644","5,20,31,834.61","5,411"
FMCGIETF,EQ,2025-06-30,58.68,60.14,60.14,58.35,58.64,58.56,58.54,"14,06,245","8,23,23,874.76","8,187"
FMCGIETF,EQ,2025-07-01,58.56,58.56,58.98,53.0,58.45,58.17,58.28,"14,49,599","8,44,78,589.16","13,218"
FMCGIETF,EQ,2025-07-02,58.17,58.46,58.79,57.94,58.12,58.08,58.05,"12,55,342","7,28,77,568.36","5,874"
FMCGIETF,EQ,2025-07-03,58.08,59.53,59.53,58.01,58.17,58.16,58.25,"11,03,230","6,42,62,649.24","7,520"
FMCGIETF,EQ,2025-07-04,58.16,59.61,59.61,58.17,58.45,58.41,58.33,"7,78,255","4,53,97,811.35","4,583"
FMCGIETF,EQ,2025-07-07,58.41,58.17,59.33,56.94,59.28,59.22,59.02,"21,29,228","12,56,58,835.69","6,435"
FMCGIETF,EQ,2025-07-08,59.22,58.98,59.49,58.98,59.22,59.22,59.28,"19,25,023","11,41,21,987.30","9,887"
FMCGIETF,EQ,2025-07-09,59.22,59.34,59.6,59.16,59.54,59.51,59.47,"23,58,588","14,02,72,311.81","4,246"
FMCGIETF,EQ,2025-07-10,59.51,59.55,59.79,59.11,59.18,59.15,59.29,"9,52,231","5,64,61,453.40","5,600"
FMCGIETF,EQ,2025-07-11,59.15,59.45,59.9,59.36,59.55,59.5,59.68,"18,34,045","10,94,48,471.53","3,717"
FMCGIETF,EQ,2025-07-14,59.5,59.86,60.48,59.31,59.7,59.68,59.58,"9,55,964","5,69,52,683.78","3,919"
FMCGIETF,EQ,2025-07-15,59.68,59.72,60.06,59.43,60.03,60.01,59.86,"14,47,871","8,66,70,337.78","3,234"
FMCGIETF,EQ,2025-07-16,60.01,59.68,60.61,59.61,60.23,60.31,60.19,"9,31,585","5,60,75,812.90","2,751"
FMCGIETF,EQ,2025-07-17,60.31,60.48,60.64,60.3,60.4,60.45,60.5,"14,73,445","8,91,44,928.34","3,872"
FMCGIETF,EQ,2025-07-18,60.45,60.8,60.8,60.01,60.3,60.24,60.17,"7,75,576","4,66,63,741.75","4,915"
FMCGIETF,EQ,2025-07-21,60.24,60.7,61.74,59.79,60.0,59.99,59.97,"13,76,846","8,25,70,783.04","7,151"
FMCGIETF,EQ,2025-07-22,59.99,60.5,61.74,59.64,59.79,59.77,59.8,"6,79,503","4,06,34,698.17","13,117"
FMCGIETF,EQ,2025-07-23,59.77,59.53,60.06,58.27,59.5,59.45,59.44,"8,85,563","5,26,40,099.05","10,840"
FMCGIETF,EQ,2025-07-24,59.45,59.81,59.81,58.57,58.85,58.78,58.93,"15,07,796","8,88,61,052.67","20,816"
FMCGIETF,EQ,2025-07-25,58.78,59.07,59.07,58.15,58.5,58.25,58.32,"14,33,951","8,36,27,160.53","14,039"
FMCGIETF,EQ,2025-07-28,58.25,58.39,58.65,58.02,58.4,58.39,58.43,"7,69,067","4,49,35,244.28","25,280"
FMCGIETF,EQ,2025-07-29,58.39,59.05,59.05,58.17,58.61,58.57,58.49,"7,05,795","4,12,79,149.05","13,336"
FMCGIETF,EQ,2025-07-30,58.57,58.57,58.66,58.35,58.61,58.57,58.53,"7,15,705","4,18,86,877.39","7,585"
FMCGIETF,EQ,2025-07-31,58.57,58.65,59.81,58.0,59.44,59.45,59.35,"15,09,419","8,95,88,354.75","4,572"
FMCGIETF,EQ,2025-08-01,59.45,59.45,60.74,59.44,60.0,59.9,60.11,"20,57,392","12,36,63,132.83","24,394"
FMCGIETF,EQ,2025-08-04,59.9,60.35,60.35,59.67,59.81,59.8,59.84,"5,95,773","3,56,51,963.39","3,565"
FMCGIETF,EQ,2025-08-05,59.8,60.09,60.09,59.22,59.52,59.48,59.47,"12,37,447","7,35,95,530.54","7,963"
FMCGIETF,EQ,2025-08-06,59.48,59.87,59.87,58.79,58.94,58.89,59.02,"7,07,275","4,17,42,006.87","8,593"
FMCGIETF,EQ,2025-08-07,58.89,59.18,59.18,58.62,59.0,58.99,58.86,"4,09,274","2,40,89,565.54","3,021"
FMCGIETF,EQ,2025-08-08,58.99,57.51,59.34,57.51,58.55,58.55,58.72,"2,72,546","1,60,03,374.09","2,251"
FMCGIETF,EQ,2025-08-11,58.55,58.56,59.02,58.26,59.0,58.95,58.82,"7,25,589","4,26,76,368.22","4,887"
FMCGIETF,EQ,2025-08-12,58.95,59.24,59.28,58.61,58.61,58.65,58.9,"3,80,962","2,24,39,761.71","4,113"
FMCGIETF,EQ,2025-08-13,58.65,58.94,59.07,58.42,58.68,58.7,58.63,"3,21,251","1,88,35,814.74","4,274"
FMCGIETF,EQ,2025-08-14,58.7,58.7,59.08,58.28,58.59,58.35,58.45,"5,58,101","3,26,21,621.27","5,981"
FMCGIETF,EQ,2025-08-18,58.35,59.49,60.01,58.35,59.11,59.12,59.34,"13,22,151","7,84,62,075.72","7,326"
FMCGIETF,EQ,2025-08-19,59.12,59.53,59.75,58.91,59.74,59.7,59.43,"5,47,958","3,25,67,054.47","4,971"
FMCGIETF,EQ,2025-08-20,59.7,59.7,60.49,59.38,60.37,60.35,60.22,"16,19,568","9,75,30,694.12","6,316"
FMCGIETF,EQ,2025-08-21,60.35,60.08,61.0,59.91,60.01,60.02,60.07,"7,78,922","4,67,90,516.49","10,514"
FMCGIETF,EQ,2025-08-22,60.02,60.33,60.33,59.45,59.65,59.57,59.65,"5,92,692","3,53,51,285.54","13,854"
FMCGIETF,EQ,2025-08-25,59.57,59.98,59.98,59.12,59.65,59.52,59.51,"6,78,660","4,03,87,937.68","7,390"
FMCGIETF,EQ,2025-08-26,59.52,59.82,60.31,59.29,60.09,60.04,59.95,"10,52,887","6,31,23,041.51","3,429"
FMCGIETF,EQ,2025-08-28,60.04,60.46,60.46,59.19,59.41,59.27,59.55,"10,63,971","6,33,61,711.84","7,205"
FMCGIETF,EQ,2025-08-29,59.27,59.56,60.28,59.23,60.08,59.99,59.87,"7,98,966","4,78,37,443.45","2,734"
FMCGIETF,EQ,2025-09-01,59.99,60.41,60.41,59.7,59.93,59.95,59.89,"6,63,276","3,97,20,315.25","3,263"
FMCGIETF,EQ,2025-09-02,59.95,60.35,60.6,59.83,60.58,60.57,60.47,"10,78,212","6,51,97,286.93","3,325"
FMCGIETF,EQ,2025-09-03,60.57,60.85,62.08,60.52,60.8,60.87,60.79,"11,04,756","6,71,60,260.70","3,806"
FMCGIETF,EQ,2025-09-04,60.87,61.73,62.3,60.91,61.02,61.0,61.58,"36,89,405","22,72,10,571.44","11,096"
FMCGIETF,EQ,2025-09-05,61.0,61.46,62.15,59.9,60.34,60.2,60.4,"31,06,057","18,75,93,800.38","13,882"
FMCGIETF,EQ,2025-09-08,60.2,60.23,60.63,60.0,60.18,60.04,60.22,"8,22,845","4,95,49,826.95","5,759"
FMCGIETF,EQ,2025-09-09,60.04,61.54,61.54,59.96,60.47,60.37,60.22,"12,82,175","7,72,10,552.10","4,419"
FMCGIETF,EQ,2025-09-10,60.37,60.89,61.73,60.2,60.59,60.57,60.45,"11,21,144","6,77,69,190.00","3,327"
FMCGIETF,EQ,2025-09-11,60.57,59.05,60.89,59.05,60.7,60.7,60.71,"10,21,144","6,19,90,100.35","2,559"
FMCGIETF,EQ,2025-09-12,60.7,61.11,61.11,60.25,60.38,60.36,60.43,"9,12,923","5,51,70,533.33","4,565"
FMCGIETF,EQ,2025-09-15,60.36,60.37,60.73,60.24,60.4,60.4,60.41,"10,78,282","6,51,38,949.99","5,190"
FMCGIETF,EQ,2025-09-16,60.4,60.78,60.78,60.16,60.37,60.3,60.26,"15,79,692","9,51,99,643.88","4,723"
FMCGIETF,EQ,2025-09-17,60.3,60.68,60.68,60.01,60.2,60.13,60.18,"14,42,120","8,67,90,052.45","34,210"
FMCGIETF,EQ,2025-09-18,60.13,60.67,60.67,60.05,60.45,60.43,60.26,"12,89,754","7,77,18,676.55","3,154"
FMCGIETF,EQ,2025-09-19,60.43,60.44,60.59,60.05,60.2,60.12,60.15,"10,96,626","6,59,63,717.09","6,002"
FMCGIETF,EQ,2025-09-22,60.12,60.21,60.39,59.68,59.92,59.8,60.03,"10,55,927","6,33,87,625.61","19,524"
FMCGIETF,EQ,2025-09-23,59.8,60.01,60.09,58.85,59.1,59.04,59.28,"24,58,206","14,57,29,573.41","52,051"
FMCGIETF,EQ,2025-09-24,59.04,59.06,59.4,58.86,59.16,59.08,59.15,"10,97,887","6,49,40,788.13","3,369"
FMCGIETF,EQ,2025-09-25,59.08,59.39,59.4,58.8,58.98,58.88,59.04,"6,42,914","3,79,58,086.21","3,771"
FMCGIETF,EQ,2025-09-26,58.88,58.86,59.18,58.41,58.66,58.5,58.54,"14,64,884","8,57,58,449.77","5,047"
FMCGIETF,EQ,2025-09-29,58.5,58.9,58.9,58.1,58.74,58.73,58.64,"18,00,216","10,55,68,481.14","4,206"
FMCGIETF,EQ,2025-09-30,58.73,58.87,58.94,58.27,58.5,58.41,58.46,"7,37,443","4,31,11,696.62","4,309"
FMCGIETF,EQ,2025-10-01,58.41,58.76,58.91,58.15,58.85,58.84,58.52,"5,97,786","3,49,80,651.81","2,728"
FMCGIETF,EQ,2025-10-03,58.84,59.1,59.1,58.44,58.94,58.93,58.74,"9,57,390","5,62,32,399.40","4,086"
FMCGIETF,EQ,2025-10-06,58.93,59.11,59.12,58.57,58.9,58.81,58.74,"4,75,167","2,79,09,450.07","3,850"
FMCGIETF,EQ,2025-10-07,58.81,58.81,59.06,58.46,58.69,58.54,58.64,"13,39,617","7,85,58,629.41","6,020"
FMCGIETF,EQ,2025-10-08,58.54,58.42,58.62,58.1,58.28,58.23,58.25,"10,01,469","5,83,38,553.76","4,928"
FMCGIETF,EQ,2025-10-09,58.23,58.26,58.52,58.09,58.52,58.46,58.31,"7,25,269","4,22,88,171.62","3,618"
FMCGIETF,EQ,2025-10-10,58.46,58.46,58.79,58.32,58.73,58.73,58.68,"9,44,705","5,54,38,176.14","5,544"
FMCGIETF,EQ,2025-10-13,58.73,58.73,58.74,58.1,58.3,58.21,58.26,"17,52,049","10,20,70,218.94","6,406"
FMCGIETF,EQ,2025-10-14,58.21,58.5,58.54,57.85,57.94,57.93,58.03,"15,43,754","8,95,83,633.30","7,706"
FMCGIETF,EQ,2025-10-15,57.93,57.96,58.5,57.95,58.44,58.38,58.34,"8,23,384","4,80,35,958.39","5,156"
FMCGIETF,EQ,2025-10-16,58.38,58.67,59.6,58.36,59.6,59.51,59.13,"21,74,242","12,85,59,241.71","4,181"
FMCGIETF,EQ,2025-10-17,59.51,59.51,60.53,59.51,60.29,60.29,60.22,"30,61,146","18,43,55,361.95","7,111"
FMCGIETF,EQ,2025-10-20,60.29,60.59,60.72,60.23,60.34,60.3,60.42,"10,99,540","6,64,36,397.45","4,245"
FMCGIETF,EQ,2025-10-21,60.3,60.6,60.7,59.87,60.39,60.33,60.33,"3,58,722","2,16,42,057.28","2,763"
FMCGIETF,EQ,2025-10-23,60.33,60.69,61.19,60.35,60.54,60.5,60.85,"24,91,003","15,15,72,734.26","6,992"
FMCGIETF,EQ,2025-10-24,60.5,60.83,60.83,59.63,60.13,60.06,59.93,"11,74,107","7,03,61,918.93","5,964"
FMCGIETF,EQ,2025-10-27,60.06,60.06,60.39,59.96,60.22,60.17,60.19,"11,68,419","7,03,22,662.24","4,152"
FMCGIETF,EQ,2025-10-28,60.17,60.17,60.47,59.62,59.92,59.83,59.84,"6,68,672","4,00,14,967.72","3,955"
FMCGIETF,EQ,2025-10-29,59.83,59.95,60.35,59.84,60.35,60.3,60.17,"8,48,432","5,10,47,859.06","2,465"
FMCGIETF,EQ,2025-10-30,60.3,60.31,60.4,59.76,60.1,60.06,60.0,"4,69,208","2,81,52,764.61","3,569"
FMCGIETF,EQ,2025-10-31,60.06,60.15,60.45,59.85,59.85,59.89,60.15,"5,84,461","3,51,56,056.09","2,802"
FMCGIETF,EQ,2025-11-03,59.89,60.18,60.18,59.43,59.98,59.97,59.8,"8,35,618","4,99,72,642.96","4,669"
FMCGIETF,EQ,2025-11-04,59.97,59.97,59.97,59.53,59.59,59.65,59.69,"9,88,204","5,89,90,470.45","4,764"
FMCGIETF,EQ,2025-11-06,59.65,59.82,60.05,59.35,59.36,59.41,59.63,"5,04,435","3,00,76,966.16","4,434"
FMCGIETF,EQ,2025-11-07,59.41,59.41,59.67,59.09,59.28,59.23,59.26,"4,22,829","2,50,55,957.22","3,066"
FMCGIETF,EQ,2025-11-10,59.23,59.59,59.59,58.95,59.21,59.17,59.29,"2,83,102","1,67,86,053.44","3,397"
FMCGIETF,EQ,2025-11-11,59.17,59.39,59.49,58.91,59.46,59.43,59.17,"5,49,719","3,25,28,903.25","2,783"
FMCGIETF,EQ,2025-11-12,59.43,59.49,59.64,59.24,59.45,59.41,59.41,"7,49,138","4,45,04,972.46","3,436"
FMCGIETF,EQ,2025-11-13,59.41,59.4,59.57,59.12,59.43,59.19,59.28,"8,24,287","4,88,67,369.16","3,641"
FMCGIETF,EQ,2025-11-14,59.19,59.21,59.49,58.81,59.47,59.4,59.2,"7,68,398","4,54,87,338.50","4,986"
FMCGIETF,EQ,2025-11-17,59.4,59.69,59.82,59.41,59.52,59.48,59.57,"7,17,522","4,27,44,451.92","3,745"
FMCGIETF,EQ,2025-11-18,59.48,59.74,59.97,59.02,59.26,59.13,59.2,"5,56,028","3,29,16,258.66","4,341"
FMCGIETF,EQ,2025-11-19,59.13,59.42,59.42,59.06,59.23,59.2,59.19,"4,48,021","2,65,19,352.30","5,102"
FMCGIETF,EQ,2025-11-20,59.2,59.25,59.65,59.17,59.4,59.26,59.44,"6,24,319","3,71,11,294.09","3,617"
FMCGIETF,EQ,2025-11-21,59.26,59.9,59.9,59.1,59.3,59.31,59.26,"4,69,147","2,78,00,344.15","3,474"
FMCGIETF,EQ,2025-11-24,59.31,59.31,59.65,58.94,59.03,59.02,59.11,"7,86,510","4,64,91,463.23","5,993"
FMCGIETF,EQ,2025-11-25,59.02,59.27,59.27,58.59,58.86,58.85,58.83,"37,26,348","21,92,12,958.38","3,832"
FMCGIETF,EQ,2025-11-26,58.85,58.99,59.3,58.82,59.22,59.23,59.2,"4,18,159","2,47,53,378.70","2,044"
FMCGIETF,EQ,2025-11-27,59.23,59.39,59.45,59.1,59.38,59.33,59.3,"6,76,806","4,01,31,703.88","3,039"
FMCGIETF,EQ,2025-11-28,59.33,59.49,59.49,59.16,59.38,59.38,59.37,"3,85,543","2,28,90,414.58","2,753"
FMCGIETF,EQ,2025-12-01,59.38,59.43,59.58,59.02,59.25,59.29,59.24,"6,90,144","4,08,85,007.65","4,059"
FMCGIETF,EQ,2025-12-02,59.29,59.56,59.57,59.05,59.1,59.17,59.22,"6,99,059","4,13,96,591.95","2,895"
FMCGIETF,EQ,2025-12-03,59.17,59.06,59.53,58.58,58.87,58.81,58.86,"6,80,341","4,00,47,481.74","5,249"
FMCGIETF,EQ,2025-12-04,58.81,58.76,59.15,58.55,59.09,59.08,59.01,"5,42,418","3,20,05,937.88","2,925"
FMCGIETF,EQ,2025-12-05,59.08,59.42,59.43,58.28,59.09,59.03,58.86,"13,18,833","7,76,27,437.01","3,984"
FMCGIETF,EQ,2025-12-08,59.03,59.37,59.49,58.22,58.7,58.39,58.58,"8,76,535","5,13,46,881.80","5,957"
FMCGIETF,EQ,2025-12-09,58.39,59.0,59.0,57.95,58.37,58.36,58.28,"10,14,284","5,91,12,676.07","4,089"
FMCGIETF,EQ,2025-12-10,58.36,56.9,58.71,56.9,58.23,58.21,58.35,"6,50,369","3,79,51,937.95","3,682"
FMCGIETF,EQ,2025-12-11,58.21,58.55,58.55,57.96,58.44,58.33,58.23,"5,37,211","3,12,81,624.40","5,294"
FMCGIETF,EQ,2025-12-12,58.33,58.58,59.49,58.01,58.84,58.6,58.33,"11,93,175","6,95,93,665.84","7,600"
FMCGIETF,EQ,2025-12-15,58.6,58.6,59.06,58.1,58.79,58.72,58.54,"6,79,893","3,98,02,406.54","4,528"
FMCGIETF,EQ,2025-12-16,58.72,58.79,59.2,58.52,58.72,58.74,58.92,"14,63,384","8,62,25,258.12","5,934"
FMCGIETF,EQ,2025-12-17,58.74,58.89,58.89,58.31,58.44,58.43,58.53,"5,38,206","3,15,00,891.06","4,894"
FMCGIETF,EQ,2025-12-18,58.43,58.4,58.49,58.13,58.42,58.34,58.32,"4,50,833","2,62,91,641.52","4,250"
FMCGIETF,EQ,2025-12-19,58.34,58.34,58.68,58.25,58.64,58.6,58.55,"3,49,114","2,04,39,878.22","1,878"
FMCGIETF,EQ,2025-12-22,58.6,58.78,58.94,58.65,58.89,58.86,58.81,"4,18,542","2,46,14,950.57","4,435"
FMCGIETF,EQ,2025-12-23,58.86,59.28,59.32,58.7,59.29,59.25,59.04,"10,37,121","6,12,27,067.67","5,693"
FMCGIETF,EQ,2025-12-24,59.25,59.24,59.29,58.9,59.0,58.98,58.98,"16,11,726","9,50,63,491.07","7,606"
FMCGIETF,EQ,2025-12-26,58.98,58.9,59.08,58.18,59.0,58.97,58.94,"7,12,791","4,20,14,483.03","5,889"
FMCGIETF,EQ,2025-12-29,58.97,58.98,59.18,58.76,58.9,58.89,58.86,"6,57,501","3,87,01,080.10","4,691"
FMCGIETF,EQ,2025-12-30,58.89,58.89,59.09,58.66,58.81,58.78,58.77,"5,90,807","3,47,20,634.91","6,040"
FMCGIETF,EQ,2025-12-31,58.78,59.12,59.27,58.72,59.26,59.22,59.12,"11,75,070","6,94,68,777.27","3,299"
FMCGIETF,EQ,2026-01-01,59.22,59.47,59.47,57.26,57.64,57.51,57.78,"59,39,971","34,32,32,370.38","21,518"
FMCGIETF,EQ,2026-01-02,57.51,58.94,58.94,56.6,56.9,56.85,56.84,"71,26,081","40,50,13,537.72","19,386"
FMCGIETF,EQ,2026-01-05,56.85,56.52,57.33,55.42,57.22,57.22,57.1,"47,87,583","27,33,84,585.36","8,953"
FMCGIETF,EQ,2026-01-06,57.22,57.49,57.49,56.89,57.39,57.32,57.09,"53,14,766","30,34,25,402.84","8,477"
FMCGIETF,EQ,2026-01-07,57.32,57.98,57.98,57.1,57.27,57.28,57.29,"55,98,708","32,07,33,295.38","8,541"
FMCGIETF,EQ,2026-01-08,57.28,57.29,57.33,56.63,57.0,56.75,56.91,"38,75,893","22,05,70,589.73","11,080"
FMCGIETF,EQ,2026-01-09,56.75,57.08,57.08,56.04,56.24,56.14,56.34,"26,36,036","14,85,12,256.88","15,918"
FMCGIETF,EQ,2026-01-12,56.14,57.54,57.54,55.96,56.5,56.46,56.22,"17,73,764","9,97,29,361.76","6,272"
FMCGIETF,EQ,2026-01-13,56.46,56.51,56.73,56.02,56.35,56.3,56.32,"37,15,369","20,92,37,948.52","6,667"
FMCGIETF,EQ,2026-01-14,56.3,57.7,57.7,55.75,55.8,55.77,55.8,"1,24,00,620","69,20,02,818.52","10,473"
FMCGIETF,EQ,2026-01-16,55.77,56.37,56.37,55.67,55.77,55.74,55.89,"31,81,339","17,77,90,529.81","7,989"
FMCGIETF,EQ,2026-01-19,55.74,55.77,56.29,55.66,56.08,56.13,55.98,"13,61,714","7,62,30,043.38","7,937"
FMCGIETF,EQ,2026-01-20,56.13,56.46,56.47,55.24,55.49,55.4,55.87,"14,15,824","7,90,97,222.08","8,372"
FMCGIETF,EQ,2026-01-21,55.4,56.0,56.0,54.82,55.15,55.01,55.1,"17,60,545","9,70,06,036.28","9,825"
FMCGIETF,EQ,2026-01-22,55.01,55.21,55.75,55.2,55.7,55.63,55.5,"10,69,193","5,93,42,449.29","5,287"
FMCGIETF,EQ,2026-01-23,55.63,55.64,55.95,54.0,55.44,55.07,55.57,"22,79,259","12,66,51,034.82","7,494"
FMCGIETF,EQ,2026-01-27,55.07,56.47,56.47,54.65,55.1,54.91,54.9,"17,59,383","9,65,92,570.78","8,702"
FMCGIETF,EQ,2026-01-28,54.91,55.34,55.36,54.07,54.66,54.58,54.42,"35,00,951","19,05,24,265.46","12,750"
FMCGIETF,EQ,2026-01-29,54.58,54.68,54.68,53.6,54.19,54.06,53.93,"37,01,673","19,96,25,157.65","12,419"
FMCGIETF,EQ,2026-01-30,54.06,54.06,54.89,53.9,54.8,54.78,54.63,"25,85,562","14,12,61,178.31","6,082"
FMCGIETF,EQ,2026-02-01,54.78,54.88,54.89,53.59,53.87,53.81,54.32,"37,13,237","20,17,10,077.51","11,261"
FMCGIETF,EQ,2026-02-02,53.81,54.5,54.5,52.71,54.25,54.06,53.44,"29,22,600","15,61,81,015.85","11,385"
FMCGIETF,EQ,2026-02-03,54.06,54.6,55.21,54.05,54.48,54.42,54.43,"23,89,797","13,00,66,548.27","7,186"
FMCGIETF,EQ,2026-02-04,54.42,54.42,54.8,54.3,54.6,54.53,54.56,"14,94,670","8,15,44,108.27","4,685"
FMCGIETF,EQ,2026-02-05,54.53,55.0,55.03,53.93,54.47,54.25,54.49,"26,44,590","14,40,93,388.22","5,878"
FMCGIETF,EQ,2026-02-06,54.25,54.26,55.69,53.95,55.67,55.61,55.11,"32,45,530","17,88,71,863.49","5,790"
FMCGIETF,EQ,2026-02-09,55.61,55.78,56.0,55.2,55.69,55.69,55.49,"27,26,673","15,12,99,645.76","5,804"
FMCGIETF,EQ,2026-02-10,55.69,57.08,57.08,55.57,55.81,55.85,55.73,"10,24,475","5,70,94,321.25","4,906"
FMCGIETF,EQ,2026-02-11,55.85,55.85,56.1,55.63,56.1,55.9,55.91,"20,74,507","11,59,76,082.61","3,969"
FMCGIETF,EQ,2026-02-12,55.9,56.15,56.3,55.25,55.63,55.6,55.63,"16,60,554","9,23,76,382.78","4,491"
FMCGIETF,EQ,2026-02-13,55.6,55.4,55.46,54.47,54.75,54.54,54.84,"20,46,909","11,22,55,770.77","8,108"
FMCGIETF,EQ,2026-02-16,54.54,55.9,55.9,54.43,54.83,54.79,54.71,"12,79,910","7,00,25,480.31","4,569"
FMCGIETF,EQ,2026-02-17,54.79,54.88,55.51,54.76,55.5,55.43,55.21,"14,21,890","7,85,05,272.21","3,276"
FMCGIETF,EQ,2026-02-18,55.43,55.21,55.98,55.21,55.96,55.95,55.75,"11,59,284","6,46,35,136.20","3,089"
FMCGIETF,EQ,2026-02-19,55.95,57.34,57.34,54.9,55.04,55.08,55.5,"17,17,707","9,53,31,549.25","7,584"
FMCGIETF,EQ,2026-02-20,55.08,53.7,55.6,53.7,55.4,55.41,55.36,"7,58,588","4,19,93,417.35","3,068"
FMCGIETF,EQ,2026-02-23,55.41,55.87,55.87,55.32,55.72,55.65,55.56,"16,21,124","9,00,71,268.64","4,835"
FMCGIETF,EQ,2026-02-24,55.65,55.65,55.91,55.34,55.8,55.78,55.62,"11,82,239","6,57,57,970.22","3,595"
FMCGIETF,EQ,2026-02-25,55.78,54.3,56.1,54.3,55.67,55.64,55.71,"12,16,644","6,77,82,452.77","3,790"
FMCGIETF,EQ,2026-02-26,55.64,56.1,56.1,55.3,55.58,55.54,55.48,"5,99,467","3,32,61,024.78","4,122"
FMCGIETF,EQ,2026-02-27,55.54,56.25,56.25,54.7,54.95,54.79,54.93,"11,82,794","6,49,75,038.49","6,566"
FMCGIETF,EQ,2026-03-02,54.79,56.15,56.15,53.51,54.43,54.36,54.17,"17,00,001","9,20,87,400.55","9,178"
FMCGIETF,EQ,2026-03-04,54.36,54.3,54.34,53.12,53.2,53.22,53.34,"66,65,943","35,55,42,296.54","9,817"
FMCGIETF,EQ,2026-03-05,53.22,53.25,53.71,52.86,53.4,53.44,53.11,"19,02,851","10,10,63,515.25","5,955"
FMCGIETF,EQ,2026-03-06,53.44,53.44,53.64,53.1,53.44,53.39,53.39,"9,21,209","4,91,82,812.89","3,787"
FMCGIETF,EQ,2026-03-09,53.39,53.1,53.24,52.2,52.64,52.64,52.46,"14,55,693","7,63,67,978.16","11,631"
FMCGIETF,EQ,2026-03-10,52.64,53.1,53.3,52.73,52.96,52.98,52.9,"26,47,824","14,00,67,273.26","5,299"
FMCGIETF,EQ,2026-03-11,52.98,52.74,53.19,52.25,52.52,52.47,52.59,"17,87,316","9,39,99,750.55","10,576"
FMCGIETF,EQ,2026-03-12,52.47,52.43,52.47,51.28,51.49,51.43,51.56,"52,52,888","27,08,58,841.23","15,174"
FMCGIETF,EQ,2026-03-13,51.43,51.38,51.95,51.13,51.95,51.3,51.51,"23,05,947","11,87,77,472.05","6,950"
FMCGIETF,EQ,2026-03-16,51.3,52.58,52.58,51.1,51.69,51.74,51.43,"15,09,623","7,76,43,456.21","5,318"
FMCGIETF,EQ,2026-03-17,51.74,53.29,53.29,51.34,51.55,51.47,51.56,"10,46,508","5,39,55,410.78","4,903"
FMCGIETF,EQ,2026-03-18,51.47,51.8,51.85,51.3,51.5,51.44,51.57,"16,06,045","8,28,29,638.76","4,592"
FMCGIETF,EQ,2026-03-19,51.44,51.17,51.3,49.76,50.48,50.22,50.55,"18,35,128","9,27,65,425.32","9,816"
FMCGIETF,EQ,2026-03-20,50.22,50.7,51.02,50.21,50.37,50.29,50.62,"10,21,841","5,17,22,126.76","4,047"
FMCGIETF,EQ,2026-03-23,50.29,50.01,50.13,48.82,49.0,48.95,49.21,"25,36,740","12,48,39,280.46","11,161"
FMCGIETF,EQ,2026-03-24,48.95,49.92,50.0,48.95,49.61,49.56,49.46,"18,94,421","9,37,06,051.29","6,655"
FMCGIETF,EQ,2026-03-25,49.56,49.56,50.93,49.56,50.5,50.49,50.53,"16,84,680","8,51,26,180.52","3,941"
FMCGIETF,EQ,2026-03-27,50.49,50.49,50.49,49.56,49.64,49.68,49.92,"21,67,408","10,82,04,889.47","7,244"
FMCGIETF,EQ,2026-03-30,49.68,49.68,49.68,48.55,48.8,48.67,49.01,"34,77,122","17,04,17,588.11","25,133"
FMCGIETF,EQ,2026-04-01,48.67,49.25,49.86,48.7,48.7,49.14,49.45,"14,77,659","7,30,70,165.85","5,806"
FMCGIETF,EQ,2026-04-02,49.14,48.85,49.63,48.57,49.6,49.52,49.18,"15,99,890","7,86,78,552.40","6,068"
FMCGIETF,EQ,2026-04-06,49.52,50.75,50.75,49.06,49.95,49.9,49.52,"11,03,148","5,46,27,232.93","5,166"
FMCGIETF,EQ,2026-04-07,49.9,49.91,50.35,49.31,50.35,50.27,49.98,"9,49,095","4,74,39,073.68","3,482"
FMCGIETF,EQ,2026-04-08,50.27,50.75,52.0,50.75,51.26,51.12,51.27,"17,64,024","9,04,42,992.83","5,122"
FMCGIETF,EQ,2026-04-09,51.12,51.51,51.51,50.83,51.03,51.0,51.05,"9,76,223","4,98,33,566.54","3,729"
FMCGIETF,EQ,2026-04-10,51.0,50.78,51.8,50.78,51.76,51.66,51.5,"16,50,598","8,49,99,810.39","4,278"
FMCGIETF,EQ,2026-04-13,51.66,51.66,51.66,50.63,51.12,50.98,50.98,"10,98,994","5,60,25,691.27","5,866"
FMCGIETF,EQ,2026-04-15,50.98,51.3,51.91,51.3,51.75,51.71,51.7,"11,50,107","5,94,65,033.65","4,041"
FMCGIETF,EQ,2026-04-16,51.71,52.07,52.07,51.53,51.94,51.82,51.73,"12,76,880","6,60,47,358.81","4,087"
FMCGIETF,EQ,2026-04-17,51.82,52.37,53.6,51.8,53.45,53.21,52.93,"30,50,004","16,14,30,252.73","7,607"
FMCGIETF,EQ,2026-04-20,53.21,53.95,53.95,52.88,53.24,53.15,53.16,"19,35,723","10,29,04,253.20","4,018"
FMCGIETF,EQ,2026-04-21,53.15,53.15,54.69,53.05,54.59,54.4,53.83,"26,55,554","14,29,59,473.39","4,408"
FMCGIETF,EQ,2026-04-22,54.4,54.69,55.1,54.4,54.77,54.71,54.75,"32,64,320","17,87,19,312.03","5,594"
FMCGIETF,EQ,2026-04-23,54.71,55.39,55.39,54.23,54.5,54.58,54.6,"11,15,319","6,08,94,244.04","3,649"
FMCGIETF,EQ,2026-04-24,54.58,54.97,54.97,54.0,54.45,54.38,54.34,"20,96,833","11,39,35,927.29","4,044"
FMCGIETF,EQ,2026-04-27,54.38,53.02,54.9,53.02,54.59,54.52,54.64,"6,92,304","3,78,28,269.64","3,397"
FMCGIETF,EQ,2026-04-28,54.52,55.49,55.49,54.3,54.3,54.35,54.44,"7,16,158","3,89,88,436.33","3,583"
FMCGIETF,EQ,2026-04-29,54.35,55.49,55.59,54.34,55.26,55.28,55.26,"21,74,437","12,01,53,072.95","4,228"
FMCGIETF,EQ,2026-04-30,55.28,56.66,56.66,54.18,54.9,54.67,54.7,"10,30,107","5,63,50,501.06","4,627"
FMCGIETF,EQ,2026-05-04,54.67,55.22,55.49,54.62,54.72,54.75,55.2,"9,33,759","5,15,41,330.06","4,582"
FMCGIETF,EQ,2026-05-05,54.75,55.35,55.35,54.56,55.19,55.15,54.88,"11,26,189","6,18,00,091.38","6,351"
FMCGIETF,EQ,2026-05-06,55.15,56.52,56.52,54.83,55.2,55.11,55.04,"13,17,564","7,25,20,799.83","5,779"
FMCGIETF,EQ,2026-05-07,55.11,56.48,56.48,54.65,54.83,54.71,54.82,"12,59,931","6,90,68,812.56","4,916"
FMCGIETF,EQ,2026-05-08,54.71,55.31,55.31,54.37,54.7,54.8,54.74,"9,95,077","5,44,66,466.04","5,452"
FMCGIETF,EQ,2026-05-11,54.8,55.38,55.38,54.26,54.7,54.65,54.65,"26,81,452","14,65,30,648.23","6,489"
FMCGIETF,EQ,2026-05-12,54.65,54.65,54.92,53.81,54.0,53.85,54.33,"40,57,934","22,04,52,661.98","4,195"
FMCGIETF,EQ,2026-05-13,53.85,53.85,54.42,53.83,54.15,54.03,54.11,"10,62,592","5,75,01,471.54","2,522"
FMCGIETF,EQ,2026-05-14,54.03,54.15,54.55,53.96,54.0,54.18,54.26,"6,59,562","3,57,89,262.50","2,174"
FMCGIETF,EQ,2026-05-15,54.18,55.3,55.3,54.22,54.57,54.51,54.66,"8,90,499","4,86,72,872.84","2,718"
FMCGIETF,EQ,2026-05-18,54.51,54.51,54.85,53.77,54.84,54.56,54.36,"31,31,342","17,02,05,579.37","4,241"
FMCGIETF,EQ,2026-05-19,54.56,54.7,55.08,54.25,54.44,54.42,54.8,"7,98,682","4,37,69,019.04","3,202"
FMCGIETF,EQ,2026-05-20,54.42,54.42,54.42,53.83,54.18,54.11,54.06,"6,31,157","3,41,18,318.63","3,414"
FMCGIETF,EQ,2026-05-21,54.11,54.39,54.54,53.76,53.98,53.83,53.96,"5,27,188","2,84,49,190.99","2,945"
FMCGIETF,EQ,2026-05-22,53.83,53.84,54.06,53.52,53.65,53.68,53.75,"9,22,286","4,95,76,247.15","3,126"
FMCGIETF,EQ,2026-05-25,53.68,54.47,54.47,53.57,53.76,53.7,53.83,"4,95,118","2,66,50,556.54","3,291"
FMCGIETF,EQ,2026-05-26,53.7,53.93,53.93,53.58,53.74,53.7,53.7,"5,97,802","3,21,02,569.87","2,789"
FMCGIETF,EQ,2026-05-27,53.7,53.89,53.9,53.51,53.55,53.57,53.62,"6,06,141","3,24,98,404.95","2,463"
FMCGIETF,EQ,2026-05-29,53.57,53.72,53.72,52.52,53.0,52.65,52.82,"32,94,935","17,40,23,805.12","6,085"
FMCGIETF,EQ,2026-06-01,52.65,53.01,53.11,51.65,52.1,51.75,52.14,"13,82,694","7,20,86,845.26","8,853"
FMCGIETF,EQ,2026-06-02,51.75,53.04,53.04,51.34,52.44,52.19,51.75,"10,51,287","5,44,06,752.19","4,738"
FMCGIETF,EQ,2026-06-03,52.19,52.45,52.51,51.4,51.56,51.62,51.63,"9,85,405","5,08,78,621.73","5,695"
FMCGIETF,EQ,2026-06-04,51.62,51.62,52.06,51.33,51.75,51.72,51.86,"16,47,677","8,54,46,913.83","2,584"
FMCGIETF,EQ,2026-06-05,51.72,52.99,52.99,51.51,51.79,51.77,51.68,"8,72,272","4,50,82,247.49","3,459"
FMCGIETF,EQ,2026-06-08,51.77,51.77,52.81,50.91,51.46,51.47,51.49,"6,64,588","3,42,18,009.11","4,494"
FMCGIETF,EQ,2026-06-09,51.47,51.47,51.99,51.47,51.8,51.85,51.68,"3,60,062","1,86,07,777.16","2,182"
FMCGIETF,EQ,2026-06-10,51.85,51.86,52.88,51.85,52.5,52.46,52.65,"11,43,394","6,01,94,815.67","3,077"
FMCGIETF,EQ,2026-06-11,52.46,53.06,53.06,51.9,52.04,51.98,52.16,"5,22,416","2,72,51,807.44","2,882"
FMCGIETF,EQ,2026-06-12,51.98,52.51,52.62,52.1,52.39,52.35,52.24,"42,17,536","22,03,11,249.19","2,416"
FMCGIETF,EQ,2026-06-15,52.35,52.35,52.99,52.35,52.6,52.65,52.7,"15,15,000","7,98,35,288.32","3,420"
FMCGIETF,EQ,2026-06-16,52.65,53.06,53.3,52.44,53.17,53.12,53.02,"5,91,982","3,13,87,849.18","2,341"
FMCGIETF,EQ,2026-06-17,53.12,53.12,53.43,52.9,53.02,53.0,53.14,"8,79,068","4,67,15,766.63","2,895"
FMCGIETF,EQ,2026-06-18,53.0,54.32,54.32,52.86,53.06,53.05,53.1,"43,01,765","22,84,30,876.02","2,788"
FMCGIETF,EQ,2026-06-19,53.05,53.04,53.08,52.64,53.07,52.95,52.85,"5,26,895","2,78,43,858.49","2,846"
FMCGIETF,EQ,2026-06-22,52.95,54.27,54.27,52.65,52.77,52.77,52.84,"6,03,851","3,19,08,172.49","4,209"
FMCGIETF,EQ,2026-06-23,52.77,52.71,53.03,52.49,52.55,52.53,52.73,"6,82,215","3,59,72,069.51","2,616"
FMCGIETF,EQ,2026-06-24,52.53,52.79,52.84,52.44,52.58,52.59,52.59,"4,26,960","2,24,54,054.26","1,846"
FMCGIETF,EQ,2026-06-25,52.59,52.63,53.15,52.62,52.99,52.92,52.92,"8,02,031","4,24,39,652.68","2,639"
FMCGIETF,EQ,2026-06-29,52.92,52.99,53.27,52.54,52.63,52.6,52.87,"7,96,602","4,21,13,029.42","3,720"
FMCGIETF,EQ,2026-06-30,52.6,52.51,52.98,52.27,52.45,52.35,52.37,"28,51,525","14,93,42,881.02","6,884"
FMCGIETF,EQ,2026-07-01,52.35,52.79,53.45,52.35,53.36,53.36,53.21,"11,56,802","6,15,50,865.19","4,218"
FMCGIETF,EQ,2026-07-02,53.36,53.37,53.73,53.22,53.67,53.65,53.53,"11,92,898","6,38,58,251.38","3,558"
FMCGIETF,EQ,2026-07-03,53.65,53.65,54.59,53.6,53.7,53.72,53.81,"8,00,618","4,30,78,291.84","4,290"
FMCGIETF,EQ,2026-07-06,53.72,54.79,54.79,53.57,54.0,53.99,53.91,"15,49,110","8,35,08,735.32","3,327"
FMCGIETF,EQ,2026-07-07,53.99,54.59,54.59,53.66,54.05,53.94,53.84,"11,50,927","6,19,65,809.46","4,807"
FMCGIETF,EQ,2026-07-08,53.94,54.13,54.13,52.31,52.65,52.53,52.86,"29,41,551","15,54,90,595.22","7,032"
FMCGIETF,EQ,2026-07-09,52.53,52.73,53.24,52.71,52.89,52.89,53.01,"5,43,781","2,88,23,649.06","2,190"
FMCGIETF,EQ,2026-07-10,52.89,53.43,53.43,52.75,52.86,52.82,52.87,"18,99,488","10,04,32,669.37","4,055"
FMCGIETF,EQ,2026-07-13,52.82,54.14,54.14,52.36,53.0,52.48,52.48,"22,20,983","11,65,59,219.12","4,212"
FMCGIETF,EQ,2026-07-14,52.48,52.48,52.75,52.1,52.13,52.15,52.35,"10,77,910","5,64,23,595.54","3,674"
FMCGIETF,EQ,2026-07-15,52.15,52.16,52.32,51.77,51.99,51.91,51.98,"10,85,710","5,64,35,858.35","3,857"
FMCGIETF,EQ,2026-07-16,51.91,52.75,52.75,51.92,52.05,52.03,52.1,"8,50,217","4,42,93,723.84","3,095"
FMCGIETF,EQ,2026-07-17,52.03,52.13,52.44,51.77,52.33,52.31,52.2,"6,03,093","3,14,84,234.84","2,427"
FMCGIETF,EQ,2026-07-20,52.31,52.5,52.71,52.18,52.63,52.62,52.5,"3,88,342","2,03,89,592.86","2,843"
FMCGIETF,EQ,2026-07-21,52.62,53.0,53.0,52.25,52.51,52.44,52.53,"4,70,670","2,47,25,653.67","4,520"
FMCGIETF,EQ,2026-07-22,52.44,52.44,52.95,52.15,52.94,52.82,52.65,"9,18,960","4,83,84,346.21","2,493"
FMCGIETF,EQ,2026-07-23,52.82,53.37,53.37,52.4,52.76,52.72,52.75,"7,07,440","3,73,19,937.76","2,123"
FMCGIETF,EQ,2026-07-24,52.72,52.5,52.89,52.31,52.8,52.69,52.67,"4,19,687","2,21,04,369.25","2,378"
FMCGIETF,EQ,2026-07-27,52.69,52.98,53.4,52.69,53.23,53.18,53.16,"7,04,739","3,74,65,641.01","2,810"
FMCGIETF,EQ,2026-07-28,53.18,51.85,53.64,51.85,52.55,52.43,52.68,"23,20,475","12,22,53,821.68","5,007"
FMCGIETF,EQ,2026-07-29,52.43,52.69,53.45,52.63,53.24,53.27,53.27,"13,84,693","7,37,65,990.42","2,399"
FMCGIETF,EQ,2026-07-30,53.27,54.1,54.58,53.1,53.29,53.23,53.27,"10,90,171","5,80,75,651.02","3,172"
FMCGIETF,EQ,2026-07-31,53.23,53.0,53.59,52.65,52.69,52.72,52.82,"20,87,198","11,02,41,624.45","4,646"
FMCGIETF,EQ,2026-08-03,52.72,53.01,53.7,52.43,53.0,53.03,53.43,"17,40,791","9,30,07,375.57","3,996"
