"ï»¿""Symbol  """,Series,Date,Prev Close,Open Price,High Price,Low Price,Last Price,Close Price,Average Price,Total Traded Quantity,Turnover â¹,No. of Trades
ICICIPHARM,EQ,2021-05-25,82.85,89.96,89.96,83.51,84.58,84.56,84.52,"41,190","34,81,312.61",213
ICICIPHARM,EQ,2021-05-26,84.56,84.5,85.98,84.5,84.76,84.79,84.91,"15,598","13,24,450.81",174
ICICIPHARM,EQ,2021-05-27,84.79,85.5,87.88,84.11,84.6,84.49,84.74,"15,416","13,06,308.68",155
ICICIPHARM,EQ,2021-05-28,84.49,86.0,86.0,83.52,83.53,83.63,83.84,"29,126","24,41,787.83",230
ICICIPHARM,EQ,2021-05-31,83.63,85.0,85.8,83.31,83.8,83.76,83.9,"32,405","27,18,729.82",186
ICICIPHARM,EQ,2021-06-01,83.76,83.5,84.87,83.3,84.1,84.04,83.78,"19,069","15,97,559.81",154
ICICIPHARM,EQ,2021-06-02,84.04,85.0,85.48,82.05,84.74,84.66,83.99,"13,172","11,06,303.26",149
ICICIPHARM,EQ,2021-06-03,84.66,84.84,87.98,84.06,85.04,85.01,85.23,"31,252","26,63,685.35",194
ICICIPHARM,EQ,2021-06-04,85.01,86.0,86.0,84.2,85.0,84.99,85.19,"29,259","24,92,517.61",196
ICICIPHARM,EQ,2021-06-07,84.99,85.98,85.98,84.55,84.56,84.75,84.83,"14,478","12,28,179.23",191
ICICIPHARM,EQ,2021-06-08,84.75,82.83,85.5,82.83,85.38,85.19,84.78,"6,783","5,75,034.62",122
ICICIPHARM,EQ,2021-06-09,85.19,86.5,86.5,85.1,85.49,85.43,85.96,"29,900","25,70,117.68",230
ICICIPHARM,EQ,2021-06-10,85.43,85.43,87.49,84.93,86.7,86.68,86.83,"1,05,058","91,21,838.67",212
ICICIPHARM,EQ,2021-06-11,86.68,87.0,87.5,86.3,87.0,86.94,86.72,"17,329","15,02,739.73",190
ICICIPHARM,EQ,2021-06-14,86.94,87.0,87.5,86.09,87.15,87.29,86.77,"33,665","29,21,060.75",289
ICICIPHARM,EQ,2021-06-15,87.29,87.99,87.99,86.78,87.05,86.84,86.86,"1,22,481","1,06,39,310.20",196
ICICIPHARM,EQ,2021-06-16,86.84,86.84,87.98,86.4,86.7,86.7,86.58,"4,717","4,08,386.08",109
ICICIPHARM,EQ,2021-06-17,86.7,87.48,87.48,85.39,85.44,85.79,86.31,"70,480","60,83,381.62",184
ICICIPHARM,EQ,2021-06-18,85.79,86.59,86.78,84.53,85.6,85.59,85.17,"11,272","9,60,020.37",151
ICICIPHARM,EQ,2021-06-21,85.59,86.0,86.0,84.65,85.38,84.94,84.91,"11,395","9,67,542.98",156
ICICIPHARM,EQ,2021-06-22,84.94,86.0,86.0,84.94,85.15,85.41,85.7,"1,22,060","1,04,60,695.64",114
ICICIPHARM,EQ,2021-06-23,85.41,85.9,86.0,85.0,85.0,85.02,85.2,"6,971","5,93,903.59",91
ICICIPHARM,EQ,2021-06-24,85.02,85.0,85.2,84.7,84.95,84.85,84.9,"12,885","10,93,916.22",154
ICICIPHARM,EQ,2021-06-25,84.85,85.05,86.49,85.01,86.21,85.92,85.94,"9,007","7,74,082.78",152
ICICIPHARM,EQ,2021-06-28,85.92,85.6,86.98,85.11,86.9,86.81,86.58,"12,817","11,09,641.53",166
ICICIPHARM,EQ,2021-06-29,86.81,86.81,87.6,86.8,87.55,87.54,87.36,"11,535","10,07,706.19",200
ICICIPHARM,EQ,2021-06-30,87.54,88.25,88.25,87.55,88.0,87.86,87.93,"14,794","13,00,856.92",171
ICICIPHARM,EQ,2021-07-01,87.86,88.25,94.0,87.8,88.3,88.28,89.3,"41,934","37,44,805.46",201
ICICIPHARM,EQ,2021-07-02,88.28,88.85,89.2,88.55,88.75,88.84,88.95,"15,598","13,87,384.28",269
ICICIPHARM,EQ,2021-07-05,88.84,89.0,89.99,89.0,89.1,89.02,89.12,"16,093","14,34,132.12",203
ICICIPHARM,EQ,2021-07-06,89.02,90.25,90.88,88.6,88.75,88.73,89.1,"10,718","9,55,014.61",203
ICICIPHARM,EQ,2021-07-07,88.73,88.5,89.98,88.0,88.98,88.97,88.87,"5,936","5,27,511.21",117
ICICIPHARM,EQ,2021-07-08,88.97,88.94,89.96,87.8,87.82,87.89,88.78,"15,846","14,06,817.25",220
ICICIPHARM,EQ,2021-07-09,87.89,87.82,88.55,87.8,88.55,88.54,88.24,"16,859","14,87,630.56",123
ICICIPHARM,EQ,2021-07-12,88.54,89.88,89.88,87.33,88.1,88.13,88.43,"8,215","7,26,476.16",190
ICICIPHARM,EQ,2021-07-13,88.13,88.45,89.44,88.14,88.8,88.81,88.71,"4,874","4,32,360.61",131
ICICIPHARM,EQ,2021-07-14,88.81,88.81,88.99,88.58,88.9,88.89,88.77,"3,566","3,16,564.71",96
ICICIPHARM,EQ,2021-07-15,88.89,88.61,89.6,88.61,89.1,88.92,89.15,"5,079","4,52,790.47",127
ICICIPHARM,EQ,2021-07-16,88.92,88.92,90.0,88.92,89.5,89.47,89.43,"1,12,242","1,00,37,337.87",150
ICICIPHARM,EQ,2021-07-19,89.47,89.98,89.99,88.07,89.7,89.75,89.59,"5,055","4,52,899.05",137
ICICIPHARM,EQ,2021-07-20,89.75,89.5,89.99,89.0,89.0,89.06,89.37,"11,163","9,97,676.42",183
ICICIPHARM,EQ,2021-07-22,89.06,89.0,90.0,89.0,89.79,89.73,89.44,"6,028","5,39,158.85",160
ICICIPHARM,EQ,2021-07-23,89.73,89.73,90.05,89.35,89.89,89.85,89.7,"4,140","3,71,358.49",126
ICICIPHARM,EQ,2021-07-26,89.85,88.33,90.2,88.33,90.19,90.16,89.95,"1,05,670","95,05,317.50",150
ICICIPHARM,EQ,2021-07-27,90.16,90.3,90.7,87.2,88.0,87.96,88.42,"76,258","67,42,804.87",495
ICICIPHARM,EQ,2021-07-28,87.96,89.48,89.48,86.44,87.0,86.72,86.87,"27,416","23,81,499.63",365
ICICIPHARM,EQ,2021-07-29,86.72,86.96,88.48,86.6,86.99,86.96,86.99,"6,810","5,92,371.62",124
ICICIPHARM,EQ,2021-07-30,86.96,86.96,88.56,86.5,87.95,87.59,87.48,"45,548","39,84,402.61",243
ICICIPHARM,EQ,2021-08-02,87.59,87.63,89.65,87.63,89.35,89.61,89.41,"18,507","16,54,632.70",340
ICICIPHARM,EQ,2021-08-03,89.61,90.5,90.5,89.1,90.1,90.16,89.93,"27,740","24,94,732.31",168
ICICIPHARM,EQ,2021-08-04,90.16,90.9,91.0,89.05,89.99,89.76,90.62,"22,592","20,47,227.01",197
ICICIPHARM,EQ,2021-08-05,89.76,89.0,91.0,89.0,90.25,90.18,90.15,"8,599","7,75,180.23",167
ICICIPHARM,EQ,2021-08-06,90.18,90.25,90.95,89.8,89.8,90.23,90.18,"9,648","8,70,053.02",167
ICICIPHARM,EQ,2021-08-09,90.23,91.0,91.48,89.65,89.7,89.74,90.05,"3,260","2,93,564.87",167
ICICIPHARM,EQ,2021-08-10,89.74,89.74,91.0,89.74,90.2,90.13,90.82,"22,442","20,38,207.77",140
ICICIPHARM,EQ,2021-08-11,90.13,94.55,94.55,88.31,89.5,89.26,88.94,"4,475","3,97,992.66",171
ICICIPHARM,EQ,2021-08-12,89.26,89.5,90.0,88.07,89.15,89.11,89.11,"5,020","4,47,343.49",165
ICICIPHARM,EQ,2021-08-13,89.11,92.93,92.93,87.67,88.6,88.29,88.64,"26,867","23,81,382.09",213
ICICIPHARM,EQ,2021-08-16,88.29,89.68,89.68,87.46,88.9,88.59,88.54,"26,543","23,49,985.18",160
ICICIPHARM,EQ,2021-08-17,88.59,88.0,89.9,88.0,89.53,89.46,89.35,"12,414","11,09,167.43",140
ICICIPHARM,EQ,2021-08-18,89.46,90.5,90.5,89.0,90.25,89.89,89.97,"21,397","19,25,073.11",170
ICICIPHARM,EQ,2021-08-20,89.89,89.89,90.0,88.0,88.55,88.22,88.51,"9,930","8,78,908.80",224
ICICIPHARM,EQ,2021-08-23,88.22,87.0,89.69,85.58,87.82,87.97,88.25,"12,956","11,43,428.22",256
ICICIPHARM,EQ,2021-08-24,87.97,87.97,89.0,87.03,88.8,88.86,88.19,"2,550","2,24,887.18",131
ICICIPHARM,EQ,2021-08-25,88.86,89.0,89.0,88.31,88.4,88.61,88.78,"2,022","1,79,518.72",83
ICICIPHARM,EQ,2021-08-26,88.61,88.0,89.3,87.3,88.02,88.29,88.4,"6,343","5,60,706.32",111
ICICIPHARM,EQ,2021-08-27,88.29,88.29,88.99,87.3,88.51,88.19,88.53,"24,681","21,85,105.51",147
ICICIPHARM,EQ,2021-08-30,88.19,89.0,91.0,87.5,90.0,89.94,89.68,"1,00,684","90,29,720.30",556
ICICIPHARM,EQ,2021-08-31,89.94,90.0,91.8,90.0,91.6,91.34,91.31,"34,167","31,19,820.52",365
ICICIPHARM,EQ,2021-09-01,91.34,91.4,92.29,91.3,91.89,91.88,91.6,"8,645","7,91,875.97",203
ICICIPHARM,EQ,2021-09-02,91.88,91.89,92.7,91.88,92.1,92.24,92.07,"66,073","60,83,459.27",231
ICICIPHARM,EQ,2021-09-03,92.24,92.24,92.8,92.24,92.55,92.61,92.55,"7,340","6,79,344.43",172
ICICIPHARM,EQ,2021-09-06,92.61,95.0,95.0,92.0,92.2,92.3,92.19,"7,686","7,08,563.70",222
ICICIPHARM,EQ,2021-09-07,92.3,92.85,92.85,91.65,91.8,91.8,91.89,"3,462","3,18,134.31",110
ICICIPHARM,EQ,2021-09-08,91.8,91.8,92.19,90.32,91.3,91.2,91.22,"7,953","7,25,452.38",124
ICICIPHARM,EQ,2021-09-09,91.2,91.4,91.4,90.65,91.0,91.25,91.11,"4,431","4,03,726.01",186
ICICIPHARM,EQ,2021-09-13,91.25,92.68,92.68,90.05,91.15,91.1,90.95,"7,519","6,83,856.12",269
ICICIPHARM,EQ,2021-09-14,91.1,91.1,92.0,91.1,91.79,91.79,91.61,"6,435","5,89,540.83",125
ICICIPHARM,EQ,2021-09-15,91.79,92.8,92.8,91.0,92.39,92.28,92.44,"10,32,106","9,54,10,493.55",183
ICICIPHARM,EQ,2021-09-16,92.28,92.0,92.85,91.8,91.81,91.85,92.18,"11,151","10,27,869.61",162
ICICIPHARM,EQ,2021-09-17,91.85,91.82,92.46,90.81,91.5,91.5,91.69,"8,510","7,80,269.06",223
ICICIPHARM,EQ,2021-09-20,91.5,91.5,91.5,90.0,90.0,90.05,90.65,"11,027","9,99,648.87",238
ICICIPHARM,EQ,2021-09-21,90.05,90.05,90.6,89.55,90.5,90.52,90.08,"5,765","5,19,304.97",124
ICICIPHARM,EQ,2021-09-22,90.52,90.8,91.0,90.5,90.99,90.81,90.71,"3,653","3,31,345.82",81
ICICIPHARM,EQ,2021-09-23,90.81,90.8,91.4,90.7,91.25,91.11,91.15,"6,242","5,68,964.54",127
ICICIPHARM,EQ,2021-09-24,91.11,91.15,91.97,89.72,90.28,90.08,90.72,"12,356","11,20,980.75",200
ICICIPHARM,EQ,2021-09-27,90.08,91.94,91.94,88.8,89.1,88.87,89.03,"9,566","8,51,707.59",233
ICICIPHARM,EQ,2021-09-28,88.87,89.0,90.0,87.95,88.74,88.16,88.26,"9,216","8,13,419.38",244
ICICIPHARM,EQ,2021-09-29,88.16,89.68,90.0,88.7,89.75,89.56,89.46,"8,763","7,83,902.14",229
ICICIPHARM,EQ,2021-09-30,89.56,90.0,90.46,89.15,90.2,90.1,89.99,"31,330","28,19,265.33",187
ICICIPHARM,EQ,2021-10-01,90.1,91.94,91.94,89.71,90.6,90.32,90.0,"11,401","10,26,111.96",140
ICICIPHARM,EQ,2021-10-04,90.32,90.32,92.13,90.32,91.9,91.83,91.71,"28,875","26,48,081.43",313
ICICIPHARM,EQ,2021-10-05,91.83,92.5,92.6,90.4,90.8,90.79,90.98,"1,04,219","94,81,440.98",228
ICICIPHARM,EQ,2021-10-06,90.79,92.38,92.38,89.11,89.6,89.36,90.56,"17,100","15,48,514.77",243
ICICIPHARM,EQ,2021-10-07,89.36,90.95,90.95,89.66,90.1,90.07,90.08,"2,328","2,09,710.82",97
ICICIPHARM,EQ,2021-10-08,90.07,90.0,90.7,89.5,89.55,89.51,89.91,"45,525","40,93,325.24",140
ICICIPHARM,EQ,2021-10-11,89.51,90.98,90.98,89.3,90.55,90.24,90.02,"19,769","17,79,545.14",179
ICICIPHARM,EQ,2021-10-12,90.24,90.2,91.1,89.24,90.69,90.25,90.49,"68,424","61,91,843.71",130
ICICIPHARM,EQ,2021-10-13,90.25,90.2,91.04,89.27,90.9,90.9,90.52,"31,685","28,67,993.23",129
ICICIPHARM,EQ,2021-10-14,90.9,91.5,91.5,90.8,91.0,90.98,91.06,"26,125","23,78,827.29",169
ICICIPHARM,EQ,2021-10-18,90.98,90.98,91.2,89.95,90.35,90.43,90.53,"9,346","8,46,063.72",210
ICICIPHARM,EQ,2021-10-19,90.43,90.0,91.15,89.5,89.9,89.79,90.01,"79,835","71,86,035.02",167
ICICIPHARM,EQ,2021-10-20,89.79,90.38,90.38,87.6,87.87,87.84,88.57,"33,425","29,60,562.31",372
ICICIPHARM,EQ,2021-10-21,87.84,87.87,88.64,87.06,87.34,87.34,87.32,"67,778","59,18,358.00",222
ICICIPHARM,EQ,2021-10-22,87.34,88.9,88.9,85.67,86.24,86.19,86.35,"29,849","25,77,491.16",419
ICICIPHARM,EQ,2021-10-25,86.19,86.19,86.9,84.71,86.49,86.3,85.53,"47,650","40,75,415.05",373
ICICIPHARM,EQ,2021-10-26,86.3,86.99,86.99,86.3,86.52,86.61,86.53,"7,878","6,81,701.91",141
ICICIPHARM,EQ,2021-10-27,86.61,86.11,88.34,86.11,87.8,87.85,87.92,"62,953","55,34,966.79",457
ICICIPHARM,EQ,2021-10-28,87.85,87.85,89.0,86.0,86.35,86.22,86.81,"87,711","76,13,933.82",362
ICICIPHARM,EQ,2021-10-29,86.22,88.6,88.6,85.0,86.65,86.86,86.66,"14,870","12,88,700.47",268
ICICIPHARM,EQ,2021-11-01,86.86,86.75,87.8,86.31,87.5,87.55,87.11,"18,434","16,05,817.78",279
ICICIPHARM,EQ,2021-11-02,87.55,88.88,88.88,86.45,86.79,87.09,87.0,"16,856","14,66,422.82",222
ICICIPHARM,EQ,2021-11-03,87.09,86.95,87.5,86.25,86.75,86.73,86.72,"13,934","12,08,313.21",166
ICICIPHARM,EQ,2021-11-04,86.73,86.73,88.98,86.73,87.2,87.12,87.78,"7,897","6,93,226.79",156
ICICIPHARM,EQ,2021-11-08,87.12,87.98,87.98,85.5,86.17,86.16,85.77,"1,44,432","1,23,87,501.37",341
ICICIPHARM,EQ,2021-11-09,86.16,87.48,87.48,86.2,86.75,86.74,87.08,"8,488","7,39,150.24",129
ICICIPHARM,EQ,2021-11-10,86.74,87.2,87.25,86.65,87.0,87.09,87.02,"5,140","4,47,308.31",110
ICICIPHARM,EQ,2021-11-11,87.09,85.56,88.8,85.56,86.1,86.1,86.3,"9,069","7,82,656.71",184
ICICIPHARM,EQ,2021-11-12,86.1,86.1,86.77,86.0,86.6,86.59,86.37,"18,409","15,90,069.09",127
ICICIPHARM,EQ,2021-11-15,86.59,87.98,88.3,85.53,88.2,88.2,87.79,"74,477","65,38,066.61",250
ICICIPHARM,EQ,2021-11-16,88.2,88.2,88.68,87.55,87.6,87.6,87.93,"34,183","30,05,658.04",162
ICICIPHARM,EQ,2021-11-17,87.6,86.0,88.4,86.0,87.85,87.7,88.15,"34,683","30,57,418.85",139
ICICIPHARM,EQ,2021-11-18,87.7,88.65,88.65,86.11,86.69,86.66,86.73,"40,268","34,92,496.20",191
ICICIPHARM,EQ,2021-11-22,86.66,86.66,87.78,84.61,84.7,84.65,86.02,"40,810","35,10,471.85",474
ICICIPHARM,EQ,2021-11-23,84.65,84.65,86.65,84.0,86.16,86.43,85.92,"45,361","38,97,297.36",260
ICICIPHARM,EQ,2021-11-24,86.43,85.03,86.98,85.03,85.81,85.94,86.11,"5,319","4,58,026.74",129
ICICIPHARM,EQ,2021-11-25,85.94,86.0,87.71,85.85,87.06,87.03,86.7,"64,172","55,63,770.10",231
ICICIPHARM,EQ,2021-11-26,87.03,87.0,89.45,87.0,89.38,89.21,88.52,"1,69,840","1,50,34,736.76",402
ICICIPHARM,EQ,2021-11-29,89.21,90.48,90.48,87.33,88.2,88.15,88.47,"1,91,055","1,69,03,483.56",280
ICICIPHARM,EQ,2021-11-30,88.15,89.6,89.6,86.73,88.0,88.09,88.18,"62,242","54,88,581.35",130
ICICIPHARM,EQ,2021-12-01,88.09,88.0,88.67,86.4,86.75,86.66,87.81,"99,479","87,35,382.32",248
ICICIPHARM,EQ,2021-12-02,86.66,87.98,87.98,86.9,87.21,87.18,87.3,"6,219","5,42,928.79",123
ICICIPHARM,EQ,2021-12-03,87.18,87.0,88.45,86.11,86.35,86.28,86.33,"10,790","9,31,492.64",164
ICICIPHARM,EQ,2021-12-06,86.28,86.5,87.85,84.95,84.99,84.98,85.29,"34,080","29,06,749.44",312
ICICIPHARM,EQ,2021-12-07,84.98,85.0,85.0,84.24,84.69,84.57,84.5,"20,390","17,23,031.21",276
ICICIPHARM,EQ,2021-12-08,84.57,85.0,85.87,84.8,85.5,85.52,85.09,"18,869","16,05,655.21",156
ICICIPHARM,EQ,2021-12-09,85.52,86.68,86.68,85.31,85.54,85.75,85.57,"7,804","6,67,767.86",128
ICICIPHARM,EQ,2021-12-10,85.75,85.99,86.25,85.53,85.95,85.93,85.96,"4,578","3,93,521.75",104
ICICIPHARM,EQ,2021-12-13,85.93,85.93,87.8,85.55,85.75,85.72,85.85,"77,813","66,79,977.66",200
ICICIPHARM,EQ,2021-12-14,85.72,85.55,86.45,85.55,86.22,86.07,86.07,"23,336","20,08,421.50",475
ICICIPHARM,EQ,2021-12-15,86.07,86.2,86.35,85.5,85.76,85.9,86.0,"12,979","11,16,227.78",387
ICICIPHARM,EQ,2021-12-16,85.9,85.03,86.4,85.03,85.57,85.42,85.79,"70,712","60,66,336.11",218
ICICIPHARM,EQ,2021-12-17,85.42,86.78,86.78,84.01,84.05,84.04,84.21,"15,117","12,73,033.02",277
ICICIPHARM,EQ,2021-12-20,84.04,86.9,86.9,82.25,83.4,83.28,82.79,"1,16,497","96,44,252.57",387
ICICIPHARM,EQ,2021-12-21,83.28,82.0,84.42,82.0,84.28,84.06,83.8,"12,265","10,27,834.74",101
ICICIPHARM,EQ,2021-12-22,84.06,85.48,85.75,83.08,85.65,85.74,85.18,"45,973","39,16,080.79",176
ICICIPHARM,EQ,2021-12-23,85.74,85.74,86.19,85.58,85.97,85.92,85.91,"3,463","2,97,503.85",118
ICICIPHARM,EQ,2021-12-24,85.92,85.75,85.89,84.92,85.25,85.25,85.43,"62,876","53,71,702.97",188
ICICIPHARM,EQ,2021-12-27,85.25,85.25,86.78,85.2,86.4,86.34,85.98,"7,521","6,46,662.61",169
ICICIPHARM,EQ,2021-12-28,86.34,86.4,86.9,86.4,86.9,86.74,86.6,"53,347","46,19,685.29",123
ICICIPHARM,EQ,2021-12-29,86.74,87.5,88.55,86.73,88.4,88.42,87.62,"1,07,281","94,00,087.59",239
ICICIPHARM,EQ,2021-12-30,88.42,88.9,89.45,88.51,89.0,89.0,89.06,"1,35,946","1,21,07,416.44",260
ICICIPHARM,EQ,2021-12-31,89.0,88.69,90.0,88.25,89.55,89.55,89.35,"1,89,752","1,69,53,419.01",244
ICICIPHARM,EQ,2022-01-03,89.55,89.55,90.4,89.3,89.3,89.31,89.47,"9,031","8,07,979.98",226
ICICIPHARM,EQ,2022-01-04,89.31,89.3,90.2,88.36,88.36,88.62,88.54,"1,48,370","1,31,36,249.51",472
ICICIPHARM,EQ,2022-01-05,88.62,89.25,89.55,88.36,88.59,88.58,89.01,"1,99,775","1,77,82,523.13",601
ICICIPHARM,EQ,2022-01-06,88.58,89.55,89.55,87.75,87.75,87.84,88.02,"5,283","4,64,988.03",128
ICICIPHARM,EQ,2022-01-07,87.84,88.69,88.69,87.0,87.75,87.73,87.56,"1,29,194","1,13,12,498.82",271
ICICIPHARM,EQ,2022-01-10,87.73,87.75,87.75,87.02,87.5,87.44,87.42,"9,151","8,00,009.77",155
ICICIPHARM,EQ,2022-01-11,87.44,88.0,88.25,87.44,87.7,87.95,88.03,"53,244","46,86,871.21",154
ICICIPHARM,EQ,2022-01-12,87.95,88.88,88.88,87.46,87.59,87.73,87.63,"8,831","7,73,822.67",127
ICICIPHARM,EQ,2022-01-13,87.73,87.99,88.77,87.6,88.7,88.53,88.58,"61,018","54,04,846.99",156
ICICIPHARM,EQ,2022-01-14,88.53,89.5,105.0,87.65,88.25,88.1,89.0,"10,434","9,28,634.63",194
ICICIPHARM,EQ,2022-01-17,88.1,90.38,90.44,87.06,87.52,87.63,87.67,"45,369","39,77,528.81",275
ICICIPHARM,EQ,2022-01-18,87.63,87.63,87.63,86.12,86.31,86.22,86.45,"1,99,290","1,72,28,333.91",292
ICICIPHARM,EQ,2022-01-19,86.22,86.31,86.31,84.9,85.79,85.75,85.59,"7,23,379","6,19,15,882.36",297
ICICIPHARM,EQ,2022-01-20,85.75,86.78,87.35,84.41,84.64,84.56,85.17,"58,102","49,48,417.40",331
ICICIPHARM,EQ,2022-01-21,84.56,84.56,84.64,82.8,83.42,83.4,83.43,"5,48,761","4,57,81,917.90",503
ICICIPHARM,EQ,2022-01-24,83.4,87.15,87.15,81.5,81.7,81.77,81.76,"5,63,050","4,60,34,026.90",530
ICICIPHARM,EQ,2022-01-25,81.77,81.85,82.8,81.0,81.99,81.61,81.59,"1,36,502","1,11,37,534.27",418
ICICIPHARM,EQ,2022-01-27,81.61,81.9,81.9,79.51,80.3,80.29,80.24,"19,982","16,03,382.85",471
ICICIPHARM,EQ,2022-01-28,80.29,81.47,82.67,80.5,81.55,81.54,81.69,"94,641","77,31,055.86",176
ICICIPHARM,EQ,2022-01-31,81.54,82.78,83.0,81.8,82.52,82.6,82.55,"1,15,397","95,26,461.06",181
ICICIPHARM,EQ,2022-02-01,82.6,83.98,84.45,82.39,84.45,84.07,83.51,"23,315","19,47,018.27",214
ICICIPHARM,EQ,2022-02-02,84.07,83.8,85.89,83.8,85.7,85.54,85.39,"71,891","61,38,535.69",213
ICICIPHARM,EQ,2022-02-03,85.54,86.0,86.8,84.35,85.36,85.39,85.3,"6,155","5,25,039.51",162
ICICIPHARM,EQ,2022-02-04,85.39,85.89,85.89,85.05,85.37,85.29,85.48,"5,172","4,42,115.52",120
ICICIPHARM,EQ,2022-02-07,85.29,86.48,86.48,83.59,83.8,83.89,84.1,"5,029","4,22,950.06",224
ICICIPHARM,EQ,2022-02-08,83.89,83.89,84.98,71.99,84.0,83.82,83.97,"1,57,068","1,31,89,174.30",146
ICICIPHARM,EQ,2022-02-09,83.82,84.25,85.15,84.0,84.95,84.85,84.7,"9,212","7,80,300.45",168
ICICIPHARM,EQ,2022-02-10,84.85,84.5,85.25,84.5,85.25,85.24,84.87,"52,815","44,82,329.30",134
ICICIPHARM,EQ,2022-02-11,85.24,84.03,85.6,83.96,84.35,84.3,84.43,"51,546","43,52,204.49",112
ICICIPHARM,EQ,2022-02-14,84.3,86.0,86.0,82.55,82.74,82.78,83.7,"64,430","53,92,480.55",239
ICICIPHARM,EQ,2022-02-15,82.78,82.55,83.57,82.04,83.43,83.49,82.85,"4,293","3,55,696.35",115
ICICIPHARM,EQ,2022-02-16,83.49,85.0,85.0,83.5,83.85,84.0,84.04,"1,36,386","1,14,62,415.46",104
ICICIPHARM,EQ,2022-02-17,84.0,84.98,84.98,83.45,83.46,83.47,83.69,"7,549","6,31,798.76",126
ICICIPHARM,EQ,2022-02-18,83.47,83.0,83.2,82.51,82.88,82.79,82.72,"5,267","4,35,664.95",137
ICICIPHARM,EQ,2022-02-21,82.79,84.18,84.18,81.5,81.61,81.63,81.82,"2,527","2,06,750.41",145
ICICIPHARM,EQ,2022-02-22,81.63,81.63,81.8,80.1,81.53,81.44,80.78,"8,377","6,76,658.15",195
ICICIPHARM,EQ,2022-02-23,81.44,82.5,82.5,81.2,81.49,81.49,81.62,"3,112","2,54,001.47",87
ICICIPHARM,EQ,2022-02-24,81.49,81.49,81.49,78.25,78.99,78.47,79.31,"20,211","16,02,998.92",310
ICICIPHARM,EQ,2022-02-25,78.47,80.4,81.13,78.15,80.88,80.99,80.46,"6,121","4,92,485.19",129
ICICIPHARM,EQ,2022-02-28,80.99,81.0,81.95,80.0,81.16,80.98,80.75,"4,190","3,38,334.71",133
ICICIPHARM,EQ,2022-03-02,80.98,82.48,82.48,79.8,80.26,80.25,80.44,"14,774","11,88,426.63",167
ICICIPHARM,EQ,2022-03-03,80.25,81.48,81.48,79.9,80.04,79.93,80.21,"5,958","4,77,916.10",117
ICICIPHARM,EQ,2022-03-04,79.93,79.8,80.01,78.7,79.45,79.47,79.36,"67,860","53,85,089.59",184
ICICIPHARM,EQ,2022-03-07,79.47,79.88,79.9,77.3,79.0,78.47,78.09,"60,654","47,36,587.84",322
ICICIPHARM,EQ,2022-03-08,78.47,80.45,87.6,78.8,80.7,80.59,79.99,"13,242","10,59,170.52",176
ICICIPHARM,EQ,2022-03-09,80.59,81.98,82.26,80.59,82.15,81.95,81.9,"13,535","11,08,457.68",162
ICICIPHARM,EQ,2022-03-10,81.95,82.5,82.99,81.87,82.1,82.34,82.26,"6,262","5,15,114.99",81
ICICIPHARM,EQ,2022-03-11,82.34,82.2,84.33,80.85,84.33,84.14,83.74,"27,972","23,42,248.03",179
ICICIPHARM,EQ,2022-03-14,84.14,84.14,84.49,83.5,84.14,84.0,84.22,"37,592","31,66,105.32",140
ICICIPHARM,EQ,2022-03-15,84.0,84.2,85.09,83.3,83.9,83.88,84.08,"81,459","68,48,666.28",189
ICICIPHARM,EQ,2022-03-16,83.88,83.03,84.55,83.03,84.2,84.17,83.7,"67,704","56,67,065.78",122
ICICIPHARM,EQ,2022-03-17,84.17,84.5,85.49,84.5,85.2,85.03,84.97,"7,260","6,16,861.47",123
ICICIPHARM,EQ,2022-03-21,85.03,86.5,86.5,85.0,85.2,85.18,85.49,"35,346","30,21,759.99",225
ICICIPHARM,EQ,2022-03-22,85.18,86.25,86.25,84.11,84.74,84.72,84.31,"1,41,075","1,18,94,608.54",131
ICICIPHARM,EQ,2022-03-23,84.72,84.79,85.96,84.79,85.29,85.2,85.34,"88,078","75,16,217.56",115
ICICIPHARM,EQ,2022-03-24,85.2,85.0,86.1,84.09,85.92,85.77,85.49,"1,72,821","1,47,74,195.40",185
ICICIPHARM,EQ,2022-03-25,85.77,85.77,86.43,84.81,85.5,85.49,84.95,"5,55,355","4,71,77,190.58",173
ICICIPHARM,EQ,2022-03-28,85.49,86.5,86.5,84.71,85.35,85.08,85.51,"49,253","42,11,822.68",207
ICICIPHARM,EQ,2022-03-29,85.08,84.23,86.44,84.13,86.05,86.12,85.93,"73,242","62,93,400.04",204
ICICIPHARM,EQ,2022-03-30,86.12,86.5,87.5,85.75,85.85,85.97,86.23,"7,642","6,58,946.36",152
ICICIPHARM,EQ,2022-03-31,85.97,89.0,89.0,85.0,85.1,85.01,85.76,"78,317","67,16,556.98",167
ICICIPHARM,EQ,2022-04-01,85.01,85.1,85.91,84.55,84.72,84.77,84.88,"61,138","51,89,106.58",160
ICICIPHARM,EQ,2022-04-04,84.77,87.0,87.0,84.8,86.0,86.01,85.7,"4,649","3,98,429.50",169
ICICIPHARM,EQ,2022-04-05,86.01,86.17,87.1,86.0,86.37,86.4,86.71,"52,463","45,49,098.43",182
ICICIPHARM,EQ,2022-04-06,86.4,86.4,87.12,85.96,86.24,86.23,86.35,"15,962","13,78,246.77",147
ICICIPHARM,EQ,2022-04-07,86.23,87.3,87.3,86.1,86.1,86.22,86.51,"3,51,912","3,04,42,231.01",167
ICICIPHARM,EQ,2022-04-08,86.22,86.67,87.0,85.4,87.0,86.86,86.39,"1,04,981","90,69,148.58",201
ICICIPHARM,EQ,2022-04-11,86.86,87.66,87.66,86.0,86.84,86.92,87.17,"84,249","73,43,599.59",158
ICICIPHARM,EQ,2022-04-12,86.92,87.5,87.5,86.0,86.49,86.18,86.27,"7,331","6,32,476.66",86
ICICIPHARM,EQ,2022-04-13,86.18,87.66,87.66,86.46,86.75,86.81,86.65,"62,270","53,95,677.12",68
ICICIPHARM,EQ,2022-04-18,86.81,87.0,87.0,85.2,86.3,86.0,86.0,"11,058","9,51,038.14",203
ICICIPHARM,EQ,2022-04-19,86.0,86.4,87.0,85.14,85.24,85.97,86.03,"29,090","25,02,561.69",125
ICICIPHARM,EQ,2022-04-20,85.97,86.98,86.98,85.33,86.45,85.97,85.81,"40,677","34,90,560.87",99
ICICIPHARM,EQ,2022-04-21,85.97,88.7,88.7,85.86,87.05,87.05,86.86,"5,561","4,83,049.15",97
ICICIPHARM,EQ,2022-04-22,87.05,87.66,87.66,85.39,85.99,85.88,86.35,"22,019","19,01,331.00",159
ICICIPHARM,EQ,2022-04-25,85.88,85.0,85.7,83.92,84.22,84.12,84.59,"17,861","15,10,840.00",185
ICICIPHARM,EQ,2022-04-26,84.12,87.66,87.66,84.41,84.99,84.62,85.11,"24,159","20,56,066.99",96
ICICIPHARM,EQ,2022-04-27,84.62,85.0,85.93,83.48,84.2,84.17,84.19,"28,413","23,91,961.01",117
ICICIPHARM,EQ,2022-04-28,84.17,85.0,85.19,84.0,84.51,84.96,84.61,"2,655","2,24,641.42",99
ICICIPHARM,EQ,2022-04-29,84.96,85.06,85.71,84.1,84.75,84.84,85.39,"35,741","30,52,072.56",119
ICICIPHARM,EQ,2022-05-02,84.84,85.0,85.0,83.6,83.99,83.92,83.93,"1,850","1,55,278.87",165
ICICIPHARM,EQ,2022-05-04,83.92,85.0,85.88,81.5,81.8,81.75,82.71,"58,551","48,42,663.55",309
ICICIPHARM,EQ,2022-05-05,81.75,82.0,82.97,80.81,80.89,81.04,81.68,"38,942","31,80,762.75",197
ICICIPHARM,EQ,2022-05-06,81.04,81.45,81.45,78.63,79.99,79.82,79.84,"2,67,623","2,13,66,315.43",299
ICICIPHARM,EQ,2022-05-09,79.82,80.0,80.0,78.78,79.3,79.22,79.22,"21,041","16,66,843.72",150
ICICIPHARM,EQ,2022-05-10,79.22,79.41,79.54,77.95,78.1,78.05,78.55,"13,421","10,54,266.63",172
ICICIPHARM,EQ,2022-05-11,78.05,84.82,84.82,77.11,78.08,78.04,77.78,"13,453","10,46,440.07",129
ICICIPHARM,EQ,2022-05-12,78.04,79.48,79.48,76.16,77.55,77.1,76.99,"10,070","7,75,336.79",154
ICICIPHARM,EQ,2022-05-13,77.1,78.9,78.99,77.5,78.1,78.04,78.44,"7,064","5,54,095.70",85
ICICIPHARM,EQ,2022-05-16,78.04,80.0,80.93,76.63,77.98,77.67,77.82,"4,498","3,50,043.62",136
ICICIPHARM,EQ,2022-05-17,77.67,79.7,79.7,76.7,79.0,78.85,77.82,"3,013","2,34,480.95",108
ICICIPHARM,EQ,2022-05-18,78.85,80.0,80.0,79.0,79.49,79.45,79.4,"4,928","3,91,273.30",81
ICICIPHARM,EQ,2022-05-19,79.45,79.2,79.2,77.25,77.74,77.71,77.89,"3,043","2,37,018.72",133
ICICIPHARM,EQ,2022-05-20,77.71,79.0,80.99,78.0,80.99,80.75,79.16,"7,970","6,30,943.22",105
ICICIPHARM,EQ,2022-05-23,80.75,81.98,81.98,78.93,79.45,79.63,79.95,"9,453","7,55,788.08",142
ICICIPHARM,EQ,2022-05-24,79.63,79.63,79.63,78.2,78.4,78.37,78.83,"14,753","11,62,923.41",114
ICICIPHARM,EQ,2022-05-25,78.37,84.84,84.84,77.01,77.18,77.18,77.63,"6,898","5,35,490.73",150
ICICIPHARM,EQ,2022-05-26,77.18,84.86,84.86,76.25,77.44,77.28,76.91,"20,911","16,08,230.80",145
ICICIPHARM,EQ,2022-05-27,77.28,78.85,78.85,77.5,78.01,78.2,78.03,"2,808","2,19,099.49",85
ICICIPHARM,EQ,2022-05-30,78.2,79.0,79.88,78.42,78.78,78.57,79.01,"1,493","1,17,954.91",93
ICICIPHARM,EQ,2022-05-31,78.57,79.1,79.1,77.99,78.48,78.2,78.22,"36,591","28,62,179.88",108
ICICIPHARM,EQ,2022-06-01,78.2,78.74,79.0,76.92,77.49,77.47,77.92,"1,29,989","1,01,29,218.08",175
ICICIPHARM,EQ,2022-06-02,77.47,84.4,84.4,76.61,77.3,77.24,77.01,"16,282","12,53,937.52",148
ICICIPHARM,EQ,2022-06-03,77.24,77.24,77.63,76.47,76.65,76.77,76.96,"10,350","7,96,523.03",192
ICICIPHARM,EQ,2022-06-06,76.77,77.24,77.24,76.22,76.81,76.84,76.67,"2,702","2,07,159.22",128
ICICIPHARM,EQ,2022-06-07,76.84,76.8,76.8,75.45,75.98,75.99,75.8,"11,084","8,40,200.23",188
ICICIPHARM,EQ,2022-06-08,75.99,76.45,76.45,75.3,76.24,76.22,75.8,"6,142","4,65,562.56",146
ICICIPHARM,EQ,2022-06-09,76.22,83.58,83.58,75.11,77.26,76.71,76.19,"14,374","10,95,165.45",96
ICICIPHARM,EQ,2022-06-10,76.71,76.5,76.75,76.03,76.68,76.6,76.6,"3,950","3,02,585.28",93
ICICIPHARM,EQ,2022-06-13,76.6,83.62,83.62,74.03,75.7,75.67,75.94,"9,908","7,52,435.12",164
ICICIPHARM,EQ,2022-06-14,75.67,77.2,77.2,75.2,75.98,75.87,75.7,"9,338","7,06,884.22",118
ICICIPHARM,EQ,2022-06-15,75.87,75.5,76.39,75.5,76.05,76.2,76.1,"2,202","1,67,564.44",90
ICICIPHARM,EQ,2022-06-16,76.2,77.0,77.0,74.54,74.94,74.98,75.12,"10,191","7,65,552.46",248
ICICIPHARM,EQ,2022-06-17,74.98,75.02,75.38,72.8,73.5,73.69,73.89,"1,53,320","1,13,28,994.42",251
ICICIPHARM,EQ,2022-06-20,73.69,78.45,78.45,72.8,73.63,73.72,73.69,"4,933","3,63,526.07",137
ICICIPHARM,EQ,2022-06-21,73.72,74.0,75.6,74.0,75.41,75.05,75.18,"2,304","1,73,210.83",78
ICICIPHARM,EQ,2022-06-22,75.05,75.05,76.82,74.0,74.49,74.48,74.6,"7,960","5,93,785.99",94
ICICIPHARM,EQ,2022-06-23,74.48,76.0,76.38,74.22,75.82,75.73,75.16,"3,156","2,37,191.55",69
ICICIPHARM,EQ,2022-06-24,75.73,76.99,76.99,75.56,76.0,75.99,75.85,"4,280","3,24,646.34",83
ICICIPHARM,EQ,2022-06-27,75.99,74.09,76.9,74.09,76.0,76.08,76.53,"2,402","1,83,813.15",89
ICICIPHARM,EQ,2022-06-28,76.08,76.9,77.78,75.18,75.86,76.09,75.78,"2,216","1,67,923.25",84
ICICIPHARM,EQ,2022-06-29,76.09,74.19,76.79,74.19,75.89,75.73,75.85,"6,503","4,93,260.04",61
ICICIPHARM,EQ,2022-06-30,75.73,76.0,76.2,75.2,75.2,75.26,75.36,"1,586","1,19,520.16",73
ICICIPHARM,EQ,2022-07-01,75.26,75.1,76.45,75.0,76.45,76.19,76.14,"11,152","8,49,107.81",96
ICICIPHARM,EQ,2022-07-04,76.19,78.8,78.8,75.6,76.24,76.24,76.11,"5,433","4,13,522.33",95
ICICIPHARM,EQ,2022-07-05,76.24,77.4,77.6,76.1,76.5,76.17,76.54,"9,524","7,28,983.98",101
ICICIPHARM,EQ,2022-07-06,76.17,77.5,77.5,76.3,76.78,76.91,76.81,"2,535","1,94,709.88",98
ICICIPHARM,EQ,2022-07-07,76.91,78.49,78.49,75.53,77.12,77.13,77.14,"9,153","7,06,027.54",112
ICICIPHARM,EQ,2022-07-08,77.13,78.9,78.9,77.3,77.9,77.9,77.64,"34,422","26,72,556.63",72
ICICIPHARM,EQ,2022-07-11,77.9,79.7,79.7,77.0,78.54,78.55,78.14,"7,811","6,10,315.16",131
ICICIPHARM,EQ,2022-07-12,78.55,79.8,79.8,77.65,77.85,77.67,78.19,"4,754","3,71,693.65",114
ICICIPHARM,EQ,2022-07-13,77.67,79.8,79.8,77.71,79.04,78.86,78.35,"13,231","10,36,620.13",89
ICICIPHARM,EQ,2022-07-14,78.86,79.0,80.25,78.81,79.57,79.12,79.51,"12,370","9,83,577.62",137
ICICIPHARM,EQ,2022-07-15,79.12,79.12,79.92,79.0,79.5,79.48,79.24,"4,63,093","3,66,94,447.72",132
ICICIPHARM,EQ,2022-07-18,79.48,81.0,81.0,78.53,79.6,79.59,79.35,"4,11,772","3,26,73,884.01",227
ICICIPHARM,EQ,2022-07-19,79.59,79.54,79.99,78.55,79.54,79.49,79.72,"39,770","31,70,371.90",122
ICICIPHARM,EQ,2022-07-20,79.49,81.0,81.0,79.56,79.86,79.64,79.81,"16,860","13,45,549.74",100
ICICIPHARM,EQ,2022-07-21,79.64,81.0,81.0,79.4,79.79,79.69,79.75,"45,948","36,64,459.95",111
ICICIPHARM,EQ,2022-07-22,79.69,81.0,81.0,79.18,79.18,79.32,79.51,"19,172","15,24,318.25",100
ICICIPHARM,EQ,2022-07-25,79.32,79.18,80.0,78.6,78.78,78.72,79.0,"15,239","12,03,814.75",170
ICICIPHARM,EQ,2022-07-26,78.72,79.97,79.97,77.56,77.56,77.6,77.91,"27,954","21,77,926.37",124
ICICIPHARM,EQ,2022-07-27,77.6,78.99,79.6,77.56,79.6,79.57,78.2,"8,825","6,90,123.12",135
ICICIPHARM,EQ,2022-07-28,79.57,81.0,81.0,78.92,79.51,79.6,79.52,"28,069","22,31,961.10",114
ICICIPHARM,EQ,2022-07-29,79.6,81.0,81.0,78.6,80.36,80.41,79.54,"69,230","55,06,289.58",162
ICICIPHARM,EQ,2022-08-01,80.41,81.5,81.5,80.15,80.73,80.7,80.74,"31,364","25,32,444.46",157
ICICIPHARM,EQ,2022-08-02,80.7,80.2,80.88,80.2,80.55,80.57,80.38,"16,718","13,43,742.23",85
ICICIPHARM,EQ,2022-08-03,80.57,80.99,81.0,79.66,80.01,80.05,80.37,"4,18,659","3,36,48,699.01",134
ICICIPHARM,EQ,2022-08-04,80.05,80.85,82.19,78.96,82.17,82.06,81.43,"1,84,634","1,50,33,954.31",193
ICICIPHARM,EQ,2022-08-05,82.06,82.2,82.53,81.0,81.75,81.67,82.09,"6,275","5,15,090.44",181
ICICIPHARM,EQ,2022-08-08,81.67,81.67,82.24,81.5,81.69,81.89,82.01,"44,769","36,71,449.97",129
ICICIPHARM,EQ,2022-08-10,81.89,86.46,86.46,81.5,82.0,82.15,82.22,"18,562","15,26,114.34",151
ICICIPHARM,EQ,2022-08-11,82.15,82.4,82.71,81.9,81.9,82.29,82.55,"1,34,375","1,10,93,015.68",119
ICICIPHARM,EQ,2022-08-12,82.29,83.2,83.2,81.31,81.61,81.42,81.79,"54,663","44,70,842.64",185
ICICIPHARM,EQ,2022-08-16,81.42,83.5,83.7,81.45,81.82,81.75,81.84,"31,325","25,63,567.92",153
ICICIPHARM,EQ,2022-08-17,81.75,82.99,83.4,81.86,82.01,82.02,82.06,"24,915","20,44,630.75",132
ICICIPHARM,EQ,2022-08-18,82.02,83.0,83.0,81.0,81.6,81.6,81.58,"12,10,961","9,87,90,156.80",171
ICICIPHARM,EQ,2022-08-19,81.6,81.88,82.14,80.77,80.87,80.81,81.38,"39,484","32,13,227.94",154
ICICIPHARM,EQ,2022-08-22,80.81,82.97,82.97,79.33,79.63,79.48,79.76,"18,856","15,03,903.13",220
ICICIPHARM,EQ,2022-08-23,79.48,80.4,80.4,79.35,80.02,80.04,79.89,"18,279","14,60,290.87",126
ICICIPHARM,EQ,2022-08-24,80.04,79.33,81.5,78.3,80.28,80.29,80.14,"23,00,931","18,44,07,001.05",237
ICICIPHARM,EQ,2022-08-25,80.29,81.9,81.9,79.79,79.82,79.96,80.28,"23,579","18,92,877.53",103
ICICIPHARM,EQ,2022-08-26,79.96,80.0,80.49,79.0,79.72,79.8,79.86,"3,561","2,84,368.07",80
ICICIPHARM,EQ,2022-08-29,79.8,78.2,79.95,77.63,79.69,79.69,79.21,"6,018","4,76,714.46",139
ICICIPHARM,EQ,2022-08-30,79.69,81.38,81.38,79.0,80.52,80.64,80.4,"47,652","38,31,035.16",134
ICICIPHARM,EQ,2022-09-01,80.64,83.26,83.26,79.63,79.89,79.82,80.07,"4,091","3,27,580.92",127
ICICIPHARM,EQ,2022-09-02,79.82,80.95,80.95,79.4,79.48,79.5,79.75,"9,711","7,74,469.06",142
ICICIPHARM,EQ,2022-09-05,79.5,91.7,91.7,79.0,79.5,79.5,79.43,"9,259","7,35,454.88",138
ICICIPHARM,EQ,2022-09-06,79.5,80.5,80.5,79.76,80.0,79.94,80.03,"6,160","4,92,962.13",103
ICICIPHARM,EQ,2022-09-07,79.94,79.95,80.79,79.94,80.44,80.5,80.52,"55,822","44,94,532.63",122
ICICIPHARM,EQ,2022-09-08,80.5,83.26,83.26,80.46,80.66,80.81,80.82,"3,291","2,65,965.84",112
ICICIPHARM,EQ,2022-09-09,80.81,81.01,81.69,80.91,81.04,81.08,81.37,"7,180","5,84,263.87",101
ICICIPHARM,EQ,2022-09-12,81.08,81.09,81.48,80.93,80.93,81.18,81.22,"3,299","2,67,936.15",129
ICICIPHARM,EQ,2022-09-13,81.18,84.49,84.49,80.17,81.41,81.33,81.34,"2,16,443","1,76,04,783.59",150
ICICIPHARM,EQ,2022-09-14,81.33,81.32,81.39,80.65,80.65,80.79,80.84,"24,681","19,95,194.16",149
ICICIPHARM,EQ,2022-09-15,80.79,80.71,80.99,79.55,79.77,79.69,80.09,"35,223","28,20,990.35",232
ICICIPHARM,EQ,2022-09-16,79.69,83.0,84.49,78.3,78.3,78.55,79.13,"41,190","32,59,455.33",237
ICICIPHARM,EQ,2022-09-19,78.55,91.55,91.55,77.41,78.7,78.69,78.2,"13,314","10,41,159.34",202
ICICIPHARM,EQ,2022-09-20,78.69,79.94,81.35,77.53,81.35,81.29,80.07,"44,154","35,35,278.18",237
ICICIPHARM,EQ,2022-09-21,81.29,83.92,83.92,80.5,80.75,80.54,81.43,"53,604","43,64,956.80",194
ICICIPHARM,EQ,2022-09-22,80.54,84.0,84.0,80.11,81.01,80.78,80.76,"2,27,313","1,83,56,930.23",149
ICICIPHARM,EQ,2022-09-23,80.78,81.0,81.7,80.58,81.05,80.76,81.18,"53,711","43,60,296.73",174
ICICIPHARM,EQ,2022-09-26,80.76,81.97,81.97,79.48,79.99,79.67,79.96,"34,684","27,73,325.42",265
ICICIPHARM,EQ,2022-09-27,79.67,81.5,81.5,79.46,80.26,80.31,79.91,"2,890","2,30,949.46",119
ICICIPHARM,EQ,2022-09-28,80.31,83.27,83.27,79.03,81.14,81.07,81.31,"16,796","13,65,679.59",153
ICICIPHARM,EQ,2022-09-29,81.07,80.04,82.78,80.04,82.5,82.45,82.22,"22,141","18,20,522.86",157
ICICIPHARM,EQ,2022-09-30,82.45,83.26,83.27,81.04,82.56,82.84,82.57,"5,183","4,27,968.90",140
ICICIPHARM,EQ,2022-10-03,82.84,82.84,84.44,82.84,84.0,83.71,83.8,"28,481","23,86,709.88",238
ICICIPHARM,EQ,2022-10-04,83.71,85.42,85.42,83.51,84.01,84.09,84.08,"41,148","34,59,739.31",185
ICICIPHARM,EQ,2022-10-06,84.09,84.31,84.78,83.62,84.0,83.88,83.81,"38,775","32,49,754.47",170
ICICIPHARM,EQ,2022-10-07,83.88,84.77,84.77,83.27,83.65,83.57,83.66,"15,255","12,76,196.00",142
ICICIPHARM,EQ,2022-10-10,83.57,84.78,84.78,82.19,82.85,82.85,82.76,"60,442","50,02,209.05",214
ICICIPHARM,EQ,2022-10-11,82.85,83.0,83.49,81.32,81.68,81.57,82.01,"8,076","6,62,290.92",222
ICICIPHARM,EQ,2022-10-12,81.57,85.04,85.04,81.17,81.61,81.59,81.65,"11,579","9,45,410.76",159
ICICIPHARM,EQ,2022-10-13,81.59,85.23,85.23,81.05,82.08,82.06,81.71,"17,812","14,55,365.09",141
ICICIPHARM,EQ,2022-10-14,82.06,81.99,82.94,81.99,82.21,82.25,82.42,"19,695","16,23,240.98",115
ICICIPHARM,EQ,2022-10-17,82.25,82.49,82.81,82.17,82.51,82.43,82.51,"12,914","10,65,511.83",126
ICICIPHARM,EQ,2022-10-18,82.43,85.34,85.34,82.41,82.99,82.78,82.72,"8,252","6,82,615.54",139
ICICIPHARM,EQ,2022-10-19,82.78,82.78,83.39,82.03,82.83,83.01,82.97,"6,845","5,67,906.08",147
ICICIPHARM,EQ,2022-10-20,83.01,82.95,83.45,82.63,83.39,83.37,83.25,"10,379","8,64,079.95",110
ICICIPHARM,EQ,2022-10-21,83.37,83.6,83.84,83.0,83.0,83.01,83.44,"6,432","5,36,670.81",129
ICICIPHARM,EQ,2022-10-24,83.01,85.43,85.43,83.01,83.45,83.35,84.07,"4,174","3,50,909.67",101
ICICIPHARM,EQ,2022-10-25,83.35,83.64,84.09,83.41,83.78,83.62,83.75,"6,312","5,28,611.76",133
ICICIPHARM,EQ,2022-10-27,83.62,85.54,85.54,83.5,84.34,84.28,84.19,"55,737","46,92,432.92",256
ICICIPHARM,EQ,2022-10-28,84.28,86.0,86.0,82.81,83.92,83.7,84.02,"5,880","4,94,017.25",150
ICICIPHARM,EQ,2022-10-31,83.7,85.37,85.37,83.71,84.41,84.49,84.43,"17,624","14,88,000.77",175
ICICIPHARM,EQ,2022-11-01,84.49,85.43,86.24,83.71,86.23,86.17,85.97,"90,112","77,46,836.63",476
ICICIPHARM,EQ,2022-11-02,86.17,87.8,87.8,86.1,86.13,86.51,86.89,"21,826","18,96,525.63",247
ICICIPHARM,EQ,2022-11-03,86.51,86.59,86.59,86.05,86.45,86.32,86.28,"9,824","8,47,578.12",118
ICICIPHARM,EQ,2022-11-04,86.32,86.99,86.99,85.4,85.42,85.46,85.79,"6,910","5,92,810.32",145
ICICIPHARM,EQ,2022-11-07,85.46,87.73,87.73,84.13,84.65,84.63,84.88,"13,046","11,07,301.45",248
ICICIPHARM,EQ,2022-11-09,84.63,86.44,86.44,83.2,83.56,83.32,83.73,"21,614","18,09,763.03",307
ICICIPHARM,EQ,2022-11-10,83.32,84.91,84.91,82.36,82.95,82.91,83.3,"13,106","10,91,762.01",152
ICICIPHARM,EQ,2022-11-11,82.91,84.97,84.97,83.04,83.38,83.14,83.53,"8,266","6,90,499.70",213
ICICIPHARM,EQ,2022-11-14,83.14,83.88,83.88,82.4,83.62,83.43,83.26,"11,862","9,87,578.28",148
ICICIPHARM,EQ,2022-11-15,83.43,83.55,83.9,83.11,83.9,83.85,83.41,"6,953","5,79,954.04",98
ICICIPHARM,EQ,2022-11-16,83.85,84.11,84.11,83.0,83.35,83.25,83.34,"11,728","9,77,449.26",180
ICICIPHARM,EQ,2022-11-17,83.25,83.35,83.71,82.76,82.76,82.82,82.93,"14,050","11,65,196.83",128
ICICIPHARM,EQ,2022-11-18,82.82,83.7,83.7,82.0,82.0,82.02,82.22,"12,962","10,65,769.00",167
ICICIPHARM,EQ,2022-11-21,82.02,82.49,82.49,81.7,81.9,82.09,81.96,"8,204","6,72,422.90",156
ICICIPHARM,EQ,2022-11-22,82.09,82.5,82.5,81.74,82.39,82.19,81.94,"9,257","7,58,483.45",102
ICICIPHARM,EQ,2022-11-23,82.19,82.89,82.89,82.0,82.63,82.63,82.54,"2,525","2,08,415.52",83
ICICIPHARM,EQ,2022-11-24,82.63,82.0,83.35,82.0,83.24,83.23,83.04,"5,515","4,57,943.86",77
ICICIPHARM,EQ,2022-11-25,83.23,86.2,86.2,83.01,83.36,83.37,83.21,"42,695","35,52,575.56",125
ICICIPHARM,EQ,2022-11-28,83.37,83.94,83.94,83.22,83.42,83.42,83.49,"6,633","5,53,809.87",122
ICICIPHARM,EQ,2022-11-29,83.42,83.74,84.29,83.42,84.1,83.97,83.96,"16,053","13,47,859.30",105
ICICIPHARM,EQ,2022-11-30,83.97,84.14,84.75,83.97,84.75,84.34,84.29,"27,708","23,35,416.05",138
ICICIPHARM,EQ,2022-12-01,84.34,84.34,84.95,84.21,84.33,84.34,84.47,"5,182","4,37,701.92",108
ICICIPHARM,EQ,2022-12-02,84.34,86.0,86.9,83.75,84.45,84.19,84.18,"4,069","3,42,539.69",111
ICICIPHARM,EQ,2022-12-05,84.19,85.55,85.55,83.79,83.79,83.86,84.1,"7,334","6,16,768.56",135
ICICIPHARM,EQ,2022-12-06,83.86,84.11,84.13,83.1,83.27,83.37,83.49,"6,196","5,17,320.58",136
ICICIPHARM,EQ,2022-12-07,83.37,84.89,84.89,82.8,82.8,82.83,83.01,"8,020","6,65,758.78",158
ICICIPHARM,EQ,2022-12-08,82.83,84.92,84.92,81.86,82.16,82.09,82.42,"22,918","18,88,993.35",187
ICICIPHARM,EQ,2022-12-09,82.09,87.0,87.0,81.82,82.24,82.02,82.25,"7,031","5,78,294.76",147
ICICIPHARM,EQ,2022-12-12,82.02,92.88,92.88,81.79,82.3,82.27,82.08,"9,113","7,48,018.21",172
ICICIPHARM,EQ,2022-12-13,82.27,82.3,82.4,81.81,82.4,82.4,82.09,"7,294","5,98,731.52",125
ICICIPHARM,EQ,2022-12-14,82.4,83.44,83.44,82.01,82.89,82.85,82.83,"12,346","10,22,607.09",105
ICICIPHARM,EQ,2022-12-15,82.85,82.97,82.97,82.0,82.37,82.31,82.51,"5,071","4,18,427.61",152
ICICIPHARM,EQ,2022-12-16,82.31,82.92,82.92,81.06,81.3,81.15,81.55,"6,173","5,03,389.36",199
ICICIPHARM,EQ,2022-12-19,81.15,82.67,82.67,80.49,81.15,81.18,80.82,"38,883","31,42,604.05",204
ICICIPHARM,EQ,2022-12-20,81.18,81.16,81.16,80.5,80.78,80.85,80.7,"13,438","10,84,502.40",162
ICICIPHARM,EQ,2022-12-21,80.85,80.86,83.44,80.06,83.4,83.34,82.88,"4,73,860","3,92,71,461.70",379
ICICIPHARM,EQ,2022-12-22,83.34,87.0,87.0,82.6,83.16,83.09,83.42,"39,972","33,34,552.73",313
ICICIPHARM,EQ,2022-12-23,83.09,83.97,84.27,81.76,82.61,82.09,83.36,"48,109","40,10,523.72",493
ICICIPHARM,EQ,2022-12-26,82.09,82.85,82.85,81.3,81.39,81.44,81.77,"17,214","14,07,574.07",242
ICICIPHARM,EQ,2022-12-27,81.44,84.2,84.2,81.31,81.75,81.71,81.7,"19,668","16,06,866.03",126
ICICIPHARM,EQ,2022-12-28,81.71,91.85,91.85,81.06,81.06,81.17,81.46,"62,475","50,89,053.72",221
ICICIPHARM,EQ,2022-12-29,81.17,87.0,91.85,80.41,80.61,80.68,81.18,"38,720","31,43,186.32",238
ICICIPHARM,EQ,2022-12-30,80.68,80.21,81.2,80.21,80.66,80.59,80.73,"6,997","5,64,838.53",160
ICICIPHARM,EQ,2023-01-02,80.59,79.18,81.95,79.18,80.54,80.49,80.31,"9,989","8,02,241.83",205
ICICIPHARM,EQ,2023-01-03,80.49,85.55,85.55,79.45,81.09,81.02,80.97,"12,008","9,72,252.98",127
ICICIPHARM,EQ,2023-01-04,81.02,80.99,81.4,80.8,80.87,80.84,81.04,"8,243","6,67,974.01",119
ICICIPHARM,EQ,2023-01-05,80.84,80.61,81.78,80.61,81.75,81.62,81.2,"5,075","4,12,068.91",110
ICICIPHARM,EQ,2023-01-06,81.62,90.85,90.85,80.78,80.78,81.01,81.29,"41,172","33,47,028.31",192
ICICIPHARM,EQ,2023-01-09,81.01,81.45,82.04,81.41,81.62,81.53,81.75,"6,476","5,29,386.42",127
ICICIPHARM,EQ,2023-01-10,81.53,83.27,83.27,81.51,81.51,81.7,81.69,"11,451","9,35,396.30",147
ICICIPHARM,EQ,2023-01-11,81.7,81.75,81.75,80.93,80.93,81.17,81.31,"4,584","3,72,744.04",122
ICICIPHARM,EQ,2023-01-12,81.17,81.18,81.18,80.3,80.97,80.91,80.68,"7,149","5,76,796.77",146
ICICIPHARM,EQ,2023-01-13,80.91,80.91,81.0,80.41,81.0,80.99,80.79,"4,047","3,26,971.34",107
ICICIPHARM,EQ,2023-01-16,80.99,82.47,82.47,80.57,80.78,80.75,80.87,"13,429","10,86,004.80",147
ICICIPHARM,EQ,2023-01-17,80.75,80.75,80.79,80.4,80.61,80.63,80.56,"17,221","13,87,387.48",117
ICICIPHARM,EQ,2023-01-18,80.63,80.63,81.39,80.63,81.39,81.17,81.06,"3,461","2,80,548.69",88
ICICIPHARM,EQ,2023-01-19,81.17,81.69,81.69,80.71,81.28,81.27,81.18,"2,262","1,83,626.77",110
ICICIPHARM,EQ,2023-01-20,81.27,80.75,81.66,80.55,80.64,80.62,80.76,"9,422","7,60,893.85",137
ICICIPHARM,EQ,2023-01-23,80.62,80.62,81.59,80.41,81.29,81.12,81.08,"7,622","6,17,970.74",110
ICICIPHARM,EQ,2023-01-24,81.12,80.99,81.29,80.2,80.4,80.43,80.79,"17,411","14,06,709.99",201
ICICIPHARM,EQ,2023-01-25,80.43,80.41,80.41,79.31,79.55,79.48,79.65,"15,766","12,55,745.46",233
ICICIPHARM,EQ,2023-01-27,79.48,79.48,80.97,79.36,80.05,79.86,79.81,"5,592","4,46,306.60",175
ICICIPHARM,EQ,2023-01-30,79.86,81.47,81.47,79.5,79.8,79.7,79.85,"7,725","6,16,810.08",215
ICICIPHARM,EQ,2023-01-31,79.7,81.27,81.27,78.85,79.24,79.17,79.32,"16,928","13,42,690.58",254
ICICIPHARM,EQ,2023-02-01,79.17,79.25,80.54,78.45,79.21,78.87,78.99,"20,903","16,51,157.05",193
ICICIPHARM,EQ,2023-02-02,78.87,79.22,79.22,78.24,78.5,78.61,78.51,"1,30,982","1,02,82,814.45",208
ICICIPHARM,EQ,2023-02-03,78.61,78.82,78.82,77.29,77.96,78.02,77.98,"20,037","15,62,464.93",303
ICICIPHARM,EQ,2023-02-06,78.02,79.0,79.0,77.31,78.28,78.12,77.78,"8,021","6,23,904.77",207
ICICIPHARM,EQ,2023-02-07,78.12,79.0,79.0,77.61,78.21,78.1,77.92,"14,579","11,35,984.87",184
ICICIPHARM,EQ,2023-02-08,78.1,78.2,79.45,77.9,79.45,79.21,78.68,"15,831","12,45,598.65",103
ICICIPHARM,EQ,2023-02-09,79.21,79.49,79.8,78.66,79.45,78.71,78.92,"4,25,099","3,35,48,162.87",157
ICICIPHARM,EQ,2023-02-10,78.71,81.85,81.85,78.41,79.31,79.28,78.94,"2,780","2,19,447.08",116
ICICIPHARM,EQ,2023-02-13,79.28,81.7,81.7,78.51,79.06,79.04,79.04,"11,796","9,32,391.74",137
ICICIPHARM,EQ,2023-02-14,79.04,78.75,78.84,78.41,78.6,78.58,78.72,"23,395","18,41,612.30",131
ICICIPHARM,EQ,2023-02-15,78.58,79.89,79.89,77.8,78.85,78.81,78.3,"14,261","11,16,703.68",192
ICICIPHARM,EQ,2023-02-16,78.81,78.92,79.69,78.92,79.6,79.56,79.53,"5,498","4,37,271.02",124
ICICIPHARM,EQ,2023-02-17,79.56,79.63,79.87,78.61,78.73,78.7,78.94,"5,092","4,01,986.95",167
ICICIPHARM,EQ,2023-02-20,78.7,78.7,78.71,77.8,78.0,78.01,78.15,"10,128","7,91,526.53",222
ICICIPHARM,EQ,2023-02-21,78.01,78.02,78.49,77.61,77.7,77.69,77.85,"4,604","3,58,432.28",126
ICICIPHARM,EQ,2023-02-22,77.69,77.87,78.05,77.37,77.65,77.45,77.65,"9,394","7,29,452.69",203
ICICIPHARM,EQ,2023-02-23,77.45,77.31,77.64,77.11,77.36,77.29,77.24,"5,088","3,92,991.56",147
ICICIPHARM,EQ,2023-02-24,77.29,77.3,77.84,76.84,77.16,77.4,77.31,"11,350","8,77,512.76",182
ICICIPHARM,EQ,2023-02-27,77.4,79.45,79.45,76.45,76.79,76.81,76.85,"11,941","9,17,622.99",275
ICICIPHARM,EQ,2023-02-28,76.81,76.82,76.84,75.8,75.8,75.94,76.04,"29,539","22,46,138.48",267
ICICIPHARM,EQ,2023-03-01,75.94,76.0,76.19,75.61,75.97,75.88,75.85,"25,171","19,09,317.07",199
ICICIPHARM,EQ,2023-03-02,75.88,77.4,77.4,75.67,76.04,76.0,75.91,"7,510","5,70,109.26",182
ICICIPHARM,EQ,2023-03-03,76.0,78.3,78.3,75.88,75.9,75.89,75.94,"14,927","11,33,601.43",173
ICICIPHARM,EQ,2023-03-06,75.89,78.2,78.2,75.94,76.0,76.03,76.37,"12,585","9,61,085.01",174
ICICIPHARM,EQ,2023-03-08,76.03,76.04,76.49,75.4,75.56,75.57,75.64,"20,188","15,27,067.03",261
ICICIPHARM,EQ,2023-03-09,75.57,76.0,76.0,75.4,75.6,75.55,75.66,"9,001","6,81,043.25",120
ICICIPHARM,EQ,2023-03-10,75.55,75.51,75.51,74.76,75.29,75.26,75.14,"19,201","14,42,773.86",299
ICICIPHARM,EQ,2023-03-13,75.26,77.55,77.55,74.57,74.9,74.89,75.2,"26,698","20,07,817.59",219
ICICIPHARM,EQ,2023-03-14,74.89,75.0,75.27,74.52,74.68,74.79,74.78,"35,981","26,90,710.77",136
ICICIPHARM,EQ,2023-03-15,74.79,75.78,75.78,74.71,75.22,74.76,74.96,"6,630","4,96,971.93",83
ICICIPHARM,EQ,2023-03-16,74.76,73.81,75.89,73.81,75.79,75.65,75.44,"21,256","16,03,586.71",96
ICICIPHARM,EQ,2023-03-17,75.65,75.31,76.0,75.0,75.0,75.2,75.55,"37,846","28,59,247.70",121
ICICIPHARM,EQ,2023-03-20,75.2,75.5,75.5,74.75,75.16,75.23,74.99,"4,668","3,50,051.47",155
ICICIPHARM,EQ,2023-03-21,75.23,75.23,75.4,74.58,74.97,74.65,74.99,"9,765","7,32,304.90",213
ICICIPHARM,EQ,2023-03-22,74.65,74.65,75.97,74.65,75.7,75.68,75.27,"71,794","54,03,723.56",98
ICICIPHARM,EQ,2023-03-23,75.68,77.95,77.95,75.35,75.6,75.67,75.83,"5,401","4,09,558.44",76
ICICIPHARM,EQ,2023-03-24,75.67,76.91,76.91,75.5,75.5,75.61,75.76,"6,909","5,23,423.11",96
ICICIPHARM,EQ,2023-03-27,75.61,77.15,77.15,75.76,76.15,76.3,76.33,"39,896","30,45,413.54",181
ICICIPHARM,EQ,2023-03-28,76.3,76.16,76.5,75.81,76.5,76.43,76.16,"10,539","8,02,687.72",132
ICICIPHARM,EQ,2023-03-29,76.43,76.44,77.11,76.26,77.11,76.63,76.59,"24,644","18,87,595.37",134
ICICIPHARM,EQ,2023-03-31,76.63,78.0,78.0,76.54,77.24,76.95,76.97,"18,079","13,91,552.33",143
ICICIPHARM,EQ,2023-04-03,76.95,77.01,77.26,76.6,77.11,77.06,76.92,"5,927","4,55,875.85",175
ICICIPHARM,EQ,2023-04-05,77.06,79.35,79.35,76.83,77.2,77.23,77.05,"2,69,747","2,07,83,214.02",128
ICICIPHARM,EQ,2023-04-06,77.23,76.99,78.24,76.31,78.24,78.08,77.66,"9,855","7,65,383.79",116
ICICIPHARM,EQ,2023-04-10,78.08,79.91,79.91,78.11,78.55,78.44,78.43,"39,595","31,05,395.90",170
ICICIPHARM,EQ,2023-04-11,78.44,78.79,79.36,78.16,78.76,78.6,78.69,"7,082","5,57,288.30",124
ICICIPHARM,EQ,2023-04-12,78.6,78.76,80.81,78.73,80.66,80.7,80.31,"34,675","27,84,788.82",171
ICICIPHARM,EQ,2023-04-13,80.7,81.29,81.29,80.0,80.0,80.02,80.39,"19,153","15,39,636.61",142
ICICIPHARM,EQ,2023-04-17,80.02,80.02,82.4,79.39,79.81,79.69,79.78,"9,104","7,26,285.17",198
ICICIPHARM,EQ,2023-04-18,79.69,79.81,80.65,79.53,80.45,80.51,80.13,"26,010","20,84,126.35",129
ICICIPHARM,EQ,2023-04-19,80.51,81.29,81.29,80.31,80.7,80.57,80.83,"17,752","14,34,812.26",105
ICICIPHARM,EQ,2023-04-20,80.57,80.83,80.83,79.66,79.83,79.85,80.65,"78,619","63,40,766.65",143
ICICIPHARM,EQ,2023-04-21,79.85,81.29,81.29,79.88,79.9,79.94,80.3,"46,735","37,52,603.18",108
ICICIPHARM,EQ,2023-04-24,79.94,81.29,81.29,79.4,79.8,79.75,79.75,"17,152","13,67,904.83",125
ICICIPHARM,EQ,2023-04-25,79.75,79.75,79.75,79.21,79.6,79.65,79.62,"7,80,665","6,21,53,410.25",120
ICICIPHARM,EQ,2023-04-26,79.65,79.61,79.72,79.21,79.41,79.4,79.47,"51,231","40,71,413.30",82
ICICIPHARM,EQ,2023-04-27,79.4,79.5,80.29,79.31,80.25,80.09,79.93,"5,049","4,03,562.30",104
ICICIPHARM,EQ,2023-04-28,80.09,80.15,81.03,80.15,81.0,80.75,80.49,"7,533","6,06,321.47",102
ICICIPHARM,EQ,2023-05-02,80.75,80.76,81.42,80.76,80.84,80.84,80.99,"9,538","7,72,461.41",173
ICICIPHARM,EQ,2023-05-03,80.84,80.98,81.14,80.7,81.07,80.82,80.84,"5,188","4,19,422.85",93
ICICIPHARM,EQ,2023-05-04,80.82,81.12,81.45,81.12,81.23,81.31,81.31,"15,316","12,45,388.88",80
ICICIPHARM,EQ,2023-05-05,81.31,81.35,81.5,81.15,81.36,81.39,81.3,"9,567","7,77,799.81",107
ICICIPHARM,EQ,2023-05-08,81.39,81.31,81.55,81.05,81.55,81.34,81.25,"11,070","8,99,395.11",150
ICICIPHARM,EQ,2023-05-09,81.34,81.74,81.97,81.25,81.97,81.83,81.79,"29,484","24,11,400.70",101
ICICIPHARM,EQ,2023-05-10,81.83,81.98,82.23,81.31,81.66,81.67,81.64,"54,116","44,17,897.03",106
ICICIPHARM,EQ,2023-05-11,81.67,82.89,82.89,80.32,80.86,80.91,80.91,"24,500","19,82,383.26",191
ICICIPHARM,EQ,2023-05-12,80.91,83.35,83.35,80.55,80.75,80.69,80.94,"20,260","16,39,914.53",138
ICICIPHARM,EQ,2023-05-15,80.69,80.95,81.19,80.31,81.02,81.04,80.89,"7,184","5,81,116.26",137
ICICIPHARM,EQ,2023-05-16,81.04,81.3,81.69,80.31,80.31,80.59,81.02,"14,771","11,96,722.56",128
ICICIPHARM,EQ,2023-05-17,80.59,81.02,81.02,80.03,80.38,80.34,80.26,"12,854","10,31,639.01",94
ICICIPHARM,EQ,2023-05-18,80.34,80.0,80.45,79.34,79.7,79.53,80.07,"2,57,091","2,05,86,126.80",222
ICICIPHARM,EQ,2023-05-19,79.53,80.08,80.08,79.25,79.4,79.44,79.47,"7,223","5,74,022.26",153
ICICIPHARM,EQ,2023-05-22,79.44,79.92,80.71,79.92,80.35,80.69,80.55,"14,245","11,47,486.41",84
ICICIPHARM,EQ,2023-05-23,80.69,81.99,81.99,80.56,80.95,80.61,80.8,"24,959","20,16,769.44",106
ICICIPHARM,EQ,2023-05-24,80.61,80.95,81.69,80.92,81.36,81.5,81.34,"13,891","11,29,849.10",106
ICICIPHARM,EQ,2023-05-25,81.5,81.34,81.6,81.11,81.48,81.51,81.43,"4,310","3,50,963.84",92
ICICIPHARM,EQ,2023-05-26,81.51,81.43,82.29,81.42,82.0,82.1,81.97,"16,026","13,13,597.81",94
ICICIPHARM,EQ,2023-05-29,82.1,82.26,82.37,81.71,82.29,82.3,82.13,"15,546","12,76,833.08",136
ICICIPHARM,EQ,2023-05-30,82.3,82.46,82.65,82.15,82.15,82.36,82.41,"3,419","2,81,758.08",70
ICICIPHARM,EQ,2023-05-31,82.36,82.42,83.07,82.42,82.71,82.93,82.83,"11,861","9,82,418.29",105
ICICIPHARM,EQ,2023-06-01,82.93,83.77,83.77,83.06,83.77,83.61,83.55,"50,915","42,54,064.95",176
ICICIPHARM,EQ,2023-06-02,83.61,83.6,84.44,83.51,84.34,84.38,84.14,"23,982","20,17,753.43",163
ICICIPHARM,EQ,2023-06-05,84.38,84.38,84.59,84.09,84.09,84.13,84.42,"11,415","9,63,629.50",173
ICICIPHARM,EQ,2023-06-06,84.13,84.41,85.0,83.94,85.0,84.77,84.41,"18,028","15,21,732.54",115
ICICIPHARM,EQ,2023-06-07,84.77,84.99,85.69,84.99,85.47,85.44,85.3,"10,576","9,02,117.46",146
ICICIPHARM,EQ,2023-06-08,85.44,85.47,85.75,84.6,84.76,84.74,85.14,"14,523","12,36,476.31",158
ICICIPHARM,EQ,2023-06-09,84.74,85.14,85.14,84.27,84.27,84.33,84.63,"5,340","4,51,933.78",109
ICICIPHARM,EQ,2023-06-12,84.33,84.64,84.72,84.1,84.33,84.28,84.51,"5,523","4,66,734.20",133
ICICIPHARM,EQ,2023-06-13,84.28,84.51,85.49,84.51,85.26,85.24,84.95,"21,329","18,11,920.85",117
ICICIPHARM,EQ,2023-06-14,85.24,85.26,85.5,85.07,85.31,85.3,85.32,"12,503","10,66,748.85",96
ICICIPHARM,EQ,2023-06-15,85.3,85.5,86.9,85.5,86.9,86.73,86.42,"23,795","20,56,338.64",167
ICICIPHARM,EQ,2023-06-16,86.73,86.9,87.5,86.9,87.27,87.19,87.25,"7,469","6,51,658.20",139
ICICIPHARM,EQ,2023-06-19,87.19,87.25,88.2,87.25,87.38,87.72,87.91,"27,193","23,90,658.30",182
ICICIPHARM,EQ,2023-06-20,87.72,87.91,87.91,87.21,87.56,87.44,87.61,"21,680","18,99,452.68",130
ICICIPHARM,EQ,2023-06-21,87.44,87.61,87.61,87.04,87.1,87.13,87.19,"48,874","42,61,355.03",114
ICICIPHARM,EQ,2023-06-22,87.13,87.2,87.49,86.48,86.48,86.67,86.97,"6,266","5,44,942.70",109
ICICIPHARM,EQ,2023-06-23,86.67,86.97,87.08,86.16,86.41,86.55,86.6,"4,367","3,78,178.83",110
ICICIPHARM,EQ,2023-06-26,86.55,86.55,88.3,86.55,88.0,87.98,87.7,"16,416","14,39,693.04",185
ICICIPHARM,EQ,2023-06-27,87.98,85.35,88.6,85.35,88.59,88.51,88.49,"18,908","16,73,093.89",139
ICICIPHARM,EQ,2023-06-28,88.51,88.5,89.7,88.48,89.7,89.42,89.17,"14,036","12,51,621.96",182
ICICIPHARM,EQ,2023-06-30,89.42,86.75,90.44,86.75,90.01,90.03,90.0,"19,014","17,11,265.53",218
ICICIPHARM,EQ,2023-07-03,90.03,90.55,90.62,89.45,89.6,89.53,90.06,"10,200","9,18,591.45",264
ICICIPHARM,EQ,2023-07-04,89.53,90.87,90.87,88.98,89.6,89.35,89.43,"16,295","14,57,230.10",155
ICICIPHARM,EQ,2023-07-05,89.35,89.76,90.3,89.74,90.3,90.23,90.16,"15,954","14,38,449.59",124
ICICIPHARM,EQ,2023-07-06,90.23,90.61,91.57,90.26,91.55,91.51,91.17,"14,280","13,01,917.19",176
ICICIPHARM,EQ,2023-07-07,91.51,91.18,91.59,90.31,90.73,90.81,90.91,"17,008","15,46,193.81",177
ICICIPHARM,EQ,2023-07-10,90.81,88.1,91.0,88.1,90.4,90.49,90.49,"18,242","16,50,648.73",171
ICICIPHARM,EQ,2023-07-11,90.49,90.45,91.69,90.45,91.54,91.45,91.3,"10,466","9,55,535.80",131
ICICIPHARM,EQ,2023-07-12,91.45,91.41,92.0,91.31,91.68,91.98,91.65,"22,822","20,91,668.24",150
ICICIPHARM,EQ,2023-07-13,91.98,91.66,92.07,91.21,91.54,91.42,91.84,"6,880","6,31,843.62",112
ICICIPHARM,EQ,2023-07-14,91.42,91.83,91.84,90.93,91.71,91.55,91.34,"6,699","6,11,859.03",111
ICICIPHARM,EQ,2023-07-17,91.55,91.75,92.29,91.75,91.9,92.2,92.08,"11,194","10,30,769.29",163
ICICIPHARM,EQ,2023-07-18,92.2,92.2,92.44,91.32,92.0,91.94,91.86,"12,026","11,04,675.70",155
ICICIPHARM,EQ,2023-07-19,91.94,91.99,92.55,91.85,92.11,92.11,92.16,"10,213","9,41,238.20",119
ICICIPHARM,EQ,2023-07-20,92.11,92.26,93.52,92.17,93.09,93.27,92.93,"21,542","20,01,978.91",214
ICICIPHARM,EQ,2023-07-21,93.27,92.94,93.7,92.94,93.15,93.2,93.39,"13,061","12,19,766.15",161
ICICIPHARM,EQ,2023-07-24,93.2,93.2,94.0,92.6,93.31,93.56,93.47,"13,316","12,44,629.32",268
ICICIPHARM,EQ,2023-07-25,93.56,94.64,94.64,93.3,93.74,93.77,93.9,"2,592","2,43,400.80",69
ICICIPHARM,EQ,2023-07-26,93.77,93.98,94.4,93.75,94.24,94.0,93.99,"7,971","7,49,194.46",148
ICICIPHARM,EQ,2023-07-27,94.0,94.65,97.7,94.0,96.4,96.66,96.51,"83,870","80,94,412.98",428
ICICIPHARM,EQ,2023-07-28,96.66,96.66,97.98,96.66,97.19,97.1,97.07,"16,899","16,40,334.47",182
ICICIPHARM,EQ,2023-07-31,97.1,97.59,98.68,96.48,96.93,96.52,96.68,"1,19,114","1,15,16,431.20",289
ICICIPHARM,EQ,2023-08-01,96.52,99.0,99.0,96.53,96.7,96.59,97.02,"22,275","21,61,153.23",190
ICICIPHARM,EQ,2023-08-02,96.59,99.5,99.5,95.01,96.13,96.06,95.31,"51,000","48,61,058.28",254
ICICIPHARM,EQ,2023-08-03,96.06,96.07,97.65,96.07,96.57,96.87,96.88,"30,822","29,86,075.58",222
ICICIPHARM,EQ,2023-08-04,96.87,97.97,97.97,96.43,97.04,97.23,96.97,"23,701","22,98,295.77",160
ICICIPHARM,EQ,2023-08-07,97.23,97.61,99.5,97.35,99.48,99.23,98.49,"52,584","51,79,256.24",274
ICICIPHARM,EQ,2023-08-08,99.23,99.26,99.82,98.53,99.24,99.02,99.43,"61,868","61,51,327.80",223
ICICIPHARM,EQ,2023-08-09,99.02,99.43,100.0,98.91,99.55,99.54,99.42,"22,168","22,03,940.56",172
ICICIPHARM,EQ,2023-08-10,99.54,99.41,99.76,98.41,98.68,98.69,98.97,"14,207","14,06,100.41",189
ICICIPHARM,EQ,2023-08-11,98.69,98.52,98.6,97.22,97.22,97.29,97.73,"13,140","12,84,201.19",258
ICICIPHARM,EQ,2023-08-14,97.29,97.3,98.49,96.48,97.05,96.74,96.55,"1,10,252","1,06,44,371.97",201
ICICIPHARM,EQ,2023-08-16,96.74,96.54,98.28,96.3,98.0,97.92,96.92,"1,04,202","1,00,99,594.72",166
ICICIPHARM,EQ,2023-08-17,97.92,97.51,98.49,97.01,97.28,97.31,97.46,"10,086","9,83,026.55",112
ICICIPHARM,EQ,2023-08-18,97.31,97.32,97.6,96.7,96.7,96.97,97.26,"12,760","12,41,052.83",158
ICICIPHARM,EQ,2023-08-21,96.97,97.2,98.17,96.85,97.77,97.45,97.44,"6,771","6,59,796.75",149
ICICIPHARM,EQ,2023-08-22,97.45,97.29,97.8,97.16,97.8,97.66,97.42,"3,064","2,98,502.49",95
ICICIPHARM,EQ,2023-08-23,97.66,97.43,97.8,97.21,97.74,97.71,97.65,"3,165","3,09,071.89",113
ICICIPHARM,EQ,2023-08-24,97.71,97.75,98.29,96.52,97.01,96.85,97.26,"11,822","11,49,844.69",181
ICICIPHARM,EQ,2023-08-25,96.85,96.01,97.99,95.6,96.02,95.83,96.02,"46,555","44,70,043.63",829
ICICIPHARM,EQ,2023-08-28,95.83,96.02,96.71,95.66,96.59,96.47,96.45,"39,768","38,35,783.20",256
ICICIPHARM,EQ,2023-08-29,96.47,96.99,96.99,96.27,96.6,96.45,96.67,"56,612","54,72,941.84",218
ICICIPHARM,EQ,2023-08-30,96.45,98.38,98.38,96.38,96.38,96.61,96.8,"41,407","40,08,113.95",256
ICICIPHARM,EQ,2023-08-31,96.61,97.4,97.4,95.83,96.24,96.19,96.23,"20,356","19,58,947.98",338
ICICIPHARM,EQ,2023-09-01,96.19,96.7,96.7,95.5,95.85,95.67,95.71,"38,198","36,55,922.94",578
ICICIPHARM,EQ,2023-09-04,95.67,96.59,97.27,95.71,96.05,96.05,96.0,"23,054","22,13,202.34",378
ICICIPHARM,EQ,2023-09-05,96.05,98.95,98.95,96.05,97.04,97.33,96.93,"21,363","20,70,821.10",262
ICICIPHARM,EQ,2023-09-06,97.33,97.89,98.39,97.33,98.1,98.07,97.96,"22,208","21,75,449.41",235
ICICIPHARM,EQ,2023-09-07,98.07,98.08,98.5,97.75,98.0,98.0,98.04,"11,222","11,00,207.26",167
ICICIPHARM,EQ,2023-09-08,98.0,98.01,98.19,97.5,97.51,97.62,97.81,"18,079","17,68,308.74",185
ICICIPHARM,EQ,2023-09-11,97.62,97.62,98.78,96.04,98.38,98.34,98.09,"79,073","77,56,395.45",193
ICICIPHARM,EQ,2023-09-12,98.34,98.87,99.57,96.84,98.58,98.5,98.78,"59,976","59,24,638.76",419
ICICIPHARM,EQ,2023-09-13,98.5,96.53,98.73,96.53,98.67,98.61,98.41,"33,723","33,18,738.32",158
ICICIPHARM,EQ,2023-09-14,98.61,98.62,99.14,98.47,98.62,98.81,98.7,"22,777","22,48,147.35",227
ICICIPHARM,EQ,2023-09-15,98.81,99.56,99.57,99.07,99.15,99.33,99.38,"10,819","10,75,212.40",217
ICICIPHARM,EQ,2023-09-18,99.33,99.64,99.64,98.7,98.7,98.83,99.19,"24,406","24,20,728.48",235
ICICIPHARM,EQ,2023-09-20,98.83,98.52,98.73,98.25,98.42,98.47,98.38,"6,331","6,22,856.78",162
ICICIPHARM,EQ,2023-09-21,98.47,98.45,98.45,97.38,97.88,97.61,98.02,"15,808","15,49,506.78",156
ICICIPHARM,EQ,2023-09-22,97.61,97.3,97.39,95.41,96.0,95.92,96.01,"50,918","48,88,780.55",443
ICICIPHARM,EQ,2023-09-25,95.92,95.92,96.5,95.41,96.15,96.11,95.51,"89,389","85,37,882.77",250
ICICIPHARM,EQ,2023-09-26,96.11,96.11,96.34,95.81,95.93,96.09,96.12,"6,161","5,92,207.95",174
ICICIPHARM,EQ,2023-09-27,96.09,96.4,97.24,96.4,96.88,96.87,96.84,"11,315","10,95,736.35",157
ICICIPHARM,EQ,2023-09-28,96.87,99.8,99.8,96.01,96.4,96.17,96.91,"6,443","6,24,395.92",164
ICICIPHARM,EQ,2023-09-29,96.17,96.4,98.8,96.4,98.7,98.67,97.83,"46,974","45,95,451.91",206
ICICIPHARM,EQ,2023-10-03,98.67,99.25,99.25,97.8,97.85,98.14,98.29,"14,459","14,21,235.15",278
ICICIPHARM,EQ,2023-10-04,98.14,98.15,98.15,95.91,96.68,96.59,96.39,"5,25,621","5,06,65,151.72",262
ICICIPHARM,EQ,2023-10-05,96.59,97.59,97.59,95.94,96.18,96.17,96.37,"8,883","8,56,019.08",176
ICICIPHARM,EQ,2023-10-06,96.17,96.56,96.94,96.33,96.36,96.51,96.57,"4,939","4,76,947.83",110
ICICIPHARM,EQ,2023-10-09,96.51,96.48,97.0,96.06,96.72,96.58,96.57,"20,645","19,93,755.55",165
ICICIPHARM,EQ,2023-10-10,96.58,96.31,96.99,96.31,96.76,96.75,96.64,"5,561","5,37,418.32",107
ICICIPHARM,EQ,2023-10-11,96.75,97.0,97.69,96.91,96.91,97.08,97.33,"4,568","4,44,618.39",119
ICICIPHARM,EQ,2023-10-12,97.08,97.07,97.44,96.81,97.0,97.05,97.16,"7,171","6,96,729.45",113
ICICIPHARM,EQ,2023-10-13,97.05,96.9,97.49,96.65,97.32,97.38,97.24,"6,172","6,00,188.78",108
ICICIPHARM,EQ,2023-10-16,97.38,99.5,99.5,96.93,96.93,97.28,97.44,"7,968","7,76,423.28",181
ICICIPHARM,EQ,2023-10-17,97.28,97.95,97.95,97.03,97.51,97.52,97.58,"2,291","2,23,558.97",94
ICICIPHARM,EQ,2023-10-18,97.52,97.49,98.37,97.21,97.83,97.82,98.14,"28,022","27,50,209.34",155
ICICIPHARM,EQ,2023-10-19,97.82,97.83,97.83,97.01,97.33,97.73,97.66,"26,332","25,71,649.59",148
ICICIPHARM,EQ,2023-10-20,97.73,97.0,97.05,96.51,96.54,96.7,96.77,"13,634","13,19,315.61",172
ICICIPHARM,EQ,2023-10-23,96.7,96.71,97.19,95.23,95.62,95.4,96.33,"22,824","21,98,539.21",239
ICICIPHARM,EQ,2023-10-25,95.4,99.7,99.7,93.99,94.75,94.39,94.52,"37,665","35,60,180.37",266
ICICIPHARM,EQ,2023-10-26,94.39,94.38,94.38,92.8,93.55,93.33,93.22,"17,776","16,57,148.43",229
ICICIPHARM,EQ,2023-10-27,93.33,93.31,94.5,92.14,94.25,94.11,93.93,"5,807","5,45,447.77",163
ICICIPHARM,EQ,2023-10-30,94.11,94.5,94.69,94.01,94.2,94.38,94.38,"21,595","20,38,054.74",182
ICICIPHARM,EQ,2023-10-31,94.38,95.11,95.11,93.57,94.02,93.98,94.17,"18,132","17,07,406.37",163
ICICIPHARM,EQ,2023-11-01,93.98,94.03,94.44,93.61,94.25,94.28,94.03,"34,301","32,25,433.81",170
ICICIPHARM,EQ,2023-11-02,94.28,94.6,95.46,94.6,95.38,95.36,95.19,"13,336","12,69,437.75",118
ICICIPHARM,EQ,2023-11-03,95.36,97.37,97.37,95.37,95.64,95.67,95.93,"4,561","4,37,529.10",138
ICICIPHARM,EQ,2023-11-06,95.67,95.8,97.18,95.8,97.18,97.13,96.74,"24,865","24,05,489.94",172
ICICIPHARM,EQ,2023-11-07,97.13,97.1,98.27,97.08,98.27,98.21,97.75,"10,657","10,41,719.91",146
ICICIPHARM,EQ,2023-11-08,98.21,98.21,99.6,98.21,98.93,99.4,99.17,"19,177","19,01,703.26",272
ICICIPHARM,EQ,2023-11-09,99.4,99.4,99.94,99.11,99.57,99.52,99.56,"24,862","24,75,258.20",189
ICICIPHARM,EQ,2023-11-10,99.52,101.55,101.55,97.53,99.85,99.6,99.59,"9,813","9,77,311.84",162
ICICIPHARM,EQ,2023-11-12,99.6,101.74,102.6,99.68,99.9,99.88,99.85,"7,248","7,23,724.62",135
ICICIPHARM,EQ,2023-11-13,99.88,99.88,99.97,98.95,99.22,99.2,99.53,"16,061","15,98,599.65",268
ICICIPHARM,EQ,2023-11-15,99.2,99.2,99.85,99.1,99.37,99.69,99.29,"1,06,582","1,05,82,878.63",189
ICICIPHARM,EQ,2023-11-16,99.69,99.69,100.99,99.58,100.51,100.64,100.34,"21,517","21,58,921.91",267
ICICIPHARM,EQ,2023-11-17,100.64,100.56,101.7,100.5,101.6,101.59,101.49,"16,887","17,13,778.75",268
ICICIPHARM,EQ,2023-11-20,101.59,101.58,102.67,101.01,101.65,101.67,102.11,"47,089","48,08,436.96",359
ICICIPHARM,EQ,2023-11-21,101.67,104.7,104.7,101.64,102.36,102.39,102.26,"5,233","5,35,110.15",173
ICICIPHARM,EQ,2023-11-22,102.39,103.89,103.89,102.5,102.93,102.94,102.98,"39,336","40,50,644.54",247
ICICIPHARM,EQ,2023-11-23,102.94,101.56,102.99,101.51,101.89,101.88,102.48,"37,524","38,45,501.04",194
ICICIPHARM,EQ,2023-11-24,101.88,102.35,102.8,102.19,102.43,102.38,102.59,"4,608","4,72,727.67",184
ICICIPHARM,EQ,2023-11-28,102.38,105.45,105.45,101.7,101.98,101.91,102.31,"11,021","11,27,573.46",303
ICICIPHARM,EQ,2023-11-29,101.91,103.88,103.88,101.91,102.22,102.38,102.25,"14,698","15,02,807.03",170
ICICIPHARM,EQ,2023-11-30,102.38,102.69,104.78,102.69,104.35,104.12,103.97,"75,579","78,57,619.71",202
ICICIPHARM,EQ,2023-12-01,104.12,104.12,105.15,104.12,104.73,104.51,104.63,"45,255","47,35,028.89",247
ICICIPHARM,EQ,2023-12-04,104.51,107.65,109.22,104.32,104.98,104.7,104.8,"26,901","28,19,345.87",302
ICICIPHARM,EQ,2023-12-05,104.7,106.79,106.79,104.5,104.54,104.51,104.83,"36,567","38,33,245.45",208
ICICIPHARM,EQ,2023-12-06,104.51,104.51,105.44,103.71,104.35,104.1,104.39,"44,927","46,90,046.27",223
ICICIPHARM,EQ,2023-12-07,104.1,104.41,104.92,103.89,104.63,104.65,104.33,"25,229","26,32,120.78",177
ICICIPHARM,EQ,2023-12-08,104.65,107.8,107.8,103.76,104.12,104.18,104.13,"18,522","19,28,614.59",282
ICICIPHARM,EQ,2023-12-11,104.18,104.19,104.19,103.28,103.81,103.76,103.56,"14,341","14,85,187.68",277
ICICIPHARM,EQ,2023-12-12,103.76,103.76,104.49,101.68,103.39,103.1,103.5,"18,571","19,22,034.74",246
ICICIPHARM,EQ,2023-12-13,103.1,103.1,104.9,103.01,104.9,104.56,103.35,"1,37,302","1,41,90,640.00",174
ICICIPHARM,EQ,2023-12-14,104.56,106.47,106.47,104.11,104.5,104.43,104.51,"15,458","16,15,505.38",277
ICICIPHARM,EQ,2023-12-15,104.43,106.4,106.4,104.14,105.25,104.94,104.55,"10,581","11,06,275.06",241
ICICIPHARM,EQ,2023-12-18,104.94,104.94,107.0,103.9,105.11,105.1,105.19,"24,334","25,59,728.04",423
ICICIPHARM,EQ,2023-12-19,105.1,105.59,105.63,104.41,105.47,105.28,104.94,"93,472","98,08,981.32",456
HEALTHIETF,EQ,2023-12-20,105.28,105.28,105.85,102.75,102.78,103.1,105.08,"50,832","53,41,612.12",199
HEALTHIETF,EQ,2023-12-21,103.1,106.2,106.2,101.0,104.4,104.25,103.75,"2,19,101","2,27,32,326.59",253
HEALTHIETF,EQ,2023-12-22,104.25,104.25,106.17,104.0,105.18,105.0,104.99,"50,517","53,03,887.78",215
HEALTHIETF,EQ,2023-12-26,105.0,105.0,108.15,104.79,106.45,106.45,106.19,"29,525","31,35,285.17",310
HEALTHIETF,EQ,2023-12-27,106.45,106.25,106.8,106.25,106.65,106.61,106.46,"1,20,131","1,27,88,549.53",203
HEALTHIETF,EQ,2023-12-28,106.61,107.5,108.5,106.0,107.12,108.32,107.49,"79,523","85,47,936.16",251
HEALTHIETF,EQ,2023-12-29,108.32,111.55,111.55,107.26,108.05,107.9,107.87,"71,876","77,53,425.23",320
HEALTHIETF,EQ,2024-01-01,107.9,111.15,112.0,107.71,108.1,108.07,108.09,"11,493","12,42,335.14",323
HEALTHIETF,EQ,2024-01-02,108.07,106.34,110.27,106.34,110.05,110.02,109.5,"56,122","61,45,166.82",606
HEALTHIETF,EQ,2024-01-03,110.02,110.44,112.0,109.81,111.21,111.25,110.73,"38,597","42,73,969.63",341
HEALTHIETF,EQ,2024-01-04,111.25,111.0,111.9,110.78,111.5,111.47,111.29,"35,170","39,13,986.79",366
HEALTHIETF,EQ,2024-01-05,111.47,111.6,113.68,110.2,111.5,110.68,110.62,"79,890","88,37,367.22",384
HEALTHIETF,EQ,2024-01-08,110.68,110.68,112.16,109.5,110.05,109.88,109.97,"48,405","53,22,901.49",335
HEALTHIETF,EQ,2024-01-09,109.88,113.2,113.2,109.88,110.7,110.8,110.56,"33,306","36,82,155.11",217
HEALTHIETF,EQ,2024-01-10,110.8,109.0,111.84,109.0,111.18,111.56,111.01,"38,993","43,28,520.74",233
HEALTHIETF,EQ,2024-01-11,111.56,111.56,111.96,111.13,111.55,111.5,111.52,"12,058","13,44,665.07",209
HEALTHIETF,EQ,2024-01-12,111.5,114.85,114.85,110.85,111.14,111.12,111.23,"16,154","17,96,881.64",262
HEALTHIETF,EQ,2024-01-15,111.12,114.45,114.45,111.0,112.11,112.19,112.1,"27,446","30,76,773.55",280
HEALTHIETF,EQ,2024-01-16,112.19,112.09,112.09,110.68,111.08,110.81,111.12,"33,655","37,39,840.52",404
HEALTHIETF,EQ,2024-01-17,110.81,111.16,111.16,110.0,110.6,110.22,110.42,"20,295","22,40,979.67",272
HEALTHIETF,EQ,2024-01-18,110.22,110.16,111.32,108.02,111.0,110.79,109.55,"67,916","74,40,177.76",284
HEALTHIETF,EQ,2024-01-19,110.79,111.06,111.8,110.96,111.8,111.39,111.11,"37,592","41,76,755.01",170
HEALTHIETF,EQ,2024-01-20,111.39,111.71,112.0,111.0,111.0,111.12,111.49,"7,706","8,59,139.82",162
HEALTHIETF,EQ,2024-01-23,111.12,114.45,114.45,112.0,113.14,112.93,113.23,"1,10,226","1,24,81,040.39",358
HEALTHIETF,EQ,2024-01-24,112.93,115.34,116.3,112.4,113.51,113.91,113.73,"33,929","38,58,640.14",240
HEALTHIETF,EQ,2024-01-25,113.91,114.3,114.3,112.0,112.37,112.43,112.6,"48,032","54,08,439.17",384
HEALTHIETF,EQ,2024-01-29,112.43,115.8,115.8,111.88,113.06,113.03,112.94,"13,052","14,74,035.97",313
HEALTHIETF,EQ,2024-01-30,113.03,113.04,114.33,112.51,113.45,112.93,113.57,"33,797","38,38,363.12",191
HEALTHIETF,EQ,2024-01-31,112.93,112.93,116.07,112.81,115.65,115.67,115.24,"58,266","67,14,653.73",286
HEALTHIETF,EQ,2024-02-01,115.67,117.0,117.0,114.79,115.35,115.33,115.25,"50,523","58,22,740.04",291
HEALTHIETF,EQ,2024-02-02,115.33,115.39,115.83,115.1,115.7,115.26,115.41,"13,303","15,35,335.51",228
HEALTHIETF,EQ,2024-02-05,115.26,118.7,120.46,94.1,117.6,117.55,117.18,"20,413","23,92,042.32",459
HEALTHIETF,EQ,2024-02-06,117.55,117.55,119.28,115.33,118.99,118.76,118.35,"12,015","14,21,980.31",318
HEALTHIETF,EQ,2024-02-07,118.76,118.76,120.68,118.31,119.5,119.23,119.22,"89,400","1,06,58,602.07",285
HEALTHIETF,EQ,2024-02-08,119.23,119.51,120.25,119.01,119.81,119.43,119.71,"23,098","27,65,071.91",293
HEALTHIETF,EQ,2024-02-09,119.43,119.43,121.21,119.3,120.9,120.9,120.04,"34,155","40,99,877.40",355
HEALTHIETF,EQ,2024-02-12,120.9,120.9,122.29,120.9,121.6,121.56,121.64,"40,583","49,36,596.04",386
HEALTHIETF,EQ,2024-02-13,121.56,125.2,125.2,121.76,122.1,122.57,122.38,"33,201","40,63,298.73",298
HEALTHIETF,EQ,2024-02-14,122.57,123.0,123.0,120.4,121.52,120.99,120.82,"47,285","57,13,196.84",413
HEALTHIETF,EQ,2024-02-15,120.99,121.0,122.0,120.77,121.3,121.02,121.0,"18,659","22,57,695.92",247
HEALTHIETF,EQ,2024-02-16,121.02,121.02,122.6,120.91,121.95,122.14,122.01,"6,839","8,34,443.77",243
HEALTHIETF,EQ,2024-02-19,122.14,123.49,123.61,122.26,123.11,123.04,123.11,"15,779","19,42,505.62",322
HEALTHIETF,EQ,2024-02-20,123.04,123.24,123.49,121.9,123.02,123.15,122.64,"18,330","22,47,991.91",335
HEALTHIETF,EQ,2024-02-21,123.15,124.79,125.28,121.76,122.97,122.79,123.38,"18,111","22,34,565.27",292
HEALTHIETF,EQ,2024-02-22,122.79,123.0,123.2,121.56,123.0,122.98,122.48,"9,982","12,22,604.63",255
HEALTHIETF,EQ,2024-02-23,122.98,122.99,124.09,122.98,124.0,123.68,123.7,"20,110","24,87,662.06",253
HEALTHIETF,EQ,2024-02-26,123.68,123.68,124.45,121.23,122.78,122.67,122.87,"21,346","26,22,735.19",411
HEALTHIETF,EQ,2024-02-27,122.67,123.99,124.68,122.05,123.4,123.1,122.98,"24,484","30,11,114.55",212
HEALTHIETF,EQ,2024-02-28,123.1,124.51,125.0,122.01,122.15,122.17,122.87,"27,356","33,61,098.26",294
HEALTHIETF,EQ,2024-02-29,122.17,121.57,121.88,119.12,121.88,121.45,120.83,"47,652","57,57,988.80",388
HEALTHIETF,EQ,2024-03-01,121.45,125.1,125.1,119.7,120.09,119.92,120.27,"96,698","1,16,29,817.85","1,046"
HEALTHIETF,EQ,2024-03-02,119.92,125.28,125.28,120.39,121.0,120.95,121.0,"17,615","21,31,413.61",204
HEALTHIETF,EQ,2024-03-04,120.95,120.95,124.5,120.3,120.9,120.61,120.98,"19,092","23,09,796.87",479
HEALTHIETF,EQ,2024-03-05,120.61,121.0,121.06,119.6,120.76,120.65,120.33,"17,593","21,16,893.02",429
HEALTHIETF,EQ,2024-03-06,120.65,120.65,121.91,119.6,121.91,121.74,120.21,"67,307","80,91,172.22",290
HEALTHIETF,EQ,2024-03-07,121.74,121.74,122.25,121.43,122.24,122.13,122.08,"16,784","20,49,061.29",325
HEALTHIETF,EQ,2024-03-11,122.13,122.13,126.0,122.08,122.65,122.66,122.75,"32,554","39,96,057.79",442
HEALTHIETF,EQ,2024-03-12,122.66,124.45,124.45,120.63,120.95,120.88,121.39,"31,541","38,28,715.90",413
HEALTHIETF,EQ,2024-03-13,120.88,121.39,121.39,116.33,118.0,118.19,118.78,"91,327","1,08,48,138.93",663
HEALTHIETF,EQ,2024-03-14,118.19,120.55,120.55,118.22,119.58,119.84,119.24,"17,187","20,49,426.88",271
HEALTHIETF,EQ,2024-03-15,119.84,119.84,122.18,118.31,119.0,119.12,119.0,"13,322","15,85,367.00",328
HEALTHIETF,EQ,2024-03-18,119.12,119.12,120.71,118.42,120.27,119.94,119.27,"8,112","9,67,497.23",287
HEALTHIETF,EQ,2024-03-19,119.94,119.93,119.94,117.47,117.57,117.74,118.03,"23,933","28,24,701.35",408
HEALTHIETF,EQ,2024-03-20,117.74,117.75,119.59,116.17,118.05,117.59,117.0,"99,395","1,16,29,537.32",357
HEALTHIETF,EQ,2024-03-21,117.59,118.01,119.81,117.55,118.61,118.84,118.07,"15,239","17,99,231.81",251
HEALTHIETF,EQ,2024-03-22,118.84,118.84,120.95,116.84,120.95,120.62,120.06,"4,405","5,28,857.17",204
HEALTHIETF,EQ,2024-03-26,120.62,120.62,121.53,119.72,121.12,120.91,120.36,"33,642","40,49,060.88",396
HEALTHIETF,EQ,2024-03-27,120.91,121.51,121.53,120.35,121.18,120.99,120.92,"18,440","22,29,835.49",269
HEALTHIETF,EQ,2024-03-28,120.99,124.6,124.6,119.6,122.57,122.36,122.33,"49,234","60,22,732.73",290
HEALTHIETF,EQ,2024-04-01,122.36,126.05,126.05,122.39,123.4,123.56,123.49,"25,235","31,16,171.32",417
HEALTHIETF,EQ,2024-04-02,123.56,125.01,125.01,123.01,123.5,123.48,123.62,"23,658","29,24,636.10",303
HEALTHIETF,EQ,2024-04-03,123.48,123.48,123.86,122.7,123.49,123.45,123.38,"18,724","23,10,081.08",784
HEALTHIETF,EQ,2024-04-04,123.45,127.15,127.15,122.11,123.0,123.11,122.79,"24,857","30,52,089.25",445
HEALTHIETF,EQ,2024-04-05,123.11,124.67,124.67,123.0,123.0,123.04,123.52,"27,223","33,62,606.12",386
HEALTHIETF,EQ,2024-04-08,123.04,123.03,124.5,122.97,123.6,123.4,123.51,"9,999","12,34,945.65",344
HEALTHIETF,EQ,2024-04-09,123.4,123.5,124.07,123.4,124.07,123.95,123.76,"11,411","14,12,223.75",260
HEALTHIETF,EQ,2024-04-10,123.95,123.95,124.09,123.11,124.09,124.03,123.77,"12,622","15,62,228.09",329
HEALTHIETF,EQ,2024-04-12,124.03,127.75,127.75,122.17,122.43,122.31,122.73,"44,638","54,78,618.36",714
HEALTHIETF,EQ,2024-04-15,122.31,124.97,124.97,118.65,120.65,120.53,120.69,"60,650","73,20,039.61",612
HEALTHIETF,EQ,2024-04-16,120.53,120.53,121.74,117.38,120.8,120.33,120.12,"14,180","17,03,230.80",324
HEALTHIETF,EQ,2024-04-18,120.33,122.67,122.97,118.21,119.5,118.67,119.77,"44,868","53,73,788.89",659
HEALTHIETF,EQ,2024-04-19,118.67,118.67,119.74,117.02,118.23,118.31,118.07,"31,234","36,87,945.32",718
HEALTHIETF,EQ,2024-04-22,118.31,138.31,138.31,118.32,119.7,119.5,119.3,"15,004","17,89,980.37",400
HEALTHIETF,EQ,2024-04-23,119.5,119.5,120.23,118.06,118.45,118.27,118.6,"33,629","39,88,346.20",724
HEALTHIETF,EQ,2024-04-24,118.27,118.27,120.18,118.27,120.0,119.88,119.68,"11,258","13,47,352.23",332
HEALTHIETF,EQ,2024-04-25,119.88,119.88,121.7,119.53,121.7,121.16,120.18,"46,733","56,16,322.73",367
HEALTHIETF,EQ,2024-04-26,121.16,121.16,122.45,121.16,122.12,121.99,121.98,"44,355","54,10,352.08",480
HEALTHIETF,EQ,2024-04-29,121.99,121.99,123.4,119.84,122.5,122.2,121.85,"89,318","1,08,83,058.15",603
HEALTHIETF,EQ,2024-04-30,122.2,122.39,122.98,121.4,121.42,121.72,122.36,"10,766","13,17,310.94",361
HEALTHIETF,EQ,2024-05-02,121.72,121.71,122.6,121.67,122.42,122.34,122.17,"13,547","16,55,100.13",373
HEALTHIETF,EQ,2024-05-03,122.34,122.35,122.89,121.83,122.17,122.49,122.61,"2,01,223","2,46,72,851.64",544
HEALTHIETF,EQ,2024-05-06,122.49,124.39,124.39,121.5,123.2,122.9,122.63,"11,501","14,10,356.00",384
HEALTHIETF,EQ,2024-05-07,122.9,125.05,125.05,120.02,120.7,120.6,121.18,"59,493","72,09,410.87",588
HEALTHIETF,EQ,2024-05-08,120.6,120.61,121.94,119.39,121.31,120.89,120.57,"19,724","23,78,125.41",343
HEALTHIETF,EQ,2024-05-09,120.89,120.88,122.0,118.13,122.0,118.34,119.2,"38,985","46,46,901.78",741
HEALTHIETF,EQ,2024-05-10,118.34,120.0,120.37,118.2,119.02,119.11,119.17,"25,112","29,92,642.75",397
HEALTHIETF,EQ,2024-05-13,119.11,122.7,122.7,119.12,121.02,121.05,120.11,"25,006","30,03,429.59",515
HEALTHIETF,EQ,2024-05-14,121.05,124.7,124.7,120.2,121.49,120.83,121.19,"4,57,187","5,54,04,221.29",370
HEALTHIETF,EQ,2024-05-15,120.83,123.16,123.16,120.88,123.0,121.72,121.47,"10,055","12,21,375.92",274
HEALTHIETF,EQ,2024-05-16,121.72,121.72,122.99,120.51,122.25,121.99,121.48,"45,058","54,73,546.46",357
HEALTHIETF,EQ,2024-05-17,121.99,121.99,122.5,120.7,122.5,121.8,121.94,"10,671","13,01,190.28",314
HEALTHIETF,EQ,2024-05-18,121.8,123.0,123.21,120.28,122.41,122.33,122.32,"5,432","6,64,425.98",58
HEALTHIETF,EQ,2024-05-21,122.33,122.32,123.99,122.28,123.25,123.1,122.87,"37,772","46,41,122.93",609
HEALTHIETF,EQ,2024-05-22,123.1,123.99,124.15,122.71,123.52,123.84,123.6,"30,031","37,11,796.27",755
HEALTHIETF,EQ,2024-05-23,123.84,124.53,124.99,122.1,124.59,123.14,122.92,"28,703","35,28,258.17",731
HEALTHIETF,EQ,2024-05-24,123.14,123.11,124.54,121.96,122.8,122.53,122.6,"24,829","30,43,958.28",595
HEALTHIETF,EQ,2024-05-27,122.53,124.31,124.31,121.46,123.5,122.41,122.81,"44,148","54,21,911.84",587
HEALTHIETF,EQ,2024-05-28,122.41,126.1,126.1,122.26,123.15,123.01,122.84,"39,866","48,96,943.21",517
HEALTHIETF,EQ,2024-05-29,123.01,122.96,123.79,122.17,122.68,123.02,123.08,"9,798","12,05,943.52",342
HEALTHIETF,EQ,2024-05-30,123.02,124.72,124.72,120.9,124.0,122.67,121.89,"52,577","64,08,676.65",688
HEALTHIETF,EQ,2024-05-31,122.67,122.67,123.6,119.59,123.43,120.21,120.1,"1,44,752","1,73,84,141.14","1,764"
HEALTHIETF,EQ,2024-06-03,120.21,120.34,123.88,119.0,121.98,120.55,120.76,"45,838","55,35,228.97",821
HEALTHIETF,EQ,2024-06-04,120.55,120.06,121.39,116.01,120.7,119.9,119.23,"38,686","46,12,373.71",890
HEALTHIETF,EQ,2024-06-05,119.9,123.5,123.9,118.59,123.0,123.2,122.97,"70,019","86,10,305.96",624
HEALTHIETF,EQ,2024-06-06,123.2,123.42,125.62,122.05,123.1,123.6,123.19,"45,837","56,46,556.81",870
HEALTHIETF,EQ,2024-06-07,123.6,123.2,125.68,122.81,125.59,124.89,124.53,"85,092","1,05,96,204.04","1,213"
HEALTHIETF,EQ,2024-06-10,124.89,128.65,128.65,124.92,126.3,125.97,126.11,"89,793","1,13,23,469.52","1,125"
HEALTHIETF,EQ,2024-06-11,125.97,125.37,127.99,124.11,125.94,125.44,125.87,"33,024","41,56,831.52",659
HEALTHIETF,EQ,2024-06-12,125.44,128.0,128.0,125.44,126.74,126.56,126.12,"53,830","67,88,833.36",610
HEALTHIETF,EQ,2024-06-13,126.56,126.92,127.41,126.35,127.15,127.11,127.01,"67,953","86,30,506.31",668
HEALTHIETF,EQ,2024-06-14,127.11,127.41,128.25,126.0,128.0,127.93,127.77,"72,303","92,37,865.36",766
HEALTHIETF,EQ,2024-06-18,127.93,127.92,130.25,126.64,127.8,127.63,127.25,"1,10,640","1,40,79,280.79","1,033"
HEALTHIETF,EQ,2024-06-19,127.63,127.51,128.5,126.25,127.02,126.49,126.9,"36,242","45,99,042.24",627
HEALTHIETF,EQ,2024-06-20,126.49,126.89,127.63,124.63,127.0,126.4,125.84,"37,730","47,47,780.74",697
HEALTHIETF,EQ,2024-06-21,126.4,127.24,127.6,126.0,126.2,126.13,126.91,"36,722","46,60,556.77",636
HEALTHIETF,EQ,2024-06-24,126.13,126.59,126.59,125.19,125.53,125.7,126.01,"28,400","35,78,542.66",789
HEALTHIETF,EQ,2024-06-25,125.7,125.7,127.89,125.0,125.34,125.94,125.84,"18,807","23,66,708.40",496
HEALTHIETF,EQ,2024-06-26,125.94,126.37,126.99,125.01,126.26,125.76,125.68,"23,156","29,10,145.26",550
HEALTHIETF,EQ,2024-06-27,125.76,125.76,127.08,125.76,126.0,126.4,126.38,"27,029","34,16,057.87",445
HEALTHIETF,EQ,2024-06-28,126.4,126.4,127.98,126.4,127.71,127.65,127.57,"26,719","34,08,586.59",529
HEALTHIETF,EQ,2024-07-01,127.65,127.65,128.0,127.05,127.79,127.79,127.63,"30,446","38,85,768.12",739
HEALTHIETF,EQ,2024-07-02,127.79,127.71,127.89,126.8,127.59,127.38,127.4,"57,553","73,32,507.94",669
HEALTHIETF,EQ,2024-07-03,127.38,127.99,128.4,127.4,127.5,128.23,128.24,"52,635","67,49,756.60",699
HEALTHIETF,EQ,2024-07-04,128.23,128.49,130.31,127.53,129.66,129.44,129.24,"97,851","1,26,46,361.46",883
HEALTHIETF,EQ,2024-07-05,129.44,130.06,132.1,130.01,131.5,131.83,131.45,"64,557","84,86,080.15","1,042"
HEALTHIETF,EQ,2024-07-08,131.83,131.83,135.8,129.19,131.45,131.43,131.78,"55,684","73,38,122.64",824
HEALTHIETF,EQ,2024-07-09,131.43,131.55,133.37,131.32,133.0,132.86,132.03,"39,660","52,36,290.92",629
HEALTHIETF,EQ,2024-07-10,132.86,133.54,133.54,131.11,133.54,133.37,132.53,"36,063","47,79,326.58",844
HEALTHIETF,EQ,2024-07-11,133.37,137.35,137.35,132.05,133.0,132.75,132.56,"75,417","99,97,595.96","1,004"
HEALTHIETF,EQ,2024-07-12,132.75,134.13,134.13,131.71,132.51,132.72,132.36,"50,833","67,28,340.13",723
HEALTHIETF,EQ,2024-07-15,132.72,132.72,134.5,131.15,134.1,134.06,133.88,"44,656","59,78,561.50",857
HEALTHIETF,EQ,2024-07-16,134.06,134.06,135.54,133.5,134.55,133.78,134.0,"29,364","39,34,629.91",535
HEALTHIETF,EQ,2024-07-18,133.78,133.78,134.48,132.56,134.43,134.32,133.57,"44,720","59,73,090.23",699
HEALTHIETF,EQ,2024-07-19,134.32,133.56,134.23,131.48,132.05,132.23,132.48,"52,373","69,38,166.53",938
HEALTHIETF,EQ,2024-07-22,132.23,132.23,134.0,129.65,133.0,133.41,133.19,"51,773","68,95,537.83",853
HEALTHIETF,EQ,2024-07-23,133.41,133.4,134.58,131.67,133.99,134.39,133.0,"54,877","72,98,721.69",826
HEALTHIETF,EQ,2024-07-24,134.39,134.39,135.23,132.62,134.6,134.68,134.37,"29,133","39,14,725.25",737
HEALTHIETF,EQ,2024-07-25,134.68,134.68,135.77,133.62,135.65,135.41,134.65,"59,196","79,70,860.35",966
HEALTHIETF,EQ,2024-07-26,135.41,136.65,139.9,135.86,139.9,139.1,137.74,"74,845","1,03,08,785.71","1,118"
HEALTHIETF,EQ,2024-07-29,139.1,139.1,141.42,138.57,140.0,139.43,139.02,"59,566","82,81,013.32","1,112"
HEALTHIETF,EQ,2024-07-30,139.43,140.08,141.29,138.65,138.66,138.76,139.22,"41,789","58,18,017.85",855
HEALTHIETF,EQ,2024-07-31,138.76,138.76,145.0,138.76,139.75,139.64,139.42,"3,83,668","5,34,89,274.02",715
HEALTHIETF,EQ,2024-08-01,139.64,140.0,141.01,139.41,140.6,140.1,140.07,"52,338","73,31,219.17",981
HEALTHIETF,EQ,2024-08-02,140.1,142.91,142.91,138.21,141.5,141.12,140.72,"39,201","55,16,288.39",799
HEALTHIETF,EQ,2024-08-05,141.12,141.12,141.13,138.08,140.17,139.43,139.84,"65,010","90,91,231.97","1,440"
HEALTHIETF,EQ,2024-08-06,139.43,139.43,141.85,137.03,137.74,138.53,139.53,"32,021","44,67,767.17",714
HEALTHIETF,EQ,2024-08-07,138.53,139.52,141.45,139.52,140.77,141.2,140.57,"22,069","31,02,230.56",566
HEALTHIETF,EQ,2024-08-08,141.2,141.23,146.8,141.0,146.8,142.36,142.18,"39,982","56,84,837.95",661
HEALTHIETF,EQ,2024-08-09,142.36,146.65,146.65,141.59,145.25,141.87,142.21,"91,781","1,30,52,142.95",813
HEALTHIETF,EQ,2024-08-12,141.87,146.15,146.7,140.19,141.6,141.47,141.71,"57,283","81,17,329.01",780
HEALTHIETF,EQ,2024-08-13,141.47,141.17,142.75,141.0,141.0,141.65,142.17,"56,802","80,75,798.40",558
HEALTHIETF,EQ,2024-08-14,141.65,141.65,142.48,140.0,140.0,140.54,140.88,"40,946","57,68,403.54",688
HEALTHIETF,EQ,2024-08-16,140.54,141.78,141.78,140.16,141.6,141.13,140.91,"25,135","35,41,713.49",665
HEALTHIETF,EQ,2024-08-19,141.13,145.35,145.35,141.27,143.94,142.09,141.65,"57,756","81,81,389.48",752
HEALTHIETF,EQ,2024-08-20,142.09,143.94,143.94,141.83,142.4,142.7,142.74,"97,282","1,38,86,400.42",668
HEALTHIETF,EQ,2024-08-21,142.7,143.51,143.98,142.7,143.75,143.86,143.84,"31,660","45,54,027.80",647
HEALTHIETF,EQ,2024-08-22,143.86,139.55,145.1,139.55,145.0,144.07,143.94,"38,400","55,27,379.16",803
HEALTHIETF,EQ,2024-08-23,144.07,148.4,148.4,143.08,144.0,143.88,143.71,"32,432","46,60,672.49",788
HEALTHIETF,EQ,2024-08-26,143.88,143.8,144.17,142.51,144.14,144.07,143.77,"33,665","48,40,158.57","1,047"
HEALTHIETF,EQ,2024-08-27,144.07,144.24,144.8,143.95,144.74,144.61,144.47,"26,350","38,06,779.49",652
HEALTHIETF,EQ,2024-08-28,144.61,144.6,146.76,144.46,146.1,146.33,146.31,"3,32,384","4,86,32,568.43",892
HEALTHIETF,EQ,2024-08-29,146.33,146.33,147.43,145.0,145.95,145.98,145.76,"2,65,719","3,87,31,931.25","1,114"
HEALTHIETF,EQ,2024-08-30,145.98,147.1,149.0,145.98,148.1,147.95,147.42,"57,705","85,06,625.68",841
HEALTHIETF,EQ,2024-09-02,147.95,152.4,152.4,146.51,147.34,146.97,147.36,"79,662","1,17,39,159.14","1,523"
HEALTHIETF,EQ,2024-09-03,146.97,151.4,151.4,146.49,148.0,146.93,147.78,"78,921","1,16,62,610.00",863
HEALTHIETF,EQ,2024-09-04,146.93,146.34,148.24,146.05,147.95,148.09,147.89,"1,48,072","2,18,97,901.69",855
HEALTHIETF,EQ,2024-09-05,148.09,148.09,149.5,147.74,148.0,147.91,148.62,"45,889","68,20,040.01","1,032"
HEALTHIETF,EQ,2024-09-06,147.91,148.4,148.48,146.66,148.48,147.49,147.25,"44,909","66,12,962.76","1,014"
HEALTHIETF,EQ,2024-09-09,147.49,147.48,147.87,145.21,146.77,146.94,146.68,"28,575","41,91,499.62","1,065"
HEALTHIETF,EQ,2024-09-10,146.94,146.94,148.97,146.93,148.59,148.36,148.2,"24,725","36,64,287.71",714
HEALTHIETF,EQ,2024-09-11,148.36,152.8,152.8,148.01,149.32,148.35,149.02,"30,148","44,92,719.04",644
HEALTHIETF,EQ,2024-09-12,148.35,149.0,150.5,148.51,150.5,150.03,149.58,"63,500","94,98,543.10",753
HEALTHIETF,EQ,2024-09-13,150.03,154.55,155.7,149.02,149.02,149.96,149.79,"88,632","1,32,76,199.41",888
HEALTHIETF,EQ,2024-09-16,149.96,149.96,155.0,148.77,152.27,150.52,150.79,"97,475","1,46,98,679.26",979
HEALTHIETF,EQ,2024-09-17,150.52,155.05,155.05,148.72,150.86,150.26,150.38,"1,96,409","2,95,36,825.28","1,167"
HEALTHIETF,EQ,2024-09-18,150.26,149.0,154.5,147.4,151.38,148.45,148.66,"66,397","98,70,513.64","1,622"
HEALTHIETF,EQ,2024-09-19,148.45,148.45,150.98,146.95,148.8,148.21,148.13,"53,637","79,45,108.96",918
HEALTHIETF,EQ,2024-09-20,148.21,152.65,152.65,147.75,149.58,149.63,148.56,"1,14,925","1,70,73,670.02",972
HEALTHIETF,EQ,2024-09-23,149.63,154.1,154.1,149.0,149.83,149.45,149.62,"1,09,636","1,64,04,265.71","1,298"
HEALTHIETF,EQ,2024-09-24,149.45,149.87,150.73,149.45,150.0,149.7,150.01,"58,432","87,65,263.87",884
HEALTHIETF,EQ,2024-09-25,149.7,149.7,150.47,148.73,150.0,149.79,149.37,"35,670","53,27,887.24",873
HEALTHIETF,EQ,2024-09-26,149.79,149.79,150.47,148.11,150.15,149.32,149.07,"1,97,631","2,94,60,477.42","1,437"
HEALTHIETF,EQ,2024-09-27,149.32,149.32,152.49,149.32,152.49,151.38,150.38,"65,875","99,06,111.62",846
HEALTHIETF,EQ,2024-09-30,151.38,155.9,155.9,150.0,150.15,150.25,150.53,"86,491","1,30,19,826.78","1,532"
HEALTHIETF,EQ,2024-10-01,150.25,150.25,151.32,149.32,150.45,150.48,149.86,"50,961","76,36,893.49","1,030"
HEALTHIETF,EQ,2024-10-03,150.48,150.01,150.48,148.49,150.48,149.52,149.28,"44,149","65,90,343.00","1,380"
HEALTHIETF,EQ,2024-10-04,149.52,150.89,150.89,147.51,148.5,148.09,148.43,"1,12,060","1,66,32,507.40","1,174"
HEALTHIETF,EQ,2024-10-07,148.09,148.87,152.28,146.73,148.16,147.53,148.35,"84,378","1,25,17,459.63","1,452"
HEALTHIETF,EQ,2024-10-08,147.53,147.53,150.12,146.75,149.5,150.07,149.14,"41,786","62,31,871.50",821
HEALTHIETF,EQ,2024-10-09,150.07,150.06,153.98,149.78,152.28,152.52,152.37,"97,937","1,49,22,198.34","1,115"
HEALTHIETF,EQ,2024-10-10,152.52,152.56,153.9,148.6,150.4,149.82,150.6,"1,79,238","2,69,93,321.92","1,886"
HEALTHIETF,EQ,2024-10-11,149.82,150.75,151.35,149.12,151.2,151.11,150.63,"51,632","77,77,437.01",699
HEALTHIETF,EQ,2024-10-14,151.11,120.0,151.91,120.0,151.79,151.49,150.99,"49,151","74,21,521.38","1,029"
HEALTHIETF,EQ,2024-10-15,151.49,151.81,154.49,150.8,151.71,151.12,151.58,"58,342","88,43,749.07",901
HEALTHIETF,EQ,2024-10-16,151.12,151.12,152.25,150.03,151.7,150.88,150.9,"38,768","58,49,933.61",712
HEALTHIETF,EQ,2024-10-17,150.88,150.89,151.52,148.9,149.0,149.33,150.05,"62,392","93,61,987.11","1,006"
HEALTHIETF,EQ,2024-10-18,149.33,149.34,153.95,148.24,150.02,149.86,149.27,"77,562","1,15,77,579.07",938
HEALTHIETF,EQ,2024-10-21,149.86,149.86,151.0,148.25,149.0,148.51,149.15,"92,845","1,38,47,407.37","1,175"
HEALTHIETF,EQ,2024-10-22,148.51,152.95,152.95,146.05,148.0,146.42,147.53,"71,652","1,05,70,553.84","1,314"
HEALTHIETF,EQ,2024-10-23,146.42,146.41,147.1,144.4,144.75,144.78,145.92,"42,949","62,67,206.55","1,408"
HEALTHIETF,EQ,2024-10-24,144.78,144.78,147.7,144.1,146.0,145.3,144.95,"50,097","72,61,442.50","1,010"
HEALTHIETF,EQ,2024-10-25,145.3,145.3,149.4,144.85,149.4,145.71,145.58,"29,584","43,06,807.90",987
HEALTHIETF,EQ,2024-10-28,145.71,150.1,150.1,141.92,148.8,147.88,146.65,"56,932","83,49,061.72","1,108"
HEALTHIETF,EQ,2024-10-29,147.88,147.88,148.87,145.18,147.4,146.65,146.29,"93,167","1,36,29,401.98","1,204"
HEALTHIETF,EQ,2024-10-30,146.65,146.27,146.5,143.89,146.48,145.15,144.96,"74,006","1,07,28,077.97","1,495"
HEALTHIETF,EQ,2024-10-31,145.15,147.1,147.47,145.7,146.73,147.21,146.83,"47,230","69,34,876.70",677
HEALTHIETF,EQ,2024-11-01,147.21,147.21,152.7,146.95,150.0,150.02,150.12,"20,966","31,47,339.46",387
HEALTHIETF,EQ,2024-11-04,150.02,147.53,148.07,145.36,146.5,146.47,146.38,"1,68,851","2,47,15,908.42","2,098"
HEALTHIETF,EQ,2024-11-05,146.47,150.85,150.85,144.69,146.7,146.85,146.1,"81,880","1,19,62,275.57","1,051"
HEALTHIETF,EQ,2024-11-06,146.85,146.85,148.99,146.85,148.92,148.76,148.2,"89,384","1,32,46,946.04",743
HEALTHIETF,EQ,2024-11-07,148.76,148.76,151.07,146.66,149.19,147.02,147.75,"62,446","92,26,257.88",908
HEALTHIETF,EQ,2024-11-08,147.02,147.02,148.38,146.76,147.0,147.23,147.35,"42,031","61,93,307.01",745
HEALTHIETF,EQ,2024-11-11,147.23,147.22,148.11,145.03,145.75,145.67,146.27,"1,11,528","1,63,13,099.34","1,491"
HEALTHIETF,EQ,2024-11-12,145.67,145.36,146.69,143.82,143.85,144.19,145.5,"33,515","48,76,516.43",988
HEALTHIETF,EQ,2024-11-13,144.19,144.1,144.18,141.2,142.6,141.58,141.97,"98,554","1,39,91,341.56","1,354"
HEALTHIETF,EQ,2024-11-14,141.58,141.57,143.31,138.45,141.49,141.56,141.75,"78,789","1,11,68,670.48",906
HEALTHIETF,EQ,2024-11-18,141.56,141.56,143.5,139.46,143.5,140.01,140.36,"81,895","1,14,94,524.86","1,609"
HEALTHIETF,EQ,2024-11-19,140.01,140.0,142.6,139.58,142.0,141.13,141.09,"37,299","52,62,550.42",781
HEALTHIETF,EQ,2024-11-21,141.13,141.03,142.0,139.83,142.0,140.43,140.56,"60,595","85,17,308.34","1,180"
HEALTHIETF,EQ,2024-11-22,140.43,140.43,143.5,140.37,142.6,142.71,142.0,"44,982","63,87,258.33",840
HEALTHIETF,EQ,2024-11-25,142.71,142.71,144.89,142.71,143.65,143.57,143.59,"79,683","1,14,41,468.26","1,191"
HEALTHIETF,EQ,2024-11-26,143.57,143.57,144.43,141.53,143.99,142.63,143.29,"75,897","1,08,75,498.77",968
HEALTHIETF,EQ,2024-11-27,142.63,146.9,146.91,141.76,142.5,142.32,142.32,"43,982","62,59,315.10","1,033"
HEALTHIETF,EQ,2024-11-28,142.32,142.32,142.73,140.85,141.83,141.26,141.31,"52,412","74,06,574.28","1,318"
HEALTHIETF,EQ,2024-11-29,141.26,141.83,144.37,141.68,143.55,143.78,143.71,"24,137","34,68,779.08",741
HEALTHIETF,EQ,2024-12-02,143.78,143.78,148.7,143.78,145.62,145.97,145.25,"42,302","61,44,440.65","1,278"
HEALTHIETF,EQ,2024-12-03,145.97,145.97,147.17,145.74,147.0,146.15,146.23,"57,133","83,54,456.02",902
HEALTHIETF,EQ,2024-12-04,146.15,146.15,147.08,145.31,145.85,146.32,145.88,"43,765","63,84,522.04","1,019"
HEALTHIETF,EQ,2024-12-05,146.32,141.95,150.7,141.95,147.34,146.59,146.2,"39,701","58,04,173.18","1,082"
HEALTHIETF,EQ,2024-12-06,146.59,151.0,151.0,146.6,147.5,147.15,147.09,"42,204","62,07,868.79",842
HEALTHIETF,EQ,2024-12-09,147.15,147.0,147.14,145.87,146.56,146.42,146.35,"62,732","91,81,004.67","1,297"
HEALTHIETF,EQ,2024-12-10,146.42,150.8,150.8,145.75,146.72,146.4,146.39,"60,091","87,96,626.72","1,062"
HEALTHIETF,EQ,2024-12-11,146.4,146.4,147.55,145.63,147.55,146.76,146.67,"26,405","38,72,941.87","1,685"
HEALTHIETF,EQ,2024-12-12,146.76,146.76,149.97,146.11,147.47,146.53,146.91,"68,675","1,00,89,053.77","1,024"
HEALTHIETF,EQ,2024-12-13,146.53,146.56,148.5,144.01,146.39,146.59,145.51,"56,047","81,55,653.52","1,294"
HEALTHIETF,EQ,2024-12-16,146.59,146.58,146.98,145.51,146.3,146.58,146.05,"56,374","82,33,593.68","1,564"
HEALTHIETF,EQ,2024-12-17,146.58,146.57,147.23,145.5,145.75,145.78,146.32,"22,453","32,85,344.81","1,000"
HEALTHIETF,EQ,2024-12-18,145.78,145.79,147.5,145.78,145.78,146.56,146.83,"54,176","79,54,799.17",938
HEALTHIETF,EQ,2024-12-19,146.56,146.5,148.5,145.01,148.41,148.37,147.69,"57,475","84,88,384.24","1,032"
HEALTHIETF,EQ,2024-12-20,148.37,148.37,149.47,146.53,148.69,147.59,148.62,"72,687","1,08,02,591.58","1,127"
HEALTHIETF,EQ,2024-12-23,147.59,147.55,148.73,146.63,147.3,147.09,146.92,"5,37,948","7,90,33,525.45","1,320"
HEALTHIETF,EQ,2024-12-24,147.09,147.09,148.35,145.03,145.03,146.97,147.73,"27,730","40,96,637.18",838
HEALTHIETF,EQ,2024-12-26,146.97,146.97,149.05,146.9,148.6,148.34,147.45,"33,333","49,15,073.30","1,148"
HEALTHIETF,EQ,2024-12-27,148.34,148.33,150.0,146.0,149.55,149.6,149.49,"37,858","56,59,221.29","1,019"
HEALTHIETF,EQ,2024-12-30,149.6,149.6,152.0,148.43,149.6,151.36,150.77,"70,311","1,06,00,522.13","1,503"
HEALTHIETF,EQ,2024-12-31,151.36,151.29,153.04,148.36,151.71,152.21,152.32,"5,36,094","8,16,55,491.60","1,279"
HEALTHIETF,EQ,2025-01-01,152.21,150.11,153.08,150.11,152.75,152.89,152.78,"80,029","1,22,26,607.43","1,095"
HEALTHIETF,EQ,2025-01-02,152.89,152.89,153.71,151.9,153.2,153.13,152.87,"54,857","83,85,842.62","1,079"
HEALTHIETF,EQ,2025-01-03,153.13,157.7,157.7,151.1,152.0,151.68,152.13,"87,930","1,33,76,620.99","2,001"
HEALTHIETF,EQ,2025-01-06,151.68,153.34,153.34,150.0,152.96,151.04,150.95,"83,196","1,25,58,112.25","1,920"
HEALTHIETF,EQ,2025-01-07,151.04,151.04,153.43,150.72,152.35,152.44,152.45,"49,085","74,83,144.82","1,115"
HEALTHIETF,EQ,2025-01-08,152.44,152.44,153.8,150.1,151.74,150.68,151.48,"54,154","82,03,148.31","1,211"
HEALTHIETF,EQ,2025-01-09,150.68,150.68,151.24,149.26,150.99,150.15,150.22,"40,083","60,21,132.42","1,025"
HEALTHIETF,EQ,2025-01-10,150.15,150.11,150.15,146.53,147.01,146.85,148.32,"1,06,525","1,57,99,889.64","1,717"
HEALTHIETF,EQ,2025-01-13,146.85,146.25,150.0,142.4,148.0,145.44,144.43,"1,24,375","1,79,63,572.21","2,743"
HEALTHIETF,EQ,2025-01-14,145.44,144.6,145.19,142.95,145.19,144.49,143.8,"56,167","80,76,588.44","1,186"
HEALTHIETF,EQ,2025-01-15,144.49,144.4,145.63,141.88,142.12,142.85,142.65,"44,858","63,98,890.51","1,404"
HEALTHIETF,EQ,2025-01-16,142.85,142.86,143.4,142.0,142.35,142.39,142.18,"11,47,894","16,32,07,630.20","1,539"
HEALTHIETF,EQ,2025-01-17,142.39,142.38,143.69,141.82,143.0,143.32,142.74,"32,737","46,72,817.37",881
HEALTHIETF,EQ,2025-01-20,143.32,143.32,147.99,141.55,144.0,144.22,142.99,"45,362","64,86,282.25","1,461"
HEALTHIETF,EQ,2025-01-21,144.22,144.22,145.82,142.0,144.5,143.11,144.26,"51,723","74,61,560.22","1,152"
HEALTHIETF,EQ,2025-01-22,143.11,143.12,144.29,142.4,144.0,143.49,142.74,"1,25,624","1,79,32,060.85","1,118"
HEALTHIETF,EQ,2025-01-23,143.49,143.48,146.37,142.81,145.6,145.61,145.21,"43,983","63,86,984.79",974
HEALTHIETF,EQ,2025-01-24,145.61,145.61,145.61,142.11,143.95,142.78,143.42,"86,659","1,24,28,716.91","1,737"
HEALTHIETF,EQ,2025-01-27,142.78,145.78,145.78,138.61,140.0,139.24,139.79,"64,800","90,58,469.55","2,041"
HEALTHIETF,EQ,2025-01-28,139.24,139.24,139.95,135.25,137.0,136.07,136.17,"1,37,979","1,87,88,906.44","1,785"
HEALTHIETF,EQ,2025-01-29,136.07,136.07,139.0,136.07,139.0,138.52,137.87,"59,909","82,59,861.90","1,042"
HEALTHIETF,EQ,2025-01-30,138.52,138.52,140.55,138.44,140.37,140.29,139.58,"2,15,528","3,00,84,022.54","1,415"
HEALTHIETF,EQ,2025-01-31,140.29,140.29,141.9,139.84,141.89,140.68,140.59,"1,66,197","2,33,65,653.89","1,200"
HEALTHIETF,EQ,2025-02-01,140.68,140.68,142.07,139.35,141.85,140.54,140.65,"69,312","97,48,596.06",945
HEALTHIETF,EQ,2025-02-03,140.54,140.54,141.98,138.93,140.91,140.77,140.2,"1,46,987","2,06,07,192.21","1,399"
HEALTHIETF,EQ,2025-02-04,140.77,140.77,143.21,140.56,142.7,142.97,142.46,"43,066","61,35,008.64",983
HEALTHIETF,EQ,2025-02-05,142.97,142.97,144.72,142.31,144.44,144.25,144.26,"1,14,726","1,65,50,297.56","1,070"
HEALTHIETF,EQ,2025-02-06,144.25,144.25,145.52,144.21,144.34,144.88,144.92,"50,184","72,72,842.81",935
HEALTHIETF,EQ,2025-02-07,144.88,144.87,146.62,143.78,145.9,145.33,144.9,"1,70,934","2,47,68,455.20","1,025"
HEALTHIETF,EQ,2025-02-10,145.33,146.75,149.7,141.61,145.0,142.15,142.16,"1,09,935","1,56,28,229.42","1,850"
HEALTHIETF,EQ,2025-02-11,142.15,143.98,144.0,137.69,141.5,138.82,139.17,"52,564","73,15,552.38","1,792"
HEALTHIETF,EQ,2025-02-12,138.82,138.83,139.03,136.24,137.8,137.27,137.3,"73,951","1,01,53,746.04","1,275"
HEALTHIETF,EQ,2025-02-13,137.27,137.27,140.79,136.56,140.01,139.42,139.92,"73,943","1,03,46,270.86","1,139"
HEALTHIETF,EQ,2025-02-14,139.42,141.51,141.51,135.02,135.84,135.75,136.0,"1,45,459","1,97,82,056.63","1,915"
HEALTHIETF,EQ,2025-02-17,135.75,131.7,137.96,131.7,137.78,137.75,136.66,"53,684","73,36,468.88","1,249"
HEALTHIETF,EQ,2025-02-18,137.75,137.74,138.81,136.57,136.83,137.23,136.91,"48,908","66,95,864.21","1,169"
HEALTHIETF,EQ,2025-02-19,137.23,136.01,137.2,133.61,136.31,136.41,135.47,"50,583","68,52,388.63","1,183"
HEALTHIETF,EQ,2025-02-20,136.41,136.01,137.5,135.56,136.7,136.68,136.37,"24,135","32,91,358.32",914
HEALTHIETF,EQ,2025-02-21,136.68,136.68,137.97,133.55,135.8,134.16,134.5,"82,463","1,10,91,404.93","2,281"
HEALTHIETF,EQ,2025-02-24,134.16,135.43,135.43,133.01,133.99,133.76,133.84,"74,604","99,84,956.90","1,488"
HEALTHIETF,EQ,2025-02-25,133.76,133.76,134.78,132.23,133.8,132.91,133.18,"49,810","66,33,562.99",963
HEALTHIETF,EQ,2025-02-27,132.91,133.0,133.9,131.55,132.3,132.52,132.28,"83,595","1,10,57,588.46","1,513"
HEALTHIETF,EQ,2025-02-28,132.52,132.45,132.81,129.01,129.3,129.54,130.1,"86,560","1,12,61,282.65","2,159"
HEALTHIETF,EQ,2025-03-03,129.54,129.47,132.9,128.49,132.9,130.18,129.18,"56,525","73,01,924.63","1,732"
HEALTHIETF,EQ,2025-03-04,130.18,128.78,130.49,128.14,129.9,129.92,129.36,"1,22,285","1,58,19,063.55","1,288"
HEALTHIETF,EQ,2025-03-05,129.92,133.8,133.8,129.01,131.31,131.55,131.11,"68,938","90,38,777.11","1,032"
HEALTHIETF,EQ,2025-03-06,131.55,132.07,133.81,132.07,133.68,133.36,133.24,"48,188","64,20,705.36",912
HEALTHIETF,EQ,2025-03-07,133.36,133.36,135.9,132.51,135.43,133.18,133.54,"39,226","52,38,357.06","1,002"
HEALTHIETF,EQ,2025-03-10,133.18,133.18,134.09,131.95,132.38,132.17,132.76,"53,774","71,39,159.59","1,512"
HEALTHIETF,EQ,2025-03-11,132.17,128.2,133.57,128.2,133.57,133.04,132.8,"16,786","22,29,129.66",760
HEALTHIETF,EQ,2025-03-12,133.04,133.04,135.55,132.08,133.8,133.88,132.84,"33,280","44,21,069.44",824
HEALTHIETF,EQ,2025-03-13,133.88,133.89,135.0,133.07,135.0,133.47,133.71,"18,000","24,06,749.01",794
HEALTHIETF,EQ,2025-03-17,133.47,133.47,135.81,133.47,135.65,135.47,135.26,"37,310","50,46,558.14","1,447"
HEALTHIETF,EQ,2025-03-18,135.47,135.47,137.78,135.47,137.76,137.64,136.69,"32,820","44,86,058.28",891
HEALTHIETF,EQ,2025-03-19,137.64,137.64,139.69,137.2,139.0,139.41,138.64,"29,125","40,37,880.06",927
HEALTHIETF,EQ,2025-03-20,139.41,140.49,141.21,139.36,141.21,140.95,140.6,"38,506","54,13,980.65","1,155"
HEALTHIETF,EQ,2025-03-21,140.95,141.01,143.4,141.01,142.55,143.11,142.74,"65,433","93,39,682.29","1,613"
HEALTHIETF,EQ,2025-03-24,143.11,145.32,147.99,142.74,143.7,143.54,143.59,"1,06,789","1,53,33,998.10","1,760"
HEALTHIETF,EQ,2025-03-25,143.54,143.99,145.66,141.9,142.8,142.55,142.85,"1,25,492","1,79,26,603.22","1,602"
HEALTHIETF,EQ,2025-03-26,142.55,142.5,142.55,140.52,140.75,140.75,141.12,"38,817","54,77,839.42","1,706"
HEALTHIETF,EQ,2025-03-27,140.75,143.57,143.57,138.91,142.83,140.12,139.43,"67,810","94,54,443.90","1,709"
HEALTHIETF,EQ,2025-03-28,140.12,139.13,142.83,138.92,142.83,140.02,139.65,"54,417","75,99,102.69","1,947"
HEALTHIETF,EQ,2025-04-01,140.02,140.02,141.06,137.0,137.47,137.17,137.82,"67,067","92,42,902.53","1,739"
HEALTHIETF,EQ,2025-04-02,137.17,137.16,139.0,136.75,139.0,138.66,137.97,"39,143","54,00,542.80",870
HEALTHIETF,EQ,2025-04-03,138.66,139.0,148.0,135.89,141.19,141.1,141.8,"4,44,499","6,30,28,530.85","1,838"
HEALTHIETF,EQ,2025-04-04,141.1,141.09,141.33,134.16,137.1,137.02,136.64,"27,15,838","37,11,01,366.52","2,218"
HEALTHIETF,EQ,2025-04-07,137.02,132.9,135.15,130.0,132.25,133.74,133.12,"1,02,410","1,36,32,543.02","2,558"
HEALTHIETF,EQ,2025-04-08,133.74,135.5,136.06,133.38,135.66,135.41,135.29,"73,400","99,30,523.25",936
HEALTHIETF,EQ,2025-04-09,135.41,134.34,135.63,132.99,133.5,134.06,134.14,"83,908","1,12,55,235.97","1,109"
HEALTHIETF,EQ,2025-04-11,134.06,134.06,138.99,134.06,136.25,135.43,135.54,"5,43,509","7,36,66,174.28","1,191"
HEALTHIETF,EQ,2025-04-15,135.43,135.43,138.97,135.43,138.49,138.24,137.85,"63,248","87,18,649.56","1,475"
HEALTHIETF,EQ,2025-04-16,138.24,138.23,138.81,137.48,137.91,138.1,138.31,"62,555","86,52,242.44",898
HEALTHIETF,EQ,2025-04-17,138.1,138.1,140.13,138.09,139.82,140.0,139.51,"56,643","79,02,459.71",884
HEALTHIETF,EQ,2025-04-21,140.0,140.0,141.56,137.75,140.9,141.03,140.45,"81,194","1,14,03,701.30","1,876"
HEALTHIETF,EQ,2025-04-22,141.03,140.96,142.19,140.12,141.72,141.91,141.72,"83,159","1,17,85,249.72",931
HEALTHIETF,EQ,2025-04-23,141.91,142.36,144.02,141.91,143.8,143.67,142.88,"92,854","1,32,66,985.94",908
HEALTHIETF,EQ,2025-04-24,143.67,143.0,145.26,143.0,143.5,144.23,144.19,"72,637","1,04,73,704.91","1,084"
HEALTHIETF,EQ,2025-04-25,144.23,144.23,146.82,140.0,141.0,140.78,140.92,"5,28,442","7,44,66,467.81","1,560"
HEALTHIETF,EQ,2025-04-28,140.78,143.75,144.2,139.86,143.9,143.89,143.69,"78,382","1,12,62,758.96","1,753"
HEALTHIETF,EQ,2025-04-29,143.89,143.89,144.81,142.29,142.5,142.89,143.12,"67,951","97,24,896.88",995
HEALTHIETF,EQ,2025-04-30,142.89,142.89,144.58,142.79,142.8,143.45,143.77,"74,363","1,06,91,020.83","1,083"
HEALTHIETF,EQ,2025-05-02,143.45,143.01,144.49,141.79,142.74,142.64,142.72,"99,328","1,41,76,443.86","1,538"
HEALTHIETF,EQ,2025-05-05,142.64,142.64,144.0,142.57,143.95,143.89,143.53,"1,07,316","1,54,02,853.59","1,524"
HEALTHIETF,EQ,2025-05-06,143.89,143.89,143.89,141.8,142.84,143.04,143.09,"37,760","54,03,093.36",919
HEALTHIETF,EQ,2025-05-07,143.04,142.0,143.03,141.3,142.5,142.12,142.18,"72,554","1,03,15,447.22","1,094"
HEALTHIETF,EQ,2025-05-08,142.12,142.12,142.83,139.35,139.35,139.84,140.86,"62,510","88,05,283.27","1,789"
HEALTHIETF,EQ,2025-05-09,139.84,140.54,140.54,137.56,139.0,139.69,139.0,"65,160","90,57,411.49","1,103"
HEALTHIETF,EQ,2025-05-12,139.69,139.69,141.02,137.06,141.02,140.62,139.28,"1,81,905","2,53,35,135.83","1,934"
HEALTHIETF,EQ,2025-05-13,140.62,142.49,143.0,140.72,141.55,141.67,141.98,"8,99,906","12,77,67,082.78","1,317"
HEALTHIETF,EQ,2025-05-14,141.67,141.66,142.7,140.6,142.4,142.3,142.07,"63,133","89,69,412.32",908
HEALTHIETF,EQ,2025-05-15,142.3,142.3,144.23,141.85,144.03,143.9,143.21,"50,976","73,00,294.31","1,022"
HEALTHIETF,EQ,2025-05-16,143.9,146.27,146.27,142.67,144.11,143.8,143.47,"1,08,510","1,55,67,606.63","1,374"
HEALTHIETF,EQ,2025-05-19,143.8,148.11,148.11,143.8,144.2,144.44,144.85,"1,15,152","1,66,79,264.42","1,849"
HEALTHIETF,EQ,2025-05-20,144.44,144.44,144.71,141.96,142.3,142.25,142.75,"1,30,628","1,86,46,853.86","1,837"
HEALTHIETF,EQ,2025-05-21,142.25,142.25,144.56,142.25,143.9,143.26,143.73,"1,24,718","1,79,26,011.34","1,208"
HEALTHIETF,EQ,2025-05-22,143.26,143.25,143.25,141.76,143.18,142.78,142.39,"58,028","82,62,456.63","1,164"
HEALTHIETF,EQ,2025-05-23,142.78,142.78,143.3,140.75,143.3,142.81,142.38,"1,00,842","1,43,57,453.42","1,198"
HEALTHIETF,EQ,2025-05-26,142.81,142.64,143.78,142.64,143.7,143.12,143.24,"93,852","1,34,43,297.00","1,734"
HEALTHIETF,EQ,2025-05-27,143.12,143.12,144.08,142.44,143.48,143.06,142.88,"87,213","1,24,61,403.88","1,151"
HEALTHIETF,EQ,2025-05-28,143.06,143.06,143.77,141.8,142.88,142.11,142.46,"1,36,840","1,94,93,973.77","1,607"
HEALTHIETF,EQ,2025-05-29,142.11,142.82,142.9,141.57,142.88,142.67,142.05,"47,550","67,54,378.36",840
HEALTHIETF,EQ,2025-05-30,142.67,142.67,143.64,141.5,143.3,142.04,142.24,"82,823","1,17,80,995.59",920
HEALTHIETF,EQ,2025-06-02,142.04,142.01,142.45,141.1,142.34,141.93,141.82,"62,421","88,52,778.12","1,537"
HEALTHIETF,EQ,2025-06-03,141.93,141.93,144.06,140.8,141.59,141.47,141.56,"56,333","79,74,535.39","1,285"
HEALTHIETF,EQ,2025-06-04,141.47,141.4,142.03,141.05,141.93,141.85,141.59,"33,394","47,28,304.78",957
HEALTHIETF,EQ,2025-06-05,141.85,146.11,146.11,141.85,144.0,143.41,143.27,"1,00,793","1,44,40,897.02","1,082"
HEALTHIETF,EQ,2025-06-06,143.41,143.41,144.14,142.57,144.14,144.08,143.44,"44,145","63,32,279.66","1,022"
HEALTHIETF,EQ,2025-06-09,144.08,147.68,147.68,143.79,144.75,144.76,144.33,"1,54,921","2,23,59,880.10","1,897"
HEALTHIETF,EQ,2025-06-10,144.76,144.76,145.86,144.6,145.49,145.32,145.11,"86,248","1,25,15,532.57","1,133"
HEALTHIETF,EQ,2025-06-11,145.32,145.32,146.22,145.13,146.0,145.76,145.68,"97,828","1,42,51,094.31","1,081"
HEALTHIETF,EQ,2025-06-12,145.76,145.87,147.77,145.36,146.0,145.88,146.79,"1,12,146","1,64,61,614.40","1,488"
HEALTHIETF,EQ,2025-06-13,145.88,145.88,146.41,144.36,146.39,146.1,145.53,"63,084","91,80,805.08","1,047"
HEALTHIETF,EQ,2025-06-16,146.1,146.83,150.28,144.95,147.0,146.98,146.47,"87,877","1,28,71,419.16","1,390"
HEALTHIETF,EQ,2025-06-17,146.98,146.98,146.98,143.76,144.56,144.39,145.13,"1,10,948","1,61,01,807.23","1,889"
HEALTHIETF,EQ,2025-06-18,144.39,147.27,147.27,143.26,144.0,143.54,143.68,"51,515","74,01,490.85","1,050"
HEALTHIETF,EQ,2025-06-19,143.54,143.54,144.99,142.0,142.43,142.33,142.51,"72,346","1,03,10,166.61","1,195"
HEALTHIETF,EQ,2025-06-20,142.33,142.33,144.0,142.33,144.0,143.64,143.15,"34,306","49,10,777.82",924
HEALTHIETF,EQ,2025-06-23,143.64,143.62,144.0,142.39,143.54,143.45,143.55,"8,50,379","12,20,71,154.88","1,630"
HEALTHIETF,EQ,2025-06-24,143.45,143.45,144.86,143.44,143.75,143.8,144.24,"69,300","99,95,644.92",898
HEALTHIETF,EQ,2025-06-25,143.8,143.79,145.33,143.79,144.0,145.05,144.72,"93,737","1,35,65,559.84",965
HEALTHIETF,EQ,2025-06-26,145.05,142.98,146.14,140.71,144.85,145.57,145.42,"1,32,356","1,92,47,753.28",998
HEALTHIETF,EQ,2025-06-27,145.57,145.99,148.49,145.82,146.44,146.84,146.44,"83,045","1,21,61,161.14","1,011"
HEALTHIETF,EQ,2025-06-30,146.84,146.84,148.0,146.51,147.5,147.43,147.38,"63,150","93,07,008.22","1,574"
HEALTHIETF,EQ,2025-07-01,147.43,148.49,148.69,146.8,147.84,147.72,147.56,"67,163","99,10,850.06","1,179"
HEALTHIETF,EQ,2025-07-02,147.72,151.41,151.41,146.87,148.11,148.15,148.15,"82,174","1,21,73,776.92","1,139"
HEALTHIETF,EQ,2025-07-03,148.15,148.89,149.25,148.3,148.79,148.91,148.86,"46,424","69,10,583.14","1,120"
HEALTHIETF,EQ,2025-07-04,148.91,153.38,153.38,148.76,150.15,150.46,150.11,"1,57,825","2,36,91,323.60","1,383"
HEALTHIETF,EQ,2025-07-07,150.46,154.22,154.22,149.48,149.94,150.18,150.2,"1,14,594","1,72,11,556.30","1,737"
HEALTHIETF,EQ,2025-07-08,150.18,150.18,150.81,147.86,149.0,148.93,148.75,"64,206","95,50,532.79","1,769"
HEALTHIETF,EQ,2025-07-09,148.93,148.84,149.54,148.36,148.53,148.65,148.81,"63,152","93,97,546.51","1,063"
HEALTHIETF,EQ,2025-07-10,148.65,148.58,148.65,147.2,148.5,147.94,147.62,"47,339","69,88,058.88","1,352"
HEALTHIETF,EQ,2025-07-11,147.94,147.94,149.93,147.37,147.95,147.99,148.08,"57,273","84,81,245.56","1,045"
HEALTHIETF,EQ,2025-07-14,147.99,147.98,150.7,146.92,149.03,149.5,149.14,"1,04,478","1,55,81,389.59","1,395"
HEALTHIETF,EQ,2025-07-15,149.5,147.62,153.99,147.62,151.44,151.34,150.74,"75,194","1,13,34,946.90","1,186"
HEALTHIETF,EQ,2025-07-16,151.34,151.26,152.14,150.1,150.25,150.36,150.73,"29,024","43,74,891.24","1,093"
HEALTHIETF,EQ,2025-07-17,150.36,150.49,151.58,150.36,150.69,150.7,150.94,"31,949","48,22,426.94",862
HEALTHIETF,EQ,2025-07-18,150.7,152.67,152.67,149.28,150.09,150.09,149.92,"45,262","67,85,891.17",984
HEALTHIETF,EQ,2025-07-21,150.09,150.48,150.48,148.88,149.8,149.78,149.79,"33,680","50,44,925.62","1,233"
HEALTHIETF,EQ,2025-07-22,149.78,151.8,151.8,147.98,148.6,148.33,148.31,"96,885","1,43,68,909.14","1,254"
HEALTHIETF,EQ,2025-07-23,148.33,148.33,149.75,148.04,149.5,149.47,149.23,"47,039","70,19,699.01",803
HEALTHIETF,EQ,2025-07-24,149.47,150.68,150.99,149.36,150.0,150.38,150.51,"65,199","98,12,850.86",907
HEALTHIETF,EQ,2025-07-25,150.38,149.82,152.07,149.82,152.0,151.68,151.24,"66,074","99,92,780.36","1,188"
HEALTHIETF,EQ,2025-07-28,151.68,151.68,152.91,151.21,151.49,152.04,152.01,"66,946","1,01,76,338.36","1,562"
HEALTHIETF,EQ,2025-07-29,152.04,155.84,155.84,148.23,153.46,153.76,152.92,"72,107","1,10,26,940.04",951
HEALTHIETF,EQ,2025-07-30,153.76,153.88,154.45,153.11,153.51,153.87,153.91,"69,040","1,06,26,193.03",859
HEALTHIETF,EQ,2025-07-31,153.87,153.48,153.49,150.62,150.87,152.02,152.26,"1,96,227","2,98,76,925.62","1,444"
HEALTHIETF,EQ,2025-08-01,152.02,151.57,151.57,147.58,148.24,148.05,148.61,"2,38,246","3,54,06,025.00","2,703"
HEALTHIETF,EQ,2025-08-04,148.05,148.05,149.17,146.94,149.09,148.74,148.29,"66,058","97,95,593.23","1,775"
HEALTHIETF,EQ,2025-08-05,148.74,148.67,149.18,147.35,148.86,148.34,148.18,"29,755","44,09,155.77","1,408"
HEALTHIETF,EQ,2025-08-06,148.34,148.16,148.16,145.13,145.76,145.29,145.81,"74,339","1,08,39,585.80","1,768"
HEALTHIETF,EQ,2025-08-07,145.29,145.29,147.89,143.88,147.89,146.26,145.48,"90,867","1,32,19,377.20","1,244"
HEALTHIETF,EQ,2025-08-08,146.26,146.26,146.5,144.51,145.84,144.85,145.29,"40,907","59,43,415.56","1,189"
HEALTHIETF,EQ,2025-08-11,144.85,144.85,146.77,144.25,146.01,146.5,145.97,"64,629","94,34,022.71","1,416"
HEALTHIETF,EQ,2025-08-12,146.5,150.9,150.9,146.0,147.55,147.24,146.83,"29,693","43,59,969.77",762
HEALTHIETF,EQ,2025-08-13,147.24,147.24,151.48,147.24,151.48,150.21,149.51,"52,419","78,36,905.10","1,178"
HEALTHIETF,EQ,2025-08-14,150.21,150.19,151.46,149.2,149.99,150.22,150.15,"54,516","81,85,372.13",903
HEALTHIETF,EQ,2025-08-18,150.22,150.21,150.77,149.18,149.6,149.98,149.91,"1,13,243","1,69,76,363.04","1,698"
HEALTHIETF,EQ,2025-08-19,149.98,149.98,152.23,149.07,150.25,150.11,149.85,"27,462","41,15,045.64",725
HEALTHIETF,EQ,2025-08-20,150.11,150.1,150.29,148.5,148.5,148.98,149.0,"46,921","69,91,140.65","1,111"
HEALTHIETF,EQ,2025-08-21,148.98,152.7,152.7,148.48,149.88,150.42,149.75,"45,590","68,26,893.04",872
HEALTHIETF,EQ,2025-08-22,150.42,150.04,151.26,150.04,151.15,150.86,150.66,"97,925","1,47,53,194.97",889
HEALTHIETF,EQ,2025-08-25,150.86,150.86,153.43,149.5,151.1,151.19,151.03,"36,153","54,60,272.06","1,189"
HEALTHIETF,EQ,2025-08-26,151.19,150.95,151.12,148.5,149.88,148.69,148.96,"49,797","74,17,921.23","1,399"
HEALTHIETF,EQ,2025-08-28,148.69,146.61,149.31,146.61,147.76,147.42,147.47,"52,426","77,31,244.51","1,447"
HEALTHIETF,EQ,2025-08-29,147.42,147.42,149.0,146.5,146.51,147.1,147.25,"46,416","68,34,596.81",791
HEALTHIETF,EQ,2025-09-01,147.1,147.1,148.15,146.4,147.62,146.85,146.99,"91,092","1,33,89,424.78","1,290"
HEALTHIETF,EQ,2025-09-02,146.85,143.17,148.15,143.17,146.9,146.94,147.06,"48,955","71,99,323.81",963
HEALTHIETF,EQ,2025-09-03,146.94,146.94,148.37,146.3,148.18,148.24,147.86,"28,026","41,43,897.16",834
HEALTHIETF,EQ,2025-09-04,148.24,152.69,152.69,147.69,148.15,148.4,148.38,"50,682","75,20,125.44",988
HEALTHIETF,EQ,2025-09-05,148.4,148.35,149.71,147.71,148.0,148.56,148.55,"35,015","52,01,433.81",850
HEALTHIETF,EQ,2025-09-08,148.56,148.56,150.99,144.84,148.37,147.91,148.23,"42,774","63,40,296.48","1,262"
HEALTHIETF,EQ,2025-09-09,147.91,147.92,149.13,147.51,149.13,148.85,148.36,"34,539","51,24,118.49",788
HEALTHIETF,EQ,2025-09-10,148.85,148.85,150.83,148.85,150.0,149.96,149.53,"38,626","57,75,816.46",985
HEALTHIETF,EQ,2025-09-11,149.96,149.95,150.69,148.69,150.44,150.17,149.94,"31,564","47,32,751.48",783
HEALTHIETF,EQ,2025-09-12,150.17,150.17,151.34,149.91,151.1,150.82,150.8,"50,256","75,78,854.17",773
HEALTHIETF,EQ,2025-09-15,150.82,150.82,153.46,149.22,151.2,150.35,150.37,"63,204","95,03,896.35","1,285"
HEALTHIETF,EQ,2025-09-16,150.35,150.34,152.6,149.88,150.2,150.21,150.41,"58,661","88,23,253.27",970
HEALTHIETF,EQ,2025-09-17,150.21,150.21,151.02,149.7,150.49,150.26,150.13,"60,386","90,65,718.10",986
HEALTHIETF,EQ,2025-09-18,150.26,145.75,152.24,145.75,150.11,151.55,151.06,"49,519","74,80,532.59",756
HEALTHIETF,EQ,2025-09-19,151.55,152.99,152.99,151.41,152.39,151.86,151.95,"50,724","77,07,435.03",789
HEALTHIETF,EQ,2025-09-22,151.86,152.61,152.61,150.5,151.05,150.91,151.19,"57,062","86,27,307.48","1,485"
HEALTHIETF,EQ,2025-09-23,150.91,150.91,151.5,149.68,151.0,150.27,149.85,"94,044","1,40,92,394.77","1,064"
HEALTHIETF,EQ,2025-09-24,150.27,150.26,150.3,149.13,149.35,149.3,149.45,"44,447","66,42,567.56",931
HEALTHIETF,EQ,2025-09-25,149.3,149.31,150.28,148.0,149.1,148.19,148.66,"37,727","56,08,629.72","1,144"
HEALTHIETF,EQ,2025-09-26,148.19,149.67,149.67,144.52,146.1,145.18,145.38,"1,35,441","1,96,90,975.63","2,269"
HEALTHIETF,EQ,2025-09-29,145.18,145.18,146.39,144.8,146.0,145.05,145.46,"39,623","57,63,735.19","1,467"
HEALTHIETF,EQ,2025-09-30,145.05,145.05,145.66,144.19,145.36,144.78,145.07,"33,574","48,70,581.05","1,053"
HEALTHIETF,EQ,2025-10-01,144.78,145.75,146.94,145.65,146.9,146.68,146.38,"40,674","59,54,038.10",903
HEALTHIETF,EQ,2025-10-03,146.68,146.68,147.19,145.79,146.87,146.49,146.31,"56,630","82,85,539.56","1,459"
HEALTHIETF,EQ,2025-10-06,146.49,146.49,148.44,146.03,148.2,148.36,147.51,"65,233","96,22,241.66","1,593"
HEALTHIETF,EQ,2025-10-07,148.36,148.29,148.96,147.6,148.5,148.32,147.86,"8,98,326","13,28,26,348.19","1,160"
HEALTHIETF,EQ,2025-10-08,148.32,149.01,149.2,147.41,148.5,147.89,148.29,"46,153","68,43,799.93",855
HEALTHIETF,EQ,2025-10-09,147.89,152.33,152.33,148.36,149.8,149.63,149.43,"49,086","73,34,794.74",961
HEALTHIETF,EQ,2025-10-10,149.63,149.56,151.72,148.74,151.33,150.68,150.51,"66,430","99,98,062.01","1,258"
HEALTHIETF,EQ,2025-10-13,150.68,150.67,151.3,150.09,151.15,151.1,150.72,"56,638","85,36,315.77","1,306"
HEALTHIETF,EQ,2025-10-14,151.1,151.09,151.3,149.5,150.59,150.47,150.16,"46,428","69,71,855.76","1,010"
HEALTHIETF,EQ,2025-10-15,150.47,150.37,151.1,149.92,151.1,150.67,150.83,"73,907","1,11,47,269.87",862
HEALTHIETF,EQ,2025-10-16,150.67,150.66,151.0,150.27,151.0,150.78,150.8,"23,968","36,14,474.96",875
HEALTHIETF,EQ,2025-10-17,150.78,150.78,152.49,150.48,151.82,151.99,151.69,"37,755","57,26,951.58",868
HEALTHIETF,EQ,2025-10-20,151.99,151.99,153.46,151.99,153.4,153.22,153.03,"80,720","1,23,52,540.82","1,510"
HEALTHIETF,EQ,2025-10-21,153.22,154.0,154.82,152.62,153.75,154.03,154.18,"51,093","78,77,315.57",578
HEALTHIETF,EQ,2025-10-23,154.03,149.41,154.8,149.41,153.0,153.18,154.01,"60,078","92,52,736.82","1,584"
HEALTHIETF,EQ,2025-10-24,153.18,153.18,153.64,151.75,152.89,152.34,152.44,"82,119","1,25,18,034.26","1,221"
HEALTHIETF,EQ,2025-10-27,152.34,152.34,152.84,151.76,152.5,152.35,152.28,"77,061","1,17,34,464.46","1,294"
HEALTHIETF,EQ,2025-10-28,152.35,151.8,153.51,151.1,152.08,152.05,151.88,"93,769","1,42,41,935.39","1,046"
HEALTHIETF,EQ,2025-10-29,152.05,152.05,153.48,151.9,153.2,153.01,152.87,"83,708","1,27,96,209.96",836
HEALTHIETF,EQ,2025-10-30,153.01,152.85,152.95,150.84,152.18,152.0,151.69,"78,810","1,19,54,541.73","1,156"
HEALTHIETF,EQ,2025-10-31,152.0,151.97,152.0,150.15,152.0,150.63,151.04,"76,098","1,14,93,696.58","1,438"
HEALTHIETF,EQ,2025-11-03,150.63,151.38,152.21,150.34,151.75,151.78,151.42,"68,809","1,04,19,069.29","1,457"
HEALTHIETF,EQ,2025-11-04,151.78,151.78,152.13,150.5,151.57,151.0,151.29,"34,523","52,22,859.10","1,052"
HEALTHIETF,EQ,2025-11-06,151.0,155.53,155.53,150.0,151.0,150.64,150.65,"56,063","84,45,697.90","1,379"
HEALTHIETF,EQ,2025-11-07,150.64,150.64,150.87,149.54,149.9,150.04,150.14,"43,918","65,93,695.02","1,143"
HEALTHIETF,EQ,2025-11-10,150.04,150.04,151.22,150.04,150.33,150.39,150.48,"56,700","85,32,400.24","1,275"
HEALTHIETF,EQ,2025-11-11,150.39,151.09,151.09,149.45,150.67,150.26,149.98,"67,176","1,00,75,327.53","1,141"
HEALTHIETF,EQ,2025-11-12,150.26,151.01,151.85,149.88,151.85,151.48,150.82,"60,355","91,02,777.59","1,064"
HEALTHIETF,EQ,2025-11-13,151.48,151.48,156.0,150.95,151.37,153.8,152.27,"57,121","86,97,744.42","1,101"
HEALTHIETF,EQ,2025-11-14,153.8,154.56,154.66,151.41,152.5,152.48,152.25,"70,490","1,07,31,817.25","1,389"
HEALTHIETF,EQ,2025-11-17,152.48,147.91,153.5,147.91,153.5,153.07,152.5,"54,135","82,55,371.90","1,437"
HEALTHIETF,EQ,2025-11-18,153.07,153.11,153.11,151.15,151.15,151.63,151.75,"5,81,091","8,81,81,741.47","1,251"
HEALTHIETF,EQ,2025-11-19,151.63,151.62,152.53,150.81,152.25,152.11,152.16,"5,77,780","8,79,14,689.82","1,050"
HEALTHIETF,EQ,2025-11-20,152.11,153.43,153.43,151.43,151.5,151.93,152.15,"34,563","52,58,689.95","1,114"
HEALTHIETF,EQ,2025-11-21,151.93,152.4,152.58,151.16,151.98,151.77,151.72,"27,378","41,53,697.40",902
HEALTHIETF,EQ,2025-11-24,151.77,152.0,152.84,150.63,151.0,150.88,151.58,"57,186","86,68,317.93","1,569"
HEALTHIETF,EQ,2025-11-25,150.88,150.88,152.29,150.88,151.4,151.7,151.73,"40,320","61,17,878.89",887
HEALTHIETF,EQ,2025-11-26,151.7,151.75,153.5,151.39,153.5,152.87,152.59,"38,654","58,98,091.69",880
HEALTHIETF,EQ,2025-11-27,152.87,152.87,153.63,152.45,153.14,153.19,153.1,"41,437","63,44,113.63","1,143"
HEALTHIETF,EQ,2025-11-28,153.19,153.26,153.62,152.76,153.6,153.51,153.46,"61,354","94,15,318.83",890
HEALTHIETF,EQ,2025-12-01,153.51,153.56,154.88,152.02,152.88,152.61,153.19,"1,43,433","2,19,72,455.70","3,795"
HEALTHIETF,EQ,2025-12-02,152.61,157.19,157.19,151.76,152.61,152.47,152.29,"52,284","79,62,429.12",971
HEALTHIETF,EQ,2025-12-03,152.47,155.7,155.7,151.0,152.13,152.06,151.83,"76,572","1,16,25,878.37","1,158"
HEALTHIETF,EQ,2025-12-04,152.06,152.05,152.38,151.14,152.38,152.31,151.95,"29,451","44,74,972.40",972
HEALTHIETF,EQ,2025-12-05,152.31,152.13,152.88,151.18,152.88,152.1,151.87,"45,443","69,01,232.29","1,022"
HEALTHIETF,EQ,2025-12-08,152.1,156.66,156.66,149.54,150.63,150.14,150.42,"84,083","1,26,47,694.88","1,960"
HEALTHIETF,EQ,2025-12-09,150.14,150.01,150.12,148.51,149.88,149.4,149.35,"67,880","1,01,37,732.70","1,158"
HEALTHIETF,EQ,2025-12-10,149.4,149.5,150.44,149.0,149.0,149.26,149.57,"38,413","57,45,368.98","1,354"
HEALTHIETF,EQ,2025-12-11,149.26,149.25,150.77,148.83,150.76,150.44,149.98,"40,768","61,14,234.60",988
HEALTHIETF,EQ,2025-12-12,150.44,150.75,151.22,150.23,151.09,150.77,150.75,"36,531","55,07,071.69","1,043"
HEALTHIETF,EQ,2025-12-15,150.77,155.29,155.29,149.21,151.12,150.78,150.2,"71,145","1,06,85,763.09","1,700"
HEALTHIETF,EQ,2025-12-16,150.78,151.0,151.0,149.59,149.79,149.9,149.96,"40,720","61,06,343.09",982
HEALTHIETF,EQ,2025-12-17,149.9,150.61,150.61,148.86,149.42,149.35,149.3,"78,151","1,16,67,956.74","1,158"
HEALTHIETF,EQ,2025-12-18,149.35,149.34,149.34,147.91,149.01,148.94,148.65,"53,920","80,15,044.18","1,289"
HEALTHIETF,EQ,2025-12-19,148.94,149.23,150.9,149.23,150.7,150.67,150.22,"66,060","99,23,452.51",938
HEALTHIETF,EQ,2025-12-22,150.67,146.15,152.0,146.15,152.0,151.93,151.71,"82,187","1,24,68,710.00","1,493"
HEALTHIETF,EQ,2025-12-23,151.93,151.93,152.25,151.16,151.5,151.52,151.62,"46,718","70,83,225.80","1,028"
HEALTHIETF,EQ,2025-12-24,151.52,151.89,151.89,150.7,151.37,151.11,151.16,"56,119","84,82,991.44",981
HEALTHIETF,EQ,2025-12-26,151.11,151.11,151.56,150.07,150.59,150.63,150.51,"54,817","82,50,506.27","1,453"
HEALTHIETF,EQ,2025-12-29,150.63,151.38,151.38,149.04,150.09,149.43,149.77,"78,484","1,17,54,860.09","2,123"
HEALTHIETF,EQ,2025-12-30,149.43,149.43,149.98,147.84,149.09,149.06,148.52,"60,958","90,53,302.67","1,494"
HEALTHIETF,EQ,2025-12-31,149.06,149.25,150.19,148.8,150.0,150.06,149.74,"57,160","85,58,978.58","1,297"
HEALTHIETF,EQ,2026-01-01,150.06,150.25,150.3,148.83,150.3,149.7,149.43,"44,096","65,89,243.82","1,130"
HEALTHIETF,EQ,2026-01-02,149.7,150.01,151.0,149.16,150.95,150.96,150.51,"95,464","1,43,68,345.03","1,148"
HEALTHIETF,EQ,2026-01-05,150.96,150.91,151.15,149.75,150.16,150.11,150.5,"4,28,324","6,44,62,904.16","1,781"
HEALTHIETF,EQ,2026-01-06,150.11,151.61,153.2,149.78,153.05,152.88,152.08,"81,182","1,23,46,041.57","1,106"
HEALTHIETF,EQ,2026-01-07,152.88,153.21,154.92,152.26,153.16,153.56,153.68,"97,474","1,49,79,666.87","1,488"
HEALTHIETF,EQ,2026-01-08,153.56,153.57,154.19,151.5,152.66,151.73,152.6,"82,757","1,26,28,758.14","1,264"
HEALTHIETF,EQ,2026-01-09,151.73,155.52,155.52,149.5,151.12,150.3,150.62,"59,385","89,44,678.93","1,388"
HEALTHIETF,EQ,2026-01-12,150.3,152.94,152.94,147.54,150.3,149.84,148.94,"99,707","1,48,50,168.94","2,261"
HEALTHIETF,EQ,2026-01-13,149.84,149.83,150.3,148.16,150.3,149.53,148.96,"68,985","1,02,76,094.89","1,343"
HEALTHIETF,EQ,2026-01-14,149.53,149.64,149.64,148.44,149.57,149.16,149.01,"39,976","59,56,887.17","1,205"
HEALTHIETF,EQ,2026-01-16,149.16,145.43,153.63,145.43,148.02,147.48,147.8,"1,18,447","1,75,06,061.40","2,109"
HEALTHIETF,EQ,2026-01-19,147.48,148.02,148.02,145.72,146.75,146.52,146.5,"1,50,534","2,20,53,319.30","1,971"
HEALTHIETF,EQ,2026-01-20,146.52,147.47,147.47,142.6,143.37,143.32,144.36,"1,44,698","2,08,89,063.44","2,589"
HEALTHIETF,EQ,2026-01-21,143.32,143.33,144.51,141.39,142.73,142.53,142.69,"1,10,511","1,57,68,658.20","2,003"
HEALTHIETF,EQ,2026-01-22,142.53,142.53,145.39,142.53,145.0,144.21,144.21,"74,581","1,07,55,079.35","1,372"
HEALTHIETF,EQ,2026-01-23,144.21,144.94,144.99,142.6,144.0,143.04,143.84,"42,483","61,10,911.91","1,799"
HEALTHIETF,EQ,2026-01-27,143.04,144.0,144.09,141.55,143.15,142.96,142.7,"86,160","1,22,95,245.25","2,699"
HEALTHIETF,EQ,2026-01-28,142.96,143.67,144.5,141.44,143.17,142.71,142.0,"1,36,287","1,93,52,829.03","1,837"
HEALTHIETF,EQ,2026-01-29,142.71,142.71,143.09,140.65,141.18,141.29,141.23,"1,29,911","1,83,46,780.25","2,165"
HEALTHIETF,EQ,2026-01-30,141.29,141.0,142.8,140.21,142.5,142.35,142.19,"4,79,587","6,81,90,485.89","1,396"
HEALTHIETF,EQ,2026-02-01,142.35,146.62,146.62,139.03,143.0,140.84,142.27,"1,66,440","2,36,78,744.71","2,532"
HEALTHIETF,EQ,2026-02-02,140.84,140.83,143.9,138.65,141.7,141.61,140.58,"1,92,334","2,70,37,713.87","2,177"
HEALTHIETF,EQ,2026-02-03,141.61,143.02,147.84,141.61,145.85,145.86,145.76,"1,65,096","2,40,63,731.91","1,624"
HEALTHIETF,EQ,2026-02-04,145.86,145.87,146.47,144.83,145.99,145.66,145.66,"78,635","1,14,53,842.70","1,581"
HEALTHIETF,EQ,2026-02-05,145.66,146.49,146.49,144.4,146.0,145.94,145.35,"61,050","88,73,565.42","1,248"
HEALTHIETF,EQ,2026-02-06,145.94,143.82,145.5,143.63,144.73,145.03,144.38,"48,012","69,31,916.16","1,260"
HEALTHIETF,EQ,2026-02-09,145.03,145.24,147.5,144.67,147.0,146.87,146.39,"1,18,891","1,74,04,152.99","2,879"
HEALTHIETF,EQ,2026-02-10,146.87,146.87,147.96,145.91,147.0,146.47,146.62,"85,703","1,25,65,894.42","1,477"
HEALTHIETF,EQ,2026-02-11,146.47,147.2,148.92,146.65,148.8,148.62,147.86,"1,26,469","1,86,99,918.88","1,335"
HEALTHIETF,EQ,2026-02-12,148.62,148.77,148.78,147.5,148.69,148.62,148.28,"64,169","95,15,264.98","1,322"
HEALTHIETF,EQ,2026-02-13,148.62,148.62,149.73,146.64,148.5,147.61,147.66,"68,611","1,01,30,872.10","1,355"
HEALTHIETF,EQ,2026-02-16,147.61,147.61,149.88,147.31,149.5,148.74,148.67,"1,69,227","2,51,59,027.69","2,153"
HEALTHIETF,EQ,2026-02-17,148.74,148.74,149.49,148.35,149.2,149.28,149.01,"78,809","1,17,43,486.00","1,176"
HEALTHIETF,EQ,2026-02-18,149.28,149.28,150.02,148.8,149.7,149.62,149.33,"62,101","92,73,773.99","1,093"
HEALTHIETF,EQ,2026-02-19,149.62,151.34,151.34,148.5,148.5,148.94,149.4,"77,166","1,15,28,650.20","1,324"
HEALTHIETF,EQ,2026-02-20,148.94,149.33,149.81,147.96,149.36,149.48,149.11,"79,511","1,18,55,598.33","1,121"
HEALTHIETF,EQ,2026-02-23,149.48,149.48,150.45,148.81,150.28,150.24,149.86,"65,123","97,59,343.83","1,477"
HEALTHIETF,EQ,2026-02-24,150.24,150.42,150.74,149.26,150.69,150.4,150.01,"53,841","80,76,582.39","1,285"
HEALTHIETF,EQ,2026-02-25,150.4,150.69,152.71,149.93,151.75,152.39,151.67,"99,887","1,51,50,027.08","2,132"
HEALTHIETF,EQ,2026-02-26,152.39,152.53,155.0,152.53,154.92,154.72,154.29,"2,02,210","3,11,99,671.67","1,871"
HEALTHIETF,EQ,2026-02-27,154.72,155.0,155.0,151.88,154.4,152.5,153.35,"1,06,804","1,63,78,332.91","1,606"
HEALTHIETF,EQ,2026-03-02,152.5,154.0,154.0,149.96,152.5,152.44,151.43,"1,77,987","2,69,53,444.66","3,018"
HEALTHIETF,EQ,2026-03-04,152.44,152.44,152.44,149.01,151.99,150.45,149.82,"1,06,417","1,59,43,592.79","2,373"
HEALTHIETF,EQ,2026-03-05,150.45,150.46,153.1,150.45,152.6,152.49,151.98,"1,19,104","1,81,01,934.86","1,259"
HEALTHIETF,EQ,2026-03-06,152.49,152.42,153.01,151.26,152.9,151.68,152.04,"89,321","1,35,80,550.91","1,245"
HEALTHIETF,EQ,2026-03-09,151.68,151.0,152.9,146.13,152.07,151.66,149.53,"1,60,293","2,39,68,150.72","2,401"
HEALTHIETF,EQ,2026-03-10,151.66,147.11,154.4,147.11,153.16,153.36,153.19,"84,677","1,29,71,419.83","1,410"
HEALTHIETF,EQ,2026-03-11,153.36,153.5,154.57,152.9,153.9,153.42,153.71,"1,32,996","2,04,42,737.87","1,298"
HEALTHIETF,EQ,2026-03-12,153.42,153.42,153.42,150.98,152.72,152.73,152.16,"93,191","1,41,80,043.23","1,503"
HEALTHIETF,EQ,2026-03-13,152.73,152.0,153.0,149.11,150.94,149.86,151.04,"1,49,810","2,26,26,904.19","1,995"
HEALTHIETF,EQ,2026-03-16,149.86,149.86,150.61,146.61,149.9,147.78,147.89,"1,19,376","1,76,54,925.94","2,258"
HEALTHIETF,EQ,2026-03-17,147.78,147.77,149.31,147.53,149.31,148.39,148.33,"51,571","76,49,687.27","1,447"
HEALTHIETF,EQ,2026-03-18,148.39,148.35,149.48,147.7,149.0,148.67,148.69,"1,13,075","1,68,12,751.60","1,356"
HEALTHIETF,EQ,2026-03-19,148.67,147.5,154.59,142.13,145.42,144.54,145.43,"1,77,653","2,58,36,216.74","2,607"
HEALTHIETF,EQ,2026-03-20,144.54,143.75,149.0,143.75,149.0,147.75,147.6,"2,25,745","3,33,20,450.90","1,524"
HEALTHIETF,EQ,2026-03-23,147.75,147.07,147.07,144.01,144.54,144.43,144.84,"1,29,091","1,86,97,468.70","2,739"
HEALTHIETF,EQ,2026-03-24,144.43,146.05,147.5,144.54,147.5,146.09,145.83,"1,04,787","1,52,80,842.73","1,296"
HEALTHIETF,EQ,2026-03-25,146.09,145.58,150.0,145.58,150.0,149.1,148.52,"82,347","1,22,30,454.18","1,231"
HEALTHIETF,EQ,2026-03-27,149.1,149.85,150.0,147.0,147.81,148.13,148.64,"1,17,544","1,74,71,839.33","2,647"
HEALTHIETF,EQ,2026-03-30,148.13,147.0,147.6,145.0,147.0,145.46,146.09,"1,05,861","1,54,65,508.28","2,175"
HEALTHIETF,EQ,2026-04-01,145.46,146.5,148.9,143.93,144.55,144.38,145.29,"2,37,771","3,45,45,023.43","2,775"
HEALTHIETF,EQ,2026-04-02,144.38,143.1,149.5,139.1,148.0,143.91,141.23,"1,82,095","2,57,18,006.08","3,009"
HEALTHIETF,EQ,2026-04-06,143.91,144.0,144.0,140.54,143.5,142.84,141.8,"1,91,611","2,71,70,535.26","3,297"
HEALTHIETF,EQ,2026-04-07,142.84,142.77,146.0,141.45,143.29,143.74,143.13,"81,390","1,16,49,507.63","1,371"
HEALTHIETF,EQ,2026-04-08,143.74,143.75,147.81,143.5,144.59,144.52,144.54,"1,58,768","2,29,48,285.89","1,819"
HEALTHIETF,EQ,2026-04-09,144.52,144.52,145.83,143.8,145.6,145.51,145.12,"72,786","1,05,62,408.50","1,347"
HEALTHIETF,EQ,2026-04-10,145.51,145.51,145.8,144.33,145.8,145.7,145.14,"1,40,665","2,04,15,562.58","1,810"
HEALTHIETF,EQ,2026-04-13,145.7,145.7,145.83,143.4,145.58,145.29,144.87,"69,358","1,00,47,636.17","1,669"
HEALTHIETF,EQ,2026-04-15,145.29,146.02,148.01,145.4,147.99,147.78,147.11,"98,515","1,44,92,214.27","2,445"
HEALTHIETF,EQ,2026-04-16,147.78,148.13,148.76,147.0,148.38,148.08,147.73,"86,307","1,27,50,096.51","1,411"
HEALTHIETF,EQ,2026-04-17,148.08,148.07,148.9,147.33,148.88,148.59,148.21,"4,47,847","6,63,73,882.54","1,387"
HEALTHIETF,EQ,2026-04-20,148.59,149.12,149.12,147.5,147.8,148.44,148.57,"91,806","1,36,39,673.60","1,702"
HEALTHIETF,EQ,2026-04-21,148.44,149.0,149.13,148.01,149.0,148.83,148.82,"58,114","86,48,776.36","1,061"
HEALTHIETF,EQ,2026-04-22,148.83,148.83,149.13,147.67,148.4,148.55,148.49,"47,866","71,07,596.78","1,050"
HEALTHIETF,EQ,2026-04-23,148.55,148.54,152.0,148.0,151.97,151.54,150.61,"1,52,791","2,30,11,804.96","1,414"
HEALTHIETF,EQ,2026-04-24,151.54,155.32,155.32,149.0,149.75,149.54,150.04,"91,430","1,37,18,289.01","1,541"
HEALTHIETF,EQ,2026-04-27,149.54,150.29,153.04,150.0,153.0,152.59,152.39,"87,681","1,33,61,726.26","1,811"
HEALTHIETF,EQ,2026-04-28,152.59,153.0,153.35,152.0,152.96,152.59,152.78,"47,260","72,20,466.06","1,118"
HEALTHIETF,EQ,2026-04-29,152.59,152.87,153.83,151.5,153.0,152.85,153.21,"62,797","96,21,042.72","1,130"
HEALTHIETF,EQ,2026-04-30,152.85,152.0,153.64,150.47,153.0,152.72,152.21,"46,878","71,35,222.50","1,443"
HEALTHIETF,EQ,2026-05-04,152.72,157.3,157.3,152.72,154.7,154.52,154.3,"89,895","1,38,70,764.38","2,319"
HEALTHIETF,EQ,2026-05-05,154.52,157.25,157.25,152.73,155.0,154.35,154.17,"89,842","1,38,50,587.72","1,402"
HEALTHIETF,EQ,2026-05-06,154.35,155.5,157.98,154.73,156.91,157.27,156.86,"1,47,829","2,31,89,051.10","1,960"
HEALTHIETF,EQ,2026-05-07,157.27,157.27,158.75,157.11,158.5,157.97,157.93,"1,58,133","2,49,74,721.84","2,028"
HEALTHIETF,EQ,2026-05-08,157.97,158.18,159.3,157.47,159.3,158.06,158.58,"1,56,719","2,48,52,952.77","1,535"
HEALTHIETF,EQ,2026-05-11,158.06,157.11,159.99,155.73,159.8,158.92,158.79,"1,89,235","3,00,47,875.06","2,559"
HEALTHIETF,EQ,2026-05-12,158.92,160.52,160.52,156.18,156.47,156.34,157.7,"1,18,528","1,86,92,009.00","1,858"
HEALTHIETF,EQ,2026-05-13,156.34,156.32,158.58,155.9,157.46,156.89,157.2,"96,730","1,52,05,683.45","1,355"
HEALTHIETF,EQ,2026-05-14,156.89,152.96,161.43,152.96,161.34,161.17,161.05,"11,70,087","18,84,46,183.75","4,998"
HEALTHIETF,EQ,2026-05-15,161.17,161.16,166.2,160.93,165.0,161.94,161.84,"4,37,034","7,07,30,639.99","2,945"
HEALTHIETF,EQ,2026-05-18,161.94,161.72,164.9,159.61,164.16,162.05,161.01,"2,26,564","3,64,78,997.73","3,924"
HEALTHIETF,EQ,2026-05-19,162.05,162.08,163.4,161.87,162.3,162.42,162.75,"1,23,336","2,00,73,429.26","1,219"
HEALTHIETF,EQ,2026-05-20,162.42,162.42,163.31,161.96,162.88,162.68,162.68,"1,20,263","1,95,64,839.06","2,575"
HEALTHIETF,EQ,2026-05-21,162.68,163.55,164.0,162.69,163.31,163.31,163.33,"1,48,428","2,42,42,983.90","1,361"
HEALTHIETF,EQ,2026-05-22,163.31,163.3,163.48,160.11,160.7,160.62,161.28,"1,55,289","2,50,44,694.47","2,024"
HEALTHIETF,EQ,2026-05-25,160.62,161.71,162.18,160.32,162.18,161.22,160.93,"96,026","1,54,53,424.99","1,778"
HEALTHIETF,EQ,2026-05-26,161.22,163.49,163.49,159.92,162.0,160.73,160.47,"1,08,774","1,74,54,593.48","1,599"
HEALTHIETF,EQ,2026-05-27,160.73,160.74,161.86,160.1,160.87,160.61,160.58,"1,11,081","1,78,37,712.68","1,297"
HEALTHIETF,EQ,2026-05-29,160.61,156.59,161.65,156.0,157.72,157.66,159.68,"2,04,812","3,27,03,630.93","2,595"
HEALTHIETF,EQ,2026-06-01,157.66,159.26,159.26,156.0,158.5,156.72,157.23,"1,10,280","1,73,39,801.81","2,404"
HEALTHIETF,EQ,2026-06-02,156.72,156.72,157.63,154.2,157.0,156.02,155.02,"1,89,718","2,94,09,648.21","2,574"
HEALTHIETF,EQ,2026-06-03,156.02,156.02,158.75,154.9,158.5,156.85,156.16,"3,08,800","4,82,21,658.99","1,681"
HEALTHIETF,EQ,2026-06-04,156.85,156.85,157.6,155.32,157.33,157.26,156.94,"99,180","1,55,65,637.28","1,203"
HEALTHIETF,EQ,2026-06-05,157.26,157.73,159.0,157.24,158.9,158.27,158.05,"62,187","98,28,552.93","1,193"
HEALTHIETF,EQ,2026-06-08,158.27,158.0,160.0,156.56,159.99,158.43,158.99,"1,81,970","2,89,31,354.34","2,076"
HEALTHIETF,EQ,2026-06-09,158.43,158.43,160.0,158.25,160.0,159.31,159.34,"85,319","1,35,94,416.56","1,184"
HEALTHIETF,EQ,2026-06-10,159.31,160.08,160.75,157.83,158.7,158.4,159.63,"83,840","1,33,83,476.26","1,246"
HEALTHIETF,EQ,2026-06-11,158.4,160.0,160.0,158.0,158.0,158.69,158.96,"87,511","1,39,10,565.58","1,378"
HEALTHIETF,EQ,2026-06-12,158.69,161.86,162.0,158.6,159.83,159.49,159.65,"1,36,394","2,17,75,007.31","1,334"
HEALTHIETF,EQ,2026-06-15,159.49,162.1,162.1,158.5,161.0,159.15,159.19,"2,01,405","3,20,61,427.67","2,355"
HEALTHIETF,EQ,2026-06-16,159.15,160.75,160.75,157.45,158.6,158.14,158.25,"82,773","1,30,98,998.44","1,673"
HEALTHIETF,EQ,2026-06-17,158.14,157.84,158.79,157.03,157.97,157.62,157.71,"65,215","1,02,85,369.48","1,234"
HEALTHIETF,EQ,2026-06-18,157.62,158.4,159.72,157.56,159.6,159.4,158.78,"66,665","1,05,85,255.43","1,280"
HEALTHIETF,EQ,2026-06-19,159.4,160.99,161.0,159.08,159.25,160.5,160.16,"74,608","1,19,49,257.15","1,271"
HEALTHIETF,EQ,2026-06-22,160.5,160.66,162.1,160.4,161.11,162.0,161.24,"1,09,639","1,76,77,654.90","2,589"
HEALTHIETF,EQ,2026-06-23,162.0,162.01,165.0,161.68,162.67,162.98,163.96,"1,49,187","2,44,60,809.12","1,651"
HEALTHIETF,EQ,2026-06-24,162.98,163.96,164.8,163.0,163.9,163.16,163.35,"1,75,400","2,86,51,560.16","1,153"
HEALTHIETF,EQ,2026-06-25,163.16,164.79,165.09,163.16,163.75,163.68,164.26,"1,06,359","1,74,70,650.61","1,885"
HEALTHIETF,EQ,2026-06-29,163.68,163.68,167.1,162.04,165.6,165.46,166.14,"2,29,241","3,80,86,733.28","2,138"
HEALTHIETF,EQ,2026-06-30,165.46,167.05,167.05,164.81,166.87,165.68,165.91,"1,59,932","2,65,34,707.88","3,365"
HEALTHIETF,EQ,2026-07-01,165.68,167.2,167.2,164.5,165.9,164.96,165.24,"1,08,674","1,79,57,243.61","2,721"
HEALTHIETF,EQ,2026-07-02,164.96,164.96,165.9,164.37,165.54,165.26,165.12,"69,018","1,13,96,216.62","1,277"
HEALTHIETF,EQ,2026-07-03,165.26,165.26,169.73,165.26,169.73,168.91,168.43,"1,79,231","3,01,88,289.97","4,208"
HEALTHIETF,EQ,2026-07-06,168.91,168.35,170.6,168.35,169.99,169.28,169.0,"1,52,090","2,57,03,558.77","2,234"
HEALTHIETF,EQ,2026-07-07,169.28,170.6,170.6,167.33,167.51,167.91,168.68,"1,49,961","2,52,94,825.80","3,886"
HEALTHIETF,EQ,2026-07-08,167.91,169.26,169.61,164.05,166.49,165.45,166.2,"1,53,560","2,55,21,739.24","2,000"
HEALTHIETF,EQ,2026-07-09,165.45,166.77,169.21,165.55,168.4,167.52,168.09,"2,28,105","3,83,42,209.24","1,411"
HEALTHIETF,EQ,2026-07-10,167.52,167.52,169.68,166.26,166.95,167.55,167.31,"1,24,767","2,08,74,442.10","1,559"
HEALTHIETF,EQ,2026-07-13,167.55,167.54,168.01,166.07,167.15,167.01,167.01,"1,21,749","2,03,33,195.22","1,645"
HEALTHIETF,EQ,2026-07-14,167.01,167.01,169.22,166.12,168.65,168.33,168.42,"1,59,937","2,69,36,623.91","1,360"
HEALTHIETF,EQ,2026-07-15,168.33,169.31,170.5,168.0,168.0,169.6,169.8,"1,17,122","1,98,87,884.00","1,259"
HEALTHIETF,EQ,2026-07-16,169.6,169.16,170.59,169.0,169.17,169.24,169.61,"1,67,940","2,84,84,575.18","2,976"
HEALTHIETF,EQ,2026-07-17,169.24,169.0,169.52,166.36,167.3,166.87,167.13,"2,05,628","3,43,66,597.11","1,895"
HEALTHIETF,EQ,2026-07-20,166.87,168.34,170.5,166.89,170.5,169.38,169.13,"1,17,400","1,98,56,020.14","1,760"
HEALTHIETF,EQ,2026-07-21,169.38,169.93,172.0,168.57,170.57,170.11,169.56,"76,174","1,29,15,692.01","4,204"
HEALTHIETF,EQ,2026-07-22,170.11,170.62,170.62,167.0,168.75,168.07,167.82,"1,93,483","3,24,70,885.25","2,064"
HEALTHIETF,EQ,2026-07-23,168.07,168.0,168.0,166.09,166.49,166.92,166.73,"93,484","1,55,86,310.97","4,696"
HEALTHIETF,EQ,2026-07-24,166.92,166.55,167.31,166.01,166.58,166.63,166.53,"86,822","1,44,58,236.72","1,377"
HEALTHIETF,EQ,2026-07-27,166.63,166.77,169.15,166.77,168.8,168.86,168.3,"1,22,302","2,05,83,183.35","2,432"
HEALTHIETF,EQ,2026-07-28,168.86,168.86,170.55,168.5,170.0,169.13,169.12,"67,681","1,14,46,463.37","1,454"
HEALTHIETF,EQ,2026-07-29,169.13,169.13,171.89,169.13,171.64,171.39,170.77,"87,586","1,49,57,030.29","1,152"
HEALTHIETF,EQ,2026-07-30,171.39,171.99,174.82,170.96,171.8,171.3,171.65,"1,14,386","1,96,34,093.84","3,170"
HEALTHIETF,EQ,2026-07-31,171.3,171.01,173.35,171.01,172.5,171.89,172.23,"96,506","1,66,21,276.25","1,611"
HEALTHIETF,EQ,2026-08-03,171.89,172.61,173.68,170.2,171.59,171.14,171.96,"2,23,480","3,84,30,127.93","2,899"
HEALTHIETF,EQ,2026-08-04,171.14,172.56,173.0,170.85,171.0,171.54,171.37,"65,261","1,11,83,565.56","1,216"
HEALTHIETF,EQ,2026-08-05,171.54,171.54,172.64,168.13,169.02,170.78,170.84,"1,16,267","1,98,63,283.67","1,866"
HEALTHIETF,EQ,2026-08-06,170.78,170.78,172.47,170.64,170.78,171.24,171.69,"72,709","1,24,83,195.85","1,433"
HEALTHIETF,EQ,2026-08-07,171.24,171.5,171.9,169.9,171.75,171.26,171.09,"96,796","1,65,60,494.92","1,526"
HEALTHIETF,EQ,2026-08-10,171.26,171.26,172.72,170.68,170.83,171.01,171.3,"1,06,362","1,82,19,430.82","2,373"
HEALTHIETF,EQ,2026-08-11,171.01,171.9,171.9,169.54,171.5,171.33,170.51,"87,641","1,49,43,958.31","1,702"
HEALTHIETF,EQ,2026-08-12,171.33,171.33,171.74,169.71,171.69,170.43,170.29,"88,813","1,51,23,755.38","1,453"
HEALTHIETF,EQ,2026-08-13,170.43,171.59,171.59,169.69,170.83,170.26,170.18,"68,421","1,16,43,712.95","1,241"
HEALTHIETF,EQ,2026-08-14,170.26,170.26,171.22,169.25,170.03,169.72,169.79,"47,746","81,07,007.85","1,128"
HEALTHIETF,EQ,2026-08-17,169.72,170.01,170.69,168.0,168.48,168.59,168.83,"1,85,457","3,13,10,634.46","2,917"
HEALTHIETF,EQ,2026-08-18,168.59,168.59,169.79,167.47,169.2,168.95,169.06,"54,971","92,93,344.84","1,063"
HEALTHIETF,EQ,2026-08-19,168.95,169.8,169.99,168.0,169.24,168.86,168.65,"56,446","95,19,893.21","1,209"
HEALTHIETF,EQ,2026-08-20,168.86,169.65,169.89,168.6,169.88,169.28,169.11,"53,048","89,70,809.77","1,069"
HEALTHIETF,EQ,2026-08-21,169.28,169.36,169.89,167.5,168.5,168.51,168.22,"1,93,589","3,25,65,364.36","2,595"
HEALTHIETF,EQ,2026-08-24,168.51,170.2,170.2,167.61,169.0,168.67,168.59,"64,111","1,08,08,352.87","1,405"
HEALTHIETF,EQ,2026-08-25,168.67,170.36,170.36,167.82,169.9,169.83,169.12,"98,183","1,66,04,275.51","1,080"
HEALTHIETF,EQ,2026-08-26,169.83,169.83,171.47,169.5,170.7,171.17,171.0,"55,897","95,58,332.89","1,056"
HEALTHIETF,EQ,2026-08-27,171.17,169.46,171.9,169.46,171.21,171.49,171.19,"55,939","95,76,244.33","1,588"
HEALTHIETF,EQ,2026-08-28,171.49,173.2,173.2,171.28,171.78,172.18,171.95,"97,956","1,68,43,549.13","1,455"
HEALTHIETF,EQ,2026-08-31,172.18,172.19,173.03,169.63,171.61,171.07,171.61,"1,10,950","1,90,40,305.71","1,752"
HEALTHIETF,EQ,2026-09-01,171.07,172.77,172.77,170.56,171.4,171.16,171.21,"87,858","1,50,42,035.15","1,515"
HEALTHIETF,EQ,2026-09-02,171.16,171.01,171.4,169.97,171.3,170.65,170.4,"70,188","1,19,60,273.22","1,343"
HEALTHIETF,EQ,2026-09-03,170.65,172.36,172.36,169.8,170.1,170.09,170.17,"1,37,280","2,33,60,446.46","1,235"
HEALTHIETF,EQ,2026-09-04,170.09,170.65,170.66,168.17,169.33,168.65,169.07,"1,69,428","2,86,44,796.99","1,685"
HEALTHIETF,EQ,2026-09-07,168.65,168.66,170.49,168.08,169.2,169.45,168.81,"59,893","1,01,10,740.81","1,804"
HEALTHIETF,EQ,2026-09-08,169.45,169.45,171.3,169.07,171.3,170.85,170.42,"50,246","85,63,148.14","1,210"
HEALTHIETF,EQ,2026-09-09,170.85,172.56,172.56,169.19,169.19,170.12,170.64,"68,931","1,17,62,336.42","1,091"
HEALTHIETF,EQ,2026-09-10,170.12,170.13,170.93,169.13,170.03,169.47,169.71,"45,541","77,28,737.17","1,176"
HEALTHIETF,EQ,2026-09-11,169.47,169.5,170.34,167.94,170.25,169.67,169.12,"61,063","1,03,26,964.15","1,360"
HEALTHIETF,EQ,2026-09-15,169.67,169.67,171.37,167.5,168.36,167.86,168.46,"1,36,608","2,30,13,376.80","2,276"
HEALTHIETF,EQ,2026-09-16,167.86,168.43,168.99,165.28,166.5,166.98,166.69,"1,08,076","1,80,14,779.73","4,057"
HEALTHIETF,EQ,2026-09-17,166.98,166.98,172.0,165.31,170.44,170.03,169.29,"1,69,749","2,87,36,172.31","1,106"
HEALTHIETF,EQ,2026-09-18,170.03,170.0,171.44,169.81,171.44,170.91,170.61,"1,24,667","2,12,69,405.25",980
HEALTHIETF,EQ,2026-09-21,170.91,171.0,173.55,170.91,173.25,172.96,172.56,"1,62,357","2,80,16,159.11","4,919"
HEALTHIETF,EQ,2026-09-22,172.96,173.01,173.8,171.0,171.0,171.77,172.18,"1,25,259","2,15,66,687.12","4,609"
HEALTHIETF,EQ,2026-09-23,171.77,172.0,173.33,170.83,173.28,172.89,172.47,"72,206","1,24,53,497.17","1,569"
HEALTHIETF,EQ,2026-09-24,172.89,172.89,173.5,170.33,172.29,172.12,172.83,"81,276","1,40,47,210.75","1,542"
HEALTHIETF,EQ,2026-09-25,172.12,172.5,173.4,170.51,172.56,172.01,171.45,"80,158","1,37,43,227.21","1,246"
HEALTHIETF,EQ,2026-09-28,172.01,175.45,175.45,169.12,170.3,169.72,170.21,"1,37,494","2,34,03,291.60","3,414"
HEALTHIETF,EQ,2026-09-29,169.72,171.41,171.41,169.0,170.0,169.98,169.92,"1,30,367","2,21,51,862.04","2,270"
HEALTHIETF,EQ,2026-09-30,169.98,170.0,171.74,165.52,166.9,166.5,166.89,"2,04,794","3,41,77,159.73","3,204"
HEALTHIETF,EQ,2026-10-01,166.5,166.5,168.5,163.22,165.0,164.59,164.15,"2,64,403","4,34,02,697.32","2,899"
HEALTHIETF,EQ,2026-10-05,164.59,165.0,165.19,163.41,164.31,164.02,163.88,"2,09,046","3,42,58,901.55","2,918"
HEALTHIETF,EQ,2026-10-06,164.02,164.46,170.0,162.35,165.79,165.45,164.1,"1,04,323","1,71,19,125.78","3,660"
HEALTHIETF,EQ,2026-10-07,165.45,161.31,166.01,161.31,163.92,164.41,164.6,"81,056","1,33,41,982.10","2,121"
HEALTHIETF,EQ,2026-10-08,164.41,164.41,165.32,160.09,160.6,160.49,161.68,"1,36,809","2,21,18,687.57","3,666"
