"ï»¿""Symbol  """,Series,Date,Prev Close,Open Price,High Price,Low Price,Last Price,Close Price,Average Price,Total Traded Quantity,Turnover â¹,No. of Trades
NETFIT,EQ,2020-07-01,14.76,17.71,17.71,14.65,14.65,14.65,14.97,"26,187","3,91,931.87",55
NETFIT,EQ,2020-07-02,14.65,14.65,15.74,14.65,15.21,15.26,15.07,"5,602","84,430.24",31
NETFIT,EQ,2020-07-03,15.26,15.41,15.41,15.28,15.39,15.38,15.31,"13,559","2,07,638.93",18
NETFIT,EQ,2020-07-06,15.38,15.5,18.16,15.41,15.54,15.55,16.05,"33,643","5,40,018.25",168
NETFIT,EQ,2020-07-07,15.55,15.55,16.29,15.55,15.75,15.74,15.73,"15,727","2,47,372.78",53
NETFIT,EQ,2020-07-08,15.74,15.74,15.76,15.44,15.55,15.5,15.59,"8,654","1,34,944.78",55
NETFIT,EQ,2020-07-09,15.5,15.5,15.62,15.5,15.62,15.55,15.55,"3,476","54,048.38",31
NETFIT,EQ,2020-07-10,15.55,18.5,18.5,15.25,15.55,15.59,15.55,"1,918","29,829.33",37
NETFIT,EQ,2020-07-13,15.59,16.0,16.33,15.76,15.92,15.91,15.93,"20,495","3,26,532.99",66
NETFIT,EQ,2020-07-14,15.91,16.1,16.1,15.68,15.73,15.73,15.85,"2,659","42,155.90",31
NETFIT,EQ,2020-07-15,15.73,16.08,16.67,16.08,16.55,16.55,16.54,"28,017","4,63,338.82",45
NETFIT,EQ,2020-07-16,16.55,18.0,18.0,14.0,17.02,17.01,17.28,"8,80,255","1,52,09,532.03",174
NETFIT,EQ,2020-07-17,17.01,18.0,18.0,16.65,16.86,16.84,16.92,"38,548","6,52,274.99",89
NETFIT,EQ,2020-07-20,16.84,16.84,20.0,16.84,17.26,17.25,17.34,"1,87,440","32,49,679.62",212
NETFIT,EQ,2020-07-21,17.25,17.5,17.9,17.21,17.34,17.32,17.37,"15,50,942","2,69,34,255.05",242
NETFIT,EQ,2020-07-22,17.32,17.9,17.9,17.1,17.18,17.16,17.21,"29,477","5,07,198.44",107
NETFIT,EQ,2020-07-23,17.16,18.17,18.17,16.94,17.19,17.17,17.1,"20,777","3,55,194.21",114
NETFIT,EQ,2020-07-24,17.17,18.17,18.17,16.34,17.25,17.25,16.96,"9,380","1,59,064.76",77
NETFIT,EQ,2020-07-27,17.25,17.55,17.79,17.09,17.5,17.62,17.49,"63,121","11,03,986.99",100
NETFIT,EQ,2020-07-28,17.62,18.0,18.14,17.65,18.0,18.05,17.99,"17,25,592","3,10,49,810.82",456
NETFIT,EQ,2020-07-29,18.05,18.5,18.5,17.9,17.99,17.96,18.0,"24,789","4,46,277.89",106
NETFIT,EQ,2020-07-30,17.96,18.13,18.69,17.96,18.14,18.13,18.29,"6,64,241","1,21,45,939.44",92
NETFIT,EQ,2020-07-31,18.13,18.13,18.4,18.0,18.2,18.18,18.29,"16,443","3,00,779.78",70
NETFIT,EQ,2020-08-03,18.18,18.55,19.0,17.95,18.08,18.07,18.29,"3,81,205","69,71,867.72",232
NETFIT,EQ,2020-08-04,18.07,18.66,18.66,17.48,17.82,17.76,17.87,"91,842","16,40,852.18",186
NETFIT,EQ,2020-08-05,17.76,18.0,21.4,17.03,17.95,17.91,18.03,"47,849","8,62,815.97",176
NETFIT,EQ,2020-08-06,17.91,18.47,18.47,18.01,18.06,18.12,18.15,"35,463","6,43,545.24",91
NETFIT,EQ,2020-08-07,18.12,18.3,18.5,18.06,18.12,18.12,18.15,"46,627","8,46,385.07",105
NETFIT,EQ,2020-08-10,18.12,18.42,18.5,18.06,18.29,18.24,18.3,"67,876","12,41,815.10",101
NETFIT,EQ,2020-08-11,18.24,18.5,18.5,18.18,18.18,18.2,18.27,"54,28,984","9,92,07,585.50",262
NETFIT,EQ,2020-08-12,18.2,18.25,18.25,18.01,18.08,18.07,18.05,"33,023","5,96,179.88",115
NETFIT,EQ,2020-08-13,18.07,18.4,18.48,18.14,18.14,18.15,18.25,"14,520","2,65,001.78",85
NETFIT,EQ,2020-08-14,18.15,18.45,18.5,18.1,18.15,18.14,18.2,"40,088","7,29,713.54",84
NETFIT,EQ,2020-08-17,18.14,18.48,18.5,18.14,18.25,18.25,18.26,"8,898","1,62,465.15",84
NETFIT,EQ,2020-08-18,18.25,18.3,18.46,18.15,18.37,18.37,18.36,"35,28,959","6,47,97,484.70",237
NETFIT,EQ,2020-08-19,18.37,18.5,18.5,18.3,18.35,18.35,18.39,"19,504","3,58,682.14",118
NETFIT,EQ,2020-08-20,18.35,18.3,18.5,18.15,18.27,18.26,18.29,"29,633","5,41,874.30",121
NETFIT,EQ,2020-08-21,18.26,18.48,18.48,18.11,18.24,18.24,18.24,"23,928","4,36,442.67",89
NETFIT,EQ,2020-08-24,18.24,18.5,18.5,18.05,18.16,18.11,18.1,"53,778","9,73,448.11",151
NETFIT,EQ,2020-08-25,18.11,18.45,18.45,18.0,18.1,18.04,18.05,"33,322","6,01,560.14",127
NETFIT,EQ,2020-08-26,18.04,18.38,18.38,18.04,18.16,18.09,18.07,"15,039","2,71,790.72",93
NETFIT,EQ,2020-08-27,18.09,18.45,18.49,18.1,18.2,18.2,18.21,"34,746","6,32,860.12",65
NETFIT,EQ,2020-08-28,18.2,18.2,18.37,17.77,18.1,18.08,18.09,"2,60,226","47,07,432.27",128
NETFIT,EQ,2020-08-31,18.08,18.48,18.49,17.95,18.0,17.99,18.29,"6,53,796","1,19,57,041.09",197
NETFIT,EQ,2020-09-01,17.99,18.15,18.15,17.85,17.9,17.91,18.02,"1,84,788","33,30,195.96",144
NETFIT,EQ,2020-09-02,17.91,18.3,18.49,17.65,18.0,18.02,17.99,"11,121","2,00,073.01",91
NETFIT,EQ,2020-09-03,18.02,18.43,18.45,17.65,18.35,18.36,18.31,"5,71,499","1,04,64,245.42",109
NETFIT,EQ,2020-09-04,18.36,18.01,18.2,17.9,18.17,18.11,18.15,"1,20,820","21,92,675.29",96
NETFIT,EQ,2020-09-07,18.11,18.11,18.44,18.05,18.1,18.1,18.11,"1,14,911","20,80,580.20",58
NETFIT,EQ,2020-09-08,18.1,18.44,18.9,18.06,18.4,18.54,18.42,"8,77,850","1,61,73,881.66",221
NETFIT,EQ,2020-09-09,18.54,18.44,18.5,18.2,18.35,18.35,18.5,"5,07,175","93,81,688.52",83
NETFIT,EQ,2020-09-10,18.35,18.44,18.5,18.0,18.5,18.3,18.41,"17,95,195","3,30,56,951.16",166
NETFIT,EQ,2020-09-11,18.3,18.8,18.89,18.12,18.72,18.71,18.74,"66,545","12,46,982.34",124
NETFIT,EQ,2020-09-14,18.71,19.0,19.7,18.71,19.6,19.55,19.42,"1,02,17,395","19,84,62,657.66","1,116"
NETFIT,EQ,2020-09-15,19.55,20.0,20.47,19.44,19.95,19.8,19.85,"34,55,543","6,86,09,176.88",442
NETFIT,EQ,2020-09-16,19.8,19.7,19.89,19.5,19.77,19.77,19.69,"51,573","10,15,519.32",139
NETFIT,EQ,2020-09-17,19.77,19.75,20.13,19.75,20.05,19.94,20.0,"10,46,991","2,09,35,475.26",186
NETFIT,EQ,2020-09-18,19.94,20.78,20.78,19.94,20.01,20.06,20.06,"74,46,214","14,93,86,264.22",829
NETFIT,EQ,2020-09-21,20.06,21.4,21.4,19.8,19.81,19.82,20.36,"46,93,158","9,55,74,449.73","1,253"
NETFIT,EQ,2020-09-22,19.82,19.82,20.3,19.43,20.0,19.95,19.84,"2,94,156","58,36,382.73",705
NETFIT,EQ,2020-09-23,19.95,20.98,20.98,19.75,19.9,19.88,20.01,"23,06,373","4,61,39,704.30",844
NETFIT,EQ,2020-09-24,19.88,19.85,19.9,19.0,19.03,19.05,19.26,"10,95,042","2,10,88,458.98","1,280"
NETFIT,EQ,2020-09-25,19.05,19.78,19.78,19.06,19.69,19.7,19.55,"1,70,585","33,35,417.68",455
NETFIT,EQ,2020-09-28,19.7,20.5,20.5,19.54,19.88,19.79,19.74,"1,63,937","32,35,665.60",572
NETFIT,EQ,2020-09-29,19.79,20.75,20.8,19.76,19.94,19.85,20.01,"2,03,254","40,67,273.77",545
NETFIT,EQ,2020-09-30,19.85,19.85,20.1,19.7,20.03,20.0,19.95,"84,748","16,91,073.36",343
NETFIT,EQ,2020-10-01,20.0,20.5,20.98,19.95,20.24,20.2,20.19,"1,57,472","31,79,321.80",547
NETFIT,EQ,2020-10-05,20.2,20.9,20.97,20.2,20.96,20.87,20.7,"2,74,107","56,74,278.60",895
NETFIT,EQ,2020-10-06,20.87,22.0,22.0,20.69,21.05,21.01,20.84,"3,50,564","73,05,651.05","1,040"
NETFIT,EQ,2020-10-07,21.01,21.2,21.22,20.8,21.19,21.12,20.98,"1,40,260","29,42,699.86",661
NETFIT,EQ,2020-10-08,21.12,21.42,22.27,21.42,21.76,21.76,22.03,"7,07,131","1,55,80,297.32","1,561"
NETFIT,EQ,2020-10-09,21.76,22.2,22.45,21.65,21.99,21.93,21.83,"15,92,487","3,47,66,652.48",851
NETFIT,EQ,2020-10-12,21.93,22.8,23.0,21.93,22.35,22.31,22.19,"3,41,965","75,87,891.06",988
NETFIT,EQ,2020-10-13,22.31,22.98,26.2,22.23,23.1,23.71,22.64,"64,17,627","14,52,78,684.92","3,061"
NETFIT,EQ,2020-10-14,23.71,24.25,24.25,22.22,22.3,22.39,22.46,"16,10,196","3,61,67,507.42","3,997"
NETFIT,EQ,2020-10-15,22.39,23.15,23.15,21.45,21.69,21.68,21.75,"11,17,198","2,43,03,663.84","4,263"
NETFIT,EQ,2020-10-16,21.68,22.2,22.48,21.35,21.65,21.64,21.62,"4,07,931","88,19,558.82","1,258"
NETFIT,EQ,2020-10-19,21.64,22.0,22.4,21.0,21.54,21.48,21.54,"5,61,677","1,20,96,359.38","1,164"
NETFIT,EQ,2020-10-20,21.48,21.74,21.99,21.0,21.84,21.74,21.71,"2,33,437","50,68,838.02",807
NETFIT,EQ,2020-10-21,21.74,21.99,22.1,21.5,21.71,21.66,21.66,"9,79,354","2,12,10,415.82",955
NETFIT,EQ,2020-10-22,21.66,21.99,21.99,21.4,21.78,21.55,21.56,"4,09,892","88,35,651.30","1,228"
NETFIT,EQ,2020-10-23,21.55,21.73,21.77,21.5,21.69,21.62,21.58,"14,77,245","3,18,71,997.21",549
NETFIT,EQ,2020-10-26,21.62,21.94,21.94,21.3,21.58,21.43,21.52,"2,49,260","53,63,239.99","1,046"
NETFIT,EQ,2020-10-27,21.43,21.5,21.7,21.11,21.69,21.26,21.22,"4,61,455","97,93,709.91","2,734"
NETFIT,EQ,2020-10-28,21.26,21.44,21.44,20.9,21.0,21.0,21.06,"6,79,426","1,43,05,771.45","3,801"
NETFIT,EQ,2020-10-29,21.0,21.09,21.39,20.65,21.3,21.13,21.06,"1,97,419","41,57,476.38",890
NETFIT,EQ,2020-10-30,21.13,21.35,21.5,21.0,21.29,21.16,21.17,"2,64,714","56,04,155.44","3,596"
NETFIT,EQ,2020-11-02,21.16,20.96,21.35,20.56,20.75,20.94,20.97,"2,94,584","61,76,944.54","1,564"
NETFIT,EQ,2020-11-03,20.94,22.2,22.2,20.86,20.97,20.92,21.0,"1,90,983","40,10,783.01",763
NETFIT,EQ,2020-11-04,20.92,21.15,21.65,20.98,21.4,21.33,21.4,"13,98,380","2,99,29,373.62","2,770"
NETFIT,EQ,2020-11-05,21.33,21.6,22.4,21.48,21.61,21.59,21.66,"4,02,503","87,19,713.67",921
NETFIT,EQ,2020-11-06,21.59,21.9,21.9,21.4,21.75,21.66,21.58,"2,73,232","58,97,454.75","1,061"
NETFIT,EQ,2020-11-09,21.66,22.83,22.83,21.75,22.08,22.05,21.96,"8,58,291","1,88,52,220.77","2,392"
NETFIT,EQ,2020-11-10,22.05,22.05,22.45,21.01,21.27,21.21,21.13,"53,48,287","11,29,84,685.16","4,949"
NETFIT,EQ,2020-11-11,21.21,21.52,21.8,21.2,21.8,21.59,21.44,"5,83,031","1,24,99,330.81","1,484"
NETFIT,EQ,2020-11-12,21.59,21.65,21.89,21.41,21.65,21.57,21.59,"4,09,196","88,33,571.07",931
NETFIT,EQ,2020-11-13,21.57,21.79,21.79,21.41,21.53,21.54,21.52,"2,32,053","49,92,793.35",684
NETFIT,EQ,2020-11-14,21.54,21.75,21.79,21.5,21.68,21.67,21.66,"1,46,111","31,65,074.44",814
NETFIT,EQ,2020-11-17,21.67,21.92,21.92,21.5,21.79,21.72,21.7,"2,58,662","56,14,011.86",992
NETFIT,EQ,2020-11-18,21.72,21.8,21.8,21.29,21.54,21.54,21.34,"38,92,756","8,30,80,802.26","1,887"
NETFIT,EQ,2020-11-19,21.54,21.54,21.95,21.3,21.52,21.36,21.44,"7,12,437","1,52,71,145.25","1,308"
NETFIT,EQ,2020-11-20,21.36,22.05,22.05,21.35,21.5,21.52,21.53,"24,69,419","5,31,65,099.12",846
NETFIT,EQ,2020-11-23,21.52,21.9,22.2,21.2,22.18,22.14,21.88,"64,44,692","14,10,32,511.02","1,552"
NETFIT,EQ,2020-11-24,22.14,22.27,22.59,22.16,22.25,22.19,22.32,"3,70,587","82,70,903.21","1,087"
NETFIT,EQ,2020-11-25,22.19,22.6,22.75,21.9,22.2,22.03,22.04,"5,57,892","1,22,97,171.05","1,310"
NETFIT,EQ,2020-11-26,22.03,22.2,22.2,21.7,22.1,22.02,21.87,"2,87,713","62,93,129.72",926
NETFIT,EQ,2020-11-27,22.02,22.09,22.19,21.81,22.04,22.0,22.0,"43,81,192","9,64,00,786.04","1,172"
NETFIT,EQ,2020-12-01,22.0,21.89,22.45,21.25,22.27,22.22,22.19,"25,24,866","5,60,21,987.37","1,659"
NETFIT,EQ,2020-12-02,22.22,22.28,22.5,22.0,22.47,22.33,22.29,"4,86,672","1,08,48,263.43","1,124"
NETFIT,EQ,2020-12-03,22.33,23.23,23.23,22.26,22.4,22.36,22.44,"3,08,561","69,24,191.90",982
NETFIT,EQ,2020-12-04,22.36,22.4,22.75,22.26,22.43,22.44,22.43,"2,09,038","46,88,744.56",826
NETFIT,EQ,2020-12-07,22.44,22.88,22.88,22.38,22.7,22.65,22.6,"2,30,351","52,04,966.23","1,107"
NETFIT,EQ,2020-12-08,22.65,22.75,22.95,22.07,22.9,22.84,22.77,"3,68,062","83,79,874.21","1,328"
NETFIT,EQ,2020-12-09,22.84,22.73,23.06,22.5,22.8,22.9,22.98,"3,49,273","80,26,292.40","1,328"
NETFIT,EQ,2020-12-10,22.9,23.0,23.0,22.7,22.97,22.93,22.89,"1,24,028","28,38,954.35",788
NETFIT,EQ,2020-12-11,22.93,23.13,23.15,22.75,22.93,22.81,22.93,"2,44,207","56,00,821.82","1,132"
NETFIT,EQ,2020-12-14,22.81,23.0,23.0,22.72,22.9,22.85,22.84,"1,68,607","38,50,545.47","1,033"
NETFIT,EQ,2020-12-15,22.85,23.02,23.03,22.7,22.9,22.88,22.86,"1,50,980","34,51,056.46",978
NETFIT,EQ,2020-12-16,22.88,23.07,23.09,22.86,23.06,23.04,22.97,"1,91,519","43,99,409.10",997
NETFIT,EQ,2020-12-17,23.04,23.11,23.14,22.85,23.1,23.06,23.02,"2,04,836","47,16,143.59","1,044"
NETFIT,EQ,2020-12-18,23.06,23.22,23.75,23.15,23.48,23.47,23.47,"2,89,821","68,00,886.10","1,831"
NETFIT,EQ,2020-12-21,23.47,22.95,23.93,22.44,23.05,23.01,23.38,"6,07,157","1,41,93,516.03","2,659"
NETFIT,EQ,2020-12-22,23.01,23.99,24.0,22.6,23.82,23.83,23.35,"4,83,858","1,12,97,043.67","2,141"
NETFIT,EQ,2020-12-23,23.83,24.1,24.5,23.84,24.4,24.36,24.25,"5,74,239","1,39,23,906.93","2,510"
NETFIT,EQ,2020-12-24,24.36,24.89,24.89,24.05,24.27,24.23,24.23,"6,44,095","1,56,05,752.89","2,137"
NETFIT,EQ,2020-12-28,24.23,24.23,24.52,24.2,24.43,24.32,24.36,"4,60,551","1,12,18,407.33","1,963"
NETFIT,EQ,2020-12-29,24.32,24.5,24.63,24.35,24.49,24.47,24.5,"2,88,532","70,69,942.03","1,706"
NETFIT,EQ,2020-12-30,24.47,24.89,24.89,24.41,24.56,24.59,24.56,"5,79,138","1,42,25,059.85","1,728"
NETFIT,EQ,2020-12-31,24.59,24.89,25.0,24.4,24.63,24.54,24.51,"10,70,563","2,62,42,482.82","3,303"
NETFIT,EQ,2021-01-01,24.54,25.2,25.2,24.55,24.8,24.7,24.68,"4,33,350","1,06,95,837.56","1,585"
NETFIT,EQ,2021-01-04,24.7,25.2,25.67,24.7,25.4,25.35,25.17,"70,90,064","17,84,59,866.85","2,989"
NETFIT,EQ,2021-01-05,25.35,25.35,26.0,25.1,26.0,25.95,25.66,"7,32,906","1,88,04,035.45","3,187"
NETFIT,EQ,2021-01-06,25.95,26.0,26.27,25.4,25.68,25.63,25.94,"12,14,454","3,14,99,183.95","4,191"
NETFIT,EQ,2021-01-07,25.63,26.0,26.2,25.31,25.55,25.44,25.45,"11,00,977","2,80,14,976.62","2,750"
NETFIT,EQ,2021-01-08,25.44,26.07,26.55,25.4,26.5,26.43,26.22,"17,95,251","4,70,73,266.22","3,941"
NETFIT,EQ,2021-01-11,26.43,26.7,27.5,26.5,27.1,27.2,27.08,"75,20,125","20,36,56,128.85","5,429"
NETFIT,EQ,2021-01-12,27.2,27.1,27.49,26.93,27.3,27.15,27.18,"17,27,273","4,69,49,432.27","3,750"
NETFIT,EQ,2021-01-13,27.15,27.75,27.75,26.93,27.29,27.19,27.17,"7,90,750","2,14,88,129.43","2,516"
NETFIT,EQ,2021-01-14,27.19,27.09,27.49,26.4,27.11,27.13,26.9,"55,98,186","15,06,11,976.96","4,602"
NETFIT,EQ,2021-01-15,27.13,27.25,27.4,26.5,27.25,26.8,26.86,"14,33,680","3,85,07,287.00","3,522"
NETFIT,EQ,2021-01-18,26.8,27.35,27.35,26.2,26.8,26.6,26.47,"11,31,556","2,99,54,603.96","3,667"
NETFIT,EQ,2021-01-19,26.6,27.12,27.12,26.2,26.31,26.26,26.4,"9,69,183","2,55,84,695.25","3,261"
NETFIT,EQ,2021-01-20,26.26,26.48,27.2,26.1,26.9,26.92,26.81,"6,19,132","1,65,99,210.57","1,813"
NETFIT,EQ,2021-01-21,26.92,27.3,27.3,26.5,26.8,26.67,26.87,"4,65,063","1,24,96,037.26","2,191"
NETFIT,EQ,2021-01-22,26.67,26.77,27.0,26.51,27.0,26.78,26.74,"8,97,928","2,40,14,794.71","2,139"
NETFIT,EQ,2021-01-25,26.78,27.0,27.09,26.19,26.59,26.28,26.55,"11,06,758","2,93,85,575.90","2,633"
NETFIT,EQ,2021-01-27,26.28,26.89,26.89,25.77,26.15,26.11,26.13,"7,96,153","2,08,06,230.54","2,912"
NETFIT,EQ,2021-01-28,26.11,26.67,26.67,25.49,25.5,25.54,25.64,"6,77,655","1,73,76,895.85","3,686"
NETFIT,EQ,2021-01-29,25.54,25.75,25.95,24.8,25.1,24.95,25.19,"11,81,527","2,97,64,510.15","4,486"
NETFIT,EQ,2021-02-01,24.95,25.4,25.4,24.52,25.28,25.03,24.98,"39,76,564","9,93,23,417.47","4,430"
NETFIT,EQ,2021-02-02,25.03,25.7,25.98,25.3,25.67,25.68,25.44,"44,11,370","11,22,22,594.41","3,325"
NETFIT,EQ,2021-02-03,25.68,26.0,26.15,25.63,25.95,25.95,25.98,"7,07,854","1,83,93,040.32","2,837"
NETFIT,EQ,2021-02-04,25.95,26.5,26.5,25.77,25.86,25.84,25.91,"7,51,042","1,94,62,833.89","2,072"
NETFIT,EQ,2021-02-05,25.84,25.74,26.25,25.2,25.61,25.61,25.55,"23,03,036","5,88,39,766.11","3,124"
NETFIT,EQ,2021-02-08,25.61,26.37,26.4,25.68,26.27,26.22,25.87,"30,84,798","7,98,12,811.19","3,673"
NETFIT,EQ,2021-02-09,26.22,26.85,26.85,25.92,26.05,26.07,26.26,"13,95,689","3,66,54,397.62","3,180"
NETFIT,EQ,2021-02-10,26.07,26.22,26.22,25.91,26.15,26.07,26.03,"4,72,873","1,23,09,144.08","1,784"
NETFIT,EQ,2021-02-11,26.07,26.18,26.37,25.88,26.36,26.3,26.21,"4,08,286","1,07,01,484.62","1,651"
NETFIT,EQ,2021-02-12,26.3,26.8,26.87,26.28,26.43,26.38,26.44,"8,72,848","2,30,73,966.66","2,199"
NETFIT,EQ,2021-02-15,26.38,26.5,26.78,26.12,26.3,26.2,26.32,"9,63,201","2,53,48,343.44","2,433"
NETFIT,EQ,2021-02-16,26.2,26.36,26.37,25.74,25.86,25.75,25.99,"63,46,400","16,49,41,646.52","4,754"
NETFIT,EQ,2021-02-17,25.75,27.1,27.1,25.55,25.61,25.58,25.64,"5,16,308","1,32,38,743.91","2,316"
NETFIT,EQ,2021-02-18,25.58,25.68,25.95,25.58,25.86,25.84,25.82,"8,75,805","2,26,15,951.65","1,800"
NETFIT,EQ,2021-02-19,25.84,26.5,26.5,25.52,25.82,25.78,25.72,"7,35,281","1,89,10,514.23","2,114"
NETFIT,EQ,2021-02-22,25.78,26.4,26.4,24.9,25.25,25.12,25.21,"15,96,142","4,02,37,426.89","5,204"
NETFIT,EQ,2021-02-23,25.12,25.34,25.4,24.95,25.14,25.05,25.16,"4,91,442","1,23,65,534.92","2,204"
NETFIT,EQ,2021-02-24,25.05,25.77,25.79,24.52,24.95,25.02,24.96,"5,46,086","1,36,27,900.39","2,204"
NETFIT,EQ,2021-02-25,25.02,25.4,25.9,25.11,25.15,25.17,25.21,"7,30,870","1,84,23,341.95","2,072"
NETFIT,EQ,2021-02-26,25.17,26.2,26.2,24.5,24.69,24.56,24.73,"15,19,482","3,75,83,677.25","5,454"
NETFIT,EQ,2021-03-01,24.56,25.37,25.5,24.65,24.86,24.79,25.0,"10,15,752","2,53,91,399.85","2,950"
NETFIT,EQ,2021-03-02,24.79,25.39,25.81,24.65,25.7,25.62,25.35,"8,77,371","2,22,43,632.12","2,425"
NETFIT,EQ,2021-03-03,25.62,25.8,26.1,25.56,26.1,26.01,25.88,"8,19,899","2,12,17,067.11","2,198"
NETFIT,EQ,2021-03-04,26.01,25.91,26.15,25.54,25.9,25.9,25.97,"6,84,385","1,77,74,116.41","1,884"
NETFIT,EQ,2021-03-05,25.9,25.94,26.0,25.37,25.75,25.58,25.62,"7,21,846","1,84,91,134.37","2,425"
NETFIT,EQ,2021-03-08,25.58,25.3,26.2,25.1,25.64,25.63,25.66,"7,91,361","2,03,04,043.18","2,769"
NETFIT,EQ,2021-03-09,25.63,26.55,26.55,25.35,26.3,25.99,25.8,"7,21,180","1,86,09,241.92","1,896"
NETFIT,EQ,2021-03-10,25.99,26.31,26.5,25.92,26.19,26.26,26.22,"15,21,944","3,99,00,953.16","3,384"
NETFIT,EQ,2021-03-12,26.26,26.5,26.8,26.0,26.2,26.22,26.27,"22,82,495","5,99,55,051.29","2,347"
NETFIT,EQ,2021-03-15,26.22,26.4,26.58,25.85,26.32,26.28,26.24,"20,30,485","5,32,82,194.73","2,239"
NETFIT,EQ,2021-03-16,26.28,26.65,26.85,26.28,26.61,26.68,26.72,"59,53,302","15,90,92,606.21","2,195"
NETFIT,EQ,2021-03-17,26.68,27.0,27.0,26.35,26.4,26.42,26.65,"4,86,334","1,29,58,683.85","1,763"
NETFIT,EQ,2021-03-18,26.42,26.88,26.89,25.32,25.8,25.64,25.83,"6,80,474","1,75,74,806.01","2,895"
NETFIT,EQ,2021-03-19,25.64,26.11,26.11,25.23,25.85,25.8,25.8,"22,50,896","5,80,79,209.19","1,837"
NETFIT,EQ,2021-03-22,25.8,26.75,26.75,25.72,26.3,26.36,26.17,"4,43,269","1,15,99,151.89","2,554"
NETFIT,EQ,2021-03-23,26.36,26.5,26.64,26.09,26.25,26.29,26.34,"11,61,694","3,06,04,357.87","1,790"
NETFIT,EQ,2021-03-24,26.29,26.79,26.79,24.0,26.11,25.75,25.94,"7,07,084","1,83,39,536.76","3,527"
NETFIT,EQ,2021-03-25,25.75,26.0,26.37,25.55,25.7,25.82,25.77,"7,09,302","1,82,77,980.30","1,805"
NETFIT,EQ,2021-03-26,25.82,25.6,26.25,24.8,26.0,25.83,25.73,"12,84,631","3,30,58,251.64","2,265"
NETFIT,EQ,2021-03-30,25.83,26.0,27.1,25.81,26.83,26.84,26.54,"8,62,517","2,28,93,004.59","3,529"
NETFIT,EQ,2021-03-31,26.84,27.0,27.5,26.08,26.19,26.17,26.31,"10,27,093","2,70,27,423.92","3,245"
NETFIT,EQ,2021-04-01,26.17,27.0,27.0,26.2,26.38,26.32,26.4,"4,61,572","1,21,84,609.72","1,440"
NETFIT,EQ,2021-04-05,26.32,26.0,26.83,25.6,26.7,26.71,26.5,"6,91,588","1,83,27,348.30","2,459"
NETFIT,EQ,2021-04-06,26.71,27.3,27.3,26.16,26.8,26.8,26.81,"43,93,270","11,77,77,412.47","1,845"
NETFIT,EQ,2021-04-07,26.8,27.0,27.5,26.35,27.0,27.11,27.01,"10,48,345","2,83,15,444.03","1,571"
NETFIT,EQ,2021-04-08,27.11,27.1,27.63,26.93,27.38,27.33,27.47,"45,84,773","12,59,46,641.33","2,261"
NETFIT,EQ,2021-04-09,27.33,27.33,27.65,27.33,27.58,27.55,27.52,"4,89,255","1,34,65,857.00","1,609"
NETFIT,EQ,2021-04-12,27.55,26.6,27.8,26.56,26.96,26.87,27.07,"11,26,423","3,04,89,977.40","4,082"
NETFIT,EQ,2021-04-13,26.87,27.0,27.77,25.81,26.2,26.13,26.13,"14,48,657","3,78,46,207.73","4,936"
NETFIT,EQ,2021-04-15,26.13,25.9,26.24,25.73,26.22,26.16,26.02,"5,71,163","1,48,62,377.84","2,070"
NETFIT,EQ,2021-04-16,26.16,26.25,26.67,26.25,26.47,26.42,26.52,"4,79,711","1,27,23,885.24","1,443"
NETFIT,EQ,2021-04-19,26.42,27.8,27.8,25.96,26.49,26.48,26.36,"9,85,927","2,59,89,242.89","2,151"
NETFIT,EQ,2021-04-20,26.48,27.0,27.0,26.02,26.11,26.1,26.28,"3,52,610","92,67,544.26","2,119"
NETFIT,EQ,2021-04-22,26.1,26.57,26.57,25.91,26.1,26.06,26.1,"2,55,127","66,58,883.59","1,787"
NETFIT,EQ,2021-04-23,26.06,26.3,26.3,25.75,25.85,25.83,26.03,"5,41,887","1,41,02,957.03","2,363"
NETFIT,EQ,2021-04-26,25.83,25.83,26.14,25.77,26.0,25.93,25.99,"3,68,749","95,82,835.67","1,800"
NETFIT,EQ,2021-04-27,25.93,25.93,26.15,25.85,26.05,26.03,26.0,"2,21,594","57,62,485.04","1,295"
NETFIT,EQ,2021-04-28,26.03,26.03,26.18,25.99,26.17,26.13,26.09,"4,95,892","1,29,36,262.15","1,376"
NETFIT,EQ,2021-04-29,26.13,26.44,26.44,26.11,26.15,26.13,26.25,"3,50,077","91,88,772.76","1,358"
NETFIT,EQ,2021-04-30,26.13,26.12,26.37,25.85,25.94,25.95,26.17,"4,63,667","1,21,33,088.15","1,832"
NETFIT,EQ,2021-05-03,25.95,26.16,26.16,25.7,25.91,25.97,25.89,"5,93,346","1,53,62,995.59","2,643"
NETFIT,EQ,2021-05-04,25.97,26.45,26.45,25.5,25.84,25.75,25.81,"4,39,016","1,13,29,342.12","2,173"
NETFIT,EQ,2021-05-05,25.75,26.0,26.65,25.56,25.99,25.98,25.93,"3,06,225","79,40,705.28","1,752"
NETFIT,EQ,2021-05-06,25.98,26.11,26.55,25.85,26.45,26.44,26.3,"7,17,227","1,88,62,538.82","1,646"
NETFIT,EQ,2021-05-07,26.44,27.2,27.2,26.2,26.45,26.46,26.5,"3,24,199","85,91,326.49","1,285"
NETFIT,EQ,2021-05-10,26.46,26.76,26.88,26.35,26.5,26.47,26.46,"2,07,514","54,91,084.24","1,654"
NETFIT,EQ,2021-05-11,26.47,26.64,26.64,26.24,26.4,26.32,26.37,"2,15,197","56,74,604.24","1,258"
NETFIT,EQ,2021-05-12,26.32,26.45,26.45,26.04,26.21,26.14,26.15,"3,81,755","99,81,921.74","1,660"
NETFIT,EQ,2021-05-14,26.14,26.14,26.4,25.76,25.92,25.86,25.88,"7,95,391","2,05,82,884.94","2,880"
NETFIT,EQ,2021-05-17,25.86,28.0,28.0,25.75,25.99,25.94,25.9,"3,56,021","92,22,661.23","1,829"
NETFIT,EQ,2021-05-18,25.94,26.49,26.49,25.94,26.22,26.24,26.19,"4,13,252","1,08,22,078.73","1,263"
NETFIT,EQ,2021-05-19,26.24,26.4,26.47,26.07,26.25,26.23,26.36,"2,36,448","62,31,936.58","1,437"
NETFIT,EQ,2021-05-20,26.23,26.42,26.42,26.14,26.16,26.22,26.22,"2,57,640","67,56,117.05","1,445"
NETFIT,EQ,2021-05-21,26.22,26.42,26.76,26.24,26.33,26.29,26.32,"1,75,985","46,32,347.17","1,178"
NETFIT,EQ,2021-05-24,26.29,26.4,26.65,26.21,26.44,26.37,26.42,"3,65,732","96,61,708.98","1,657"
NETFIT,EQ,2021-05-25,26.37,26.37,26.75,26.37,26.65,26.6,26.61,"4,59,253","1,22,22,223.50","1,525"
NETFIT,EQ,2021-05-26,26.6,26.76,27.3,26.6,27.29,27.19,26.93,"8,74,381","2,35,46,027.26","1,917"
NETFIT,EQ,2021-05-27,27.19,27.19,27.55,27.17,27.43,27.37,27.47,"7,60,493","2,08,90,403.47","2,024"
NETFIT,EQ,2021-05-28,27.37,27.7,27.7,27.26,27.37,27.33,27.29,"73,82,404","20,14,33,678.22","1,710"
NETFIT,EQ,2021-05-31,27.33,27.5,27.54,27.28,27.45,27.39,27.43,"3,89,115","1,06,71,714.18","1,888"
NETFIT,EQ,2021-06-01,27.39,27.56,27.58,27.07,27.49,27.45,27.31,"42,98,796","11,73,97,846.45","2,721"
NETFIT,EQ,2021-06-02,27.45,27.6,27.6,27.13,27.32,27.29,27.25,"3,88,602","1,05,88,250.27","1,968"
NETFIT,EQ,2021-06-03,27.29,27.44,27.49,27.0,27.37,27.33,27.35,"2,74,190","75,00,317.09","1,572"
NETFIT,EQ,2021-06-04,27.33,27.49,27.49,27.26,27.4,27.38,27.39,"2,15,099","58,91,296.91","1,192"
NETFIT,EQ,2021-06-07,27.38,27.56,27.65,27.26,27.6,27.56,27.51,"4,84,610","1,33,33,393.37","2,445"
NETFIT,EQ,2021-06-08,27.56,27.68,28.3,27.61,28.04,28.01,27.99,"11,41,610","3,19,50,558.15","2,878"
NETFIT,EQ,2021-06-09,28.01,28.9,28.9,27.73,27.86,27.84,28.04,"10,66,800","2,99,11,934.82","2,611"
NETFIT,EQ,2021-06-10,27.84,28.0,28.13,27.84,28.11,28.1,28.05,"3,70,673","1,03,98,286.98","1,743"
NETFIT,EQ,2021-06-11,28.1,28.17,28.7,28.05,28.62,28.64,28.54,"7,63,197","2,17,79,095.38","2,255"
NETFIT,EQ,2021-06-14,28.64,28.7,29.37,28.54,28.75,28.7,28.83,"8,26,640","2,38,28,176.96","3,375"
NETFIT,EQ,2021-06-15,28.7,29.46,29.46,28.68,28.88,28.82,28.88,"2,96,528","85,63,046.02","2,248"
NETFIT,EQ,2021-06-16,28.82,29.0,29.28,28.5,28.77,28.8,28.74,"7,38,153","2,12,16,032.26","2,412"
NETFIT,EQ,2021-06-17,28.8,28.55,29.19,28.55,29.14,29.04,28.97,"28,58,905","8,28,21,731.17","3,537"
NETFIT,EQ,2021-06-18,29.04,29.37,29.48,28.6,28.99,28.82,29.0,"7,17,128","2,07,97,364.97","3,773"
NETFIT,EQ,2021-06-21,28.82,28.85,28.9,27.83,28.87,28.77,28.66,"7,38,849","2,11,77,668.36","3,075"
NETFIT,EQ,2021-06-22,28.77,29.21,29.21,28.81,28.95,28.95,28.99,"2,80,614","81,35,092.02","2,062"
NETFIT,EQ,2021-06-23,28.95,29.19,29.19,28.63,28.73,28.68,28.82,"3,57,180","1,02,92,711.84","2,657"
NETFIT,EQ,2021-06-24,28.68,28.9,29.46,28.73,29.35,29.35,29.23,"6,22,630","1,81,97,415.26","2,324"
NETFIT,EQ,2021-06-25,29.35,29.35,29.75,29.35,29.63,29.62,29.56,"13,10,321","3,87,31,991.16","2,728"
NETFIT,EQ,2021-06-28,29.62,32.5,32.5,29.42,29.52,29.53,29.56,"6,41,497","1,89,61,512.27","3,452"
NETFIT,EQ,2021-06-29,29.53,29.7,29.84,29.37,29.51,29.45,29.54,"4,65,144","1,37,40,656.68","2,656"
NETFIT,EQ,2021-06-30,29.45,29.84,29.84,29.45,29.68,29.62,29.66,"3,87,594","1,14,95,642.61","2,346"
NETFIT,EQ,2021-07-01,29.62,30.24,30.24,29.4,29.47,29.47,29.5,"4,91,875","1,45,10,283.45","2,926"
NETFIT,EQ,2021-07-02,29.47,30.65,30.65,29.16,29.48,29.46,29.32,"5,18,356","1,51,96,117.36","3,144"
NETFIT,EQ,2021-07-05,29.46,29.46,29.73,29.36,29.5,29.41,29.51,"4,71,882","1,39,25,934.13","3,223"
NETFIT,EQ,2021-07-06,29.41,29.78,29.85,29.01,29.19,29.11,29.28,"7,61,220","2,22,85,965.27","4,107"
NETFIT,EQ,2021-07-07,29.11,29.4,29.4,28.87,29.25,29.18,29.08,"4,39,679","1,27,83,981.67","2,755"
NETFIT,EQ,2021-07-08,29.18,29.63,29.63,29.0,29.2,29.16,29.17,"3,95,746","1,15,45,741.86","2,571"
NETFIT,EQ,2021-07-09,29.16,29.21,29.27,28.96,29.12,29.09,29.12,"3,59,131","1,04,57,080.16","2,170"
NETFIT,EQ,2021-07-12,29.09,30.24,30.24,28.88,28.99,28.94,29.02,"5,66,377","1,64,37,101.93","3,122"
NETFIT,EQ,2021-07-13,28.94,29.0,29.14,28.81,28.92,28.88,28.91,"2,75,197","79,56,222.11","2,438"
NETFIT,EQ,2021-07-14,28.88,28.81,29.69,28.81,29.61,29.65,29.42,"7,74,186","2,27,75,958.81","2,257"
NETFIT,EQ,2021-07-15,29.65,29.68,30.24,29.44,30.12,30.09,30.01,"6,58,040","1,97,50,668.87","2,778"
NETFIT,EQ,2021-07-16,30.09,30.35,31.0,29.73,29.82,29.78,29.87,"4,59,625","1,37,28,687.78","2,916"
NETFIT,EQ,2021-07-19,29.78,30.11,30.35,29.61,29.74,29.71,29.79,"3,41,796","1,01,82,746.81","2,642"
NETFIT,EQ,2021-07-20,29.71,29.82,29.82,29.41,29.6,29.59,29.59,"4,13,020","1,22,20,093.87","2,602"
NETFIT,EQ,2021-07-22,29.59,30.11,30.19,29.59,30.14,30.09,30.01,"7,88,215","2,36,51,630.48","1,984"
NETFIT,EQ,2021-07-23,30.09,30.98,30.98,30.02,30.34,30.33,30.38,"5,66,248","1,72,02,138.93","2,026"
NETFIT,EQ,2021-07-26,30.33,30.3,30.9,30.1,30.5,30.49,30.51,"4,41,636","1,34,73,447.10","2,521"
NETFIT,EQ,2021-07-27,30.49,30.6,30.89,30.25,30.46,30.42,30.45,"2,25,093","68,53,297.32","1,932"
NETFIT,EQ,2021-07-28,30.42,30.6,30.6,30.1,30.53,30.49,30.37,"5,86,105","1,77,97,378.04","2,202"
NETFIT,EQ,2021-07-29,30.49,30.53,30.9,30.21,30.9,30.85,30.77,"11,58,688","3,56,47,807.19","1,541"
NETFIT,EQ,2021-07-30,30.85,31.0,31.44,30.85,31.06,31.06,31.25,"3,86,170","1,20,66,283.53","1,983"
NETFIT,EQ,2021-08-02,31.06,31.5,31.77,31.08,31.4,31.33,31.24,"4,27,459","1,33,52,366.63","2,664"
NETFIT,EQ,2021-08-03,31.33,31.6,31.77,31.39,31.65,31.63,31.6,"3,23,818","1,02,31,304.54","2,176"
NETFIT,EQ,2021-08-04,31.63,32.09,32.09,31.47,31.6,31.57,31.69,"4,86,928","1,54,29,590.81","2,761"
NETFIT,EQ,2021-08-05,31.57,32.4,32.4,31.5,31.8,31.82,31.88,"4,72,175","1,50,52,470.96","2,218"
NETFIT,EQ,2021-08-06,31.82,31.82,32.2,31.61,31.98,31.91,31.89,"5,10,583","1,62,84,240.15","1,982"
NETFIT,EQ,2021-08-09,31.91,32.6,32.6,31.71,32.02,32.0,32.04,"3,88,071","1,24,34,086.71","3,026"
NETFIT,EQ,2021-08-10,32.0,32.65,32.65,31.9,32.24,32.25,32.24,"6,56,886","2,11,74,754.43","2,779"
NETFIT,EQ,2021-08-11,32.25,32.42,32.44,31.96,31.96,32.05,32.14,"4,78,496","1,53,80,026.29","2,910"
NETFIT,EQ,2021-08-12,32.05,32.2,32.75,31.91,32.68,32.72,32.54,"4,99,296","1,62,47,982.29","2,591"
NETFIT,EQ,2021-08-13,32.72,32.68,33.39,32.68,33.35,33.32,33.17,"7,74,412","2,56,84,474.41","3,490"
NETFIT,EQ,2021-08-16,33.32,33.6,33.97,33.06,33.23,33.19,33.3,"8,28,990","2,76,06,771.66","4,897"
NETFIT,EQ,2021-08-17,33.19,33.5,34.2,33.12,34.1,34.05,33.73,"51,00,390","17,20,58,781.55","3,863"
NETFIT,EQ,2021-08-18,34.05,34.19,34.77,33.85,34.09,34.05,34.18,"10,39,609","3,55,32,960.51","4,466"
NETFIT,EQ,2021-08-20,34.05,32.8,34.38,32.8,33.95,33.94,33.96,"8,28,344","2,81,34,115.39","4,607"
NETFIT,EQ,2021-08-23,33.94,33.95,34.75,33.8,34.64,34.59,34.55,"8,54,655","2,95,30,537.68","4,208"
NETFIT,EQ,2021-08-24,34.59,34.8,35.1,34.23,34.39,34.29,34.47,"15,95,193","5,49,86,823.02","5,261"
NETFIT,EQ,2021-08-25,34.29,35.27,35.27,34.1,34.72,34.59,34.63,"8,52,479","2,95,23,581.27","5,613"
NETFIT,EQ,2021-08-26,34.59,35.63,35.63,34.59,34.71,34.68,34.76,"6,26,016","2,17,59,970.23","3,253"
NETFIT,EQ,2021-08-27,34.68,35.7,35.7,34.34,34.9,34.88,34.73,"52,84,343","18,35,14,947.88","4,376"
NETFIT,EQ,2021-08-30,34.88,35.88,35.88,34.47,34.74,34.66,34.66,"47,94,091","16,61,68,579.13","6,804"
NETFIT,EQ,2021-08-31,34.66,34.66,35.24,34.65,35.16,35.04,34.93,"7,10,203","2,48,03,906.55","3,121"
NETFIT,EQ,2021-09-01,35.04,32.19,35.6,32.19,34.85,34.78,34.86,"10,31,365","3,59,48,344.18","4,912"
NETFIT,EQ,2021-09-02,34.78,34.99,35.35,34.64,35.23,35.21,34.95,"10,00,964","3,49,83,337.17","3,398"
NETFIT,EQ,2021-09-03,35.21,35.8,35.8,35.08,35.52,35.52,35.42,"9,53,538","3,37,73,175.49","3,322"
NETFIT,EQ,2021-09-06,35.52,35.52,36.25,35.1,36.12,36.04,35.77,"6,85,694","2,45,25,041.98","4,208"
NETFIT,EQ,2021-09-07,36.04,35.75,36.44,35.57,35.79,35.61,35.85,"18,51,092","6,63,64,286.70","5,950"
NETFIT,EQ,2021-09-08,35.61,35.94,35.94,35.17,35.4,35.33,35.34,"6,91,218","2,44,26,986.77","4,941"
NETFIT,EQ,2021-09-09,35.33,35.77,35.77,35.1,35.4,35.41,35.28,"5,21,874","1,84,11,073.07","3,439"
NETFIT,EQ,2021-09-13,35.41,35.7,35.84,35.08,35.71,35.77,35.64,"9,59,846","3,42,09,597.40","4,103"
NETFIT,EQ,2021-09-14,35.77,35.9,36.1,35.8,35.89,35.99,35.95,"6,98,294","2,51,06,645.21","3,077"
NETFIT,EQ,2021-09-15,35.99,36.3,36.84,35.95,36.75,36.64,36.46,"12,32,511","4,49,31,455.08","3,914"
NETFIT,EQ,2021-09-16,36.64,36.64,37.2,36.41,36.6,36.57,36.65,"9,65,085","3,53,74,609.72","4,926"
NETFIT,EQ,2021-09-17,36.57,37.24,37.24,36.27,36.4,36.37,36.62,"14,90,080","5,45,61,912.95","4,784"
NETFIT,EQ,2021-09-20,36.37,36.37,36.79,36.0,36.1,36.12,36.33,"28,82,736","10,47,33,238.95","5,364"
NETFIT,EQ,2021-09-21,36.12,36.38,36.77,36.01,36.66,36.66,36.4,"8,51,205","3,09,88,080.20","3,739"
NETFIT,EQ,2021-09-22,36.66,36.85,37.29,36.7,37.15,37.15,37.09,"9,71,786","3,60,40,021.70","3,732"
NETFIT,EQ,2021-09-23,37.15,37.49,37.7,37.2,37.6,37.53,37.4,"6,46,068","2,41,60,090.54","3,442"
NETFIT,EQ,2021-09-24,37.53,37.6,38.56,37.6,37.94,37.81,38.18,"17,96,055","6,85,74,524.18","6,177"
NETFIT,EQ,2021-09-27,37.81,38.0,38.39,36.71,36.89,36.78,36.97,"56,06,483","20,72,44,260.45","14,410"
NETFIT,EQ,2021-09-28,36.78,36.8,36.94,35.56,35.98,35.96,35.96,"43,25,018","15,55,09,164.33","15,137"
NETFIT,EQ,2021-09-29,35.96,36.8,36.8,35.3,36.29,36.05,35.85,"13,20,636","4,73,46,901.49","6,708"
NETFIT,EQ,2021-09-30,36.05,36.25,36.44,35.65,35.8,35.7,35.86,"10,07,573","3,61,36,577.30","6,308"
NETFIT,EQ,2021-10-01,35.7,36.99,36.99,35.4,35.48,35.43,35.5,"9,42,563","3,34,60,165.19","6,902"
NETFIT,EQ,2021-10-04,35.43,35.9,35.9,35.43,35.82,35.78,35.72,"7,98,390","2,85,21,971.94","4,326"
NETFIT,EQ,2021-10-05,35.78,36.0,36.29,35.3,36.23,36.2,35.81,"8,25,106","2,95,45,934.42","5,076"
NETFIT,EQ,2021-10-06,36.2,36.34,36.48,35.5,35.6,35.62,35.88,"11,14,792","4,00,02,281.87","6,012"
NETFIT,EQ,2021-10-07,35.62,35.8,36.48,35.72,36.37,36.28,36.22,"10,91,596","3,95,42,323.20","3,099"
NETFIT,EQ,2021-10-08,36.28,36.56,37.3,36.3,37.1,37.03,36.95,"18,40,892","6,80,18,830.93","4,108"
NETFIT,EQ,2021-10-11,37.03,37.49,37.49,35.65,35.89,35.87,35.97,"31,04,578","11,16,81,292.39","12,403"
NETFIT,EQ,2021-10-12,35.87,37.3,37.3,35.2,35.55,35.56,35.48,"18,71,809","6,64,09,331.50","11,222"
NETFIT,EQ,2021-10-13,35.56,35.8,35.94,35.52,35.86,35.87,35.71,"5,99,050","2,13,92,056.33","4,156"
NETFIT,EQ,2021-10-14,35.87,37.15,37.15,36.1,36.41,36.34,36.34,"83,32,570","30,28,38,441.63","5,821"
NETFIT,EQ,2021-10-18,36.34,35.1,36.97,32.0,36.96,36.86,36.72,"54,27,616","19,93,20,245.63","5,803"
NETFIT,EQ,2021-10-19,36.86,37.35,38.11,36.5,37.75,37.7,37.87,"70,48,630","26,69,16,406.14","6,729"
NETFIT,EQ,2021-10-20,37.7,37.94,38.12,37.25,37.5,37.41,37.58,"17,01,588","6,39,45,766.38","4,964"
NETFIT,EQ,2021-10-21,37.41,37.8,37.8,36.3,36.66,36.62,36.63,"15,91,987","5,83,06,699.67","7,233"
NETFIT,EQ,2021-10-22,36.62,37.0,37.0,35.78,36.08,36.09,36.04,"50,16,656","18,07,99,463.51","7,797"
NETFIT,EQ,2021-10-25,36.09,36.09,36.45,35.18,35.6,35.51,35.39,"73,13,735","25,88,47,739.76","10,020"
NETFIT,EQ,2021-10-26,35.51,35.25,36.35,35.25,35.97,35.92,35.93,"9,79,884","3,52,07,964.29","3,461"
NETFIT,EQ,2021-10-27,35.92,36.85,36.85,35.92,36.25,36.19,36.11,"3,43,658","1,24,09,805.76","2,614"
NETFIT,EQ,2021-10-28,36.19,36.19,36.5,35.61,35.82,35.75,35.92,"7,17,681","2,57,79,783.36","4,553"
NETFIT,EQ,2021-10-29,35.75,36.0,36.0,35.1,35.38,35.24,35.52,"8,92,255","3,16,89,560.00","6,023"
NETFIT,EQ,2021-11-01,35.24,35.5,36.04,35.31,36.0,35.97,35.77,"8,05,019","2,87,93,401.18","3,986"
NETFIT,EQ,2021-11-02,35.97,36.4,36.4,35.85,36.01,36.03,36.09,"4,28,816","1,54,74,317.42","2,972"
NETFIT,EQ,2021-11-03,36.03,36.03,36.39,35.55,35.99,35.89,36.01,"5,01,752","1,80,68,928.66","2,860"
NETFIT,EQ,2021-11-04,35.89,36.42,36.42,35.94,36.11,36.1,36.11,"2,27,382","82,11,733.59","3,690"
NETFIT,EQ,2021-11-08,36.1,35.94,36.59,35.65,36.55,36.5,36.35,"9,89,996","3,59,87,101.81","4,058"
NETFIT,EQ,2021-11-09,36.5,36.65,36.85,36.33,36.63,36.65,36.69,"5,89,568","2,16,32,677.30","2,752"
NETFIT,EQ,2021-11-10,36.65,36.9,37.09,36.34,36.56,36.59,36.57,"3,88,082","1,41,93,012.54","2,541"
NETFIT,EQ,2021-11-11,36.59,36.65,36.65,35.92,36.4,36.28,36.11,"11,12,869","4,01,87,249.54","5,020"
NETFIT,EQ,2021-11-12,36.28,36.28,37.19,36.28,37.09,37.05,36.86,"18,00,650","6,63,75,150.45","3,196"
NETFIT,EQ,2021-11-15,37.05,37.05,37.48,37.0,37.29,37.24,37.31,"11,06,679","4,12,87,440.04","3,795"
NETFIT,EQ,2021-11-16,37.24,37.5,37.6,37.24,37.41,37.43,37.46,"8,65,912","3,24,32,766.93","2,744"
NETFIT,EQ,2021-11-17,37.43,37.41,37.58,37.15,37.5,37.41,37.45,"7,13,532","2,67,24,132.03","2,605"
NETFIT,EQ,2021-11-18,37.41,37.6,37.66,36.7,36.81,36.86,36.96,"6,73,336","2,48,84,672.48","4,474"
NETFIT,EQ,2021-11-22,36.86,40.0,40.0,36.1,36.62,36.43,36.62,"7,83,607","2,86,92,782.35","5,553"
NETFIT,EQ,2021-11-23,36.43,36.43,36.5,35.6,36.35,36.32,36.06,"8,97,327","3,23,59,376.95","4,285"
NETFIT,EQ,2021-11-24,36.32,36.27,36.68,35.7,35.85,35.79,36.04,"5,52,844","1,99,25,255.01","4,923"
NETFIT,EQ,2021-11-25,35.79,36.09,36.18,35.6,36.12,36.03,35.99,"4,69,259","1,68,89,668.89","3,118"
NETFIT,EQ,2021-11-26,36.03,36.12,36.3,35.35,35.43,35.44,35.62,"10,00,886","3,56,49,596.77","7,012"
NETFIT,EQ,2021-11-29,35.44,38.6,38.6,34.92,35.75,35.61,35.45,"10,34,034","3,66,60,701.82","5,122"
NETFIT,EQ,2021-11-30,35.61,35.95,36.39,35.1,35.84,35.95,36.09,"10,05,936","3,63,04,695.25","3,256"
NETFIT,EQ,2021-12-01,35.95,36.35,36.38,35.76,36.32,36.32,36.29,"8,41,827","3,05,49,682.81","2,844"
NETFIT,EQ,2021-12-02,36.32,38.16,38.16,36.21,36.87,36.84,36.59,"10,83,003","3,96,24,862.43","2,809"
NETFIT,EQ,2021-12-03,36.84,37.59,37.59,36.66,36.77,36.76,36.96,"8,82,117","3,26,06,551.64","3,135"
NETFIT,EQ,2021-12-06,36.76,37.0,37.0,35.68,35.75,35.73,36.06,"10,27,511","3,70,54,264.99","7,017"
NETFIT,EQ,2021-12-07,35.73,36.0,36.4,35.64,36.03,35.97,35.94,"6,68,157","2,40,10,959.77","3,223"
NETFIT,EQ,2021-12-08,35.97,36.25,36.87,36.15,36.71,36.68,36.65,"8,42,857","3,08,91,322.27","2,639"
NETFIT,EQ,2021-12-09,36.68,37.51,37.51,36.42,36.71,36.67,36.64,"6,58,819","2,41,40,250.91","2,453"
NETFIT,EQ,2021-12-10,36.67,36.99,36.99,36.41,36.74,36.63,36.62,"5,93,722","2,17,41,893.81","2,359"
NETFIT,EQ,2021-12-13,36.63,37.19,37.92,36.7,36.89,36.83,37.02,"6,66,357","2,46,70,290.27","3,254"
NETFIT,EQ,2021-12-14,36.83,36.97,37.0,36.5,36.83,36.78,36.8,"4,88,222","1,79,66,566.05","2,630"
NETFIT,EQ,2021-12-15,36.78,36.78,37.04,36.36,36.61,36.56,36.53,"4,95,132","1,80,87,803.41","2,873"
NETFIT,EQ,2021-12-16,36.56,36.85,37.19,36.72,36.91,36.86,36.87,"2,89,959","1,06,89,468.28","2,175"
NETFIT,EQ,2021-12-17,36.86,37.2,37.78,36.95,37.5,37.47,37.47,"22,03,134","8,25,61,041.26","4,189"
NETFIT,EQ,2021-12-20,37.47,37.89,37.89,36.4,36.99,36.75,37.1,"48,62,578","18,04,08,752.36","6,169"
NETFIT,EQ,2021-12-21,36.75,37.5,37.7,37.0,37.46,37.49,37.49,"7,78,284","2,91,74,005.33","3,024"
NETFIT,EQ,2021-12-22,37.49,37.85,37.9,37.52,37.89,37.83,37.77,"3,49,574","1,32,05,107.23","2,406"
NETFIT,EQ,2021-12-23,37.83,37.82,38.35,37.45,38.25,38.11,38.09,"9,81,494","3,73,81,164.17","2,997"
NETFIT,EQ,2021-12-24,38.11,38.42,38.8,38.3,38.79,38.7,38.64,"23,33,065","9,01,48,762.67","3,211"
NETFIT,EQ,2021-12-27,38.7,38.79,39.2,38.22,38.87,38.83,38.6,"9,64,232","3,72,20,165.71","4,548"
NETFIT,EQ,2021-12-28,38.83,38.75,39.4,38.75,39.24,39.2,39.19,"6,77,408","2,65,45,908.74","3,377"
NETFIT,EQ,2021-12-29,39.2,39.39,39.39,39.01,39.2,39.17,39.23,"4,20,611","1,65,01,687.65","3,042"
NETFIT,EQ,2021-12-30,39.17,39.17,39.8,38.93,39.64,39.6,39.55,"6,41,964","2,53,91,976.86","3,391"
NETFIT,EQ,2021-12-31,39.6,39.79,39.93,39.33,39.7,39.65,39.71,"34,65,196","13,75,93,822.46","3,801"
NETFIT,EQ,2022-01-03,39.65,40.14,40.2,39.66,40.0,40.0,40.06,"7,83,547","3,13,86,016.10","5,839"
NETFIT,EQ,2022-01-04,40.0,40.2,40.26,39.71,40.17,40.14,39.98,"7,86,354","3,14,39,251.40","4,260"
NETFIT,EQ,2022-01-05,40.14,40.34,40.34,39.35,39.6,39.53,39.63,"15,11,071","5,98,78,535.81","7,754"
NETFIT,EQ,2022-01-06,39.53,39.75,39.75,38.67,38.97,38.93,38.87,"27,39,255","10,64,81,818.06","8,029"
NETFIT,EQ,2022-01-07,38.93,39.54,39.54,38.9,39.09,39.05,39.08,"12,78,536","4,99,60,438.85","4,340"
NETFIT,EQ,2022-01-10,39.05,40.0,40.0,38.9,39.09,39.08,39.16,"11,97,178","4,68,86,913.90","5,362"
NETFIT,EQ,2022-01-11,39.08,39.89,39.89,38.93,39.4,39.39,39.35,"7,56,650","2,97,70,633.73","3,320"
NETFIT,EQ,2022-01-12,39.39,39.39,39.79,39.34,39.43,39.42,39.46,"7,59,698","2,99,78,817.34","3,848"
NETFIT,EQ,2022-01-13,39.42,39.4,39.75,39.0,39.5,39.47,39.37,"13,94,765","5,49,05,985.07","4,473"
NETFIT,EQ,2022-01-14,39.47,39.9,39.99,38.96,39.72,39.69,39.36,"7,39,666","2,91,15,952.28","4,034"
NETFIT,EQ,2022-01-17,39.69,40.28,40.28,39.41,39.67,39.64,39.69,"9,08,021","3,60,35,747.21","4,610"
NETFIT,EQ,2022-01-18,39.64,40.35,40.35,38.9,39.02,39.0,39.32,"14,36,886","5,65,05,315.56","7,081"
NETFIT,EQ,2022-01-19,39.0,39.14,39.14,38.13,38.23,38.17,38.29,"15,70,403","6,01,30,618.35","9,634"
NETFIT,EQ,2022-01-20,38.17,38.35,38.35,37.41,37.56,37.57,37.68,"18,70,619","7,04,77,066.52","10,845"
NETFIT,EQ,2022-01-21,37.57,41.08,41.08,36.69,36.9,36.71,36.84,"52,82,602","19,46,24,588.58","11,507"
NETFIT,EQ,2022-01-24,36.71,36.95,36.95,35.47,35.69,35.73,35.94,"27,07,808","9,73,08,462.80","15,683"
NETFIT,EQ,2022-01-25,35.73,35.71,35.97,34.79,35.64,35.6,35.47,"16,13,841","5,72,35,398.48","10,103"
NETFIT,EQ,2022-01-27,35.6,38.5,38.5,34.1,34.48,34.44,34.55,"44,91,156","15,51,78,411.57","22,149"
NETFIT,EQ,2022-01-28,34.44,34.75,35.29,34.45,34.75,34.72,34.99,"24,83,134","8,68,92,834.46","9,763"
NETFIT,EQ,2022-01-31,34.72,35.25,35.85,35.0,35.75,35.7,35.62,"10,98,847","3,91,41,323.06","6,081"
NETFIT,EQ,2022-02-01,35.7,36.0,36.6,35.8,36.28,36.28,36.09,"13,27,433","4,79,10,677.50","6,037"
NETFIT,EQ,2022-02-02,36.28,36.98,36.98,36.11,36.75,36.69,36.51,"11,61,248","4,23,99,411.75","5,181"
NETFIT,EQ,2022-02-03,36.69,36.95,36.95,35.85,35.99,35.95,36.19,"13,92,350","5,03,83,815.38","8,475"
NETFIT,EQ,2022-02-04,35.95,38.1,38.1,35.55,36.2,35.86,35.84,"26,74,377","9,58,38,053.16","5,278"
NETFIT,EQ,2022-02-07,35.86,36.2,36.2,35.26,35.55,35.39,35.59,"12,60,356","4,48,51,686.82","9,068"
NETFIT,EQ,2022-02-08,35.39,35.86,35.86,35.0,35.47,35.4,35.28,"9,08,148","3,20,41,937.17","5,640"
NETFIT,EQ,2022-02-09,35.4,35.3,35.89,35.23,35.89,35.82,35.78,"7,05,039","2,52,29,499.15","3,227"
NETFIT,EQ,2022-02-10,35.82,35.78,36.15,35.78,36.1,36.09,35.97,"7,38,673","2,65,73,670.58","3,160"
NETFIT,EQ,2022-02-11,36.09,36.0,36.0,35.15,35.3,35.23,35.29,"19,08,788","6,73,60,790.22","9,421"
NETFIT,EQ,2022-02-14,35.23,35.9,35.9,34.55,34.74,34.73,34.99,"24,15,009","8,44,94,000.32","10,198"
NETFIT,EQ,2022-02-15,34.73,34.8,35.83,34.75,35.8,35.69,35.38,"10,24,769","3,62,53,730.39","4,853"
NETFIT,EQ,2022-02-16,35.69,36.14,36.14,35.5,35.65,35.58,35.75,"15,05,614","5,38,33,111.18","3,448"
NETFIT,EQ,2022-02-17,35.58,35.58,35.79,35.3,35.4,35.44,35.52,"5,43,220","1,92,96,114.15","3,129"
NETFIT,EQ,2022-02-18,35.44,35.3,35.5,34.75,35.36,35.33,35.32,"5,88,809","2,07,98,863.81","3,186"
NETFIT,EQ,2022-02-21,35.33,35.59,35.59,34.85,35.18,35.19,35.08,"9,15,941","3,21,33,621.44","5,246"
NETFIT,EQ,2022-02-22,35.19,36.0,36.0,34.5,34.99,34.92,34.78,"15,48,103","5,38,43,667.24","7,067"
NETFIT,EQ,2022-02-23,34.92,35.15,35.25,34.82,34.9,34.9,34.99,"8,82,882","3,08,96,246.86","3,645"
NETFIT,EQ,2022-02-24,34.9,34.9,34.9,33.2,33.99,33.43,33.75,"34,27,846","11,56,82,121.93","18,169"
NETFIT,EQ,2022-02-25,33.43,33.8,34.5,33.56,34.34,34.23,34.24,"11,27,226","3,85,96,851.20","5,182"
NETFIT,EQ,2022-02-28,34.23,37.45,37.45,33.71,34.8,34.71,34.33,"13,45,702","4,61,94,515.60","5,637"
NETFIT,EQ,2022-03-02,34.71,34.9,34.9,34.34,34.69,34.6,34.54,"8,84,919","3,05,64,562.15","6,253"
NETFIT,EQ,2022-03-03,34.6,34.75,35.23,34.6,34.98,34.97,35.13,"44,16,396","15,51,60,531.50","3,859"
NETFIT,EQ,2022-03-04,34.97,34.97,35.26,34.32,34.95,34.99,34.75,"12,26,885","4,26,33,417.04","5,314"
NETFIT,EQ,2022-03-07,34.99,34.87,35.12,34.12,34.99,34.94,34.56,"20,52,369","7,09,32,991.57","7,407"
NETFIT,EQ,2022-03-08,34.94,34.94,35.85,34.67,35.79,35.76,35.6,"14,97,036","5,32,93,906.39","4,478"
NETFIT,EQ,2022-03-09,35.76,36.15,36.49,35.9,36.35,36.31,36.29,"14,44,548","5,24,19,203.77","4,392"
NETFIT,EQ,2022-03-10,36.31,36.5,36.88,36.1,36.34,36.28,36.38,"11,38,055","4,14,03,391.34","4,310"
NETFIT,EQ,2022-03-11,36.28,36.55,36.55,35.74,36.2,36.1,36.09,"8,45,356","3,05,07,537.88","3,094"
NETFIT,EQ,2022-03-14,36.1,36.24,36.98,35.9,36.8,36.75,36.6,"16,81,542","6,15,45,401.22","4,518"
NETFIT,EQ,2022-03-15,36.75,37.0,37.1,35.9,36.19,36.01,36.35,"12,50,136","4,54,41,564.77","6,067"
NETFIT,EQ,2022-03-16,36.01,36.25,36.6,36.11,36.54,36.45,36.26,"1,24,43,682","45,11,48,588.37","4,308"
NETFIT,EQ,2022-03-17,36.45,36.51,37.0,36.35,36.68,36.53,36.82,"38,66,479","14,23,79,509.49","4,040"
NETFIT,EQ,2022-03-21,36.53,36.93,37.03,36.22,36.29,36.29,36.54,"10,33,446","3,77,58,789.63","5,058"
NETFIT,EQ,2022-03-22,36.29,36.9,36.9,36.02,36.8,36.84,36.62,"10,01,351","3,66,68,213.06","3,420"
NETFIT,EQ,2022-03-23,36.84,37.0,37.15,36.7,36.92,36.9,36.95,"9,87,874","3,65,05,048.73","3,526"
NETFIT,EQ,2022-03-24,36.9,37.0,37.36,36.72,37.29,37.31,37.03,"16,42,035","6,08,09,876.59","3,598"
NETFIT,EQ,2022-03-25,37.31,37.5,37.5,36.85,37.04,36.95,37.14,"10,32,413","3,83,42,567.98","4,181"
NETFIT,EQ,2022-03-28,36.95,36.95,37.29,36.6,36.96,36.92,36.81,"5,03,436","1,85,30,625.66","3,957"
NETFIT,EQ,2022-03-29,36.92,37.0,37.19,36.75,36.84,36.94,36.97,"4,11,975","1,52,32,618.34","2,486"
NETFIT,EQ,2022-03-30,36.94,37.25,37.35,36.9,37.3,37.29,37.2,"8,18,348","3,04,43,419.51","2,863"
NETFIT,EQ,2022-03-31,37.29,39.96,39.96,37.11,37.28,37.24,37.22,"10,99,063","4,09,10,033.21","3,011"
NETFIT,EQ,2022-04-01,37.24,37.24,37.45,36.5,37.2,37.21,37.09,"27,13,831","10,06,62,025.64","5,165"
NETFIT,EQ,2022-04-04,37.21,38.68,38.68,37.0,37.38,37.31,37.27,"8,62,544","3,21,46,909.60","4,418"
NETFIT,EQ,2022-04-05,37.31,37.3,37.6,37.3,37.4,37.38,37.47,"9,07,861","3,40,16,889.02","3,690"
NETFIT,EQ,2022-04-06,37.38,37.5,37.59,36.68,36.7,36.72,36.86,"70,60,204","26,02,13,226.98","8,061"
NETFIT,EQ,2022-04-07,36.72,36.99,36.99,36.25,36.56,36.32,36.47,"12,12,225","4,42,05,283.82","6,587"
NETFIT,EQ,2022-04-08,36.32,36.69,36.69,36.12,36.38,36.32,36.31,"14,69,863","5,33,72,706.18","4,763"
NETFIT,EQ,2022-04-11,36.32,36.6,37.09,35.73,35.85,35.8,35.89,"22,56,108","8,09,67,641.58","10,085"
NETFIT,EQ,2022-04-12,35.8,39.43,39.43,35.07,35.22,35.25,35.37,"21,13,016","7,47,41,616.98","9,431"
NETFIT,EQ,2022-04-13,35.25,36.83,36.83,35.04,35.21,35.1,35.19,"25,16,945","8,85,79,967.66","8,748"
NETFIT,EQ,2022-04-18,35.1,35.0,35.0,33.45,33.69,33.63,33.71,"92,24,396","31,09,19,261.04","29,992"
NETFIT,EQ,2022-04-19,33.63,37.7,37.7,32.38,32.39,32.59,33.11,"54,52,837","18,05,49,577.64","24,905"
NETFIT,EQ,2022-04-20,32.59,33.11,33.25,32.5,33.04,32.87,32.94,"30,69,963","10,11,10,133.70","8,006"
NETFIT,EQ,2022-04-21,32.87,33.0,33.55,32.87,33.5,33.43,33.29,"13,38,540","4,45,54,535.42","5,171"
NETFIT,EQ,2022-04-22,33.43,34.06,34.06,33.0,33.3,33.25,33.34,"8,72,613","2,90,89,456.32","5,424"
NETFIT,EQ,2022-04-25,33.25,33.5,33.8,32.44,32.75,32.57,32.62,"20,19,678","6,58,78,631.34","11,259"
NETFIT,EQ,2022-04-26,32.57,32.88,33.09,32.48,32.62,32.53,32.66,"26,49,166","8,65,31,013.07","6,784"
NETFIT,EQ,2022-04-27,32.53,32.73,32.73,31.99,32.48,32.38,32.17,"69,06,980","22,21,78,564.34","9,981"
NETFIT,EQ,2022-04-28,32.38,32.65,32.98,32.25,32.65,32.72,32.55,"42,75,821","13,91,82,883.08","4,732"
NETFIT,EQ,2022-04-29,32.72,32.72,33.2,32.37,32.4,32.45,32.69,"29,01,582","9,48,64,526.10","5,560"
NETFIT,EQ,2022-05-02,32.45,32.49,32.49,31.76,32.02,31.97,31.92,"22,13,670","7,06,55,365.52","11,895"
NETFIT,EQ,2022-05-04,31.97,32.2,32.29,31.5,31.75,31.6,31.85,"19,31,849","6,15,32,571.07","10,038"
NETFIT,EQ,2022-05-05,31.6,31.8,32.3,31.65,32.27,32.25,32.18,"11,17,648","3,59,62,428.40","3,868"
NETFIT,EQ,2022-05-06,32.25,32.0,32.2,31.02,31.65,31.55,31.48,"29,92,538","9,42,17,648.76","12,199"
NETFIT,EQ,2022-05-09,31.55,31.23,31.76,30.83,31.7,31.58,31.37,"14,13,564","4,43,47,000.90","8,042"
ITBEES,EQ,2022-05-10,31.58,32.0,32.0,31.1,31.44,31.2,31.42,"9,05,508","2,84,49,504.71","5,828"
ITBEES,EQ,2022-05-11,31.2,33.0,36.68,30.4,30.96,30.88,30.83,"15,96,371","4,92,08,267.81","10,370"
ITBEES,EQ,2022-05-12,30.88,31.14,31.14,30.0,30.7,30.64,30.55,"19,82,983","6,05,72,616.02","8,420"
ITBEES,EQ,2022-05-13,30.64,31.59,31.59,30.3,30.5,30.42,30.61,"17,96,966","5,50,08,738.40","7,757"
ITBEES,EQ,2022-05-16,30.42,35.88,35.88,30.07,30.3,30.2,30.31,"12,68,623","3,84,57,845.32","7,220"
ITBEES,EQ,2022-05-17,30.2,30.4,31.06,30.2,31.06,30.97,30.65,"14,98,791","4,59,42,850.14","5,039"
ITBEES,EQ,2022-05-18,30.97,30.97,32.03,30.85,31.0,30.91,31.21,"11,34,833","3,54,20,474.68","4,955"
ITBEES,EQ,2022-05-19,30.91,31.0,31.0,29.0,29.23,29.11,29.42,"50,69,988","14,91,75,914.33","26,996"
ITBEES,EQ,2022-05-20,29.11,29.15,29.88,29.15,29.62,29.57,29.54,"10,45,906","3,08,96,834.75","4,665"
ITBEES,EQ,2022-05-23,29.57,29.87,30.06,29.42,29.99,29.86,29.82,"12,82,649","3,82,51,029.78","4,454"
ITBEES,EQ,2022-05-24,29.86,32.81,32.81,29.2,29.4,29.31,29.42,"9,89,734","2,91,21,476.53","6,542"
ITBEES,EQ,2022-05-25,29.31,29.49,29.49,28.22,28.45,28.38,28.57,"40,12,088","11,46,42,520.67","15,008"
ITBEES,EQ,2022-05-26,28.38,28.89,28.89,28.01,28.83,28.73,28.51,"19,22,520","5,48,11,557.71","5,403"
ITBEES,EQ,2022-05-27,28.73,29.88,29.88,28.94,29.43,29.37,29.27,"22,43,968","6,56,75,748.10","4,155"
ITBEES,EQ,2022-05-30,29.37,30.5,30.73,29.65,30.55,30.55,30.39,"31,82,273","9,66,95,069.42","5,944"
ITBEES,EQ,2022-05-31,30.55,32.0,33.0,30.13,30.67,30.62,30.38,"52,86,646","16,06,03,241.72","4,387"
ITBEES,EQ,2022-06-01,30.62,30.63,30.88,30.0,30.29,30.16,30.33,"17,83,539","5,40,98,722.54","5,546"
ITBEES,EQ,2022-06-02,30.16,30.3,30.78,30.04,30.78,30.74,30.64,"20,88,521","6,39,95,771.18","3,417"
ITBEES,EQ,2022-06-03,30.74,34.68,34.68,30.7,30.88,30.79,31.11,"44,67,277","13,89,56,820.68","5,025"
ITBEES,EQ,2022-06-06,30.79,28.21,31.29,28.21,30.8,30.76,30.51,"10,24,809","3,12,63,001.24","4,485"
ITBEES,EQ,2022-06-07,30.76,30.69,30.69,30.11,30.4,30.28,30.3,"11,53,771","3,49,60,439.10","4,806"
ITBEES,EQ,2022-06-08,30.28,29.65,30.49,29.65,30.4,30.38,30.3,"7,61,239","2,30,64,600.71","3,011"
ITBEES,EQ,2022-06-09,30.38,30.38,30.72,30.05,30.72,30.61,30.4,"6,92,827","2,10,59,823.34","2,791"
ITBEES,EQ,2022-06-10,30.61,30.39,30.39,29.95,30.19,30.06,30.09,"17,24,939","5,18,98,154.96","6,368"
ITBEES,EQ,2022-06-13,30.06,30.06,30.06,28.7,28.98,28.82,29.01,"39,94,367","11,58,77,252.39","16,805"
ITBEES,EQ,2022-06-14,28.82,33.21,33.21,28.55,28.95,28.83,28.93,"19,24,452","5,56,70,154.27","5,873"
ITBEES,EQ,2022-06-15,28.83,29.0,29.17,28.71,28.83,28.74,28.84,"10,71,766","3,09,12,693.64","4,276"
ITBEES,EQ,2022-06-16,28.74,29.0,29.29,27.9,27.95,28.01,28.35,"34,90,595","9,89,48,161.59","13,878"
ITBEES,EQ,2022-06-17,28.01,27.99,27.99,27.3,27.7,27.6,27.52,"38,90,130","10,70,66,814.13","10,180"
ITBEES,EQ,2022-06-20,27.6,29.04,29.04,27.39,27.85,27.81,27.79,"89,00,147","24,73,36,158.35","5,904"
ITBEES,EQ,2022-06-21,27.81,28.0,29.18,28.0,28.74,28.69,28.53,"27,86,080","7,94,74,895.27","4,392"
ITBEES,EQ,2022-06-22,28.69,28.86,28.88,28.3,28.32,28.38,28.46,"16,41,608","4,67,24,865.70","3,662"
ITBEES,EQ,2022-06-23,28.38,28.75,29.2,28.38,29.04,28.98,28.8,"17,33,171","4,99,20,256.92","2,961"
ITBEES,EQ,2022-06-24,28.98,29.25,29.29,28.41,28.7,28.64,28.58,"47,69,472","13,63,01,148.76","6,181"
ITBEES,EQ,2022-06-27,28.64,28.64,29.4,28.64,29.2,29.22,29.22,"14,57,984","4,26,00,898.65","4,179"
ITBEES,EQ,2022-06-28,29.22,29.5,29.5,28.71,29.38,29.33,29.04,"9,99,787","2,90,29,825.19","3,903"
ITBEES,EQ,2022-06-29,29.33,29.6,29.6,28.5,29.4,29.01,29.14,"9,59,477","2,79,56,996.39","3,817"
ITBEES,EQ,2022-06-30,29.01,29.28,29.28,28.5,28.74,28.65,28.73,"84,71,537","24,33,65,773.80","6,826"
ITBEES,EQ,2022-07-01,28.65,28.75,29.04,28.4,29.0,28.8,28.65,"58,10,243","16,64,68,101.58","5,128"
ITBEES,EQ,2022-07-04,28.8,28.8,29.0,28.49,28.73,28.71,28.67,"14,42,284","4,13,44,202.63","6,443"
ITBEES,EQ,2022-07-05,28.71,28.91,29.12,28.53,28.53,28.57,28.92,"75,14,373","21,72,90,601.48","6,075"
ITBEES,EQ,2022-07-06,28.57,28.75,29.0,28.43,28.95,28.88,28.74,"14,30,239","4,11,00,308.07","4,850"
ITBEES,EQ,2022-07-07,28.88,29.0,29.3,28.94,29.1,29.08,29.15,"9,79,338","2,85,52,021.34","3,911"
ITBEES,EQ,2022-07-08,29.08,29.25,29.3,29.0,29.19,29.14,29.14,"61,09,965","17,80,37,443.96","4,252"
ITBEES,EQ,2022-07-11,29.14,29.0,29.0,28.12,28.3,28.3,28.33,"39,15,442","11,09,12,235.57","15,846"
ITBEES,EQ,2022-07-12,28.3,28.25,28.5,27.94,28.2,27.98,28.19,"52,67,317","14,84,85,897.80","11,208"
ITBEES,EQ,2022-07-13,27.98,28.0,28.25,27.8,27.92,27.87,27.95,"14,79,222","4,13,41,509.54","7,379"
ITBEES,EQ,2022-07-14,27.87,28.0,28.15,27.18,27.49,27.43,27.5,"84,90,117","23,34,64,683.64","16,502"
ITBEES,EQ,2022-07-15,27.43,27.5,27.59,27.1,27.35,27.4,27.29,"28,17,705","7,68,89,676.44","9,818"
ITBEES,EQ,2022-07-18,27.4,27.5,28.3,27.5,28.29,28.25,28.08,"26,30,126","7,38,53,985.23","6,215"
ITBEES,EQ,2022-07-19,28.25,28.5,28.5,27.85,28.26,28.26,28.2,"16,54,743","4,66,65,874.09","4,761"
ITBEES,EQ,2022-07-20,28.26,28.5,29.1,28.5,29.08,29.05,28.92,"1,13,06,543","32,69,55,352.31","8,224"
ITBEES,EQ,2022-07-21,29.05,29.05,29.42,28.9,29.3,29.32,29.24,"17,23,345","5,03,90,198.87","4,888"
ITBEES,EQ,2022-07-22,29.32,29.3,29.6,28.9,29.2,29.19,29.17,"20,33,800","5,93,17,480.29","5,625"
ITBEES,EQ,2022-07-25,29.19,29.25,29.32,28.9,29.2,29.24,29.14,"19,61,343","5,71,50,987.11","4,520"
ITBEES,EQ,2022-07-26,29.24,29.25,29.25,28.4,28.46,28.44,28.64,"28,43,569","8,14,33,150.16","9,811"
ITBEES,EQ,2022-07-27,28.44,28.5,28.88,28.33,28.85,28.84,28.64,"13,45,790","3,85,41,563.31","3,784"
ITBEES,EQ,2022-07-28,28.84,29.06,29.75,29.06,29.7,29.69,29.47,"42,44,782","12,51,10,078.67","5,853"
ITBEES,EQ,2022-07-29,29.69,30.28,30.39,29.88,30.11,30.14,30.18,"28,90,077","8,72,22,489.89","5,913"
ITBEES,EQ,2022-08-01,30.14,30.25,30.5,30.0,30.3,30.26,30.24,"16,30,276","4,92,98,265.52","6,073"
ITBEES,EQ,2022-08-02,30.26,30.26,30.26,29.91,30.01,30.06,30.04,"14,71,059","4,41,96,987.46","6,300"
ITBEES,EQ,2022-08-03,30.06,30.2,30.57,29.92,30.5,30.52,30.36,"29,85,852","9,06,62,424.24","5,230"
ITBEES,EQ,2022-08-04,30.52,30.6,31.05,30.27,30.83,30.81,30.73,"40,38,878","12,41,22,724.89","6,386"
ITBEES,EQ,2022-08-05,30.81,31.0,31.16,30.82,31.05,31.03,31.04,"24,52,979","7,61,49,680.66","4,951"
ITBEES,EQ,2022-08-08,31.03,31.25,31.25,30.72,31.0,30.98,30.81,"52,68,005","16,23,05,879.31","9,377"
ITBEES,EQ,2022-08-10,30.98,31.18,31.18,30.52,30.72,30.71,30.71,"42,79,551","13,14,20,177.20","6,509"
ITBEES,EQ,2022-08-11,30.71,31.0,31.48,31.0,31.25,31.27,31.27,"30,70,770","9,60,10,429.67","7,142"
ITBEES,EQ,2022-08-12,31.27,31.71,31.71,30.9,31.0,30.99,31.04,"21,32,283","6,61,92,533.55","8,022"
ITBEES,EQ,2022-08-16,30.99,31.2,31.79,30.91,31.03,31.01,31.04,"14,55,860","4,51,93,564.00","5,726"
ITBEES,EQ,2022-08-17,31.01,31.2,31.42,30.92,31.33,31.34,31.33,"39,21,077","12,28,40,620.93","4,959"
ITBEES,EQ,2022-08-18,31.34,31.29,31.29,31.0,31.18,31.14,31.09,"21,76,456","6,76,57,050.11","5,231"
ITBEES,EQ,2022-08-19,31.14,31.95,31.95,30.98,31.05,31.1,31.25,"30,88,197","9,65,07,898.66","6,423"
ITBEES,EQ,2022-08-22,31.1,31.2,31.2,30.48,30.55,30.5,30.67,"30,13,629","9,24,34,026.96","8,841"
ITBEES,EQ,2022-08-23,30.5,30.75,30.75,29.8,30.14,30.0,30.02,"46,33,765","13,90,99,058.04","11,713"
ITBEES,EQ,2022-08-24,30.0,30.15,30.28,29.82,29.94,29.92,29.94,"35,63,751","10,67,00,748.69","8,322"
ITBEES,EQ,2022-08-25,29.92,31.15,31.15,29.66,29.71,29.7,29.88,"84,40,759","25,22,51,794.62","9,934"
ITBEES,EQ,2022-08-26,29.7,30.0,30.1,29.72,29.84,29.77,29.92,"21,04,871","6,29,84,345.29","5,682"
ITBEES,EQ,2022-08-29,29.77,29.25,29.35,28.11,28.75,28.67,28.65,"89,77,849","25,72,14,021.51","20,247"
ITBEES,EQ,2022-08-30,28.67,28.9,29.48,28.8,29.48,29.41,29.17,"26,25,519","7,65,98,688.13","6,654"
ITBEES,EQ,2022-09-01,29.41,30.75,30.75,28.78,29.0,28.92,28.94,"62,55,360","18,10,28,607.95","13,530"
ITBEES,EQ,2022-09-02,28.92,29.1,29.38,28.76,28.85,28.78,28.87,"35,15,216","10,14,96,620.23","9,139"
ITBEES,EQ,2022-09-05,28.78,30.74,30.74,28.71,28.86,28.86,28.89,"24,53,066","7,08,67,130.73","7,791"
ITBEES,EQ,2022-09-06,28.86,28.95,28.95,28.61,28.81,28.77,28.76,"26,48,047","7,61,58,207.03","8,659"
ITBEES,EQ,2022-09-07,28.77,29.0,29.0,28.54,28.93,28.9,28.72,"35,46,303","10,18,47,404.51","8,992"
ITBEES,EQ,2022-09-08,28.9,29.68,29.68,28.9,29.16,29.12,29.11,"22,36,225","6,50,99,103.34","5,562"
ITBEES,EQ,2022-09-09,29.12,29.12,29.89,29.12,29.8,29.8,29.54,"52,69,564","15,56,38,919.52","8,455"
ITBEES,EQ,2022-09-12,29.8,30.0,30.35,29.92,30.25,30.23,30.26,"80,53,605","24,37,06,563.87","12,967"
ITBEES,EQ,2022-09-13,30.23,30.77,30.78,30.11,30.23,30.21,30.31,"52,41,356","15,88,47,156.50","9,339"
ITBEES,EQ,2022-09-14,30.21,30.2,30.2,29.15,29.22,29.21,29.25,"1,62,71,974","47,60,33,930.96","30,117"
ITBEES,EQ,2022-09-15,29.21,29.34,29.4,28.71,28.81,28.79,28.91,"94,77,427","27,39,60,760.52","27,092"
ITBEES,EQ,2022-09-16,28.79,28.77,28.77,27.65,27.8,27.74,28.08,"1,80,47,742","50,67,20,106.25","57,652"
ITBEES,EQ,2022-09-19,27.74,33.72,33.72,27.5,27.85,27.82,27.84,"85,08,789","23,69,24,486.75","22,621"
ITBEES,EQ,2022-09-20,27.82,30.29,30.29,28.0,28.05,28.04,28.2,"60,18,221","16,97,20,081.07","11,908"
ITBEES,EQ,2022-09-21,28.04,28.2,28.39,27.8,27.92,27.85,27.92,"47,22,316","13,18,34,294.26","14,106"
ITBEES,EQ,2022-09-22,27.85,27.85,28.0,27.55,27.83,27.79,27.81,"70,14,573","19,50,90,443.06","15,290"
ITBEES,EQ,2022-09-23,27.79,28.5,28.5,27.55,27.64,27.59,27.76,"73,72,426","20,46,25,834.88","21,671"
ITBEES,EQ,2022-09-26,27.59,28.09,28.09,27.26,27.9,27.74,27.69,"1,36,92,171","37,91,68,299.46","23,351"
ITBEES,EQ,2022-09-27,27.74,28.0,28.14,27.7,28.07,27.99,27.93,"41,91,072","11,70,65,009.82","10,643"
ITBEES,EQ,2022-09-28,27.99,28.55,28.55,27.75,28.09,28.06,28.07,"52,96,343","14,86,61,188.19","10,187"
ITBEES,EQ,2022-09-29,28.06,28.24,28.38,27.72,27.99,27.85,28.02,"40,13,288","11,24,63,472.76","12,191"
ITBEES,EQ,2022-09-30,27.85,27.94,28.04,27.45,28.0,27.94,27.65,"82,03,546","22,68,12,056.46","15,705"
ITBEES,EQ,2022-10-03,27.94,28.17,28.17,27.58,27.75,27.71,27.76,"45,74,684","12,70,15,140.16","14,126"
ITBEES,EQ,2022-10-04,27.71,27.79,28.44,27.79,28.42,28.41,28.29,"47,24,569","13,36,44,230.60","8,179"
ITBEES,EQ,2022-10-06,28.41,29.89,29.89,28.51,28.83,28.85,28.84,"55,25,355","15,93,37,964.04","9,480"
ITBEES,EQ,2022-10-07,28.85,28.92,28.95,28.59,28.74,28.74,28.75,"32,42,425","9,32,22,144.32","7,909"
ITBEES,EQ,2022-10-10,28.74,29.89,29.89,28.21,29.01,28.98,28.73,"43,57,791","12,52,10,235.03","9,282"
ITBEES,EQ,2022-10-11,28.98,29.09,29.26,28.41,28.5,28.48,28.85,"47,84,667","13,80,55,971.41","12,481"
ITBEES,EQ,2022-10-12,28.48,28.59,28.73,28.36,28.63,28.62,28.56,"28,42,813","8,11,94,345.63","7,122"
ITBEES,EQ,2022-10-13,28.62,28.99,28.99,28.34,28.5,28.46,28.44,"26,93,282","7,65,96,620.12","8,078"
ITBEES,EQ,2022-10-14,28.46,29.0,29.31,28.71,28.96,28.93,29.13,"87,18,079","25,39,29,582.80","10,749"
ITBEES,EQ,2022-10-17,28.93,29.16,29.16,28.81,28.99,28.96,28.96,"40,63,243","11,76,88,069.06","9,395"
ITBEES,EQ,2022-10-18,28.96,28.97,29.4,28.97,29.27,29.26,29.27,"43,34,617","12,68,77,118.48","6,571"
ITBEES,EQ,2022-10-19,29.26,29.0,29.48,29.0,29.1,29.06,29.17,"20,17,520","5,88,57,248.99","6,576"
ITBEES,EQ,2022-10-20,29.06,29.17,29.45,28.93,29.45,29.4,29.28,"30,99,606","9,07,48,770.25","5,957"
ITBEES,EQ,2022-10-21,29.4,29.49,29.49,29.25,29.32,29.32,29.34,"18,01,731","5,28,56,913.81","5,602"
ITBEES,EQ,2022-10-24,29.32,29.69,29.75,29.37,29.58,29.63,29.58,"24,40,411","7,21,92,165.30","12,844"
ITBEES,EQ,2022-10-25,29.63,29.65,29.83,29.51,29.71,29.72,29.7,"31,36,947","9,31,52,540.28","7,344"
ITBEES,EQ,2022-10-27,29.72,29.94,29.94,29.52,29.69,29.66,29.71,"25,57,970","7,59,98,087.13","8,104"
ITBEES,EQ,2022-10-28,29.66,29.79,29.8,29.4,29.49,29.46,29.54,"17,75,493","5,24,46,029.11","7,168"
ITBEES,EQ,2022-10-31,29.46,29.89,29.93,29.54,29.8,29.81,29.81,"34,22,731","10,20,28,472.97","7,132"
ITBEES,EQ,2022-11-01,29.81,29.91,30.4,29.82,30.33,30.36,30.14,"72,43,729","21,83,38,591.41","10,414"
ITBEES,EQ,2022-11-02,30.36,30.0,30.48,30.0,30.24,30.23,30.24,"29,33,081","8,87,09,206.78","7,894"
ITBEES,EQ,2022-11-03,30.23,30.24,30.47,29.85,29.93,29.96,29.96,"29,98,703","8,98,26,640.33","8,556"
ITBEES,EQ,2022-11-04,29.96,31.45,31.45,29.6,29.89,29.82,29.73,"32,96,469","9,79,99,036.01","8,445"
ITBEES,EQ,2022-11-07,29.82,30.52,30.52,29.66,29.92,29.88,29.83,"20,93,271","6,24,51,789.61","7,680"
ITBEES,EQ,2022-11-09,29.88,30.0,30.08,29.7,29.82,29.81,29.89,"14,30,334","4,27,52,083.09","7,310"
ITBEES,EQ,2022-11-10,29.81,29.8,29.8,29.22,29.69,29.72,29.7,"33,87,949","10,06,06,907.38","7,385"
ITBEES,EQ,2022-11-11,29.72,30.58,30.88,30.1,30.79,30.77,30.7,"86,38,963","26,52,24,978.00","11,628"
ITBEES,EQ,2022-11-14,30.77,31.71,31.71,30.8,31.08,31.04,31.03,"38,06,633","11,81,21,414.96","9,954"
ITBEES,EQ,2022-11-15,31.04,31.2,31.2,30.75,31.1,31.04,30.94,"27,51,329","8,51,27,734.34","7,452"
ITBEES,EQ,2022-11-16,31.04,32.25,32.25,31.0,31.18,31.19,31.21,"29,11,065","9,08,49,024.41","7,168"
ITBEES,EQ,2022-11-17,31.19,31.21,31.29,30.85,30.94,30.92,30.96,"23,56,969","7,29,63,410.56","6,846"
ITBEES,EQ,2022-11-18,30.92,30.91,31.12,30.65,30.93,30.87,30.85,"25,25,788","7,79,09,249.58","6,864"
ITBEES,EQ,2022-11-21,30.87,30.99,30.99,30.4,30.46,30.45,30.53,"19,96,455","6,09,50,436.53","9,464"
ITBEES,EQ,2022-11-22,30.45,30.78,30.78,30.25,30.64,30.59,30.5,"20,76,319","6,33,28,202.85","5,321"
ITBEES,EQ,2022-11-23,30.59,30.6,30.82,30.52,30.58,30.57,30.65,"13,51,311","4,14,21,894.23","4,727"
ITBEES,EQ,2022-11-24,30.57,30.57,31.45,30.56,31.36,31.35,31.07,"1,13,80,756","35,35,95,506.24","8,124"
ITBEES,EQ,2022-11-25,31.35,31.59,31.7,31.17,31.58,31.62,31.45,"45,59,111","14,33,94,314.20","9,300"
ITBEES,EQ,2022-11-28,31.62,31.64,31.87,31.45,31.55,31.59,31.7,"45,68,415","14,48,22,493.68","10,609"
ITBEES,EQ,2022-11-29,31.59,31.55,31.77,31.45,31.61,31.61,31.65,"27,83,819","8,81,09,811.00","10,878"
ITBEES,EQ,2022-11-30,31.61,31.65,31.75,31.41,31.73,31.63,31.56,"23,48,503","7,41,28,180.35","10,396"
ITBEES,EQ,2022-12-01,31.63,32.15,32.69,31.0,32.39,32.38,32.35,"75,32,471","24,36,79,450.05","13,152"
ITBEES,EQ,2022-12-02,32.38,32.59,32.59,32.18,32.38,32.37,32.32,"42,77,306","13,82,58,724.04","10,344"
ITBEES,EQ,2022-12-05,32.37,32.25,32.57,32.05,32.27,32.23,32.2,"42,97,396","13,83,92,631.95","11,609"
ITBEES,EQ,2022-12-06,32.23,32.18,32.18,31.62,31.72,31.74,31.78,"37,87,204","12,03,74,901.04","13,466"
ITBEES,EQ,2022-12-07,31.74,31.78,31.78,31.4,31.5,31.46,31.52,"25,77,854","8,12,60,386.82","9,451"
ITBEES,EQ,2022-12-08,31.46,31.99,31.99,31.22,31.46,31.4,31.37,"19,14,722","6,00,64,550.83","9,106"
ITBEES,EQ,2022-12-09,31.4,31.6,31.6,30.29,30.58,30.44,30.67,"1,03,48,745","31,74,07,064.95","35,456"
ITBEES,EQ,2022-12-12,30.44,30.72,30.73,29.88,30.32,30.27,30.19,"43,43,646","13,11,13,670.02","17,099"
ITBEES,EQ,2022-12-13,30.27,30.48,30.63,30.22,30.61,30.59,30.49,"28,20,376","8,59,96,265.92","8,575"
ITBEES,EQ,2022-12-14,30.59,30.8,31.01,30.59,30.88,30.86,30.92,"33,83,731","10,46,18,078.44","7,998"
ITBEES,EQ,2022-12-15,30.86,30.91,30.93,30.3,30.33,30.34,30.49,"35,98,899","10,97,46,320.49","15,532"
ITBEES,EQ,2022-12-16,30.34,32.06,32.06,29.85,29.93,29.91,30.04,"69,06,162","20,74,60,868.55","21,329"
ITBEES,EQ,2022-12-19,29.91,29.91,30.83,29.65,29.8,29.78,29.76,"45,66,774","13,58,89,687.63","17,850"
ITBEES,EQ,2022-12-20,29.78,29.75,29.89,29.31,29.84,29.81,29.56,"52,64,865","15,56,40,729.06","17,665"
ITBEES,EQ,2022-12-21,29.81,29.82,30.15,29.82,29.93,29.91,29.96,"36,56,105","10,95,55,141.58","9,187"
ITBEES,EQ,2022-12-22,29.91,30.2,30.24,29.78,29.99,29.97,29.96,"28,26,116","8,46,72,126.28","8,700"
ITBEES,EQ,2022-12-23,29.97,30.0,30.0,29.37,29.6,29.43,29.55,"42,73,441","12,62,87,982.87","18,490"
ITBEES,EQ,2022-12-26,29.43,29.69,29.69,29.35,29.59,29.56,29.59,"28,57,679","8,45,54,017.63","9,949"
ITBEES,EQ,2022-12-27,29.56,29.79,29.89,29.54,29.89,29.85,29.78,"24,74,775","7,37,08,932.42","6,211"
ITBEES,EQ,2022-12-28,29.85,29.85,29.85,29.56,29.77,29.73,29.73,"24,44,887","7,26,88,243.82","7,350"
ITBEES,EQ,2022-12-29,29.73,29.98,29.98,29.55,29.89,29.84,29.73,"13,58,626","4,03,88,512.48","6,613"
ITBEES,EQ,2022-12-30,29.84,29.25,30.2,29.0,29.8,29.83,30.01,"17,69,542","5,31,08,533.52","7,397"
ITBEES,EQ,2023-01-02,29.83,30.01,30.01,29.69,29.9,29.87,29.82,"15,91,337","4,74,57,181.18","8,820"
ITBEES,EQ,2023-01-03,29.87,29.99,30.23,29.83,30.18,30.18,30.08,"19,82,509","5,96,40,164.64","6,725"
ITBEES,EQ,2023-01-04,30.18,30.19,30.19,29.8,29.92,29.89,29.92,"16,82,922","5,03,57,640.40","8,898"
ITBEES,EQ,2023-01-05,29.89,30.0,30.03,29.6,29.74,29.73,29.74,"20,83,144","6,19,55,003.48","9,610"
ITBEES,EQ,2023-01-06,29.73,30.95,30.95,29.1,29.27,29.18,29.28,"69,13,399","20,24,22,379.64","23,980"
ITBEES,EQ,2023-01-09,29.18,29.46,29.9,29.35,29.88,29.87,29.73,"28,30,850","8,41,74,382.52","8,568"
ITBEES,EQ,2023-01-10,29.87,30.0,31.2,29.45,29.6,29.62,29.56,"30,31,202","8,95,88,514.61","10,824"
ITBEES,EQ,2023-01-11,29.62,29.62,30.08,29.62,29.82,29.82,29.9,"23,18,386","6,93,10,074.26","6,352"
ITBEES,EQ,2023-01-12,29.82,29.82,30.13,29.73,29.95,29.88,29.86,"12,61,107","3,76,50,940.30","5,889"
ITBEES,EQ,2023-01-13,29.88,29.91,30.19,29.5,30.1,30.1,29.9,"42,98,282","12,85,06,608.59","9,504"
ITBEES,EQ,2023-01-16,30.1,30.24,30.51,30.14,30.47,30.49,30.38,"76,85,213","23,35,05,367.56","10,242"
ITBEES,EQ,2023-01-17,30.49,30.65,30.66,30.4,30.64,30.62,30.6,"26,84,417","8,21,43,979.50","7,051"
ITBEES,EQ,2023-01-18,30.62,30.6,30.93,30.6,30.79,30.77,30.79,"32,77,243","10,09,02,750.20","6,916"
ITBEES,EQ,2023-01-19,30.77,30.67,31.99,30.5,30.84,30.81,30.78,"24,59,928","7,57,15,918.11","6,427"
ITBEES,EQ,2023-01-20,30.81,30.89,30.96,30.55,30.69,30.7,30.76,"39,79,960","12,24,19,288.84","7,116"
ITBEES,EQ,2023-01-23,30.7,33.66,33.66,30.69,31.27,31.26,31.06,"41,72,616","12,96,10,323.60","8,660"
ITBEES,EQ,2023-01-24,31.26,31.3,31.7,31.26,31.51,31.49,31.55,"67,02,312","21,14,27,889.24","10,642"
ITBEES,EQ,2023-01-25,31.49,31.5,31.5,31.2,31.3,31.22,31.3,"53,34,550","16,69,71,544.64","10,363"
ITBEES,EQ,2023-01-27,31.22,32.15,32.15,30.75,31.19,30.98,31.06,"52,65,449","16,35,21,972.48","15,924"
ITBEES,EQ,2023-01-30,30.98,31.06,31.49,30.62,31.4,31.35,31.16,"33,93,735","10,57,38,613.14","8,641"
ITBEES,EQ,2023-01-31,31.35,31.49,31.49,30.82,30.97,31.0,30.94,"34,76,747","10,75,57,720.13","11,106"
ITBEES,EQ,2023-02-01,31.0,31.09,31.35,30.86,31.34,31.23,31.17,"31,06,760","9,68,35,780.66","9,887"
ITBEES,EQ,2023-02-02,31.23,31.59,31.92,31.23,31.88,31.83,31.71,"51,37,658","16,29,07,424.48","9,667"
ITBEES,EQ,2023-02-03,31.83,31.89,32.14,31.71,31.78,31.83,31.85,"39,00,420","12,42,40,583.63","9,471"
ITBEES,EQ,2023-02-06,31.83,31.99,31.99,31.37,31.63,31.63,31.56,"27,47,959","8,67,34,644.63","9,189"
ITBEES,EQ,2023-02-07,31.63,31.51,31.78,31.5,31.53,31.54,31.63,"21,50,711","6,80,19,576.50","6,564"
ITBEES,EQ,2023-02-08,31.54,31.93,32.43,31.62,32.15,32.12,32.22,"1,28,66,864","41,45,59,406.58","9,674"
ITBEES,EQ,2023-02-09,32.12,31.99,32.33,31.84,32.32,32.29,32.16,"24,12,999","7,76,02,223.49","6,867"
ITBEES,EQ,2023-02-10,32.29,32.16,32.48,31.3,32.22,32.21,32.13,"17,13,550","5,50,61,081.64","6,543"
ITBEES,EQ,2023-02-13,32.21,32.21,32.21,31.55,31.63,31.61,31.68,"27,00,456","8,55,60,528.78","11,435"
ITBEES,EQ,2023-02-14,31.61,31.69,32.0,31.69,31.8,31.85,31.93,"18,29,198","5,84,04,630.66","5,260"
ITBEES,EQ,2023-02-15,31.85,31.71,32.25,31.6,32.23,32.2,32.01,"25,87,295","8,28,13,409.00","6,407"
ITBEES,EQ,2023-02-16,32.2,32.65,33.0,32.21,32.66,32.76,32.8,"1,33,64,915","43,83,42,602.75","11,223"
ITBEES,EQ,2023-02-17,32.76,32.79,32.79,32.3,32.45,32.42,32.47,"31,53,940","10,23,93,569.14","9,502"
ITBEES,EQ,2023-02-20,32.42,32.59,32.75,32.1,32.61,32.58,32.57,"24,38,759","7,94,27,913.06","7,409"
ITBEES,EQ,2023-02-21,32.58,32.61,32.78,32.2,32.26,32.33,32.44,"21,39,105","6,93,84,011.19","7,350"
ITBEES,EQ,2023-02-22,32.33,32.21,32.21,31.78,32.09,31.87,31.88,"78,23,495","24,94,45,995.87","12,330"
ITBEES,EQ,2023-02-23,31.87,31.9,32.18,31.7,32.0,31.83,31.93,"23,81,247","7,60,42,246.22","6,077"
ITBEES,EQ,2023-02-24,31.83,32.0,32.1,31.7,31.75,31.76,31.83,"12,10,917","3,85,45,178.32","5,970"
ITBEES,EQ,2023-02-27,31.76,31.77,31.77,30.85,31.14,31.15,31.02,"87,23,658","27,06,16,711.41","16,493"
ITBEES,EQ,2023-02-28,31.15,31.16,31.5,30.87,31.1,30.94,31.17,"88,15,676","27,47,67,259.89","10,056"
ITBEES,EQ,2023-03-01,30.94,31.17,31.46,30.96,31.41,31.43,31.29,"17,03,739","5,33,06,444.38","6,564"
ITBEES,EQ,2023-03-02,31.43,31.29,31.38,30.94,31.1,31.04,31.06,"20,13,128","6,25,31,316.95","9,193"
ITBEES,EQ,2023-03-03,31.04,31.16,31.34,31.08,31.19,31.14,31.18,"16,16,421","5,03,96,637.41","5,785"
ITBEES,EQ,2023-03-06,31.14,31.26,31.6,31.26,31.41,31.42,31.49,"20,27,392","6,38,41,332.03","7,192"
ITBEES,EQ,2023-03-08,31.42,31.38,31.38,31.06,31.29,31.25,31.19,"41,40,692","12,91,68,036.77","8,355"
ITBEES,EQ,2023-03-09,31.25,31.34,31.5,31.02,31.08,31.04,31.14,"13,10,165","4,08,02,496.36","7,561"
ITBEES,EQ,2023-03-10,31.04,31.14,31.14,30.55,31.08,30.86,30.74,"21,46,238","6,59,81,466.60","11,544"
ITBEES,EQ,2023-03-13,30.86,30.91,31.29,30.45,30.75,30.53,30.82,"33,74,331","10,39,82,533.28","12,667"
ITBEES,EQ,2023-03-14,30.53,30.8,30.8,29.9,30.11,30.04,30.15,"61,42,150","18,52,11,983.29","19,381"
ITBEES,EQ,2023-03-15,30.04,30.25,30.49,29.9,29.94,29.95,30.13,"22,32,390","6,72,69,614.77","10,599"
ITBEES,EQ,2023-03-16,29.95,30.13,30.13,29.6,29.98,29.77,29.79,"34,08,586","10,15,28,271.27","14,082"
ITBEES,EQ,2023-03-17,29.77,29.96,30.29,29.88,29.99,29.98,30.09,"28,83,625","8,67,78,488.09","9,487"
ITBEES,EQ,2023-03-20,29.98,30.03,30.03,29.03,29.62,29.53,29.56,"54,83,845","16,21,21,964.67","20,992"
ITBEES,EQ,2023-03-21,29.53,30.4,30.4,29.25,29.39,29.34,29.42,"36,84,358","10,83,96,118.70","15,082"
ITBEES,EQ,2023-03-22,29.34,30.2,30.2,29.4,29.47,29.45,29.53,"21,37,174","6,31,16,978.73","8,357"
ITBEES,EQ,2023-03-23,29.45,30.35,30.35,29.07,29.25,29.17,29.21,"42,87,575","12,52,36,881.34","18,016"
ITBEES,EQ,2023-03-24,29.17,29.25,29.6,29.1,29.22,29.16,29.37,"28,16,588","8,27,28,121.58","9,738"
ITBEES,EQ,2023-03-27,29.16,29.37,29.46,29.01,29.24,29.17,29.24,"18,24,541","5,33,53,577.38","8,560"
ITBEES,EQ,2023-03-28,29.17,29.43,29.43,28.89,28.99,28.91,29.04,"36,67,253","10,65,02,446.58","15,527"
ITBEES,EQ,2023-03-29,28.91,29.8,29.89,28.85,29.31,29.22,29.02,"25,87,327","7,50,90,167.96","9,029"
ITBEES,EQ,2023-03-31,29.22,29.22,29.9,28.79,29.88,29.84,29.69,"36,03,698","10,70,05,312.55","8,812"
ITBEES,EQ,2023-04-03,29.84,29.69,30.29,29.34,29.87,29.82,29.79,"26,72,664","7,96,07,276.89","10,349"
ITBEES,EQ,2023-04-05,29.82,29.82,30.58,29.71,30.16,30.14,30.04,"25,84,892","7,76,45,082.23","7,943"
ITBEES,EQ,2023-04-06,30.14,30.2,30.2,29.91,30.05,30.01,30.03,"20,97,596","6,29,89,669.58","7,866"
ITBEES,EQ,2023-04-10,30.01,30.19,30.25,29.91,30.18,30.2,30.13,"15,86,566","4,78,02,568.42","7,508"
ITBEES,EQ,2023-04-11,30.2,30.26,30.28,29.76,29.92,29.91,29.96,"30,13,481","9,02,96,661.56","11,419"
ITBEES,EQ,2023-04-12,29.91,30.0,30.21,29.8,30.15,30.16,30.05,"20,36,527","6,11,93,708.12","6,011"
ITBEES,EQ,2023-04-13,30.16,30.03,30.03,29.48,29.64,29.59,29.62,"71,26,674","21,11,01,009.41","20,585"
ITBEES,EQ,2023-04-17,29.59,28.7,29.8,27.56,28.35,28.18,27.89,"4,25,80,688","1,18,74,51,662.60","83,669"
ITBEES,EQ,2023-04-18,28.18,28.4,28.75,28.02,28.36,28.34,28.2,"90,31,716","25,46,99,634.10","29,440"
ITBEES,EQ,2023-04-19,28.34,28.4,28.49,27.81,27.94,27.85,27.99,"1,23,80,722","34,65,40,791.16","43,420"
ITBEES,EQ,2023-04-20,27.85,28.19,28.4,27.75,27.81,27.79,27.84,"71,93,527","20,02,71,969.34","24,474"
ITBEES,EQ,2023-04-21,27.79,28.01,28.28,27.75,27.99,27.97,27.87,"50,52,195","14,08,02,526.02","15,777"
ITBEES,EQ,2023-04-24,27.97,28.01,28.25,27.85,28.2,28.16,28.03,"43,94,615","12,32,01,543.01","13,597"
ITBEES,EQ,2023-04-25,28.16,28.48,28.48,27.97,28.1,28.12,28.13,"38,14,512","10,73,01,650.37","12,430"
ITBEES,EQ,2023-04-26,28.12,28.12,28.27,28.01,28.22,28.23,28.2,"31,15,600","8,78,48,088.17","9,121"
ITBEES,EQ,2023-04-27,28.23,28.26,28.53,28.19,28.5,28.49,28.38,"54,12,830","15,36,30,568.77","11,228"
ITBEES,EQ,2023-04-28,28.49,28.59,28.92,28.59,28.88,28.86,28.82,"69,25,822","19,96,29,118.46","13,619"
ITBEES,EQ,2023-05-02,28.86,29.19,29.34,28.88,29.24,29.24,29.18,"72,94,402","21,28,61,279.67","15,857"
ITBEES,EQ,2023-05-03,29.24,29.39,29.39,28.91,29.0,28.96,29.0,"52,74,698","15,29,74,654.43","17,143"
ITBEES,EQ,2023-05-04,28.96,29.01,29.19,28.85,29.09,29.08,29.03,"36,94,105","10,72,39,146.75","10,200"
ITBEES,EQ,2023-05-05,29.08,29.09,29.19,28.85,28.94,28.92,28.97,"34,99,336","10,13,88,064.43","13,655"
ITBEES,EQ,2023-05-08,28.92,29.16,29.16,28.95,29.15,29.12,29.06,"32,55,048","9,46,06,222.26","10,355"
ITBEES,EQ,2023-05-09,29.12,29.19,29.35,29.12,29.35,29.31,29.26,"43,63,866","12,76,99,781.00","10,144"
ITBEES,EQ,2023-05-10,29.31,29.35,29.48,29.22,29.35,29.33,29.32,"33,82,518","9,91,76,866.52","8,912"
ITBEES,EQ,2023-05-11,29.33,29.6,29.69,29.3,29.37,29.36,29.45,"37,60,371","11,07,59,307.37","8,702"
ITBEES,EQ,2023-05-12,29.36,29.51,29.51,29.13,29.33,29.29,29.29,"30,48,329","8,92,85,930.80","9,597"
ITBEES,EQ,2023-05-15,29.29,29.75,29.75,29.2,29.39,29.4,29.44,"36,74,918","10,81,87,158.72","9,688"
ITBEES,EQ,2023-05-16,29.4,29.57,29.64,29.44,29.48,29.48,29.55,"31,32,017","9,25,48,664.97","8,043"
ITBEES,EQ,2023-05-17,29.48,29.66,29.66,29.04,29.23,29.2,29.18,"68,34,728","19,94,57,403.91","18,141"
ITBEES,EQ,2023-05-18,29.2,29.4,29.45,29.1,29.19,29.14,29.24,"22,50,759","6,58,06,297.54","7,981"
ITBEES,EQ,2023-05-19,29.14,29.16,29.57,29.16,29.57,29.53,29.46,"58,58,166","17,26,03,118.24","10,236"
ITBEES,EQ,2023-05-22,29.53,29.52,30.31,29.43,30.27,30.27,30.0,"90,60,888","27,18,36,427.06","12,478"
ITBEES,EQ,2023-05-23,30.27,30.38,30.6,30.12,30.17,30.16,30.38,"81,42,095","24,73,35,833.55","12,430"
ITBEES,EQ,2023-05-24,30.16,30.14,30.24,29.87,30.15,30.12,30.1,"38,44,959","11,57,16,515.13","8,317"
ITBEES,EQ,2023-05-25,30.12,30.23,30.23,29.98,30.22,30.2,30.11,"26,15,957","7,87,55,159.64","7,745"
ITBEES,EQ,2023-05-26,30.2,30.2,30.7,30.19,30.55,30.58,30.51,"59,65,881","18,20,06,978.04","9,133"
ITBEES,EQ,2023-05-29,30.58,30.67,30.95,30.5,30.55,30.54,30.63,"64,81,035","19,85,19,799.22","11,645"
ITBEES,EQ,2023-05-30,30.54,30.69,30.71,30.48,30.63,30.6,30.58,"32,15,006","9,83,18,266.98","8,039"
ITBEES,EQ,2023-05-31,30.6,30.64,30.77,30.26,30.67,30.61,30.67,"32,06,848","9,83,68,262.15","9,234"
ITBEES,EQ,2023-06-01,30.61,30.68,30.89,30.67,30.77,30.72,30.79,"35,86,465","11,04,14,555.89","9,014"
ITBEES,EQ,2023-06-02,30.72,30.72,30.94,30.68,30.75,30.74,30.77,"25,39,968","7,81,66,320.10","8,368"
ITBEES,EQ,2023-06-05,30.74,30.78,30.99,30.6,30.66,30.63,30.74,"36,17,842","11,11,97,816.97","11,495"
ITBEES,EQ,2023-06-06,30.63,30.73,30.73,29.87,30.16,30.08,30.08,"1,19,28,841","35,87,93,484.02","28,214"
ITBEES,EQ,2023-06-07,30.08,30.25,30.35,30.15,30.34,30.29,30.22,"37,35,765","11,28,96,335.88","9,288"
ITBEES,EQ,2023-06-08,30.29,30.29,30.37,29.95,29.98,29.96,30.06,"53,05,261","15,94,88,769.51","19,605"
ITBEES,EQ,2023-06-09,29.96,30.09,30.09,29.7,29.83,29.74,29.81,"65,96,678","19,66,63,375.59","24,974"
ITBEES,EQ,2023-06-12,29.74,29.98,30.15,29.75,30.15,30.11,30.04,"35,97,013","10,80,49,875.32","10,132"
ITBEES,EQ,2023-06-13,30.11,30.24,30.44,30.16,30.25,30.21,30.25,"45,11,847","13,64,89,476.61","8,639"
ITBEES,EQ,2023-06-14,30.21,30.27,30.28,30.01,30.16,30.16,30.11,"37,35,998","11,24,93,338.68","10,914"
ITBEES,EQ,2023-06-15,30.16,30.0,30.29,30.0,30.15,30.09,30.12,"29,57,289","8,90,84,672.50","9,777"
ITBEES,EQ,2023-06-16,30.09,30.17,30.17,29.87,30.0,30.03,30.02,"46,71,864","14,02,34,190.81","16,375"
ITBEES,EQ,2023-06-19,30.03,30.03,30.14,30.0,30.12,30.12,30.08,"25,56,984","7,69,23,537.43","9,978"
ITBEES,EQ,2023-06-20,30.12,30.12,30.38,30.06,30.37,30.33,30.24,"38,44,658","11,62,74,516.10","8,927"
ITBEES,EQ,2023-06-21,30.33,30.49,30.49,30.28,30.38,30.39,30.37,"35,87,280","10,89,38,640.90","9,341"
ITBEES,EQ,2023-06-22,30.39,30.43,30.44,30.18,30.28,30.25,30.25,"30,45,221","9,21,24,524.31","9,281"
ITBEES,EQ,2023-06-23,30.25,30.26,30.26,29.92,30.07,29.99,30.07,"67,22,203","20,21,29,212.96","12,972"
ITBEES,EQ,2023-06-26,29.99,29.99,30.09,29.89,29.98,29.95,29.95,"44,51,725","13,33,24,091.46","11,911"
ITBEES,EQ,2023-06-27,29.95,30.24,30.24,29.99,30.16,30.13,30.08,"31,26,168","9,40,46,307.38","9,615"
ITBEES,EQ,2023-06-28,30.13,30.25,30.43,30.15,30.27,30.22,30.28,"30,97,658","9,37,86,257.77","7,375"
ITBEES,EQ,2023-06-30,30.22,30.49,30.99,30.26,30.94,30.94,30.78,"1,10,11,331","33,89,79,380.82","17,710"
ITBEES,EQ,2023-07-03,30.94,30.95,31.23,30.79,30.85,30.81,30.93,"83,68,303","25,88,66,180.86","19,536"
ITBEES,EQ,2023-07-04,30.81,30.97,31.16,30.86,31.16,31.13,31.01,"47,69,712","14,79,13,629.36","10,939"
ITBEES,EQ,2023-07-05,31.13,31.4,31.79,31.14,31.29,31.26,31.27,"61,90,922","19,36,08,602.35","14,322"
ITBEES,EQ,2023-07-06,31.26,31.23,31.43,31.16,31.32,31.3,31.24,"44,89,622","14,02,68,369.65","11,845"
ITBEES,EQ,2023-07-07,31.3,31.25,31.39,30.98,31.08,31.02,31.14,"65,03,608","20,25,23,992.86","15,969"
ITBEES,EQ,2023-07-10,31.02,31.36,31.36,30.58,30.73,30.67,30.74,"64,03,766","19,68,66,630.56","18,686"
ITBEES,EQ,2023-07-11,30.67,30.67,30.89,30.61,30.86,30.81,30.78,"41,01,168","12,62,44,768.33","9,818"
ITBEES,EQ,2023-07-12,30.81,30.9,30.96,30.51,30.7,30.61,30.66,"38,56,575","11,82,23,900.16","15,122"
ITBEES,EQ,2023-07-13,30.61,30.25,31.33,30.25,31.1,31.08,31.13,"80,26,452","24,98,77,584.46","12,694"
ITBEES,EQ,2023-07-14,31.08,31.42,32.5,31.24,32.4,32.42,31.95,"1,77,91,917","56,85,37,280.54","23,779"
ITBEES,EQ,2023-07-17,32.42,32.5,33.2,32.4,32.63,32.58,32.83,"1,59,00,581","52,20,57,339.62","29,998"
ITBEES,EQ,2023-07-18,32.58,32.94,33.0,32.4,32.92,32.92,32.74,"82,46,711","26,99,63,046.98","17,152"
ITBEES,EQ,2023-07-19,32.92,32.99,33.3,32.64,32.93,32.91,32.94,"70,07,118","23,08,37,808.31","16,214"
ITBEES,EQ,2023-07-20,32.91,33.0,33.0,32.59,32.81,32.76,32.71,"51,64,401","16,89,19,490.97","15,518"
ITBEES,EQ,2023-07-21,32.76,32.69,32.69,31.32,31.53,31.43,31.59,"2,66,31,865","84,13,69,930.96","59,303"
ITBEES,EQ,2023-07-24,31.43,31.59,31.77,31.35,31.4,31.41,31.51,"55,18,476","17,39,02,018.22","16,753"
ITBEES,EQ,2023-07-25,31.41,31.42,31.72,31.25,31.34,31.32,31.33,"42,62,851","13,35,63,498.11","15,309"
ITBEES,EQ,2023-07-26,31.32,31.34,31.54,31.34,31.49,31.37,31.44,"34,60,430","10,87,78,885.72","11,516"
ITBEES,EQ,2023-07-27,31.37,31.48,31.5,31.23,31.39,31.31,31.35,"52,54,347","16,47,05,804.83","16,386"
ITBEES,EQ,2023-07-28,31.31,31.47,31.47,30.88,31.07,31.05,31.06,"67,02,575","20,81,78,960.50","26,285"
ITBEES,EQ,2023-07-31,31.05,31.06,31.5,31.05,31.47,31.47,31.34,"46,14,644","14,46,39,778.58","13,684"
ITBEES,EQ,2023-08-01,31.47,31.47,31.85,31.41,31.78,31.78,31.71,"53,90,920","17,09,63,244.68","12,808"
ITBEES,EQ,2023-08-02,31.78,32.44,32.44,31.31,31.7,31.58,31.53,"44,42,374","14,00,82,051.30","16,614"
ITBEES,EQ,2023-08-03,31.58,31.55,31.6,31.25,31.52,31.49,31.41,"34,41,688","10,81,06,637.99","14,337"
ITBEES,EQ,2023-08-04,31.49,31.63,32.09,31.5,31.98,31.96,31.92,"73,68,929","23,52,04,457.16","11,859"
ITBEES,EQ,2023-08-07,31.96,31.96,32.35,31.96,32.33,32.3,32.2,"55,78,693","17,96,18,357.16","13,207"
ITBEES,EQ,2023-08-08,32.3,32.5,32.5,32.2,32.32,32.36,32.35,"43,21,466","13,97,83,779.16","11,120"
ITBEES,EQ,2023-08-09,32.36,32.23,32.5,32.13,32.45,32.48,32.35,"43,60,598","14,10,56,609.03","10,725"
ITBEES,EQ,2023-08-10,32.48,32.48,32.89,32.33,32.4,32.39,32.42,"29,32,817","9,50,87,054.52","9,884"
ITBEES,EQ,2023-08-11,32.39,32.43,32.69,32.34,32.42,32.42,32.49,"42,28,524","13,73,71,543.66","10,419"
ITBEES,EQ,2023-08-14,32.42,32.42,32.64,32.11,32.56,32.55,32.35,"45,91,187","14,85,36,938.66","13,811"
ITBEES,EQ,2023-08-16,32.55,32.96,32.96,32.3,32.76,32.75,32.77,"47,47,272","15,55,63,046.86","12,053"
ITBEES,EQ,2023-08-17,32.75,32.77,32.87,32.5,32.55,32.62,32.65,"28,53,560","9,31,66,657.65","10,676"
ITBEES,EQ,2023-08-18,32.62,32.64,32.65,32.1,32.3,32.22,32.24,"59,38,412","19,14,30,369.68","16,403"
ITBEES,EQ,2023-08-21,32.22,32.69,32.69,32.1,32.48,32.46,32.43,"27,48,368","8,91,27,815.79","9,817"
ITBEES,EQ,2023-08-22,32.46,32.49,32.6,32.35,32.48,32.49,32.47,"33,52,457","10,88,59,316.47","8,725"
ITBEES,EQ,2023-08-23,32.49,33.0,33.0,32.42,32.48,32.5,32.51,"28,68,215","9,32,53,063.75","8,088"
ITBEES,EQ,2023-08-24,32.5,32.52,32.76,32.52,32.69,32.65,32.69,"30,81,903","10,07,55,969.19","8,573"
ITBEES,EQ,2023-08-25,32.65,32.64,32.64,32.3,32.3,32.41,32.44,"28,31,595","9,18,59,894.38","11,226"
ITBEES,EQ,2023-08-28,32.41,32.42,32.64,32.27,32.34,32.3,32.36,"22,16,996","7,17,49,022.68","10,637"
ITBEES,EQ,2023-08-29,32.3,32.48,32.5,32.31,32.4,32.39,32.43,"18,62,725","6,03,99,143.57","7,171"
ITBEES,EQ,2023-08-30,32.39,32.96,32.96,32.51,32.7,32.73,32.69,"50,78,770","16,60,45,789.47","8,312"
ITBEES,EQ,2023-08-31,32.73,32.91,33.0,32.65,32.78,32.72,32.87,"52,43,808","17,23,59,421.07","19,751"
ITBEES,EQ,2023-09-01,32.72,32.68,33.12,32.35,33.12,33.07,32.97,"51,83,323","17,08,72,068.29","12,050"
ITBEES,EQ,2023-09-04,33.07,33.35,33.86,33.05,33.85,33.82,33.56,"1,04,09,479","34,92,97,194.99","20,005"
ITBEES,EQ,2023-09-05,33.82,34.3,34.3,33.65,34.0,33.97,33.92,"71,50,162","24,25,54,015.25","15,896"
ITBEES,EQ,2023-09-06,33.97,33.1,34.21,32.68,33.97,33.95,33.95,"54,04,696","18,34,69,232.70","13,824"
ITBEES,EQ,2023-09-07,33.95,33.96,34.14,33.8,34.1,34.05,34.0,"41,18,840","14,00,57,319.42","11,759"
ITBEES,EQ,2023-09-08,34.05,34.06,34.24,34.0,34.11,34.07,34.09,"35,42,507","12,07,46,931.62","10,768"
ITBEES,EQ,2023-09-11,34.07,34.07,34.5,34.05,34.27,34.28,34.28,"49,28,562","16,89,52,189.87","13,661"
ITBEES,EQ,2023-09-12,34.28,34.35,34.85,34.03,34.68,34.68,34.49,"96,03,553","33,12,25,192.49","16,683"
ITBEES,EQ,2023-09-13,34.68,34.99,35.0,34.41,34.59,34.6,34.57,"51,04,094","17,64,58,848.85","11,928"
ITBEES,EQ,2023-09-14,34.6,34.7,34.94,34.3,34.72,34.72,34.77,"54,74,816","19,03,73,002.89","10,763"
ITBEES,EQ,2023-09-15,34.72,34.97,35.14,34.78,35.08,35.07,35.0,"55,18,889","19,31,81,495.38","12,832"
ITBEES,EQ,2023-09-18,35.07,35.08,35.34,34.75,34.86,34.82,34.86,"51,19,972","17,84,67,347.30","16,848"
ITBEES,EQ,2023-09-20,34.82,35.0,35.0,34.46,34.64,34.6,34.64,"43,90,674","15,20,79,707.07","15,203"
ITBEES,EQ,2023-09-21,34.6,34.49,35.2,34.12,34.56,34.52,34.37,"47,10,172","16,18,76,528.18","15,265"
ITBEES,EQ,2023-09-22,34.52,34.45,34.8,34.3,34.7,34.59,34.51,"35,20,423","12,14,98,128.89","10,152"
ITBEES,EQ,2023-09-25,34.59,35.25,35.25,34.21,34.35,34.31,34.36,"29,10,682","9,99,99,948.19","13,185"
ITBEES,EQ,2023-09-26,34.31,34.36,34.39,34.07,34.2,34.14,34.16,"24,33,942","8,31,39,208.30","11,262"
ITBEES,EQ,2023-09-27,34.14,34.29,34.5,33.96,34.35,34.29,34.15,"21,85,038","7,46,10,607.97","9,907"
ITBEES,EQ,2023-09-28,34.29,34.3,34.49,33.45,33.9,33.54,33.77,"59,64,955","20,14,49,088.58","28,816"
ITBEES,EQ,2023-09-29,33.54,34.01,34.01,33.17,33.5,33.49,33.43,"48,80,071","16,31,22,822.72","17,885"
ITBEES,EQ,2023-10-03,33.49,34.15,34.15,33.13,33.39,33.35,33.35,"36,15,285","12,05,55,935.11","19,731"
ITBEES,EQ,2023-10-04,33.35,34.25,34.25,32.9,33.56,33.46,33.2,"42,25,341","14,02,84,022.21","16,540"
ITBEES,EQ,2023-10-05,33.46,33.74,33.99,33.5,33.8,33.76,33.82,"32,13,103","10,86,59,383.20","11,103"
ITBEES,EQ,2023-10-06,33.76,33.99,34.1,33.76,34.02,34.01,33.97,"1,76,90,806","60,09,51,796.38","10,542"
ITBEES,EQ,2023-10-09,34.01,34.02,34.25,33.75,33.85,33.88,34.03,"44,02,773","14,98,32,335.00","13,084"
ITBEES,EQ,2023-10-10,33.88,33.88,34.24,33.81,34.2,34.18,34.1,"27,26,170","9,29,69,167.98","8,122"
ITBEES,EQ,2023-10-11,34.18,34.48,34.59,34.11,34.19,34.21,34.4,"35,17,380","12,09,86,732.32","9,233"
ITBEES,EQ,2023-10-12,34.21,34.4,34.48,33.6,33.69,33.67,33.87,"40,53,374","13,72,77,647.96","17,315"
ITBEES,EQ,2023-10-13,33.67,33.61,33.64,33.01,33.5,33.46,33.41,"73,28,280","24,48,11,157.76","18,894"
ITBEES,EQ,2023-10-16,33.46,34.07,34.07,33.36,33.4,33.39,33.46,"39,40,582","13,18,68,241.02","17,538"
ITBEES,EQ,2023-10-17,33.39,33.4,34.0,33.39,33.5,33.43,33.5,"22,56,798","7,55,91,781.07","11,197"
ITBEES,EQ,2023-10-18,33.43,34.45,34.45,33.2,33.4,33.23,33.34,"24,89,467","8,30,08,634.12","15,262"
ITBEES,EQ,2023-10-19,33.23,34.4,34.4,33.0,33.35,33.22,33.2,"32,72,926","10,86,74,583.34","12,179"
ITBEES,EQ,2023-10-20,33.22,33.24,33.39,32.97,33.14,33.12,33.05,"63,25,332","20,90,32,065.10","16,029"
ITBEES,EQ,2023-10-23,33.12,33.14,33.54,32.4,32.72,32.49,32.7,"2,00,38,383","65,52,70,453.45","30,122"
ITBEES,EQ,2023-10-25,32.49,32.54,32.75,32.15,32.3,32.28,32.41,"50,78,484","16,45,86,536.76","20,863"
ITBEES,EQ,2023-10-26,32.28,32.24,32.25,31.79,32.1,32.04,31.94,"69,93,128","22,33,47,635.72","26,564"
ITBEES,EQ,2023-10-27,32.04,32.05,32.49,32.05,32.45,32.35,32.32,"26,24,625","8,48,31,251.88","11,785"
ITBEES,EQ,2023-10-30,32.35,32.5,32.9,32.19,32.38,32.36,32.34,"23,18,989","7,50,00,063.98","13,182"
ITBEES,EQ,2023-10-31,32.36,32.34,32.65,32.16,32.29,32.27,32.28,"22,66,736","7,31,61,570.49","13,013"
ITBEES,EQ,2023-11-01,32.27,31.81,33.1,31.81,32.12,32.1,32.25,"21,44,257","6,91,50,044.08","12,839"
ITBEES,EQ,2023-11-02,32.1,32.8,32.8,32.1,32.55,32.38,32.41,"21,85,107","7,08,14,135.12","8,577"
ITBEES,EQ,2023-11-03,32.38,32.68,32.73,32.46,32.61,32.59,32.6,"15,25,450","4,97,37,085.23","8,675"
ITBEES,EQ,2023-11-06,32.59,32.6,33.09,32.59,32.79,32.71,32.73,"20,72,745","6,78,32,666.68","10,599"
ITBEES,EQ,2023-11-07,32.71,32.89,32.89,32.61,32.8,32.76,32.76,"16,98,448","5,56,37,771.86","8,642"
ITBEES,EQ,2023-11-08,32.76,32.98,32.98,32.61,32.69,32.65,32.75,"16,17,208","5,29,60,708.29","8,909"
ITBEES,EQ,2023-11-09,32.65,32.89,32.89,32.45,32.54,32.51,32.58,"14,32,476","4,66,75,490.31","10,304"
ITBEES,EQ,2023-11-10,32.51,32.9,32.9,32.3,32.46,32.43,32.38,"18,14,442","5,87,43,788.44","11,541"
ITBEES,EQ,2023-11-12,32.43,32.88,33.14,32.52,32.72,32.71,32.73,"15,76,155","5,15,93,808.43","15,958"
ITBEES,EQ,2023-11-13,32.71,32.74,32.89,32.33,32.47,32.4,32.42,"21,46,157","6,95,71,420.35","14,492"
ITBEES,EQ,2023-11-15,32.4,32.56,33.24,32.56,33.21,33.18,33.05,"52,16,007","17,23,74,980.94","12,422"
ITBEES,EQ,2023-11-16,33.18,33.17,34.24,33.17,34.09,34.04,33.89,"91,90,304","31,14,31,248.26","15,522"
ITBEES,EQ,2023-11-17,34.04,34.0,35.0,33.91,33.99,33.97,34.1,"32,56,629","11,10,35,938.94","11,477"
ITBEES,EQ,2023-11-20,33.97,33.96,34.42,33.61,34.2,34.18,34.24,"40,40,865","13,83,44,047.87","11,126"
ITBEES,EQ,2023-11-21,34.18,34.26,34.42,34.1,34.14,34.12,34.28,"25,06,623","8,59,16,273.71","9,080"
ITBEES,EQ,2023-11-22,34.12,34.15,34.4,33.3,34.28,34.37,34.26,"32,62,526","11,17,67,074.53","7,837"
ITBEES,EQ,2023-11-23,34.37,34.4,34.5,34.17,34.25,34.19,34.35,"20,19,976","6,93,87,726.74","8,544"
ITBEES,EQ,2023-11-24,34.19,34.35,34.6,33.86,33.92,33.91,34.0,"20,53,249","6,98,12,892.43","11,257"
ITBEES,EQ,2023-11-28,33.91,33.9,34.4,33.4,34.1,33.96,33.79,"24,05,750","8,12,85,720.27","13,300"
ITBEES,EQ,2023-11-29,33.96,33.78,34.48,33.41,34.42,34.41,34.39,"54,71,682","18,81,92,494.52","9,391"
ITBEES,EQ,2023-11-30,34.41,34.41,34.58,33.4,34.43,34.4,34.42,"36,54,608","12,57,88,460.97","9,801"
ITBEES,EQ,2023-12-01,34.4,34.59,34.59,34.33,34.42,34.42,34.4,"29,52,631","10,15,57,829.09","10,715"
ITBEES,EQ,2023-12-04,34.42,34.66,35.19,34.4,34.52,34.49,34.55,"48,78,460","16,85,54,201.47","13,775"
ITBEES,EQ,2023-12-05,34.49,34.88,34.88,34.11,34.32,34.27,34.25,"58,28,419","19,96,28,331.84","15,255"
ITBEES,EQ,2023-12-06,34.27,34.88,35.0,34.26,34.92,34.95,34.82,"92,86,845","32,33,26,477.97","16,268"
ITBEES,EQ,2023-12-07,34.95,34.96,35.2,34.76,34.87,34.84,34.9,"44,34,974","15,47,95,158.10","12,796"
ITBEES,EQ,2023-12-08,34.84,35.0,35.31,34.85,35.29,35.27,35.12,"76,91,620","27,01,12,624.75","13,322"
ITBEES,EQ,2023-12-11,35.27,35.27,35.98,34.82,35.45,35.4,35.4,"43,56,364","15,42,36,440.85","13,395"
ITBEES,EQ,2023-12-12,35.4,35.41,35.75,35.21,35.35,35.33,35.44,"48,60,087","17,22,33,065.31","11,308"
ITBEES,EQ,2023-12-13,35.33,35.49,35.5,34.63,35.05,34.99,34.85,"60,68,343","21,14,54,498.44","22,469"
ITBEES,EQ,2023-12-14,34.99,34.96,36.23,34.96,36.21,36.09,35.97,"1,54,58,171","55,60,25,745.60","19,883"
ITBEES,EQ,2023-12-15,36.09,36.09,38.0,36.09,38.0,37.89,37.39,"2,56,14,508","95,77,67,494.79","32,169"
ITBEES,EQ,2023-12-18,37.89,38.18,38.5,37.5,37.85,37.86,37.86,"1,55,97,149","59,05,26,291.17","26,148"
ITBEES,EQ,2023-12-19,37.86,38.95,38.95,37.15,37.41,37.39,37.38,"74,02,764","27,67,40,218.33","23,285"
ITBEES,EQ,2023-12-20,37.39,37.41,38.2,36.55,36.65,36.71,37.37,"98,33,431","36,75,17,907.70","26,607"
ITBEES,EQ,2023-12-21,36.71,37.0,37.03,34.25,36.98,36.89,36.77,"57,10,129","20,99,68,222.03","15,995"
ITBEES,EQ,2023-12-22,36.89,37.0,37.85,36.77,37.7,37.7,37.35,"57,61,095","21,51,88,816.83","14,112"
ITBEES,EQ,2023-12-26,37.7,37.8,37.8,37.06,37.55,37.55,37.49,"53,84,568","20,18,78,065.66","19,101"
ITBEES,EQ,2023-12-27,37.55,37.66,37.97,37.45,37.7,37.73,37.68,"49,12,091","18,50,79,119.01","12,177"
ITBEES,EQ,2023-12-28,37.73,38.99,38.99,37.62,37.73,37.72,37.73,"35,67,491","13,46,16,194.63","12,787"
ITBEES,EQ,2023-12-29,37.72,37.75,37.8,36.93,37.05,37.36,37.52,"76,34,241","28,64,17,380.19","18,069"
ITBEES,EQ,2024-01-01,37.36,38.1,38.1,37.17,37.63,37.68,37.61,"44,56,432","16,76,00,396.43","15,304"
ITBEES,EQ,2024-01-02,37.68,37.98,37.98,37.16,37.34,37.33,37.34,"42,72,015","15,95,16,391.78","21,582"
ITBEES,EQ,2024-01-03,37.33,37.33,37.33,36.35,36.55,36.43,36.56,"1,24,10,567","45,37,63,010.69","47,229"
ITBEES,EQ,2024-01-04,36.43,37.5,37.5,36.11,36.5,36.41,36.39,"78,46,356","28,55,08,229.10","22,834"
ITBEES,EQ,2024-01-05,36.41,36.7,37.0,36.42,36.87,36.85,36.8,"59,89,750","22,04,15,921.91","15,406"
ITBEES,EQ,2024-01-08,36.85,36.86,37.14,36.42,36.5,36.51,36.59,"34,50,076","12,62,50,813.92","20,563"
ITBEES,EQ,2024-01-09,36.51,36.85,37.09,36.55,36.73,36.64,36.9,"46,91,368","17,31,22,843.67","12,559"
ITBEES,EQ,2024-01-10,36.64,36.62,36.99,36.0,36.78,36.76,36.67,"28,65,648","10,50,96,441.18","12,601"
ITBEES,EQ,2024-01-11,36.76,36.94,37.07,36.63,36.85,36.72,36.78,"32,31,351","11,88,62,596.31","12,189"
ITBEES,EQ,2024-01-12,36.72,37.09,38.6,37.09,38.52,38.54,38.27,"2,34,89,935","89,89,14,979.62","32,831"
ITBEES,EQ,2024-01-15,38.54,39.01,40.0,39.0,39.22,39.23,39.52,"1,72,33,340","68,11,29,400.89","32,138"
ITBEES,EQ,2024-01-16,39.23,39.52,39.55,38.65,38.82,38.82,38.85,"54,50,878","21,17,86,473.08","22,817"
ITBEES,EQ,2024-01-17,38.82,38.8,39.16,38.07,38.82,38.98,38.94,"71,29,906","27,76,61,819.71","18,290"
ITBEES,EQ,2024-01-18,38.98,38.95,39.16,38.12,38.83,38.76,38.52,"52,98,842","20,41,24,437.06","20,714"
ITBEES,EQ,2024-01-19,38.76,38.74,39.43,38.74,39.21,39.21,39.21,"37,40,394","14,66,58,358.77","12,440"
ITBEES,EQ,2024-01-20,39.21,39.21,39.45,38.85,38.92,38.89,39.06,"27,19,781","10,62,46,813.87","13,425"
ITBEES,EQ,2024-01-23,38.89,39.0,39.59,38.53,38.7,38.65,39.05,"45,78,421","17,87,75,933.84","18,372"
ITBEES,EQ,2024-01-24,38.65,38.65,39.5,38.6,39.3,39.27,38.94,"36,67,414","14,28,16,026.33","11,005"
ITBEES,EQ,2024-01-25,39.27,39.48,39.48,38.55,38.8,38.68,38.72,"47,05,651","18,22,26,085.66","21,655"
ITBEES,EQ,2024-01-29,38.68,38.84,38.84,38.56,38.73,38.69,38.7,"40,66,832","15,73,76,118.22","14,559"
ITBEES,EQ,2024-01-30,38.69,39.85,39.85,38.55,38.72,38.61,38.91,"28,77,183","11,19,63,256.79","11,811"
ITBEES,EQ,2024-01-31,38.61,38.78,38.84,38.46,38.71,38.78,38.68,"22,77,244","8,80,77,582.70","10,814"
ITBEES,EQ,2024-02-01,38.78,39.5,39.5,38.62,38.7,38.69,38.85,"29,21,576","11,34,93,731.13","12,422"
ITBEES,EQ,2024-02-02,38.69,39.45,39.85,38.84,39.49,39.48,39.44,"60,14,295","23,71,76,063.67","14,825"
ITBEES,EQ,2024-02-05,39.48,39.53,39.91,39.27,39.45,39.35,39.58,"36,46,272","14,43,25,517.66","16,665"
ITBEES,EQ,2024-02-06,39.35,39.69,40.63,39.36,40.52,40.5,40.4,"1,57,36,935","63,58,45,503.76","20,231"
ITBEES,EQ,2024-02-07,40.5,40.94,40.94,40.02,40.05,40.09,40.24,"56,85,985","22,88,07,740.06","20,506"
ITBEES,EQ,2024-02-08,40.09,40.9,41.0,39.93,40.17,40.16,40.17,"28,97,142","11,63,87,571.24","14,104"
ITBEES,EQ,2024-02-09,40.16,40.27,40.32,39.73,40.0,40.0,39.96,"28,83,902","11,52,36,341.10","14,756"
ITBEES,EQ,2024-02-12,40.0,40.38,40.52,40.01,40.19,40.19,40.29,"52,96,231","21,34,04,134.35","20,445"
ITBEES,EQ,2024-02-13,40.19,40.37,40.48,39.8,40.45,40.44,40.16,"26,83,402","10,77,62,763.37","11,460"
ITBEES,EQ,2024-02-14,40.44,40.29,40.29,39.49,40.05,40.02,39.77,"54,12,853","21,52,87,719.35","22,469"
ITBEES,EQ,2024-02-15,40.02,41.0,41.0,39.93,40.22,40.2,40.16,"52,40,723","21,04,71,298.13","13,345"
ITBEES,EQ,2024-02-16,40.2,40.4,40.75,40.26,40.65,40.7,40.52,"52,14,967","21,12,88,603.31","12,577"
ITBEES,EQ,2024-02-19,40.7,40.7,41.0,40.3,40.58,40.58,40.57,"55,75,408","22,62,11,044.85","16,632"
ITBEES,EQ,2024-02-20,40.58,40.57,40.57,40.02,40.3,40.26,40.27,"40,76,718","16,41,67,933.99","15,988"
ITBEES,EQ,2024-02-21,40.26,41.45,41.45,39.6,39.75,39.67,39.92,"49,84,911","19,89,81,602.43","24,046"
ITBEES,EQ,2024-02-22,39.67,39.91,40.4,39.68,40.32,40.34,40.05,"40,80,251","16,34,06,723.50","12,861"
ITBEES,EQ,2024-02-23,40.34,41.56,41.56,40.21,40.31,40.3,40.49,"32,14,636","13,01,57,641.38","11,113"
ITBEES,EQ,2024-02-26,40.3,40.8,40.8,39.68,39.92,39.89,39.85,"38,11,759","15,18,84,577.78","23,224"
ITBEES,EQ,2024-02-27,39.89,40.2,40.2,39.85,40.09,40.08,40.04,"29,22,186","11,70,18,667.18","10,331"
ITBEES,EQ,2024-02-28,40.08,40.39,40.39,39.8,39.87,39.97,40.15,"32,21,399","12,93,32,218.42","13,045"
ITBEES,EQ,2024-02-29,39.97,40.14,40.14,39.64,40.03,39.97,39.84,"27,89,861","11,11,49,853.99","12,474"
ITBEES,EQ,2024-03-01,39.97,41.15,41.15,39.76,39.84,39.81,39.9,"29,05,176","11,59,28,291.97","15,206"
ITBEES,EQ,2024-03-02,39.81,40.39,40.39,39.5,39.97,39.93,39.95,"7,86,601","3,14,21,759.26","3,433"
ITBEES,EQ,2024-03-04,39.93,40.5,40.5,39.56,39.6,39.6,39.69,"37,99,461","15,07,95,121.56","22,545"
ITBEES,EQ,2024-03-05,39.6,39.84,39.84,38.88,39.34,38.99,39.06,"77,72,637","30,36,15,356.86","35,218"
ITBEES,EQ,2024-03-06,38.99,38.98,39.3,38.35,39.24,39.21,38.67,"70,49,288","27,26,22,920.38","28,984"
ITBEES,EQ,2024-03-07,39.21,39.2,39.52,39.06,39.4,39.35,39.3,"33,65,770","13,22,80,999.22","14,058"
ITBEES,EQ,2024-03-11,39.35,39.55,39.55,39.06,39.25,39.22,39.24,"36,06,303","14,15,12,277.46","19,061"
ITBEES,EQ,2024-03-12,39.22,39.25,39.75,39.22,39.37,39.37,39.46,"40,62,509","16,03,16,795.10","12,323"
ITBEES,EQ,2024-03-13,39.37,39.67,39.72,38.81,38.99,39.01,39.24,"49,65,530","19,48,65,393.32","18,843"
ITBEES,EQ,2024-03-14,39.01,38.97,39.95,38.74,39.8,39.85,39.57,"52,53,987","20,78,93,631.62","12,931"
ITBEES,EQ,2024-03-15,39.85,40.24,40.24,39.45,39.69,39.68,39.6,"19,75,278","7,82,22,006.06","11,217"
ITBEES,EQ,2024-03-18,39.68,39.88,39.88,39.0,39.19,39.12,39.33,"29,12,656","11,45,60,786.31","15,588"
ITBEES,EQ,2024-03-19,39.12,39.12,39.33,37.95,38.09,38.02,38.31,"90,09,582","34,51,38,184.03","42,255"
ITBEES,EQ,2024-03-20,38.02,38.4,38.4,37.86,37.96,37.93,38.05,"40,78,219","15,51,60,492.05","15,581"
ITBEES,EQ,2024-03-21,37.93,38.48,38.48,38.0,38.22,38.2,38.24,"31,62,495","12,09,24,166.63","12,334"
ITBEES,EQ,2024-03-22,38.2,39.35,39.35,36.87,37.6,37.41,37.27,"1,41,30,955","52,66,75,741.73","48,615"
ITBEES,EQ,2024-03-26,37.41,37.8,37.8,37.08,37.15,37.11,37.21,"59,64,137","22,19,18,917.08","30,547"
ITBEES,EQ,2024-03-27,37.11,37.98,37.98,36.84,36.98,36.89,37.06,"55,45,566","20,55,18,155.86","24,795"
ITBEES,EQ,2024-03-28,36.89,37.3,37.38,36.69,37.07,37.05,37.19,"79,05,004","29,39,96,209.55","18,752"
ITBEES,EQ,2024-04-01,37.05,37.88,37.88,37.09,37.24,37.18,37.23,"56,61,691","21,07,77,173.50","21,945"
ITBEES,EQ,2024-04-02,37.18,37.5,37.5,36.9,36.99,36.93,36.98,"78,46,447","29,01,58,258.84","33,125"
ITBEES,EQ,2024-04-03,36.93,37.23,37.37,36.77,37.14,37.16,37.15,"83,40,853","30,98,43,193.86","19,431"
ITBEES,EQ,2024-04-04,37.16,37.63,37.73,37.06,37.62,37.59,37.39,"1,14,20,567","42,69,89,477.32","20,122"
ITBEES,EQ,2024-04-05,37.59,37.87,37.88,37.25,37.6,37.42,37.42,"97,97,175","36,66,34,079.00","20,786"
ITBEES,EQ,2024-04-08,37.42,37.2,37.98,37.01,37.29,37.21,37.38,"1,63,04,144","60,94,02,126.68","28,640"
ITBEES,EQ,2024-04-09,37.21,37.63,37.68,37.13,37.29,37.18,37.37,"98,60,107","36,84,65,402.77","22,348"
ITBEES,EQ,2024-04-10,37.18,37.85,37.85,37.09,37.42,37.4,37.29,"58,76,551","21,91,60,601.09","16,923"
ITBEES,EQ,2024-04-12,37.4,37.45,37.7,37.15,37.3,37.18,37.3,"67,46,323","25,16,51,150.43","23,970"
ITBEES,EQ,2024-04-15,37.18,37.25,37.25,36.45,36.6,36.57,36.77,"1,24,41,561","45,75,14,875.81","53,635"
ITBEES,EQ,2024-04-16,36.57,36.61,36.61,35.58,35.79,35.64,35.9,"2,07,16,835","74,37,78,240.48","78,558"
ITBEES,EQ,2024-04-18,35.64,35.9,36.45,35.5,35.74,35.56,35.73,"1,55,86,463","55,69,48,350.49","38,626"
ITBEES,EQ,2024-04-19,35.56,35.4,35.59,34.75,35.43,35.42,35.24,"1,14,24,718","40,25,75,761.51","38,365"
ITBEES,EQ,2024-04-22,35.42,35.43,35.73,35.32,35.73,35.59,35.52,"79,13,821","28,10,98,512.56","23,067"
ITBEES,EQ,2024-04-23,35.59,35.71,35.94,35.63,35.8,35.76,35.76,"49,83,145","17,82,16,448.98","15,864"
ITBEES,EQ,2024-04-24,35.76,35.85,35.88,35.43,35.58,35.49,35.63,"58,57,223","20,87,05,399.91","26,692"
ITBEES,EQ,2024-04-25,35.49,35.36,35.68,35.0,35.63,35.58,35.52,"62,89,387","22,33,78,635.62","19,465"
ITBEES,EQ,2024-04-26,35.58,36.65,36.65,35.55,35.8,35.68,35.99,"1,06,84,272","38,45,61,850.77","21,743"
ITBEES,EQ,2024-04-29,35.68,35.68,35.98,35.57,35.67,35.63,35.67,"70,41,915","25,11,88,037.61","23,815"
ITBEES,EQ,2024-04-30,35.63,35.86,35.88,35.19,35.3,35.25,35.43,"96,52,261","34,19,96,228.04","39,050"
ITBEES,EQ,2024-05-02,35.25,35.26,35.54,35.07,35.28,35.23,35.23,"61,70,773","21,74,18,766.35","27,771"
ITBEES,EQ,2024-05-03,35.23,35.75,35.75,34.59,34.95,34.94,34.9,"2,41,54,991","84,31,15,102.75","57,953"
ITBEES,EQ,2024-05-06,34.94,34.99,35.35,34.95,35.28,35.23,35.26,"59,26,628","20,89,60,514.42","20,555"
ITBEES,EQ,2024-05-07,35.23,35.44,35.57,35.05,35.57,35.52,35.29,"70,25,703","24,79,62,202.45","23,989"
ITBEES,EQ,2024-05-08,35.52,35.59,35.68,35.3,35.45,35.41,35.43,"39,82,928","14,11,13,931.53","18,035"
ITBEES,EQ,2024-05-09,35.41,35.51,35.51,35.07,35.29,35.23,35.3,"47,05,455","16,61,11,349.85","20,369"
ITBEES,EQ,2024-05-10,35.23,35.3,35.37,34.81,34.99,34.89,34.96,"83,48,418","29,19,00,595.21","32,410"
ITBEES,EQ,2024-05-13,34.89,34.98,35.17,34.71,35.16,35.11,34.89,"48,26,417","16,83,80,667.56","22,189"
ITBEES,EQ,2024-05-14,35.11,35.3,35.43,34.97,35.16,35.11,35.14,"56,55,632","19,87,48,619.57","17,510"
ITBEES,EQ,2024-05-15,35.11,35.33,35.39,35.0,35.25,35.19,35.2,"41,81,217","14,71,99,451.24","14,739"
ITBEES,EQ,2024-05-16,35.19,35.33,35.85,35.33,35.71,35.72,35.61,"98,10,797","34,93,73,900.54","18,089"
ITBEES,EQ,2024-05-17,35.72,35.78,35.87,35.54,35.62,35.56,35.66,"54,64,626","19,48,95,805.73","18,511"
ITBEES,EQ,2024-05-18,35.56,35.57,37.35,35.37,35.71,35.67,35.62,"14,24,452","5,07,45,598.67","5,308"
ITBEES,EQ,2024-05-21,35.67,35.71,35.73,35.2,35.55,35.51,35.47,"57,69,600","20,46,36,939.27","25,237"
ITBEES,EQ,2024-05-22,35.51,35.51,35.8,35.51,35.69,35.69,35.69,"52,45,335","18,72,19,592.27","14,198"
ITBEES,EQ,2024-05-23,35.69,35.69,36.2,35.55,36.15,36.13,35.97,"1,31,77,142","47,39,43,580.93","19,231"
ITBEES,EQ,2024-05-24,36.13,36.35,36.35,35.94,36.03,35.98,36.1,"78,81,147","28,45,47,538.64","20,136"
ITBEES,EQ,2024-05-27,35.98,36.33,36.33,35.91,36.2,36.16,36.18,"96,07,952","34,75,73,822.72","17,655"
ITBEES,EQ,2024-05-28,36.16,36.24,36.45,35.98,36.02,36.01,36.08,"62,32,020","22,48,80,385.49","16,879"
ITBEES,EQ,2024-05-29,36.01,36.0,36.19,35.68,35.74,35.71,35.84,"90,97,126","32,60,30,071.86","22,256"
ITBEES,EQ,2024-05-30,35.71,35.88,35.88,34.8,35.18,35.01,35.14,"1,48,37,926","52,14,70,400.50","52,161"
ITBEES,EQ,2024-05-31,35.01,35.18,35.18,34.58,34.83,34.7,34.88,"94,41,633","32,92,82,193.36","34,989"
ITBEES,EQ,2024-06-03,34.7,35.75,35.9,34.77,34.97,34.92,34.94,"85,19,567","29,76,91,001.22","30,411"
ITBEES,EQ,2024-06-04,34.92,35.19,35.48,34.01,34.74,34.76,34.51,"1,38,63,225","47,84,59,181.06","51,925"
ITBEES,EQ,2024-06-05,34.76,35.8,35.8,34.7,35.34,35.3,35.32,"97,08,298","34,28,49,494.49","23,811"
ITBEES,EQ,2024-06-06,35.3,35.83,36.4,35.3,36.38,36.3,36.02,"1,48,09,744","53,34,90,773.34","22,433"
ITBEES,EQ,2024-06-07,36.3,36.42,37.58,36.3,37.45,37.48,37.27,"3,46,38,227","1,29,11,15,678.76","40,362"
ITBEES,EQ,2024-06-10,37.48,37.95,37.95,36.76,36.94,36.94,36.99,"2,40,42,900","88,92,51,192.11","39,439"
ITBEES,EQ,2024-06-11,36.94,37.09,37.17,36.86,36.97,36.92,37.0,"68,78,129","25,44,88,337.07","18,431"
ITBEES,EQ,2024-06-12,36.92,37.12,37.35,36.91,36.98,36.96,37.11,"68,27,804","25,33,93,255.01","17,292"
ITBEES,EQ,2024-06-13,36.96,37.0,37.37,37.0,37.27,37.28,37.29,"85,18,419","31,76,42,195.42","16,153"
ITBEES,EQ,2024-06-14,37.28,37.28,37.48,36.97,37.03,37.02,37.05,"54,02,488","20,01,42,887.11","21,942"
ITBEES,EQ,2024-06-18,37.02,37.04,37.25,36.91,37.14,37.13,37.15,"94,42,814","35,07,88,318.66","18,845"
ITBEES,EQ,2024-06-19,37.13,37.29,37.38,36.95,37.33,37.31,37.19,"1,24,19,902","46,19,04,297.95","17,482"
ITBEES,EQ,2024-06-20,37.31,37.48,37.48,37.13,37.29,37.26,37.23,"53,23,662","19,82,08,277.91","15,853"
ITBEES,EQ,2024-06-21,37.26,37.36,38.29,37.36,37.5,37.58,37.92,"2,21,50,794","84,00,57,980.36","29,106"
ITBEES,EQ,2024-06-24,37.58,37.69,37.69,37.27,37.48,37.48,37.52,"59,10,322","22,17,40,294.60","16,819"
ITBEES,EQ,2024-06-25,37.48,37.62,37.94,37.35,37.91,37.89,37.66,"1,18,94,705","44,79,36,519.67","16,528"
ITBEES,EQ,2024-06-26,37.89,38.15,38.15,37.76,37.85,37.83,37.88,"63,31,539","23,98,48,218.91","15,820"
ITBEES,EQ,2024-06-27,37.83,37.2,38.6,37.2,38.48,38.54,38.25,"2,12,94,750","81,44,72,872.18","26,419"
ITBEES,EQ,2024-06-28,38.54,38.6,38.75,38.42,38.57,38.6,38.62,"1,07,13,505","41,37,67,750.30","21,025"
ITBEES,EQ,2024-07-01,38.6,38.6,39.55,38.52,39.26,39.31,39.25,"1,94,17,714","76,20,60,606.54","30,657"
ITBEES,EQ,2024-07-02,39.31,39.4,40.0,39.36,39.75,39.77,39.74,"2,02,75,361","80,57,26,139.48","28,683"
ITBEES,EQ,2024-07-03,39.77,39.77,40.06,39.6,39.82,39.78,39.77,"96,17,122","38,25,15,236.78","21,148"
ITBEES,EQ,2024-07-04,39.78,39.4,40.43,39.4,40.25,40.23,40.28,"1,30,76,472","52,66,90,135.84","22,434"
ITBEES,EQ,2024-07-05,40.23,40.37,40.4,40.02,40.23,40.24,40.26,"79,24,012","31,90,12,688.97","22,136"
ITBEES,EQ,2024-07-08,40.24,40.25,40.45,40.02,40.25,40.23,40.21,"75,57,952","30,39,36,967.71","21,588"
ITBEES,EQ,2024-07-09,40.23,40.47,40.47,40.12,40.17,40.17,40.21,"60,96,949","24,51,36,646.16","18,218"
ITBEES,EQ,2024-07-10,40.17,40.38,40.38,39.6,39.78,39.75,39.81,"1,00,89,182","40,16,31,944.99","30,108"
ITBEES,EQ,2024-07-11,39.75,39.83,40.13,39.61,39.85,39.81,39.85,"40,97,448","16,33,03,584.38","15,439"
ITBEES,EQ,2024-07-12,39.81,39.81,41.85,39.81,41.6,41.61,41.2,"2,81,68,620","1,16,06,11,509.89","41,814"
ITBEES,EQ,2024-07-15,41.61,42.0,42.25,41.52,41.65,41.61,41.9,"1,40,01,878","58,66,92,000.54","32,328"
ITBEES,EQ,2024-07-16,41.61,41.87,42.0,41.33,41.74,41.79,41.73,"1,01,63,662","42,41,33,998.34","20,973"
ITBEES,EQ,2024-07-18,41.79,42.2,42.8,41.39,42.67,42.67,42.34,"1,51,90,628","64,31,56,643.24","31,879"
ITBEES,EQ,2024-07-19,42.67,42.71,43.49,42.5,42.55,42.61,42.92,"1,82,58,460","78,35,78,190.43","34,140"
ITBEES,EQ,2024-07-22,42.61,42.4,42.61,42.03,42.44,42.42,42.39,"86,70,447","36,75,59,782.80","23,781"
ITBEES,EQ,2024-07-23,42.42,42.88,43.04,41.71,42.85,42.91,42.48,"1,51,31,374","64,28,45,612.76","24,835"
ITBEES,EQ,2024-07-24,42.91,43.38,43.38,42.67,42.91,42.85,42.89,"52,69,502","22,60,30,064.10","17,152"
ITBEES,EQ,2024-07-25,42.85,42.86,42.91,42.42,42.8,42.76,42.66,"59,97,832","25,58,43,569.94","16,974"
ITBEES,EQ,2024-07-26,42.76,42.76,43.85,42.76,43.75,43.75,43.58,"77,01,607","33,56,15,239.12","19,755"
ITBEES,EQ,2024-07-29,43.75,43.75,44.22,43.32,43.75,43.71,43.8,"57,92,599","25,37,05,312.79","22,964"
ITBEES,EQ,2024-07-30,43.71,44.25,44.25,43.4,43.67,43.62,43.57,"44,44,171","19,36,36,175.44","18,379"
ITBEES,EQ,2024-07-31,43.62,43.8,43.97,43.52,43.72,43.68,43.77,"32,38,317","14,17,34,520.01","14,232"
ITBEES,EQ,2024-08-01,43.68,43.77,43.89,43.41,43.59,43.6,43.63,"51,42,676","22,43,71,538.25","19,448"
ITBEES,EQ,2024-08-02,43.6,43.5,43.5,42.52,42.59,42.59,42.88,"1,40,57,094","60,27,40,219.23","46,862"
ITBEES,EQ,2024-08-05,42.59,42.19,42.19,40.52,41.12,41.3,41.19,"2,18,49,439","89,99,97,152.77","79,188"
ITBEES,EQ,2024-08-06,41.3,41.3,42.2,40.97,41.3,41.22,41.65,"56,23,505","23,42,36,439.60","21,937"
ITBEES,EQ,2024-08-07,41.22,42.2,42.2,41.53,41.91,41.88,41.84,"32,07,533","13,42,09,632.75","14,508"
ITBEES,EQ,2024-08-08,41.88,41.8,41.98,41.06,41.39,41.21,41.36,"33,58,666","13,89,16,632.82","25,637"
ITBEES,EQ,2024-08-09,41.21,41.82,42.01,41.47,41.83,41.83,41.82,"43,86,115","18,34,22,020.85","15,126"
ITBEES,EQ,2024-08-12,41.83,41.83,42.05,41.46,41.82,41.81,41.78,"29,48,449","12,31,90,779.32","17,908"
ITBEES,EQ,2024-08-13,41.81,41.96,42.13,41.65,41.75,41.75,41.84,"35,85,375","14,99,94,733.00","13,823"
ITBEES,EQ,2024-08-14,41.75,41.98,42.6,41.79,42.5,42.46,42.25,"45,68,697","19,30,26,416.26","14,899"
ITBEES,EQ,2024-08-16,42.46,42.79,43.95,42.61,43.71,43.72,43.43,"82,91,881","36,00,95,174.53","30,811"
ITBEES,EQ,2024-08-19,43.72,43.71,44.14,43.6,44.07,44.07,43.97,"50,61,369","22,25,25,350.98","20,125"
ITBEES,EQ,2024-08-20,44.07,44.25,44.65,44.12,44.5,44.49,44.49,"49,68,585","22,10,49,852.65","17,410"
ITBEES,EQ,2024-08-21,44.49,44.49,44.55,44.3,44.55,44.49,44.41,"42,02,570","18,66,55,380.42","16,273"
ITBEES,EQ,2024-08-22,44.49,44.7,44.75,44.34,44.4,44.44,44.57,"41,18,770","18,35,65,876.57","15,915"
ITBEES,EQ,2024-08-23,44.44,44.4,44.75,43.95,44.19,44.03,44.08,"37,56,012","16,55,49,080.85","22,559"
ITBEES,EQ,2024-08-26,44.03,44.49,44.75,44.13,44.55,44.54,44.59,"48,51,727","21,63,36,557.90","18,626"
ITBEES,EQ,2024-08-27,44.54,44.58,44.8,44.45,44.55,44.53,44.61,"27,45,783","12,24,89,873.03","13,769"
ITBEES,EQ,2024-08-28,44.53,45.0,45.72,44.47,45.42,45.41,45.48,"1,35,10,024","61,44,14,810.54","21,230"
ITBEES,EQ,2024-08-29,45.41,46.75,46.75,45.07,45.54,45.5,45.52,"1,23,88,576","56,39,39,772.52","18,547"
ITBEES,EQ,2024-08-30,45.5,45.9,45.9,45.4,45.75,45.67,45.65,"55,81,193","25,47,96,902.78","16,052"
ITBEES,EQ,2024-09-02,45.67,45.99,46.25,45.5,46.0,45.98,46.0,"49,28,664","22,67,42,517.25","22,033"
ITBEES,EQ,2024-09-03,45.98,46.64,46.64,45.71,45.85,45.77,45.91,"37,62,936","17,27,52,963.21","19,921"
ITBEES,EQ,2024-09-04,45.77,45.56,45.56,44.9,45.5,45.44,45.18,"46,27,327","20,90,54,212.35","31,047"
ITBEES,EQ,2024-09-05,45.44,46.0,46.0,45.29,45.73,45.64,45.44,"30,31,510","13,77,59,798.35","15,463"
ITBEES,EQ,2024-09-06,45.64,45.98,45.98,45.12,45.24,45.19,45.33,"49,35,880","22,37,53,952.46","26,266"
ITBEES,EQ,2024-09-09,45.19,45.19,45.34,44.69,44.92,44.82,45.04,"44,73,117","20,14,68,673.60","22,835"
ITBEES,EQ,2024-09-10,44.82,44.94,45.86,44.92,45.71,45.64,45.5,"37,72,786","17,16,51,368.45","13,402"
ITBEES,EQ,2024-09-11,45.64,46.25,46.25,45.4,45.6,45.49,45.66,"30,91,485","14,11,49,603.91","13,617"
ITBEES,EQ,2024-09-12,45.49,46.85,46.85,45.46,45.97,46.08,45.8,"45,78,979","20,97,03,468.28","13,083"
ITBEES,EQ,2024-09-13,46.08,46.5,46.5,45.95,46.3,46.31,46.31,"43,17,003","19,99,00,092.82","14,068"
ITBEES,EQ,2024-09-16,46.31,46.31,46.59,46.23,46.3,46.29,46.34,"49,96,239","23,15,14,246.59","16,880"
ITBEES,EQ,2024-09-17,46.29,46.44,46.59,46.08,46.39,46.35,46.38,"23,34,318","10,82,57,139.98","12,249"
ITBEES,EQ,2024-09-18,46.35,46.89,46.89,44.6,45.11,45.07,45.03,"2,01,70,038","90,82,46,418.86","76,553"
ITBEES,EQ,2024-09-19,45.07,45.5,46.0,44.5,44.95,44.81,44.8,"1,89,60,509","84,94,71,512.37","32,664"
ITBEES,EQ,2024-09-20,44.81,45.39,45.41,44.6,45.15,45.08,45.08,"72,65,230","32,74,86,769.25","18,265"
ITBEES,EQ,2024-09-23,45.08,45.07,45.34,44.72,44.9,44.94,44.93,"64,94,074","29,17,92,173.89","26,090"
ITBEES,EQ,2024-09-24,44.94,44.94,45.49,44.6,45.43,45.29,44.97,"92,15,683","41,44,19,382.23","18,455"
ITBEES,EQ,2024-09-25,45.29,45.41,45.41,44.6,44.95,44.85,44.84,"69,00,735","30,94,30,990.68","29,924"
ITBEES,EQ,2024-09-26,44.85,44.84,45.3,44.84,45.05,45.08,45.11,"32,66,980","14,73,88,654.74","14,011"
ITBEES,EQ,2024-09-27,45.08,45.42,46.3,45.28,45.5,45.34,45.82,"91,07,798","41,72,92,706.52","20,545"
ITBEES,EQ,2024-09-30,45.34,45.49,45.49,44.81,45.03,44.93,45.0,"44,75,717","20,14,24,320.03","27,466"
ITBEES,EQ,2024-10-01,44.93,44.94,45.44,44.92,45.3,45.29,45.17,"48,85,417","22,06,93,310.28","14,999"
ITBEES,EQ,2024-10-03,45.29,46.0,46.0,44.56,44.9,45.1,44.86,"55,34,664","24,82,74,307.29","38,348"
ITBEES,EQ,2024-10-04,45.1,45.84,45.84,44.54,45.37,45.28,45.09,"55,48,798","25,01,68,385.76","20,215"
ITBEES,EQ,2024-10-07,45.28,45.28,45.39,44.61,45.07,45.09,45.01,"57,69,610","25,96,93,670.79","23,559"
ITBEES,EQ,2024-10-08,45.09,45.18,45.35,44.55,45.31,45.23,45.0,"42,81,635","19,26,74,483.85","15,347"
ITBEES,EQ,2024-10-09,45.23,45.2,45.8,45.19,45.58,45.49,45.64,"47,15,644","21,52,43,630.41","11,723"
ITBEES,EQ,2024-10-10,45.49,46.0,46.0,45.0,45.13,45.06,45.33,"30,22,087","13,69,99,022.67","14,593"
ITBEES,EQ,2024-10-11,45.06,45.06,45.49,44.75,45.2,45.17,45.16,"25,19,382","11,37,82,972.11","9,788"
ITBEES,EQ,2024-10-14,45.17,45.5,45.9,45.18,45.83,45.77,45.64,"39,50,083","18,02,87,708.88","13,046"
ITBEES,EQ,2024-10-15,45.77,45.78,46.25,45.59,45.75,45.73,45.84,"45,82,378","21,00,68,863.96","13,279"
ITBEES,EQ,2024-10-16,45.73,45.73,45.79,45.17,45.27,45.23,45.38,"27,38,694","12,42,89,979.51","17,376"
ITBEES,EQ,2024-10-17,45.23,45.65,45.8,45.15,45.67,45.62,45.54,"45,02,286","20,50,41,341.98","11,065"
ITBEES,EQ,2024-10-18,45.62,45.71,45.71,44.75,45.08,45.0,45.06,"46,32,143","20,87,11,254.03","24,412"
ITBEES,EQ,2024-10-21,45.0,45.99,45.99,44.35,44.42,44.49,44.77,"32,99,389","14,77,13,276.04","22,478"
ITBEES,EQ,2024-10-22,44.49,44.99,44.99,44.0,44.12,44.06,44.39,"70,15,820","31,14,29,633.66","20,577"
ITBEES,EQ,2024-10-23,44.06,46.0,46.0,44.02,45.15,45.11,45.05,"52,83,667","23,80,54,794.60","13,015"
ITBEES,EQ,2024-10-24,45.11,45.2,45.34,44.88,45.04,45.03,45.07,"22,07,428","9,94,89,554.18","10,192"
ITBEES,EQ,2024-10-25,45.03,45.5,45.5,44.74,44.82,44.89,44.99,"34,25,258","15,41,06,946.19","15,507"
ITBEES,EQ,2024-10-28,44.89,45.5,45.5,44.45,45.14,45.11,45.11,"25,71,605","11,59,92,656.96","12,943"
ITBEES,EQ,2024-10-29,45.11,45.11,45.44,44.8,45.1,45.07,44.98,"19,41,743","8,73,44,751.41","11,711"
ITBEES,EQ,2024-10-30,45.07,45.7,45.8,44.76,44.88,44.82,45.01,"22,50,819","10,13,10,656.72","12,265"
ITBEES,EQ,2024-10-31,44.82,45.7,45.7,43.32,43.7,43.55,43.67,"89,12,199","38,91,51,858.52","50,902"
ITBEES,EQ,2024-11-01,43.55,43.55,44.57,43.55,43.9,43.74,43.83,"14,53,062","6,36,89,583.74","16,871"
ITBEES,EQ,2024-11-04,43.74,43.74,43.74,43.01,43.53,43.44,43.26,"34,09,081","14,74,83,683.91","28,920"
ITBEES,EQ,2024-11-05,43.44,43.44,43.74,43.25,43.49,43.47,43.43,"17,58,965","7,63,99,964.79","13,543"
ITBEES,EQ,2024-11-06,43.47,44.75,45.19,43.57,45.1,45.13,44.8,"63,22,895","28,32,92,635.36","16,660"
ITBEES,EQ,2024-11-07,45.13,45.49,45.5,44.41,44.9,44.9,44.91,"34,25,879","15,38,67,785.96","15,830"
ITBEES,EQ,2024-11-08,44.9,44.91,45.43,44.91,45.09,45.13,45.23,"32,42,059","14,66,52,329.24","12,488"
ITBEES,EQ,2024-11-11,45.13,45.48,45.94,43.8,45.84,45.85,45.63,"71,41,122","32,58,80,106.26","18,244"
ITBEES,EQ,2024-11-12,45.85,45.99,46.25,45.64,45.74,45.82,46.04,"1,38,31,477","63,68,00,725.97","15,900"
ITBEES,EQ,2024-11-13,45.82,46.19,46.19,45.3,45.53,45.46,45.53,"47,44,039","21,59,85,396.09","15,834"
ITBEES,EQ,2024-11-14,45.46,45.81,45.87,45.28,45.5,45.5,45.5,"32,26,247","14,67,81,443.87","10,258"
ITBEES,EQ,2024-11-18,45.5,45.5,45.78,44.12,44.56,44.46,44.5,"39,81,057","17,71,46,686.50","27,930"
ITBEES,EQ,2024-11-19,44.46,45.59,45.59,44.47,44.78,44.8,45.18,"22,49,094","10,16,12,264.23","9,870"
ITBEES,EQ,2024-11-21,44.8,44.81,45.47,44.75,45.07,45.03,44.99,"23,03,595","10,36,34,042.63","12,605"
ITBEES,EQ,2024-11-22,45.03,45.65,46.7,44.91,46.45,46.45,46.14,"80,12,991","36,96,86,660.62","15,538"
ITBEES,EQ,2024-11-25,46.45,47.4,47.45,45.4,47.03,46.97,46.8,"60,34,416","28,24,31,901.18","17,052"
ITBEES,EQ,2024-11-26,46.97,46.97,47.65,46.97,47.4,47.46,47.48,"1,48,16,904","70,35,61,774.20","15,931"
ITBEES,EQ,2024-11-27,47.46,47.8,48.0,47.34,47.5,47.4,47.54,"49,41,858","23,49,40,437.20","14,628"
ITBEES,EQ,2024-11-28,47.4,47.5,47.5,46.16,46.4,46.27,46.49,"66,75,925","31,03,84,145.27","33,321"
ITBEES,EQ,2024-11-29,46.27,46.73,46.79,45.99,46.43,46.46,46.54,"34,60,809","16,10,57,003.16","10,736"
ITBEES,EQ,2024-12-02,46.46,46.46,46.96,46.04,46.51,46.74,46.46,"41,59,659","19,32,61,671.79","15,229"
ITBEES,EQ,2024-12-03,46.74,47.67,47.67,46.61,46.9,46.94,46.86,"43,25,575","20,26,92,971.21","11,384"
ITBEES,EQ,2024-12-04,46.94,47.5,47.5,46.82,47.18,47.16,47.23,"33,12,567","15,64,46,316.93","11,351"
ITBEES,EQ,2024-12-05,47.16,47.18,48.31,47.17,48.0,48.07,47.83,"60,12,974","28,75,87,896.28","17,031"
ITBEES,EQ,2024-12-06,48.07,48.07,49.5,47.84,47.96,47.96,47.95,"70,60,372","33,85,78,066.36","15,206"
ITBEES,EQ,2024-12-09,47.96,48.55,48.55,47.75,48.15,48.09,47.94,"30,39,833","14,57,26,794.78","14,812"
ITBEES,EQ,2024-12-10,48.09,48.39,48.7,48.1,48.52,48.48,48.44,"42,52,289","20,59,99,030.69","12,519"
ITBEES,EQ,2024-12-11,48.48,48.48,48.96,48.41,48.64,48.65,48.59,"31,43,881","15,27,72,072.68","11,515"
ITBEES,EQ,2024-12-12,48.65,48.65,49.46,48.5,48.96,49.03,49.2,"47,70,728","23,47,37,610.13","14,638"
ITBEES,EQ,2024-12-13,49.03,49.03,49.55,48.38,49.44,49.49,49.11,"57,82,584","28,40,10,230.18","17,440"
ITBEES,EQ,2024-12-16,49.49,49.74,49.76,49.01,49.14,49.12,49.19,"25,53,796","12,56,11,005.91","18,179"
ITBEES,EQ,2024-12-17,49.12,49.13,49.29,48.65,48.81,48.87,48.88,"22,37,355","10,93,56,814.24","14,891"
ITBEES,EQ,2024-12-18,48.87,49.34,49.34,48.55,48.84,48.86,48.9,"17,63,146","8,62,18,067.78","10,581"
ITBEES,EQ,2024-12-19,48.86,48.86,48.86,47.7,48.35,48.26,48.15,"1,08,27,749","52,13,90,812.41","20,569"
ITBEES,EQ,2024-12-20,48.26,48.99,49.1,46.84,47.17,46.93,47.46,"73,95,252","35,09,53,925.79","31,904"
ITBEES,EQ,2024-12-23,46.93,47.63,47.63,46.88,47.0,47.01,47.12,"53,72,976","25,31,76,397.43","13,764"
ITBEES,EQ,2024-12-24,47.01,47.7,47.7,46.79,46.92,46.87,47.17,"21,64,145","10,20,89,924.09","10,629"
ITBEES,EQ,2024-12-26,46.87,47.87,48.3,46.62,46.88,46.85,46.77,"21,16,645","9,90,03,480.04","12,713"
ITBEES,EQ,2024-12-27,46.85,47.3,47.85,46.66,46.9,46.89,46.9,"66,90,514","31,37,94,825.91","10,502"
ITBEES,EQ,2024-12-30,46.89,47.84,47.84,46.41,46.95,47.19,46.81,"70,35,690","32,93,49,236.42","22,898"
ITBEES,EQ,2024-12-31,47.19,47.48,47.78,45.83,46.73,46.64,46.39,"40,18,736","18,64,09,936.56","24,110"
ITBEES,EQ,2025-01-01,46.64,47.71,47.71,46.5,46.59,46.54,46.61,"23,66,668","11,03,13,287.14","12,838"
ITBEES,EQ,2025-01-02,46.54,46.55,47.67,46.48,47.45,47.6,47.38,"1,92,78,469","91,34,83,631.92","13,930"
ITBEES,EQ,2025-01-03,47.6,48.05,48.05,46.9,47.2,47.08,47.16,"34,54,604","16,29,32,089.47","21,866"
ITBEES,EQ,2025-01-06,47.08,47.0,47.49,46.7,46.83,46.84,47.02,"40,38,442","18,98,80,373.91","21,002"
ITBEES,EQ,2025-01-07,46.84,48.25,48.25,46.51,46.68,46.67,46.74,"30,02,366","14,03,35,121.73","15,795"
ITBEES,EQ,2025-01-08,46.67,48.05,48.05,45.98,46.82,46.83,46.38,"28,45,551","13,19,76,393.12","16,672"
ITBEES,EQ,2025-01-09,46.83,46.98,47.05,46.28,46.34,46.37,46.6,"1,46,67,351","68,34,34,252.28","14,612"
ITBEES,EQ,2025-01-10,46.37,46.37,48.05,46.37,47.88,47.84,47.65,"77,97,177","37,15,24,068.56","19,403"
ITBEES,EQ,2025-01-13,47.84,47.86,48.08,47.25,47.47,47.39,47.45,"1,32,30,731","62,77,48,517.56","19,745"
ITBEES,EQ,2025-01-14,47.39,48.33,48.33,46.16,46.33,46.28,46.45,"34,92,482","16,22,36,867.71","24,470"
ITBEES,EQ,2025-01-15,46.28,46.29,47.17,46.17,46.5,46.52,46.43,"22,57,040","10,47,97,936.95","10,095"
ITBEES,EQ,2025-01-16,46.52,46.61,47.25,46.11,46.29,46.27,46.58,"38,55,031","17,95,57,729.25","14,758"
ITBEES,EQ,2025-01-17,46.27,46.0,46.28,45.26,45.55,45.5,45.46,"1,13,86,103","51,75,73,251.97","26,567"
ITBEES,EQ,2025-01-20,45.5,45.51,46.28,45.06,45.6,45.64,45.46,"24,54,044","11,15,65,801.73","15,300"
ITBEES,EQ,2025-01-21,45.64,46.09,46.09,45.0,45.1,45.05,45.45,"28,60,833","13,00,34,829.08","16,768"
ITBEES,EQ,2025-01-22,45.05,45.55,46.0,45.06,45.91,45.94,45.61,"27,08,081","12,35,02,362.38","10,490"
ITBEES,EQ,2025-01-23,45.94,45.94,47.07,45.94,46.75,46.75,46.81,"37,07,394","17,35,54,018.94","11,089"
ITBEES,EQ,2025-01-24,46.75,47.75,47.75,46.55,46.95,46.93,47.02,"25,93,842","12,19,59,268.59","10,272"
ITBEES,EQ,2025-01-27,46.93,46.29,46.93,45.27,45.44,45.38,45.81,"40,52,244","18,56,46,894.50","26,097"
ITBEES,EQ,2025-01-28,45.38,45.82,45.9,45.02,45.24,45.14,45.39,"21,83,397","9,91,11,500.00","13,047"
ITBEES,EQ,2025-01-29,45.14,45.39,46.42,45.02,46.33,46.35,46.1,"24,99,953","11,52,37,207.45","9,623"
ITBEES,EQ,2025-01-30,46.35,46.35,46.58,45.47,45.89,45.8,45.92,"49,81,713","22,87,74,567.43","15,516"
ITBEES,EQ,2025-01-31,45.8,45.92,46.36,45.9,46.04,45.96,45.98,"1,92,37,360","88,45,73,570.37","11,487"
ITBEES,EQ,2025-02-01,45.96,45.96,46.62,45.0,45.28,45.42,45.6,"27,25,465","12,42,92,582.01","14,308"
ITBEES,EQ,2025-02-03,45.42,45.3,45.75,44.71,45.68,45.63,45.38,"22,61,227","10,26,07,813.62","15,950"
ITBEES,EQ,2025-02-04,45.63,45.63,46.38,45.62,46.19,46.22,46.06,"27,45,361","12,64,49,669.16","9,750"
ITBEES,EQ,2025-02-05,46.22,46.22,46.69,45.98,46.29,46.24,46.35,"23,39,295","10,84,36,629.81","10,525"
ITBEES,EQ,2025-02-06,46.24,46.49,46.89,46.2,46.42,46.41,46.38,"35,22,390","16,33,80,130.69","10,238"
ITBEES,EQ,2025-02-07,46.41,46.59,46.87,45.98,46.33,46.32,46.19,"20,44,558","9,44,32,313.21","11,560"
ITBEES,EQ,2025-02-10,46.32,46.77,46.77,45.86,46.0,45.93,46.04,"17,45,666","8,03,66,626.23","13,880"
ITBEES,EQ,2025-02-11,45.93,45.94,46.17,45.15,45.35,45.25,45.56,"22,34,015","10,17,87,880.14","14,557"
ITBEES,EQ,2025-02-12,45.25,46.6,46.6,44.85,45.06,45.0,45.16,"24,60,158","11,11,12,477.61","13,887"
ITBEES,EQ,2025-02-13,45.0,45.17,45.55,44.42,44.67,44.6,44.77,"36,20,406","16,20,67,569.49","14,703"
ITBEES,EQ,2025-02-14,44.6,45.27,45.6,44.03,44.55,44.59,44.49,"24,80,648","11,03,56,143.80","13,399"
ITBEES,EQ,2025-02-17,44.59,44.85,44.9,43.81,44.37,44.28,44.19,"25,33,926","11,19,75,841.27","14,852"
ITBEES,EQ,2025-02-18,44.28,44.27,44.81,44.27,44.7,44.7,44.55,"18,03,655","8,03,61,651.31","8,489"
ITBEES,EQ,2025-02-19,44.7,44.7,45.1,44.05,44.24,44.22,44.38,"24,12,451","10,70,53,651.80","13,429"
ITBEES,EQ,2025-02-20,44.22,44.21,44.3,43.95,44.13,44.08,44.08,"22,08,010","9,73,19,718.75","13,518"
ITBEES,EQ,2025-02-21,44.08,44.08,44.29,43.6,43.74,43.73,43.82,"22,15,294","9,70,74,070.55","15,166"
ITBEES,EQ,2025-02-24,43.73,43.7,43.7,42.42,42.52,42.51,42.67,"59,07,033","25,20,27,499.53","31,988"
ITBEES,EQ,2025-02-25,42.51,42.51,42.65,42.14,42.19,42.17,42.3,"30,69,717","12,98,50,905.71","19,439"
ITBEES,EQ,2025-02-27,42.17,43.45,43.45,41.78,41.96,42.01,41.97,"75,21,053","31,56,29,721.76","17,078"
ITBEES,EQ,2025-02-28,42.01,41.97,42.01,40.1,40.32,40.23,40.46,"93,88,560","37,98,68,431.38","44,311"
ITBEES,EQ,2025-03-03,40.23,41.01,41.01,40.15,40.63,40.56,40.53,"32,98,120","13,36,58,818.21","20,055"
ITBEES,EQ,2025-03-04,40.56,40.84,40.84,39.74,40.32,40.36,40.28,"50,39,935","20,30,01,074.17","18,372"
ITBEES,EQ,2025-03-05,40.36,40.9,41.48,40.28,41.24,41.21,41.2,"34,40,157","14,17,45,379.01","12,844"
ITBEES,EQ,2025-03-06,41.21,42.45,42.45,41.03,41.22,41.25,41.23,"18,18,165","7,49,65,798.93","11,836"
ITBEES,EQ,2025-03-07,41.25,41.26,41.98,40.7,40.98,40.92,40.92,"26,37,747","10,79,38,321.28","15,565"
ITBEES,EQ,2025-03-10,40.92,44.2,44.2,39.9,40.75,40.73,40.9,"18,50,510","7,56,77,480.41","12,687"
ITBEES,EQ,2025-03-11,40.73,40.5,40.5,39.64,40.4,40.34,40.07,"37,06,342","14,85,22,825.92","16,113"
ITBEES,EQ,2025-03-12,40.34,40.34,40.4,38.7,39.19,39.16,39.06,"1,30,16,801","50,84,57,830.85","44,970"
ITBEES,EQ,2025-03-13,39.16,39.19,39.62,38.9,38.98,38.97,39.09,"36,44,589","14,24,79,325.68","15,823"
ITBEES,EQ,2025-03-17,38.97,39.48,39.48,38.68,38.98,38.97,38.84,"46,13,621","17,92,06,835.76","20,088"
ITBEES,EQ,2025-03-18,38.97,39.0,39.58,38.87,39.54,39.46,39.36,"27,17,529","10,69,62,801.62","10,852"
ITBEES,EQ,2025-03-19,39.46,39.78,39.78,38.75,39.14,39.08,38.95,"89,48,905","34,85,37,438.13","25,826"
ITBEES,EQ,2025-03-20,39.08,39.63,40.12,39.11,39.75,39.68,39.73,"64,72,191","25,71,19,789.06","14,097"
ITBEES,EQ,2025-03-21,39.68,39.75,40.0,38.61,39.75,39.7,39.6,"96,58,361","38,25,11,617.36","19,178"
ITBEES,EQ,2025-03-24,39.7,39.75,40.47,39.53,40.3,40.25,40.03,"58,64,075","23,47,10,738.60","17,654"
ITBEES,EQ,2025-03-25,40.25,40.49,41.18,40.39,40.7,40.75,40.84,"82,13,476","33,54,14,396.70","14,935"
ITBEES,EQ,2025-03-26,40.75,41.0,41.3,40.3,40.53,40.4,40.63,"45,86,472","18,63,68,944.41","14,440"
ITBEES,EQ,2025-03-27,40.4,40.4,40.62,40.15,40.43,40.42,40.44,"30,03,280","12,14,41,717.90","10,978"
ITBEES,EQ,2025-03-28,40.42,40.6,40.6,39.71,39.82,39.77,39.98,"54,65,507","21,85,19,757.49","21,391"
ITBEES,EQ,2025-04-01,39.77,39.75,39.75,38.76,38.91,38.86,39.03,"73,25,046","28,58,70,203.92","35,825"
ITBEES,EQ,2025-04-02,38.86,39.0,39.58,38.76,39.26,39.21,39.14,"30,54,402","11,95,61,655.72","12,083"
ITBEES,EQ,2025-04-03,39.21,38.2,39.7,37.48,37.7,37.62,37.83,"2,05,85,919","77,88,67,415.82","70,375"
ITBEES,EQ,2025-04-04,37.62,37.99,37.99,36.18,36.67,36.39,36.55,"1,81,07,536","66,19,04,512.68","57,835"
ITBEES,EQ,2025-04-07,36.39,35.4,36.15,33.63,36.04,35.84,34.63,"2,29,35,425","79,42,63,561.62","69,362"
ITBEES,EQ,2025-04-08,35.84,36.34,36.49,35.56,36.0,35.98,36.04,"1,04,00,579","37,48,22,752.19","23,590"
ITBEES,EQ,2025-04-09,35.98,35.98,35.98,34.85,35.22,35.2,35.13,"95,42,794","33,52,16,122.10","30,583"
ITBEES,EQ,2025-04-11,35.2,36.38,36.38,35.22,35.56,35.45,35.7,"1,17,64,764","41,99,65,279.99","25,514"
ITBEES,EQ,2025-04-15,35.45,37.22,37.22,35.62,35.99,35.95,35.89,"1,04,61,310","37,54,25,524.10","22,484"
ITBEES,EQ,2025-04-16,35.95,35.95,36.09,35.54,35.99,35.97,35.85,"80,45,910","28,84,85,463.58","18,287"
ITBEES,EQ,2025-04-17,35.97,35.65,36.27,35.15,36.24,36.11,35.61,"1,74,47,191","62,13,63,350.53","32,190"
ITBEES,EQ,2025-04-21,36.11,36.15,37.36,36.0,37.0,36.93,36.97,"2,56,63,011","94,88,70,464.06","29,750"
ITBEES,EQ,2025-04-22,36.93,36.93,36.95,36.55,36.78,36.72,36.76,"97,40,334","35,80,13,239.80","23,896"
ITBEES,EQ,2025-04-23,36.72,37.01,38.36,37.01,38.32,38.3,38.01,"3,28,19,171","1,24,75,80,674.85","30,499"
ITBEES,EQ,2025-04-24,38.3,38.3,38.49,37.96,38.14,38.08,38.24,"99,20,086","37,93,66,767.34","19,879"
ITBEES,EQ,2025-04-25,38.08,38.5,38.74,37.8,38.26,38.34,38.33,"1,54,17,573","59,09,85,364.65","19,674"
ITBEES,EQ,2025-04-28,38.34,38.84,38.84,37.95,38.33,38.31,38.22,"73,12,868","27,95,26,588.49","17,442"
ITBEES,EQ,2025-04-29,38.31,38.68,39.05,38.26,38.79,38.78,38.68,"97,65,038","37,76,80,770.70","13,828"
ITBEES,EQ,2025-04-30,38.78,38.78,39.1,38.41,38.41,38.6,38.78,"86,60,554","33,58,75,810.70","14,571"
ITBEES,EQ,2025-05-02,38.6,38.61,39.2,38.48,38.65,38.72,38.86,"97,97,209","38,07,38,279.26","17,460"
ITBEES,EQ,2025-05-05,38.72,38.75,39.24,38.75,38.94,38.92,39.05,"63,47,159","24,78,30,991.01","16,373"
ITBEES,EQ,2025-05-06,38.92,39.0,39.28,38.61,38.62,38.67,38.83,"1,20,55,924","46,81,81,147.18","13,518"
ITBEES,EQ,2025-05-07,38.67,39.15,39.15,38.23,38.8,38.79,38.65,"46,59,187","18,00,68,354.70","10,371"
ITBEES,EQ,2025-05-08,38.79,38.8,39.12,38.69,38.8,38.81,38.94,"1,26,85,625","49,39,38,587.09","10,436"
ITBEES,EQ,2025-05-09,38.81,38.81,38.81,38.24,38.75,38.72,38.62,"50,32,717","19,43,52,028.22","11,748"
ITBEES,EQ,2025-05-12,38.72,39.5,41.4,39.0,41.29,41.33,40.45,"2,32,31,100","93,97,58,525.81","28,492"
ITBEES,EQ,2025-05-13,41.33,41.3,41.46,40.4,40.5,40.45,40.77,"1,19,07,933","48,55,14,608.81","27,962"
ITBEES,EQ,2025-05-14,40.45,40.99,40.99,40.45,40.96,40.93,40.83,"63,16,251","25,79,13,819.31","12,203"
ITBEES,EQ,2025-05-15,40.93,40.93,41.45,40.56,41.35,41.35,41.06,"1,30,41,965","53,55,68,095.81","16,485"
ITBEES,EQ,2025-05-16,41.35,41.36,41.6,40.91,41.15,41.12,41.13,"82,77,397","34,04,23,313.70","18,089"
ITBEES,EQ,2025-05-19,41.12,41.26,41.88,40.51,40.7,40.59,40.71,"78,30,327","31,87,74,555.45","24,627"
ITBEES,EQ,2025-05-20,40.59,40.6,41.05,40.31,40.48,40.37,40.68,"71,53,518","29,10,20,771.61","15,372"
ITBEES,EQ,2025-05-21,40.37,40.38,40.87,40.13,40.62,40.64,40.52,"43,36,603","17,57,29,626.56","12,141"
ITBEES,EQ,2025-05-22,40.64,40.62,40.62,39.85,40.1,40.05,40.07,"80,54,980","32,27,67,677.77","32,457"
ITBEES,EQ,2025-05-23,40.05,40.05,40.92,40.05,40.51,40.48,40.65,"68,55,310","27,86,99,607.53","11,798"
ITBEES,EQ,2025-05-26,40.48,40.79,40.9,40.51,40.8,40.8,40.81,"81,94,480","33,43,81,163.09","18,563"
ITBEES,EQ,2025-05-27,40.8,40.8,40.82,40.43,40.63,40.63,40.58,"47,14,449","19,12,92,718.51","13,628"
ITBEES,EQ,2025-05-28,40.63,40.9,41.03,40.55,40.59,40.59,40.69,"27,65,201","11,25,04,539.27","9,760"
ITBEES,EQ,2025-05-29,40.59,40.65,41.15,40.65,40.85,40.82,40.87,"59,95,814","24,50,41,590.46","9,710"
ITBEES,EQ,2025-05-30,40.82,40.82,40.98,40.5,40.55,40.53,40.61,"36,98,572","15,01,87,833.76","13,080"
ITBEES,EQ,2025-06-02,40.53,40.6,40.88,40.01,40.31,40.3,40.2,"50,52,954","20,31,28,530.86","19,480"
ITBEES,EQ,2025-06-03,40.3,41.14,41.14,39.96,40.09,40.04,40.12,"51,87,879","20,81,43,572.42","17,486"
ITBEES,EQ,2025-06-04,40.04,41.04,41.04,40.0,40.18,40.15,40.24,"38,81,029","15,61,53,564.06","10,142"
ITBEES,EQ,2025-06-05,40.15,41.15,41.15,40.0,40.36,40.31,40.36,"37,19,038","15,00,83,781.63","10,666"
ITBEES,EQ,2025-06-06,40.31,41.31,41.31,39.3,40.55,40.48,40.36,"40,89,734","16,50,52,517.33","11,136"
ITBEES,EQ,2025-06-09,40.48,41.14,41.14,40.48,40.9,40.89,40.93,"61,45,171","25,14,92,242.63","14,098"
ITBEES,EQ,2025-06-10,40.89,40.89,41.93,40.89,41.75,41.8,41.66,"2,05,49,171","85,60,99,513.51","20,915"
ITBEES,EQ,2025-06-11,41.8,43.0,43.0,40.8,42.28,42.25,42.02,"1,96,90,455","82,74,16,719.58","20,187"
ITBEES,EQ,2025-06-12,42.25,42.45,42.5,41.63,41.82,41.86,41.94,"1,52,57,545","63,98,98,861.56","23,116"
ITBEES,EQ,2025-06-13,41.86,42.9,42.9,40.1,41.99,41.92,41.79,"86,34,263","36,07,96,246.10","17,018"
ITBEES,EQ,2025-06-16,41.92,41.99,42.75,41.22,42.53,42.54,42.47,"1,91,08,060","81,15,77,264.21","22,609"
ITBEES,EQ,2025-06-17,42.54,43.6,43.6,42.46,42.76,42.77,42.75,"89,58,123","38,29,69,255.64","13,903"
ITBEES,EQ,2025-06-18,42.77,43.24,43.24,42.3,42.46,42.41,42.59,"96,43,622","41,07,20,894.46","18,917"
ITBEES,EQ,2025-06-19,42.41,41.34,42.41,41.34,41.9,41.96,41.85,"1,81,17,658","75,83,11,051.31","20,611"
ITBEES,EQ,2025-06-20,41.96,40.91,42.39,40.91,42.21,42.31,42.12,"56,09,741","23,62,72,082.63","10,976"
ITBEES,EQ,2025-06-23,42.31,42.98,42.98,41.25,41.89,41.84,41.85,"59,59,455","24,93,79,063.63","21,740"
ITBEES,EQ,2025-06-24,41.84,42.39,42.39,41.73,41.84,41.82,42.08,"72,06,045","30,32,13,525.21","12,255"
ITBEES,EQ,2025-06-25,41.82,40.77,42.5,40.77,42.44,42.44,42.32,"75,42,946","31,92,31,766.24","10,339"
ITBEES,EQ,2025-06-26,42.44,42.44,42.56,42.16,42.41,42.4,42.38,"51,49,821","21,82,33,794.39","11,755"
ITBEES,EQ,2025-06-27,42.4,41.34,42.88,41.25,42.42,42.29,42.51,"1,02,50,436","43,56,98,437.62","14,527"
ITBEES,EQ,2025-06-30,42.29,43.34,43.56,42.08,42.46,42.41,42.28,"61,32,686","25,93,16,461.47","14,929"
ITBEES,EQ,2025-07-01,42.41,43.68,43.68,42.1,42.24,42.22,42.36,"94,55,532","40,05,76,465.47","16,774"
ITBEES,EQ,2025-07-02,42.22,42.68,42.89,41.77,42.26,42.25,42.5,"93,66,954","39,81,25,955.31","14,605"
ITBEES,EQ,2025-07-03,42.25,42.75,42.75,42.02,42.29,42.24,42.39,"41,01,135","17,38,55,669.96","11,273"
ITBEES,EQ,2025-07-04,42.24,43.29,43.29,42.17,42.51,42.53,42.39,"44,23,452","18,75,00,532.53","10,625"
ITBEES,EQ,2025-07-07,42.53,42.21,43.59,42.2,42.3,42.3,42.35,"51,12,502","21,65,15,532.99","16,046"
ITBEES,EQ,2025-07-08,42.3,43.35,43.35,41.4,42.4,42.36,42.38,"46,69,314","19,78,84,137.42","10,591"
ITBEES,EQ,2025-07-09,42.36,42.37,42.7,41.96,42.05,42.04,42.12,"73,04,717","30,76,52,877.31","16,739"
ITBEES,EQ,2025-07-10,42.04,41.5,42.96,40.98,41.85,41.79,41.79,"56,08,070","23,43,38,331.26","19,204"
ITBEES,EQ,2025-07-11,41.79,41.49,41.49,40.9,40.98,41.02,41.11,"1,21,68,054","50,02,62,097.76","37,427"
ITBEES,EQ,2025-07-14,41.02,41.48,41.48,40.3,40.54,40.49,40.5,"1,19,84,085","48,53,57,562.22","41,201"
ITBEES,EQ,2025-07-15,40.49,41.7,41.7,40.34,40.72,40.64,40.65,"1,08,92,981","44,28,42,541.96","24,258"
ITBEES,EQ,2025-07-16,40.64,41.65,41.65,40.54,40.99,41.0,40.87,"78,69,588","32,16,40,212.65","13,894"
ITBEES,EQ,2025-07-17,41.0,42.02,42.23,40.43,40.48,40.47,40.69,"86,19,374","35,06,81,795.35","26,149"
ITBEES,EQ,2025-07-18,40.47,40.47,41.01,40.28,40.59,40.51,40.48,"60,64,382","24,55,10,953.29","16,104"
ITBEES,EQ,2025-07-21,40.51,40.92,40.92,40.12,40.43,40.39,40.33,"47,24,727","19,05,33,179.57","18,943"
ITBEES,EQ,2025-07-22,40.39,41.39,41.39,40.18,40.3,40.21,40.32,"55,46,295","22,36,30,438.09","16,073"
ITBEES,EQ,2025-07-23,40.21,39.2,40.99,39.2,40.24,40.32,40.28,"49,77,047","20,04,81,804.66","12,750"
ITBEES,EQ,2025-07-24,40.32,41.32,41.32,39.31,39.44,39.4,39.61,"1,77,42,433","70,27,48,851.72","55,139"
ITBEES,EQ,2025-07-25,39.4,39.44,39.56,38.77,38.95,38.85,39.06,"1,08,38,784","42,33,15,026.15","40,832"
ITBEES,EQ,2025-07-28,38.85,38.85,39.75,38.3,38.73,38.64,38.68,"1,49,80,463","57,94,89,366.04","32,356"
ITBEES,EQ,2025-07-29,38.64,39.16,39.16,38.32,38.75,38.66,38.54,"1,08,01,392","41,62,94,768.11","22,879"
ITBEES,EQ,2025-07-30,38.66,39.62,39.62,38.52,38.78,38.77,38.71,"65,55,771","25,38,02,209.08","13,955"
ITBEES,EQ,2025-07-31,38.77,39.7,39.7,38.25,38.6,38.58,38.52,"73,73,810","28,40,72,836.91","22,457"
ITBEES,EQ,2025-08-01,38.58,39.45,39.45,37.65,38.0,37.87,38.08,"1,02,71,852","39,11,24,561.21","37,510"
ITBEES,EQ,2025-08-04,37.87,37.85,39.01,37.52,38.48,38.46,38.07,"82,02,997","31,22,68,728.59","24,027"
ITBEES,EQ,2025-08-05,38.46,38.1,39.42,37.52,38.3,38.29,38.23,"49,05,083","18,75,03,845.63","17,979"
ITBEES,EQ,2025-08-06,38.29,37.65,38.65,37.35,37.6,37.61,37.75,"70,94,276","26,78,28,976.50","31,214"
ITBEES,EQ,2025-08-07,37.61,38.55,38.74,37.4,38.1,37.93,37.7,"68,44,583","25,80,18,476.07","20,818"
ITBEES,EQ,2025-08-08,37.93,39.8,39.8,37.55,37.62,37.59,37.68,"57,91,829","21,82,59,945.53","22,252"
ITBEES,EQ,2025-08-11,37.59,37.02,37.98,37.02,37.79,37.75,37.68,"74,30,170","27,99,54,561.21","17,984"
ITBEES,EQ,2025-08-12,37.75,36.8,38.65,36.8,37.93,37.88,38.04,"76,79,642","29,21,26,595.57","14,270"
ITBEES,EQ,2025-08-13,37.88,37.81,38.6,37.75,37.9,37.9,37.89,"45,37,432","17,19,44,538.62","13,204"
ITBEES,EQ,2025-08-14,37.9,37.8,38.57,37.5,38.24,38.12,38.24,"54,52,173","20,85,10,182.86","13,733"
ITBEES,EQ,2025-08-18,38.12,38.7,38.8,37.7,37.89,37.83,37.96,"76,73,783","29,12,87,261.04","26,949"
ITBEES,EQ,2025-08-19,37.83,37.65,38.77,37.65,38.0,37.95,37.9,"56,72,788","21,49,71,407.79","13,870"
ITBEES,EQ,2025-08-20,37.95,38.6,39.0,37.84,38.91,38.94,38.74,"1,93,11,808","74,80,46,205.78","19,270"
ITBEES,EQ,2025-08-21,38.94,39.5,39.52,38.75,38.98,39.01,39.01,"81,54,259","31,80,85,170.97","15,331"
ITBEES,EQ,2025-08-22,39.01,38.11,39.98,38.11,38.72,38.72,38.8,"46,96,189","18,21,97,918.96","14,894"
ITBEES,EQ,2025-08-25,38.72,38.7,39.69,38.7,39.56,39.54,39.51,"1,20,77,370","47,71,41,919.36","19,316"
ITBEES,EQ,2025-08-26,39.54,39.83,39.83,38.8,39.31,39.26,39.33,"1,21,28,599","47,69,68,105.59","14,081"
ITBEES,EQ,2025-08-28,39.26,38.45,39.74,38.45,38.77,38.7,38.81,"69,50,623","26,97,57,173.98","23,137"
ITBEES,EQ,2025-08-29,38.7,39.66,39.66,38.37,38.48,38.42,38.54,"61,49,663","23,69,92,080.02","16,990"
ITBEES,EQ,2025-09-01,38.42,37.65,39.0,37.65,39.0,38.96,38.92,"49,58,707","19,30,01,630.59","14,415"
ITBEES,EQ,2025-09-02,38.96,39.12,39.3,38.74,39.05,39.0,39.04,"46,22,262","18,04,42,385.32","13,933"
ITBEES,EQ,2025-09-03,39.0,38.02,39.3,38.02,38.8,38.76,38.72,"49,91,525","19,32,95,236.92","17,822"
ITBEES,EQ,2025-09-04,38.76,38.76,39.01,38.31,38.4,38.38,38.56,"61,01,554","23,52,83,928.34","20,376"
ITBEES,EQ,2025-09-05,38.38,39.33,39.33,37.53,37.89,37.85,37.8,"1,88,18,110","71,13,25,043.10","36,478"
ITBEES,EQ,2025-09-08,37.85,38.79,38.79,37.43,37.58,37.49,37.65,"99,35,512","37,40,98,602.03","35,125"
ITBEES,EQ,2025-09-09,37.49,38.42,38.61,37.8,38.58,38.52,38.39,"1,75,38,685","67,32,71,855.78","17,950"
ITBEES,EQ,2025-09-10,38.52,38.56,39.54,38.5,39.46,39.43,39.34,"1,60,64,146","63,18,99,566.96","21,857"
ITBEES,EQ,2025-09-11,39.43,40.41,40.41,39.04,39.26,39.24,39.2,"56,21,790","22,03,47,281.86","14,647"
ITBEES,EQ,2025-09-12,39.24,40.22,40.42,39.25,39.41,39.36,39.4,"51,53,358","20,30,64,141.35","12,612"
ITBEES,EQ,2025-09-15,39.36,39.79,39.79,38.37,39.2,39.18,39.11,"49,12,862","19,21,42,092.78","17,657"
ITBEES,EQ,2025-09-16,39.18,38.62,39.79,38.62,39.56,39.48,39.29,"47,90,630","18,82,09,519.48","11,376"
ITBEES,EQ,2025-09-17,39.48,39.4,39.9,39.4,39.75,39.77,39.79,"74,11,546","29,48,75,242.93","13,558"
ITBEES,EQ,2025-09-18,39.77,39.68,40.35,39.46,40.13,40.12,40.15,"1,10,82,621","44,49,41,397.83","18,222"
ITBEES,EQ,2025-09-19,40.12,40.32,40.4,39.7,39.99,39.91,39.86,"71,72,837","28,58,78,628.05","18,975"
ITBEES,EQ,2025-09-22,39.91,38.85,40.0,38.37,38.81,38.78,38.81,"3,00,71,128","1,16,69,89,607.53","59,159"
ITBEES,EQ,2025-09-23,38.78,38.95,38.98,38.43,38.57,38.48,38.57,"1,30,24,404","50,23,48,458.13","26,290"
ITBEES,EQ,2025-09-24,38.48,39.07,39.15,38.08,38.25,38.21,38.21,"83,96,500","32,07,90,244.71","24,065"
ITBEES,EQ,2025-09-25,38.21,37.25,39.05,37.25,37.84,37.73,37.9,"1,01,30,158","38,39,15,701.69","30,844"
ITBEES,EQ,2025-09-26,37.73,37.73,37.76,36.75,36.92,36.83,37.08,"1,93,82,458","71,87,70,196.68","59,697"
ITBEES,EQ,2025-09-29,36.83,36.8,37.29,35.9,36.87,36.8,36.91,"77,65,764","28,66,28,838.97","24,529"
ITBEES,EQ,2025-09-30,36.8,37.1,37.1,35.88,36.81,36.75,36.86,"49,07,004","18,08,74,898.38","15,757"
ITBEES,EQ,2025-10-01,36.75,37.0,38.05,36.52,37.45,37.16,36.87,"69,82,213","25,74,50,362.59","20,304"
ITBEES,EQ,2025-10-03,37.16,37.65,37.65,36.88,37.14,37.08,37.02,"68,32,500","25,29,07,524.31","22,101"
ITBEES,EQ,2025-10-06,37.08,37.08,37.86,37.0,37.84,37.83,37.58,"88,89,214","33,40,54,529.95","18,553"
ITBEES,EQ,2025-10-07,37.83,37.3,38.23,37.3,37.83,37.82,37.84,"56,44,419","21,35,82,788.78","13,063"
ITBEES,EQ,2025-10-08,37.82,37.82,38.55,37.73,38.39,38.37,38.34,"1,06,52,074","40,84,09,679.27","13,217"
ITBEES,EQ,2025-10-09,38.37,38.71,38.85,38.35,38.8,38.79,38.65,"96,36,078","37,24,36,127.29","15,151"
ITBEES,EQ,2025-10-10,38.79,38.86,39.0,38.52,38.77,38.78,38.82,"54,15,617","21,02,11,825.78","13,492"
ITBEES,EQ,2025-10-13,38.78,38.48,38.79,38.23,38.52,38.49,38.46,"59,04,570","22,70,78,437.38","19,491"
ITBEES,EQ,2025-10-14,38.49,38.57,38.94,38.34,38.38,38.37,38.54,"70,57,586","27,20,21,438.24","14,521"
ITBEES,EQ,2025-10-15,38.37,38.41,38.8,38.41,38.65,38.64,38.61,"51,81,928","20,00,98,414.74","14,205"
ITBEES,EQ,2025-10-16,38.64,38.99,38.99,38.46,38.8,38.81,38.7,"66,09,735","25,58,11,847.81","11,851"
ITBEES,EQ,2025-10-17,38.81,38.81,38.81,38.15,38.24,38.23,38.34,"1,52,41,334","58,44,19,405.09","25,985"
ITBEES,EQ,2025-10-20,38.23,38.61,38.65,38.23,38.62,38.58,38.57,"67,44,161","26,01,13,470.50","15,627"
ITBEES,EQ,2025-10-21,38.58,39.7,39.7,38.56,38.61,38.7,38.74,"35,13,072","13,60,88,598.83","14,575"
ITBEES,EQ,2025-10-23,38.7,38.95,39.8,38.75,39.4,39.42,39.5,"2,61,23,975","1,03,19,84,684.45","28,757"
ITBEES,EQ,2025-10-24,39.42,39.7,39.7,39.16,39.31,39.28,39.37,"1,16,95,258","46,04,31,265.08","16,725"
ITBEES,EQ,2025-10-27,39.28,39.28,40.8,39.28,39.63,39.63,39.68,"86,97,032","34,50,66,529.76","16,072"
ITBEES,EQ,2025-10-28,39.63,39.81,39.81,39.23,39.48,39.42,39.44,"66,05,063","26,05,06,618.87","16,378"
ITBEES,EQ,2025-10-29,39.42,39.42,39.95,39.35,39.73,39.66,39.65,"77,92,406","30,89,46,809.80","12,700"
ITBEES,EQ,2025-10-30,39.66,39.66,40.8,39.35,39.49,39.45,39.45,"54,63,774","21,55,59,752.67","12,131"
ITBEES,EQ,2025-10-31,39.45,39.45,39.61,39.22,39.25,39.25,39.36,"49,23,401","19,37,95,847.67","13,335"
ITBEES,EQ,2025-11-03,39.25,39.25,39.36,38.95,39.14,39.11,39.04,"1,01,79,303","39,74,41,272.25","21,031"
ITBEES,EQ,2025-11-04,39.11,39.0,39.25,38.13,38.8,38.79,38.87,"55,69,098","21,64,79,749.10","21,952"
ITBEES,EQ,2025-11-06,38.79,38.99,39.03,38.74,38.75,38.79,38.86,"40,84,707","15,87,50,656.57","14,209"
ITBEES,EQ,2025-11-07,38.79,38.79,38.85,38.21,38.65,38.6,38.47,"54,50,088","20,96,61,525.76","17,224"
ITBEES,EQ,2025-11-10,38.6,38.55,39.76,38.0,39.21,39.23,39.17,"71,18,311","27,87,98,678.23","15,433"
ITBEES,EQ,2025-11-11,39.23,39.4,39.78,39.19,39.77,39.73,39.56,"1,40,07,612","55,40,85,619.69","15,971"
ITBEES,EQ,2025-11-12,39.73,39.7,40.59,39.7,40.48,40.52,40.36,"3,01,24,977","1,21,57,75,036.62","25,644"
ITBEES,EQ,2025-11-13,40.52,40.7,40.77,40.2,40.33,40.36,40.43,"1,77,87,711","71,91,72,941.49","17,413"
ITBEES,EQ,2025-11-14,40.36,40.2,40.21,39.57,40.02,39.95,39.89,"1,33,80,444","53,37,48,630.19","22,100"
ITBEES,EQ,2025-11-17,39.95,40.41,40.41,39.71,40.02,40.02,39.96,"68,72,958","27,46,23,689.95","15,229"
ITBEES,EQ,2025-11-18,40.02,40.02,40.34,39.51,39.57,39.57,39.67,"64,61,315","25,62,96,268.75","15,558"
ITBEES,EQ,2025-11-19,39.57,39.58,40.77,39.57,40.68,40.72,40.53,"2,72,87,469","1,10,60,96,887.57","25,439"
ITBEES,EQ,2025-11-20,40.72,40.72,40.97,40.56,40.66,40.61,40.76,"1,86,75,363","76,12,80,648.87","16,812"
ITBEES,EQ,2025-11-21,40.61,40.9,40.9,40.32,40.47,40.44,40.5,"2,70,03,669","1,09,36,41,362.41","14,589"
ITBEES,EQ,2025-11-24,40.44,41.7,41.73,40.46,40.75,40.67,40.99,"1,45,90,994","59,80,16,674.80","17,938"
ITBEES,EQ,2025-11-25,40.67,40.67,41.44,40.29,40.49,40.42,40.44,"93,16,966","37,68,05,222.28","13,243"
ITBEES,EQ,2025-11-26,40.42,40.89,41.0,40.5,40.97,40.98,40.86,"85,16,804","34,79,55,633.55","12,237"
ITBEES,EQ,2025-11-27,40.98,41.75,41.75,40.83,41.08,41.07,41.06,"87,70,195","36,00,71,843.62","13,590"
ITBEES,EQ,2025-11-28,41.07,42.05,42.3,40.95,41.06,41.04,41.1,"71,44,350","29,36,25,008.65","11,600"
ITBEES,EQ,2025-12-01,41.04,41.05,41.34,41.03,41.19,41.18,41.17,"98,33,347","40,48,67,155.14","15,536"
ITBEES,EQ,2025-12-02,41.18,41.42,41.42,41.04,41.19,41.19,41.19,"70,58,950","29,07,54,976.01","12,172"
ITBEES,EQ,2025-12-03,41.19,41.19,42.0,41.02,41.58,41.63,41.51,"1,62,21,762","67,34,02,002.59","17,947"
ITBEES,EQ,2025-12-04,41.63,41.63,42.2,41.44,42.04,42.07,42.02,"1,54,50,983","64,92,91,261.53","19,553"
ITBEES,EQ,2025-12-05,42.07,42.87,42.87,42.07,42.4,42.45,42.48,"1,45,39,964","61,76,72,986.45","19,853"
ITBEES,EQ,2025-12-08,42.45,42.1,42.81,42.04,42.34,42.37,42.43,"1,57,77,328","66,94,68,396.00","23,037"
ITBEES,EQ,2025-12-09,42.37,42.37,42.37,41.65,41.85,41.89,41.86,"1,37,57,646","57,59,58,787.99","25,179"
ITBEES,EQ,2025-12-10,41.89,42.93,42.93,41.1,41.5,41.48,41.67,"67,92,206","28,30,19,187.23","19,009"
ITBEES,EQ,2025-12-11,41.48,42.51,42.51,40.7,41.88,41.82,41.65,"88,12,584","36,70,08,862.56","11,665"
ITBEES,EQ,2025-12-12,41.82,41.82,42.1,41.63,42.07,42.05,41.89,"62,50,199","26,18,10,389.23","13,219"
ITBEES,EQ,2025-12-15,42.05,40.99,42.4,40.99,42.17,42.14,42.04,"44,37,380","18,65,51,588.53","12,996"
ITBEES,EQ,2025-12-16,42.14,42.49,42.49,41.07,41.75,41.76,41.78,"53,26,034","22,25,15,769.19","18,476"
ITBEES,EQ,2025-12-17,41.76,42.8,42.8,41.67,41.89,41.88,41.91,"43,91,973","18,40,79,657.47","9,199"
ITBEES,EQ,2025-12-18,41.88,41.88,42.4,41.88,42.35,42.35,42.25,"67,36,696","28,45,92,182.36","11,931"
ITBEES,EQ,2025-12-19,42.35,41.29,42.9,41.29,42.4,42.42,42.49,"64,44,191","27,38,07,883.13","12,143"
ITBEES,EQ,2025-12-22,42.42,42.62,43.8,42.62,43.2,43.29,43.14,"1,80,19,893","77,74,37,225.27","20,232"
ITBEES,EQ,2025-12-23,43.29,43.02,43.43,42.75,42.99,42.99,42.96,"99,76,013","42,85,22,428.13","17,695"
ITBEES,EQ,2025-12-24,42.99,42.72,43.09,42.69,42.74,42.73,42.77,"83,39,647","35,66,56,981.65","15,187"
ITBEES,EQ,2025-12-26,42.73,42.73,42.9,42.3,42.36,42.34,42.49,"67,06,847","28,49,62,291.52","19,941"
ITBEES,EQ,2025-12-29,42.34,43.0,43.0,41.9,41.97,41.98,42.08,"1,78,22,718","75,00,25,232.91","21,957"
ITBEES,EQ,2025-12-30,41.98,41.35,42.38,41.35,41.85,41.76,41.84,"64,05,178","26,79,84,814.90","12,884"
ITBEES,EQ,2025-12-31,41.76,41.0,41.98,40.71,41.65,41.67,41.68,"48,12,659","20,06,08,309.52","12,769"
ITBEES,EQ,2026-01-01,41.67,40.75,42.3,40.75,41.96,41.97,41.91,"38,66,387","16,20,26,539.39","10,935"
ITBEES,EQ,2026-01-02,41.97,43.01,43.01,41.85,42.19,42.14,42.06,"58,01,440","24,40,32,665.07","12,836"
ITBEES,EQ,2026-01-05,42.14,42.99,42.99,41.1,41.5,41.51,41.44,"1,45,50,136","60,29,44,471.61","34,915"
ITBEES,EQ,2026-01-06,41.51,42.54,42.54,41.11,41.62,41.64,41.63,"66,68,952","27,76,07,724.45","13,848"
ITBEES,EQ,2026-01-07,41.64,42.89,42.89,41.5,42.45,42.43,42.23,"1,06,54,719","44,99,37,245.57","12,969"
ITBEES,EQ,2026-01-08,42.43,41.36,42.53,41.36,41.68,41.63,41.84,"80,36,013","33,62,03,479.84","22,187"
ITBEES,EQ,2026-01-09,41.63,41.94,41.95,41.39,41.76,41.73,41.74,"67,62,107","28,22,60,895.38","12,221"
ITBEES,EQ,2026-01-12,41.73,42.77,42.77,41.23,41.75,41.69,41.54,"73,80,255","30,65,44,107.12","18,713"
ITBEES,EQ,2026-01-13,41.69,40.64,42.14,40.64,41.92,41.93,41.76,"78,95,396","32,96,88,537.92","11,656"
ITBEES,EQ,2026-01-14,41.93,41.64,43.0,41.31,41.6,41.49,41.57,"55,72,625","23,16,47,149.69","17,253"
ITBEES,EQ,2026-01-16,41.49,41.65,43.11,41.65,43.05,43.05,42.85,"2,68,18,445","1,14,91,13,035.83","23,546"
ITBEES,EQ,2026-01-19,43.05,43.07,43.07,42.62,42.85,42.86,42.86,"1,10,70,925","47,45,03,810.64","17,565"
ITBEES,EQ,2026-01-20,42.86,42.43,43.93,41.88,42.0,41.97,42.21,"82,85,841","34,97,14,321.41","21,326"
ITBEES,EQ,2026-01-21,41.97,41.97,42.05,41.27,41.86,41.85,41.66,"82,86,724","34,52,23,058.91","19,890"
ITBEES,EQ,2026-01-22,41.85,42.89,42.89,41.94,42.27,42.23,42.24,"40,22,778","16,99,11,455.86","10,982"
ITBEES,EQ,2026-01-23,42.23,43.0,43.0,42.02,42.12,42.12,42.24,"63,37,415","26,76,65,178.45","12,417"
ITBEES,EQ,2026-01-27,42.12,43.17,43.38,41.95,42.65,42.51,42.29,"50,22,385","21,23,90,401.79","15,927"
ITBEES,EQ,2026-01-28,42.51,42.55,42.75,42.37,42.67,42.65,42.55,"70,99,924","30,21,11,912.19","12,278"
ITBEES,EQ,2026-01-29,42.65,42.75,42.75,41.94,42.33,42.32,42.17,"56,13,589","23,67,15,763.57","17,218"
ITBEES,EQ,2026-01-30,42.32,42.32,42.32,41.58,42.0,41.94,41.86,"57,76,996","24,18,52,334.01","16,487"
ITBEES,EQ,2026-02-01,41.94,42.93,42.93,41.16,42.02,42.1,42.09,"1,14,55,467","48,21,43,468.30","24,311"
ITBEES,EQ,2026-02-02,42.1,43.0,43.0,41.65,41.98,41.94,41.9,"40,22,797","16,85,68,668.41","15,969"
ITBEES,EQ,2026-02-03,41.94,42.36,44.27,42.36,42.61,42.59,42.96,"1,69,32,381","72,74,02,663.38","24,887"
ITBEES,EQ,2026-02-04,42.59,42.2,42.59,39.6,40.29,40.24,40.11,"8,69,21,887","3,48,68,02,813.53","1,07,392"
ITBEES,EQ,2026-02-05,40.24,40.24,40.43,39.82,39.96,39.98,40.06,"3,81,07,205","1,52,67,46,294.10","29,019"
ITBEES,EQ,2026-02-06,39.98,40.97,40.97,38.9,39.35,39.35,39.19,"2,10,31,137","82,42,48,881.26","40,407"
ITBEES,EQ,2026-02-09,39.35,40.33,40.33,39.25,39.31,39.29,39.37,"99,24,762","39,07,65,782.05","26,456"
ITBEES,EQ,2026-02-10,39.29,39.29,39.8,39.11,39.46,39.46,39.56,"1,23,96,363","49,03,89,374.78","19,123"
ITBEES,EQ,2026-02-11,39.46,39.69,39.69,38.7,38.78,38.79,39.03,"1,76,69,045","68,96,09,107.25","39,667"
ITBEES,EQ,2026-02-12,38.79,38.84,38.84,36.55,36.64,36.65,37.06,"7,31,06,329","2,70,96,48,189.34","1,32,265"
ITBEES,EQ,2026-02-13,36.65,35.2,36.43,34.76,36.3,36.11,35.59,"10,36,64,693","3,68,94,33,244.64","1,10,174"
ITBEES,EQ,2026-02-16,36.11,36.88,36.88,35.5,36.26,36.19,35.97,"3,99,95,665","1,43,85,49,846.00","43,531"
ITBEES,EQ,2026-02-17,36.19,36.19,37.2,36.03,36.63,36.57,36.83,"4,51,40,116","1,66,27,19,434.79","43,773"
ITBEES,EQ,2026-02-18,36.57,36.92,36.92,35.56,36.11,36.09,35.96,"2,82,26,221","1,01,50,24,182.36","50,152"
ITBEES,EQ,2026-02-19,36.09,36.6,36.65,35.6,35.9,35.71,36.16,"2,11,96,085","76,64,36,043.34","35,797"
ITBEES,EQ,2026-02-20,35.71,35.68,35.75,35.17,35.4,35.38,35.44,"2,70,58,853","95,88,77,185.90","40,615"
ITBEES,EQ,2026-02-23,35.38,35.54,35.54,34.73,34.88,34.86,34.94,"2,89,77,046","1,01,23,61,857.74","59,899"
ITBEES,EQ,2026-02-24,34.86,34.42,34.59,33.02,33.35,33.2,33.45,"7,97,91,211","2,66,93,27,853.45","1,27,925"
ITBEES,EQ,2026-02-25,33.2,33.5,34.2,33.3,33.7,33.73,33.93,"3,36,37,615","1,14,12,67,355.41","45,792"
ITBEES,EQ,2026-02-26,33.73,33.73,34.57,33.65,33.8,33.75,33.93,"3,23,60,150","1,09,78,44,582.51","35,561"
ITBEES,EQ,2026-02-27,33.75,34.59,34.59,32.9,33.8,33.82,34.02,"2,00,91,917","68,35,38,491.04","29,507"
ITBEES,EQ,2026-03-02,33.82,34.66,34.66,33.0,33.5,33.46,33.45,"2,21,99,484","74,25,92,234.47","55,670"
ITBEES,EQ,2026-03-04,33.46,33.56,33.76,32.7,33.45,33.48,33.51,"1,74,85,565","58,59,30,554.22","33,733"
ITBEES,EQ,2026-03-05,33.48,33.48,33.87,32.97,33.05,33.27,33.2,"1,80,94,629","60,08,16,180.70","36,507"
ITBEES,EQ,2026-03-06,33.27,33.54,33.8,33.18,33.4,33.29,33.5,"1,09,05,797","36,53,16,696.19","20,508"
ITBEES,EQ,2026-03-09,33.29,33.29,33.4,32.6,33.4,33.3,33.04,"1,69,48,536","55,99,06,101.37","38,143"
ITBEES,EQ,2026-03-10,33.3,33.3,34.34,32.78,33.13,33.09,33.01,"2,30,68,422","76,15,89,248.80","52,426"
ITBEES,EQ,2026-03-11,33.09,33.91,33.91,32.7,32.73,32.77,32.98,"1,65,56,414","54,59,70,426.15","30,142"
ITBEES,EQ,2026-03-12,32.77,33.58,33.64,32.4,32.73,32.69,32.68,"1,51,48,269","49,51,01,316.57","26,053"
ITBEES,EQ,2026-03-13,32.69,33.1,33.1,32.02,32.28,32.14,32.23,"1,82,59,803","58,86,03,937.90","44,044"
ITBEES,EQ,2026-03-16,32.14,32.94,33.09,31.55,31.88,32.0,31.85,"1,86,86,247","59,51,45,256.03","42,563"
ITBEES,EQ,2026-03-17,32.0,32.01,32.32,31.25,31.75,31.7,31.65,"2,31,69,372","73,33,06,301.59","35,151"
ITBEES,EQ,2026-03-18,31.7,31.63,33.18,31.63,32.7,32.63,32.8,"2,99,90,313","98,38,06,685.44","31,188"
ITBEES,EQ,2026-03-19,32.63,32.82,32.82,31.57,31.77,31.71,31.91,"2,00,70,455","64,04,11,293.48","41,515"
ITBEES,EQ,2026-03-20,31.71,32.44,34.3,31.81,32.28,32.16,32.1,"1,95,07,080","62,62,19,522.62","21,211"
ITBEES,EQ,2026-03-23,32.16,32.15,32.29,31.55,32.1,32.14,32.1,"2,38,17,967","76,44,50,621.82","37,009"
ITBEES,EQ,2026-03-24,32.14,32.9,33.04,32.26,32.85,32.76,32.7,"2,56,22,164","83,78,72,931.16","25,517"
ITBEES,EQ,2026-03-25,32.76,33.0,33.08,32.52,32.81,32.78,32.85,"1,95,39,085","64,18,16,458.19","24,398"
ITBEES,EQ,2026-03-27,32.78,32.78,33.07,32.45,32.48,32.53,32.74,"2,25,48,550","73,81,46,213.94","28,978"
ITBEES,EQ,2026-03-30,32.53,32.73,32.73,31.9,32.0,31.99,32.15,"2,16,15,607","69,49,53,191.27","35,510"
ITBEES,EQ,2026-04-01,31.99,31.99,33.35,31.98,33.0,32.91,33.06,"1,56,85,477","51,84,90,100.34","22,855"
ITBEES,EQ,2026-04-02,32.91,32.81,33.66,32.32,33.48,33.53,33.06,"2,21,54,853","73,23,92,759.34","25,034"
ITBEES,EQ,2026-04-06,33.53,33.89,33.97,33.53,33.82,33.79,33.79,"1,12,48,133","38,00,91,590.74","25,333"
ITBEES,EQ,2026-04-07,33.79,33.37,34.65,33.37,34.6,34.6,34.36,"1,81,85,030","62,48,61,648.73","22,567"
ITBEES,EQ,2026-04-08,34.6,35.46,35.46,34.54,34.8,34.77,34.76,"2,22,83,132","77,45,16,507.17","27,315"
ITBEES,EQ,2026-04-09,34.77,34.69,34.94,34.33,34.89,34.88,34.68,"1,28,01,180","44,39,65,967.86","18,967"
ITBEES,EQ,2026-04-10,34.88,34.95,34.98,33.91,34.21,34.21,34.15,"2,47,71,005","84,59,99,793.23","38,343"
ITBEES,EQ,2026-04-13,34.21,34.11,34.2,33.57,33.89,33.86,33.81,"1,00,54,582","33,99,69,122.29","22,718"
ITBEES,EQ,2026-04-15,33.86,34.75,34.87,34.13,34.77,34.74,34.65,"1,50,99,940","52,31,75,783.79","19,911"
ITBEES,EQ,2026-04-16,34.74,34.74,35.39,34.74,35.04,35.06,35.07,"1,48,59,899","52,11,75,292.09","17,496"
ITBEES,EQ,2026-04-17,35.06,35.06,35.2,34.64,35.1,35.09,35.01,"1,01,89,484","35,67,03,238.34","19,711"
ITBEES,EQ,2026-04-20,35.09,35.0,35.19,34.72,34.76,34.8,34.96,"76,76,522","26,83,38,934.69","19,737"
ITBEES,EQ,2026-04-21,34.8,35.5,35.5,34.64,35.0,34.96,34.95,"80,75,948","28,22,41,677.71","13,238"
ITBEES,EQ,2026-04-22,34.96,34.86,34.86,33.3,33.71,33.69,33.74,"3,93,84,268","1,32,87,86,183.89","61,845"
ITBEES,EQ,2026-04-23,33.69,34.09,34.09,33.2,33.29,33.28,33.45,"1,40,27,901","46,92,65,891.90","25,718"
ITBEES,EQ,2026-04-24,33.28,32.8,33.09,31.52,31.7,31.6,31.94,"5,60,22,102","1,78,95,99,674.64","1,02,508"
ITBEES,EQ,2026-04-27,31.6,31.6,32.52,31.6,32.4,32.32,32.16,"2,12,18,239","68,23,27,019.86","26,493"
ITBEES,EQ,2026-04-28,32.32,31.91,32.4,31.91,32.1,32.07,32.13,"1,42,75,220","45,86,87,764.74","23,633"
ITBEES,EQ,2026-04-29,32.07,32.08,32.61,32.07,32.33,32.37,32.47,"1,66,66,157","54,11,33,533.75","16,908"
ITBEES,EQ,2026-04-30,32.37,32.37,32.66,32.1,32.48,32.44,32.4,"1,06,92,740","34,64,60,722.63","17,639"
ITBEES,EQ,2026-05-04,32.44,32.56,32.81,32.06,32.21,32.18,32.31,"96,70,182","31,24,32,529.20","27,297"
ITBEES,EQ,2026-05-05,32.18,32.18,32.48,31.98,32.27,32.24,32.23,"63,17,704","20,36,47,557.25","15,472"
ITBEES,EQ,2026-05-06,32.24,32.75,32.75,32.2,32.48,32.36,32.43,"1,32,72,203","43,04,58,789.76","16,605"
ITBEES,EQ,2026-05-07,32.36,32.79,32.79,32.13,32.21,32.17,32.26,"1,40,17,689","45,21,56,921.60","20,857"
ITBEES,EQ,2026-05-08,32.17,32.28,32.55,32.03,32.44,32.46,32.39,"96,48,500","31,24,70,144.83","15,576"
ITBEES,EQ,2026-05-11,32.46,32.46,32.6,31.8,32.36,32.37,32.47,"93,10,979","30,23,36,238.28","19,091"
ITBEES,EQ,2026-05-12,32.37,32.3,32.3,31.15,31.34,31.26,31.39,"3,39,21,464","1,06,47,73,029.10","62,339"
ITBEES,EQ,2026-05-13,31.26,31.26,31.36,30.83,30.95,30.9,31.07,"1,48,38,824","46,10,69,687.38","38,184"
ITBEES,EQ,2026-05-14,30.9,31.9,31.9,29.98,30.32,30.3,30.29,"3,37,03,594","1,02,07,24,779.96","59,115"
ITBEES,EQ,2026-05-15,30.3,31.05,31.1,30.32,30.76,30.68,30.86,"1,50,36,792","46,39,94,145.19","21,863"
ITBEES,EQ,2026-05-18,30.68,31.4,31.47,30.57,31.46,31.36,31.07,"1,56,65,508","48,68,05,082.82","21,698"
ITBEES,EQ,2026-05-19,31.36,31.9,32.79,31.57,32.46,32.45,32.5,"3,75,94,615","1,22,17,14,103.21","27,307"
ITBEES,EQ,2026-05-20,32.45,32.45,32.61,32.13,32.31,32.28,32.42,"1,07,90,450","34,98,80,300.07","16,844"
ITBEES,EQ,2026-05-21,32.28,32.0,32.7,31.9,32.14,32.08,32.16,"69,39,444","22,31,82,594.53","15,404"
ITBEES,EQ,2026-05-22,32.08,32.46,32.46,31.88,32.05,32.02,32.09,"79,58,148","25,53,99,165.01","12,435"
ITBEES,EQ,2026-05-25,32.02,32.04,32.39,32.0,32.2,32.15,32.2,"79,73,577","25,67,46,794.37","15,907"
ITBEES,EQ,2026-05-26,32.15,32.2,32.6,31.75,32.15,32.09,32.2,"59,16,135","19,05,21,733.94","12,485"
ITBEES,EQ,2026-05-27,32.09,32.45,32.45,31.84,32.1,32.06,32.07,"63,26,564","20,29,03,557.60","13,887"
ITBEES,EQ,2026-05-29,32.06,32.31,32.95,32.16,32.26,32.27,32.7,"1,98,88,606","65,04,09,845.17","24,296"
ITBEES,EQ,2026-06-01,32.27,32.84,33.52,32.4,33.15,33.13,33.23,"3,17,69,962","1,05,57,72,219.37","32,547"
ITBEES,EQ,2026-06-02,33.13,33.32,34.65,33.32,34.51,34.53,34.28,"5,26,95,766","1,80,63,03,471.65","39,942"
ITBEES,EQ,2026-06-03,34.53,34.4,34.43,32.55,32.62,32.64,32.95,"3,98,66,977","1,31,36,89,268.09","51,900"
ITBEES,EQ,2026-06-04,32.64,32.71,32.9,32.01,32.75,32.56,32.51,"1,24,70,985","40,53,74,751.55","16,877"
ITBEES,EQ,2026-06-05,32.56,33.04,33.04,32.12,32.35,32.25,32.4,"1,30,08,414","42,14,14,761.85","20,905"
ITBEES,EQ,2026-06-08,32.25,32.2,32.23,31.52,31.8,31.73,31.79,"2,04,81,375","65,11,51,303.51","30,565"
ITBEES,EQ,2026-06-09,31.73,32.36,32.36,31.43,31.72,31.68,31.61,"1,08,43,556","34,27,98,131.99","21,839"
ITBEES,EQ,2026-06-10,31.68,32.47,32.47,31.4,31.57,31.42,31.69,"1,02,64,473","32,52,58,008.23","17,146"
ITBEES,EQ,2026-06-11,31.42,32.2,32.2,30.58,30.99,30.88,30.82,"1,88,47,667","58,08,81,532.73","31,168"
ITBEES,EQ,2026-06-12,30.88,31.41,31.41,30.74,30.93,30.89,30.91,"1,76,41,741","54,52,96,569.82","22,177"
ITBEES,EQ,2026-06-15,30.89,31.11,31.85,31.06,31.23,31.19,31.24,"1,69,55,498","52,97,52,850.42","20,015"
ITBEES,EQ,2026-06-16,31.19,31.16,31.85,31.16,31.74,31.72,31.59,"2,21,13,467","69,85,41,905.36","17,633"
ITBEES,EQ,2026-06-17,31.72,32.25,32.25,31.81,31.92,31.9,31.95,"1,10,91,340","35,44,09,400.82","15,731"
ITBEES,EQ,2026-06-18,31.9,32.69,32.69,31.38,31.64,31.62,31.57,"1,29,65,657","40,93,18,736.31","19,253"
ITBEES,EQ,2026-06-19,31.62,30.48,31.0,29.66,30.48,30.41,29.96,"8,94,00,734","2,67,87,87,221.54","97,091"
ITBEES,EQ,2026-06-22,30.41,30.55,30.9,30.08,30.7,30.69,30.74,"1,60,98,851","49,48,00,685.26","24,019"
ITBEES,EQ,2026-06-23,30.69,30.8,30.9,29.91,29.98,29.98,30.11,"3,27,48,005","98,60,08,671.91","47,819"
ITBEES,EQ,2026-06-24,29.98,30.44,30.77,30.0,30.65,30.61,30.48,"2,05,96,949","62,78,13,349.40","18,646"
ITBEES,EQ,2026-06-25,30.61,30.71,31.0,30.32,30.4,30.36,30.58,"1,46,19,490","44,70,30,896.35","21,159"
ITBEES,EQ,2026-06-29,30.36,30.4,31.12,29.96,30.03,30.02,30.07,"1,63,24,535","49,07,98,016.39","32,338"
ITBEES,EQ,2026-06-30,30.02,30.6,30.6,29.12,29.3,29.2,29.42,"3,79,32,839","1,11,61,69,796.48","60,381"
ITBEES,EQ,2026-07-01,29.2,29.78,29.93,28.55,28.8,28.63,28.91,"3,68,10,180","1,06,41,56,248.35","60,506"
ITBEES,EQ,2026-07-02,28.63,29.35,30.03,28.91,30.0,29.94,29.67,"4,02,90,563","1,19,52,78,552.49","30,987"
ITBEES,EQ,2026-07-03,29.94,30.3,30.74,29.19,30.48,30.48,30.5,"3,36,33,418","1,02,59,77,531.77","28,739"
