"ï»¿""Symbol  """,Series,Date,Prev Close,Open Price,High Price,Low Price,Last Price,Close Price,Average Price,Total Traded Quantity,Turnover â¹,No. of Trades
MAMFGETF,EQ,2022-02-02,77.68,80.23,80.8,80.13,80.6,80.54,80.64,"8,503","6,85,695.70",88
MAMFGETF,EQ,2022-02-03,80.54,95.0,95.0,80.2,80.3,80.43,80.52,"30,420","24,49,456.73",76
MAMFGETF,EQ,2022-02-04,80.43,82.99,82.99,79.9,80.1,80.1,80.17,"1,298","1,04,058.09",54
MAMFGETF,EQ,2022-02-07,80.1,80.0,80.0,79.05,79.28,79.29,79.44,"5,442","4,32,324.48",84
MAMFGETF,EQ,2022-02-08,79.29,78.9,80.25,78.0,79.0,78.6,78.66,"1,26,904","99,82,198.57",100
MAMFGETF,EQ,2022-02-09,78.6,79.89,93.0,79.2,80.15,80.09,80.71,"4,369","3,52,622.74",52
MAMFGETF,EQ,2022-02-10,80.09,80.2,80.9,80.0,80.9,80.9,80.31,"15,740","12,64,049.75",30
MAMFGETF,EQ,2022-02-11,80.9,80.8,80.8,79.7,79.7,79.98,79.99,"1,57,139","1,25,69,024.09",85
MAMFGETF,EQ,2022-02-14,79.98,80.19,80.19,77.02,77.07,77.21,77.97,"15,105","11,77,734.11",309
MAMFGETF,EQ,2022-02-15,77.21,78.49,93.0,76.46,78.69,78.79,78.42,"80,902","63,44,396.71",173
MAMFGETF,EQ,2022-02-16,78.79,79.99,79.99,78.74,78.85,78.92,79.07,"1,666","1,31,730.57",48
MAMFGETF,EQ,2022-02-17,78.92,79.15,79.5,78.66,78.66,78.97,79.16,"4,139","3,27,641.96",61
MAMFGETF,EQ,2022-02-18,78.97,78.62,79.01,78.19,78.41,78.24,78.59,"2,567","2,01,739.55",143
MAMFGETF,EQ,2022-02-21,78.24,77.96,78.33,77.32,77.55,77.59,77.79,"79,802","62,08,168.40",72
MAMFGETF,EQ,2022-02-22,77.59,75.99,77.18,75.9,77.1,76.96,76.46,"10,715","8,19,232.97",126
MAMFGETF,EQ,2022-02-23,76.96,78.48,78.5,77.02,77.26,77.25,77.47,"3,247","2,51,548.58",48
MAMFGETF,EQ,2022-02-24,77.25,75.7,75.7,73.35,73.47,73.48,74.05,"38,738","28,68,438.92",281
MAMFGETF,EQ,2022-02-25,73.48,75.89,76.15,74.63,76.09,75.99,75.56,"6,898","5,21,212.31",81
MAMFGETF,EQ,2022-02-28,75.99,75.19,77.19,74.7,77.18,77.09,76.2,"7,384","5,62,690.16",66
MAMFGETF,EQ,2022-03-02,77.09,76.62,77.62,76.51,76.61,76.7,76.63,"91,012","69,74,289.57",105
MAMFGETF,EQ,2022-03-03,76.7,78.23,78.44,76.1,76.45,76.41,77.18,"3,538","2,73,070.81",107
MAMFGETF,EQ,2022-03-04,76.41,75.65,75.95,74.5,74.78,74.78,75.35,"11,073","8,34,301.57",207
MAMFGETF,EQ,2022-03-07,74.78,73.51,73.93,72.79,73.77,73.77,73.1,"5,936","4,33,899.26",177
MAMFGETF,EQ,2022-03-08,73.77,73.65,74.06,72.51,74.0,74.0,74.04,"86,543","64,07,717.17",94
MAMFGETF,EQ,2022-03-09,74.0,74.3,75.55,74.3,75.34,75.44,74.82,"1,361","1,01,826.85",50
MAMFGETF,EQ,2022-03-10,75.44,76.95,76.95,76.16,76.47,76.47,76.32,"3,593","2,74,206.08",55
MAMFGETF,EQ,2022-03-11,76.47,76.34,77.25,76.34,77.2,77.24,77.23,"57,395","44,32,334.32",127
MAMFGETF,EQ,2022-03-14,77.24,78.49,78.49,76.52,77.3,77.3,76.8,"1,133","87,014.60",37
MAMFGETF,EQ,2022-03-15,77.3,77.4,77.55,76.12,76.5,76.52,76.82,"8,194","6,29,430.00",100
MAMFGETF,EQ,2022-03-16,76.52,77.3,78.11,77.23,78.07,77.96,77.63,"4,696","3,64,534.98",64
MAMFGETF,EQ,2022-03-17,77.96,78.61,79.34,78.57,79.34,79.34,78.84,"1,593","1,25,589.02",48
MAMFGETF,EQ,2022-03-21,79.34,80.95,80.95,79.07,79.07,79.11,79.6,"4,146","3,30,028.53",66
MAMFGETF,EQ,2022-03-22,79.11,79.65,79.65,78.25,79.57,79.57,79.31,"47,148","37,39,318.70",75
MAMFGETF,EQ,2022-03-23,79.57,79.65,80.15,79.25,79.6,79.6,79.64,"4,091","3,25,810.91",45
MAMFGETF,EQ,2022-03-24,79.6,79.8,79.97,79.78,79.97,79.97,79.86,"1,056","84,332.94",24
MAMFGETF,EQ,2022-03-25,79.97,80.21,80.21,78.8,79.42,79.4,79.44,"1,83,354","1,45,64,949.69",188
MAMFGETF,EQ,2022-03-28,79.4,79.44,79.53,78.9,79.5,79.47,79.25,"1,04,185","82,56,700.80",54
MAMFGETF,EQ,2022-03-29,79.47,79.52,80.12,79.52,80.04,80.11,80.01,"6,545","5,23,657.26",42
MAMFGETF,EQ,2022-03-30,80.11,80.75,80.75,79.84,80.09,80.09,79.98,535,"42,788.31",27
MAMFGETF,EQ,2022-03-31,80.09,80.05,80.17,79.79,79.92,79.9,79.91,"7,837","6,26,270.68",63
MAMFGETF,EQ,2022-04-01,79.9,79.92,80.44,79.92,80.3,80.27,80.21,"8,751","7,01,925.61",60
MAMFGETF,EQ,2022-04-04,80.27,82.0,82.0,80.55,81.59,81.61,81.03,"12,865","10,42,494.22",110
MAMFGETF,EQ,2022-04-05,81.61,81.85,82.63,81.85,82.35,82.38,82.6,"1,06,004","87,55,612.82",546
MAMFGETF,EQ,2022-04-06,82.38,82.16,82.6,82.09,82.6,82.58,82.34,"8,502","7,00,075.24",83
MAMFGETF,EQ,2022-04-07,82.58,82.56,82.78,81.9,82.19,81.91,82.32,"3,740","3,07,890.04",48
MAMFGETF,EQ,2022-04-08,81.91,82.36,83.1,82.16,83.01,82.76,82.79,"13,686","11,33,120.75",141
MAMFGETF,EQ,2022-04-11,82.76,82.91,83.28,82.91,83.09,83.0,82.98,"4,847","4,02,217.80",43
MAMFGETF,EQ,2022-04-12,83.0,84.7,84.7,81.25,81.81,81.77,81.73,"14,952","12,21,967.27",229
MAMFGETF,EQ,2022-04-13,81.77,82.08,82.49,81.64,81.85,81.86,82.03,"7,535","6,18,096.45",104
MAMFGETF,EQ,2022-04-18,81.86,81.38,81.8,81.0,81.74,81.7,81.35,"7,497","6,09,900.68",147
MAMFGETF,EQ,2022-04-19,81.7,82.27,82.59,80.19,80.19,80.9,80.93,"2,69,001","2,17,71,219.92",155
MAMFGETF,EQ,2022-04-20,80.9,81.3,82.23,81.29,81.93,81.58,81.57,"9,935","8,10,384.38",208
MAMFGETF,EQ,2022-04-21,81.58,82.11,82.83,82.02,82.6,82.57,82.37,"9,187","7,56,768.63",169
MAMFGETF,EQ,2022-04-22,82.57,82.0,82.5,81.52,81.85,81.77,81.91,"8,430","6,90,509.56",146
MAMFGETF,EQ,2022-04-25,81.77,82.98,82.98,79.8,80.14,79.97,80.36,"8,167","6,56,333.79",154
MAMFGETF,EQ,2022-04-26,79.97,81.11,81.41,80.95,81.4,81.19,81.24,"8,826","7,17,011.28",52
MAMFGETF,EQ,2022-04-27,81.19,80.98,81.03,80.4,80.62,80.62,80.66,"3,257","2,62,705.08",71
MAMFGETF,EQ,2022-04-28,80.62,81.25,81.73,80.83,81.48,81.48,81.47,"1,54,927","1,26,22,286.08",84
MAMFGETF,EQ,2022-04-29,81.48,81.91,82.04,80.59,80.97,80.91,81.45,"3,497","2,84,836.54",72
MAMFGETF,EQ,2022-05-02,80.91,80.49,80.78,80.0,80.66,80.61,80.26,"4,322","3,46,883.53",64
MAMFGETF,EQ,2022-05-04,80.61,81.98,81.98,78.34,78.35,78.55,79.4,"3,928","3,11,900.86",149
MAMFGETF,EQ,2022-05-05,78.55,79.1,79.77,78.51,78.7,78.69,79.21,"1,127","89,271.91",51
MAMFGETF,EQ,2022-05-06,78.69,77.52,77.63,76.8,77.23,77.23,77.3,"19,103","14,76,670.00",102
MAMFGETF,EQ,2022-05-09,77.23,75.7,76.62,75.53,76.17,76.11,76.14,"1,04,697","79,71,355.06",131
MAMFGETF,EQ,2022-05-10,76.11,76.35,76.35,74.6,74.71,74.89,75.43,"3,230","2,43,630.93",103
MAMFGETF,EQ,2022-05-11,74.89,75.47,75.47,73.7,74.27,74.45,74.65,"3,912","2,92,016.06",110
MAMFGETF,EQ,2022-05-12,74.45,74.0,74.0,72.55,73.11,72.93,73.04,"2,992","2,18,535.92",101
MAMFGETF,EQ,2022-05-13,72.93,74.0,74.82,73.27,73.36,73.4,74.23,"1,647","1,22,254.34",51
MAMFGETF,EQ,2022-05-16,73.4,73.89,74.45,73.67,74.29,74.29,74.31,669,"49,711.22",36
MAMFGETF,EQ,2022-05-17,74.29,74.51,76.36,74.51,76.36,76.34,75.54,791,"59,751.22",38
MAMFGETF,EQ,2022-05-18,76.34,76.58,76.89,76.1,76.42,76.41,76.47,"2,780","2,12,581.39",55
MAMFGETF,EQ,2022-05-19,76.41,74.98,75.18,74.16,74.59,74.42,74.68,"1,294","96,630.96",74
MAMFGETF,EQ,2022-05-20,74.42,75.54,76.55,75.54,76.55,76.55,76.0,"1,111","84,434.27",42
MAMFGETF,EQ,2022-05-23,76.55,76.4,76.66,75.34,75.58,75.58,76.11,"4,672","3,55,573.90",117
MAMFGETF,EQ,2022-05-24,75.58,75.81,75.81,75.0,75.0,75.0,75.51,"2,955","2,23,137.92",66
MAMFGETF,EQ,2022-05-25,75.0,75.45,75.5,73.87,74.11,74.05,75.12,"2,632","1,97,724.23",90
MAMFGETF,EQ,2022-05-26,74.05,74.35,74.68,73.01,74.68,74.68,74.25,"1,87,922","1,39,53,862.86",134
MAMFGETF,EQ,2022-05-27,74.68,75.2,75.38,74.46,75.35,75.32,75.17,399,"29,994.53",31
MAMFGETF,EQ,2022-05-30,75.32,77.28,77.28,75.8,76.41,76.42,76.38,"2,536","1,93,690.16",46
MAMFGETF,EQ,2022-05-31,76.42,76.56,77.31,76.56,77.06,77.06,77.17,"10,397","8,02,289.89",43
MAMFGETF,EQ,2022-06-01,77.06,78.48,78.48,76.75,77.05,77.02,77.01,"2,953","2,27,409.23",45
MAMFGETF,EQ,2022-06-02,77.02,78.88,78.88,76.47,76.96,77.1,76.93,"3,573","2,74,886.48",33
MAMFGETF,EQ,2022-06-03,77.1,77.4,77.43,76.02,76.06,76.3,76.79,"1,176","90,303.15",44
MAMFGETF,EQ,2022-06-06,76.3,76.1,76.26,75.55,76.21,76.21,75.84,"3,014","2,28,590.21",79
MAMFGETF,EQ,2022-06-07,76.21,75.65,75.86,75.38,75.76,75.75,75.66,"1,345","1,01,765.48",43
MAMFGETF,EQ,2022-06-08,75.75,75.6,75.97,75.19,75.48,75.53,75.64,246,"18,607.52",37
MAMFGETF,EQ,2022-06-09,75.53,75.48,75.64,75.21,75.64,75.64,75.44,"1,065","80,341.38",20
MAMFGETF,EQ,2022-06-10,75.64,75.02,75.34,74.83,75.18,75.19,75.31,"95,243","71,72,730.61",32
MAMFGETF,EQ,2022-06-13,75.19,75.68,75.68,73.42,73.67,73.64,73.73,"2,548","1,87,852.85",92
MAMFGETF,EQ,2022-06-14,73.64,73.73,74.08,73.14,73.39,73.14,73.34,"1,09,928","80,61,851.67",124
MAMFGETF,EQ,2022-06-15,73.14,73.75,73.77,73.39,73.53,73.53,73.56,"2,492","1,83,300.15",53
MAMFGETF,EQ,2022-06-16,73.53,74.13,74.36,71.75,71.77,71.8,72.19,"3,874","2,79,654.71",115
MAMFGETF,EQ,2022-06-17,71.8,71.41,71.68,70.81,71.19,71.18,71.24,"5,779","4,11,671.03",98
MAMFGETF,EQ,2022-06-20,71.18,72.88,72.88,69.56,70.27,69.79,70.06,"5,586","3,91,371.95",126
MAMFGETF,EQ,2022-06-21,69.79,70.48,71.93,70.48,71.85,71.84,71.43,"2,619","1,87,081.52",53
MAMFGETF,EQ,2022-06-22,71.84,71.42,71.42,70.23,70.47,70.47,70.75,"3,760","2,66,005.96",87
MAMFGETF,EQ,2022-06-23,70.47,70.8,71.76,70.76,71.76,71.73,70.94,"3,075","2,18,139.28",50
MAMFGETF,EQ,2022-06-24,71.73,73.78,73.78,72.26,72.78,72.78,72.62,331,"24,038.48",29
MAMFGETF,EQ,2022-06-27,72.78,73.98,73.98,73.3,73.3,73.3,73.47,"2,430","1,78,542.97",51
MAMFGETF,EQ,2022-06-28,73.3,74.98,74.98,72.96,73.61,73.8,73.74,"1,713","1,26,321.53",33
MAMFGETF,EQ,2022-06-29,73.8,73.21,73.95,72.98,73.58,73.8,73.9,"61,087","45,14,572.20",64
MAMFGETF,EQ,2022-06-30,73.8,78.25,78.25,73.12,73.12,73.17,73.65,649,"47,798.58",42
MAMFGETF,EQ,2022-07-01,73.17,73.0,73.28,72.3,73.18,73.18,72.95,"1,416","1,03,300.61",52
MAMFGETF,EQ,2022-07-04,73.18,73.17,73.52,72.51,73.44,73.51,72.97,"3,506","2,55,817.90",112
MAMFGETF,EQ,2022-07-05,73.51,73.8,74.23,73.42,73.52,73.51,73.85,"1,508","1,11,372.32",43
MAMFGETF,EQ,2022-07-06,73.51,73.8,74.58,73.44,74.58,74.43,73.9,992,"73,306.00",43
MAMFGETF,EQ,2022-07-07,74.43,74.93,75.59,74.85,75.38,75.39,75.13,"1,118","83,995.21",45
MAMFGETF,EQ,2022-07-08,75.39,76.07,76.07,75.33,75.33,75.63,75.67,"1,037","78,474.93",30
MAMFGETF,EQ,2022-07-11,75.63,75.29,76.38,75.18,76.0,76.03,76.27,"51,151","39,01,139.36",53
MAMFGETF,EQ,2022-07-12,76.03,75.89,76.09,75.32,75.48,75.62,75.69,716,"54,192.85",46
MAMFGETF,EQ,2022-07-13,75.62,75.9,76.17,75.53,75.94,75.9,75.78,187,"14,170.50",36
MAMFGETF,EQ,2022-07-14,75.9,76.03,76.38,75.58,76.07,76.07,76.07,240,"18,257.05",38
MAMFGETF,EQ,2022-07-15,76.07,76.39,76.6,76.19,76.4,76.41,76.34,497,"37,943.35",34
MAMFGETF,EQ,2022-07-18,76.41,77.27,77.44,77.0,77.35,77.14,77.16,"2,180","1,68,210.63",52
MAMFGETF,EQ,2022-07-19,77.14,77.38,77.86,77.25,77.74,77.69,77.66,"1,373","1,06,628.79",49
MAMFGETF,EQ,2022-07-20,77.69,78.31,78.53,77.71,77.71,77.88,78.25,"16,707","13,07,300.66",80
MAMFGETF,EQ,2022-07-21,77.88,78.2,78.8,78.03,78.6,78.64,78.18,"1,34,131","1,04,85,770.23",85
MAMFGETF,EQ,2022-07-22,78.64,78.92,79.22,78.53,78.8,78.57,78.78,"1,133","89,254.92",63
MAMFGETF,EQ,2022-07-25,78.57,78.85,78.85,78.11,78.41,78.4,78.5,862,"67,665.24",48
MAMFGETF,EQ,2022-07-26,78.4,78.49,78.49,77.65,77.81,77.86,77.78,"1,007","78,324.32",40
MAMFGETF,EQ,2022-07-27,77.86,77.72,78.75,77.64,78.75,78.66,78.4,685,"53,705.73",48
MAMFGETF,EQ,2022-07-28,78.66,78.73,79.38,78.66,79.29,79.12,79.08,737,"58,280.51",39
MAMFGETF,EQ,2022-07-29,79.12,79.66,80.91,79.66,80.87,80.8,80.33,"7,481","6,00,951.27",114
MAMFGETF,EQ,2022-08-01,80.8,81.41,82.21,81.17,82.16,82.01,81.7,"4,650","3,79,903.86",111
MAMFGETF,EQ,2022-08-02,82.01,81.84,82.02,81.28,81.94,81.94,81.56,"25,671","20,93,638.35",121
MAMFGETF,EQ,2022-08-03,81.94,81.92,81.98,80.83,81.27,81.46,81.1,"49,068","39,79,455.63",79
MAMFGETF,EQ,2022-08-04,81.46,82.98,83.1,81.35,82.33,82.3,82.4,"2,029","1,67,180.19",110
MAMFGETF,EQ,2022-08-05,82.3,82.36,82.61,81.7,81.76,81.78,82.23,"1,378","1,13,306.89",78
MAMFGETF,EQ,2022-08-08,81.78,82.21,82.69,81.94,82.62,82.62,82.33,"6,116","5,03,522.81",90
MAMFGETF,EQ,2022-08-10,82.62,84.28,84.28,82.61,82.89,82.91,82.8,"3,533","2,92,529.06",105
MAMFGETF,EQ,2022-08-11,82.91,83.38,83.76,83.2,83.2,83.27,83.4,"1,362","1,13,590.62",63
MAMFGETF,EQ,2022-08-12,83.27,83.66,84.12,83.42,83.98,83.95,83.89,"7,378","6,18,959.55",131
MAMFGETF,EQ,2022-08-16,83.95,84.37,84.9,83.97,84.9,84.81,84.58,"4,230","3,57,777.33",121
MAMFGETF,EQ,2022-08-17,84.81,85.3,85.4,84.92,85.09,85.1,84.98,"2,13,184","1,81,15,884.55",81
MAMFGETF,EQ,2022-08-18,85.1,84.97,85.2,84.56,84.98,84.95,84.9,"1,391","1,18,098.20",73
MAMFGETF,EQ,2022-08-19,84.95,85.14,85.15,83.51,83.73,83.99,84.4,"4,464","3,76,743.19",109
MAMFGETF,EQ,2022-08-22,83.99,85.48,85.48,82.14,82.43,82.45,82.87,"12,986","10,76,126.98",188
MAMFGETF,EQ,2022-08-23,82.45,81.98,83.35,81.96,83.34,83.33,83.11,"1,692","1,40,621.10",86
MAMFGETF,EQ,2022-08-24,83.33,83.66,83.66,82.75,83.38,83.41,83.18,"2,823","2,34,822.31",84
MAMFGETF,EQ,2022-08-25,83.41,83.7,84.09,83.08,83.42,83.29,83.88,"1,110","93,111.40",74
MAMFGETF,EQ,2022-08-26,83.29,83.97,84.33,83.7,83.87,83.87,83.88,"1,965","1,64,826.89",64
MAMFGETF,EQ,2022-08-29,83.87,83.68,83.68,81.86,83.41,83.32,83.31,"50,642","42,18,865.12",125
MAMFGETF,EQ,2022-08-30,83.32,83.86,84.8,83.86,84.57,84.59,84.4,"2,755","2,32,520.66",84
MAMFGETF,EQ,2022-09-01,84.59,84.17,85.22,84.17,84.61,84.67,84.71,"6,031","5,10,889.35",110
MAMFGETF,EQ,2022-09-02,84.67,85.98,85.98,84.18,84.18,84.26,84.85,"1,073","91,049.08",76
MAMFGETF,EQ,2022-09-05,84.26,84.69,85.01,84.39,85.01,84.96,84.98,"23,314","19,81,174.42",86
MAMFGETF,EQ,2022-09-06,84.96,85.1,85.25,84.7,85.14,85.15,85.12,"3,831","3,26,085.32",81
MAMFGETF,EQ,2022-09-07,85.15,86.48,86.48,84.65,84.86,84.9,84.98,"7,689","6,53,378.45",104
MAMFGETF,EQ,2022-09-08,84.9,85.8,85.8,85.01,85.1,85.1,85.43,"49,545","42,32,861.06",120
MAMFGETF,EQ,2022-09-09,85.1,85.83,85.95,85.22,85.22,85.28,85.74,"3,385","2,90,219.63",98
MAMFGETF,EQ,2022-09-12,85.28,86.78,86.78,85.1,85.99,86.14,85.82,"4,019","3,44,913.93",109
MAMFGETF,EQ,2022-09-13,86.14,86.7,86.7,86.19,86.2,86.59,86.55,"2,42,326","2,09,73,246.55",85
MAMFGETF,EQ,2022-09-14,86.59,86.2,86.7,85.44,86.37,86.41,86.22,"3,217","2,77,377.52",109
MAMFGETF,EQ,2022-09-15,86.41,86.7,86.7,85.85,86.13,86.11,86.21,"3,116","2,68,634.49",89
MAMFGETF,EQ,2022-09-16,86.11,86.16,86.16,83.65,83.99,84.12,84.47,"5,714","4,82,652.05",196
MAMFGETF,EQ,2022-09-19,84.12,84.23,84.23,83.2,84.04,84.04,83.95,"3,568","2,99,522.99",131
MAMFGETF,EQ,2022-09-20,84.04,84.65,85.7,84.55,85.45,85.43,85.4,"4,377","3,73,808.69",84
MAMFGETF,EQ,2022-09-21,85.43,86.98,86.98,84.51,84.76,84.75,85.47,"7,898","6,75,024.08",89
MAMFGETF,EQ,2022-09-22,84.75,84.65,85.22,84.1,85.1,85.06,84.89,"4,621","3,92,279.13",112
MAMFGETF,EQ,2022-09-23,85.06,85.22,85.22,83.71,83.85,83.88,84.43,"31,406","26,51,724.51",123
MAMFGETF,EQ,2022-09-26,83.88,83.01,83.01,81.07,81.34,81.35,81.67,"40,462","33,04,714.33",309
MAMFGETF,EQ,2022-09-27,81.35,81.81,81.96,80.5,81.36,81.28,81.15,"2,212","1,79,499.62",121
MAMFGETF,EQ,2022-09-28,81.28,80.76,81.59,80.5,80.5,80.64,81.03,"1,521","1,23,246.10",79
MAMFGETF,EQ,2022-09-29,80.64,80.0,81.89,80.0,81.16,81.27,81.31,"14,689","11,94,379.55",86
MAMFGETF,EQ,2022-09-30,81.27,81.1,82.57,80.7,82.19,82.24,81.67,"23,767","19,41,161.82",98
MAMFGETF,EQ,2022-10-03,82.24,82.63,82.78,81.4,81.72,81.72,81.91,"1,420","1,16,312.01",119
MAMFGETF,EQ,2022-10-04,81.72,82.74,83.3,82.69,83.27,83.27,83.26,"51,528","42,90,334.73",73
MAMFGETF,EQ,2022-10-06,83.27,83.84,84.41,83.69,84.18,84.11,84.14,"3,775","3,17,619.59",125
MAMFGETF,EQ,2022-10-07,84.11,84.04,84.31,83.71,84.11,84.15,83.87,"14,266","11,96,549.60",80
MAMFGETF,EQ,2022-10-10,84.15,95.0,95.0,82.71,83.54,83.53,83.23,"3,910","3,25,410.24",128
MAMFGETF,EQ,2022-10-11,83.53,83.18,83.29,81.73,81.8,81.89,82.33,"52,003","42,81,322.72",150
MAMFGETF,EQ,2022-10-12,81.89,81.8,82.48,81.63,82.18,82.24,82.47,"50,466","41,61,855.65",97
MAMFGETF,EQ,2022-10-13,82.24,82.42,82.67,81.71,81.91,82.01,82.07,"3,188","2,61,635.67",92
MAMFGETF,EQ,2022-10-14,82.01,82.91,82.99,81.8,82.05,82.04,82.55,"3,743","3,09,000.17",101
MAMFGETF,EQ,2022-10-17,82.04,81.89,82.38,81.4,82.2,82.25,82.09,"5,948","4,88,253.51",111
MAMFGETF,EQ,2022-10-18,82.25,82.46,83.19,82.46,83.19,83.12,82.66,"3,913","3,23,464.98",76
MAMFGETF,EQ,2022-10-19,83.12,83.05,83.4,82.76,82.76,82.8,83.08,862,"71,611.27",61
MAMFGETF,EQ,2022-10-20,82.8,82.51,83.34,82.16,83.08,83.27,83.03,"21,831","18,12,521.47",89
MAMFGETF,EQ,2022-10-21,83.27,83.45,83.45,82.07,82.43,82.28,82.2,"28,569","23,48,387.82",91
MAMFGETF,EQ,2022-10-24,82.28,95.0,95.0,82.21,83.99,83.92,83.93,"1,777","1,49,138.30",70
MAMFGETF,EQ,2022-10-25,83.92,82.4,83.4,82.2,83.4,83.07,82.51,"9,107","7,51,461.90",153
MAMFGETF,EQ,2022-10-27,83.07,83.69,84.13,83.42,84.09,83.64,83.66,"2,160","1,80,695.68",92
MAMFGETF,EQ,2022-10-28,83.64,68.64,84.97,68.64,83.57,83.54,83.6,"2,789","2,33,160.82",78
MAMFGETF,EQ,2022-10-31,83.54,84.15,84.85,83.94,84.85,84.78,84.74,"21,859","18,52,290.41",108
MAMFGETF,EQ,2022-11-01,84.78,85.04,85.66,84.86,85.58,85.42,85.29,"1,745","1,48,836.73",118
MAMFGETF,EQ,2022-11-02,85.42,95.0,95.0,85.4,85.54,85.52,85.71,"1,754","1,50,330.16",108
MAMFGETF,EQ,2022-11-03,85.52,85.6,85.66,85.01,85.43,85.35,85.26,"4,770","4,06,693.27",93
MAMFGETF,EQ,2022-11-04,85.35,85.67,85.85,85.31,85.82,85.81,85.42,"5,726","4,89,104.17",72
MAMFGETF,EQ,2022-11-07,85.81,85.99,86.14,85.43,85.98,86.02,85.95,"17,882","15,37,001.43",139
MAMFGETF,EQ,2022-11-09,86.02,86.4,86.4,85.09,85.28,85.45,85.26,"52,563","44,81,459.49",111
MAMFGETF,EQ,2022-11-10,85.45,84.99,85.2,84.15,84.56,84.51,84.5,"14,229","12,02,356.03",96
MAMFGETF,EQ,2022-11-11,84.51,95.5,95.5,84.69,84.69,84.69,85.16,"3,370","2,86,974.69",86
MAMFGETF,EQ,2022-11-14,84.69,84.51,85.2,84.51,85.07,85.08,85.09,"1,706","1,45,158.23",88
MAMFGETF,EQ,2022-11-15,85.08,85.32,85.34,84.71,85.3,85.05,85.05,"18,418","15,66,396.98",61
MAMFGETF,EQ,2022-11-16,85.05,85.28,85.34,84.51,84.91,84.9,85.12,"2,130","1,81,309.06",61
MAMFGETF,EQ,2022-11-17,84.9,84.63,84.76,84.11,84.36,84.14,84.15,"40,883","34,40,347.79",75
MAMFGETF,EQ,2022-11-18,84.14,84.31,84.31,83.31,83.74,83.71,83.83,"1,709","1,43,264.21",81
MAMFGETF,EQ,2022-11-21,83.71,83.69,83.69,83.17,83.25,83.49,83.5,"19,762","16,50,131.15",121
MAMFGETF,EQ,2022-11-22,83.49,83.34,83.9,83.34,83.9,83.89,83.79,"24,463","20,49,645.49",58
MAMFGETF,EQ,2022-11-23,83.89,84.23,84.23,83.78,83.78,84.04,84.01,"2,010","1,68,862.90",59
MAMFGETF,EQ,2022-11-24,84.04,84.22,84.45,83.95,84.22,84.2,84.1,"3,655","3,07,367.37",66
MAMFGETF,EQ,2022-11-25,84.2,84.46,84.95,84.43,84.92,84.93,84.68,"4,696","3,97,655.82",68
MAMFGETF,EQ,2022-11-28,84.93,95.5,95.5,84.0,85.34,85.33,85.32,"3,205","2,73,435.60",86
MAMFGETF,EQ,2022-11-29,85.33,85.39,85.62,85.26,85.27,85.38,85.38,"2,172","1,85,453.93",64
MAMFGETF,EQ,2022-11-30,85.38,85.75,86.36,85.38,86.36,86.17,86.14,"17,584","15,14,679.45",63
MAMFGETF,EQ,2022-12-01,86.17,86.64,86.64,86.2,86.33,86.41,86.42,"3,357","2,90,116.24",98
MAMFGETF,EQ,2022-12-02,86.41,86.85,86.85,86.17,86.4,86.42,86.37,"2,917","2,51,932.15",68
MAMFGETF,EQ,2022-12-05,86.42,86.63,86.94,86.33,86.91,86.91,86.73,"2,721","2,35,995.62",98
MAMFGETF,EQ,2022-12-06,86.91,86.69,86.69,86.0,86.16,86.16,86.3,"3,173","2,73,819.12",84
MAMFGETF,EQ,2022-12-07,86.16,86.33,86.33,85.37,85.39,85.39,85.67,"4,284","3,67,001.65",73
MAMFGETF,EQ,2022-12-08,85.39,85.5,85.84,85.37,85.82,85.8,85.79,"13,656","11,71,584.69",50
MAMFGETF,EQ,2022-12-09,85.8,86.0,86.27,84.82,85.43,85.45,85.47,"24,468","20,91,334.90",76
MAMFGETF,EQ,2022-12-12,85.45,85.31,85.59,84.76,85.59,85.56,85.51,"12,477","10,66,952.89",90
MAMFGETF,EQ,2022-12-13,85.56,85.67,85.74,85.41,85.65,85.68,85.63,"3,128","2,67,846.39",56
MAMFGETF,EQ,2022-12-14,85.68,86.05,86.37,85.8,86.36,86.34,86.22,"4,623","3,98,613.55",69
MAMFGETF,EQ,2022-12-15,86.34,86.47,86.47,85.15,85.33,85.3,85.73,"3,363","2,88,321.70",130
MAMFGETF,EQ,2022-12-16,85.3,86.05,86.05,84.21,84.37,84.33,84.64,"2,971","2,51,459.82",129
MAMFGETF,EQ,2022-12-19,84.33,83.48,84.97,83.48,84.73,84.73,84.07,"3,843","3,23,088.93",129
MAMFGETF,EQ,2022-12-20,84.73,88.95,88.95,83.91,84.67,84.74,84.56,"14,693","12,42,498.71",109
MAMFGETF,EQ,2022-12-21,84.74,84.75,85.18,83.61,84.01,83.99,84.35,"4,831","4,07,487.60",76
MAMFGETF,EQ,2022-12-22,83.99,84.33,84.33,82.9,83.31,83.3,83.45,"4,129","3,44,566.38",82
MAMFGETF,EQ,2022-12-23,83.3,82.88,82.88,80.7,81.26,80.94,81.03,"57,368","46,48,339.78",167
MAMFGETF,EQ,2022-12-26,80.94,81.26,82.2,80.68,82.16,81.93,81.88,"6,634","5,43,197.11",119
MAMFGETF,EQ,2022-12-27,81.93,82.34,83.17,82.34,82.92,82.89,82.88,"31,761","26,32,504.74",55
MAMFGETF,EQ,2022-12-28,82.89,83.05,83.52,82.85,82.88,82.92,83.13,"2,553","2,12,223.52",67
MAMFGETF,EQ,2022-12-29,82.92,82.88,83.29,82.35,83.29,83.26,83.01,"1,286","1,06,749.53",44
MAMFGETF,EQ,2022-12-30,83.26,83.38,83.84,82.91,83.25,83.39,83.69,"1,185","99,176.46",55
MAMFGETF,EQ,2023-01-02,83.39,88.95,88.95,70.0,83.9,83.82,83.82,"48,512","40,66,337.08",142
MAMFGETF,EQ,2023-01-03,83.82,84.32,84.32,83.62,83.9,83.89,83.86,"8,332","6,98,757.39",83
MAMFGETF,EQ,2023-01-04,83.89,83.77,83.82,82.91,83.02,82.99,83.18,"5,038","4,19,050.31",116
MAMFGETF,EQ,2023-01-05,82.99,85.62,85.62,83.14,83.88,83.84,83.82,"20,515","17,19,621.53",66
MAMFGETF,EQ,2023-01-06,83.84,83.93,84.11,83.24,83.26,83.49,83.66,"3,669","3,06,946.84",97
MAMFGETF,EQ,2023-01-09,83.49,84.08,84.33,84.0,84.26,84.26,84.23,"3,335","2,80,917.33",81
MAMFGETF,EQ,2023-01-10,84.26,84.74,84.74,83.97,84.49,84.48,84.47,"2,990","2,52,555.76",67
MAMFGETF,EQ,2023-01-11,84.48,85.62,85.62,84.05,84.29,84.12,84.3,"1,854","1,56,299.19",48
MAMFGETF,EQ,2023-01-12,84.12,86.65,86.65,83.85,84.24,84.23,84.22,"12,487","10,51,616.48",44
MAMFGETF,EQ,2023-01-13,84.23,84.1,84.39,83.98,84.17,84.2,84.17,699,"58,836.06",83
MAMFGETF,EQ,2023-01-16,84.2,81.65,84.75,81.65,84.0,84.0,84.01,"1,139","95,689.81",70
MAMFGETF,EQ,2023-01-17,84.0,84.01,84.28,83.6,84.26,84.01,83.96,827,"69,436.09",53
MAMFGETF,EQ,2023-01-18,84.01,85.62,85.62,84.26,84.79,84.56,84.52,"1,727","1,45,967.92",41
MAMFGETF,EQ,2023-01-19,84.56,87.1,87.1,84.26,84.77,84.7,84.57,790,"66,806.63",45
MAMFGETF,EQ,2023-01-20,84.7,84.66,84.66,83.81,83.99,83.98,83.99,"21,457","18,02,231.75",60
MAMFGETF,EQ,2023-01-23,83.98,86.5,86.5,83.78,84.17,84.16,84.13,"5,904","4,96,725.88",78
MAMFGETF,EQ,2023-01-24,84.16,84.16,84.2,83.75,83.93,83.92,84.0,"1,006","84,502.48",47
MAMFGETF,EQ,2023-01-25,83.92,83.8,83.8,83.1,83.15,83.24,83.48,"2,689","2,24,465.18",69
MAMFGETF,EQ,2023-01-27,83.24,83.6,83.97,82.14,83.01,82.98,82.82,"12,526","10,37,348.11",134
MAMFGETF,EQ,2023-01-30,82.98,82.98,83.32,82.15,82.84,82.8,82.63,"2,067","1,70,799.54",83
MAMFGETF,EQ,2023-01-31,82.8,82.83,83.79,82.8,83.5,83.65,83.65,"14,371","12,02,201.18",52
MAMFGETF,EQ,2023-02-01,83.65,84.08,84.73,82.1,83.46,82.79,83.57,"8,383","7,00,567.33",162
MAMFGETF,EQ,2023-02-02,82.79,85.25,85.25,82.65,83.23,83.23,82.99,"2,734","2,26,884.89",81
MAMFGETF,EQ,2023-02-03,83.23,84.9,84.9,82.4,83.24,83.21,82.93,"1,671","1,38,573.58",81
MAMFGETF,EQ,2023-02-06,83.21,85.7,85.7,80.7,82.94,83.21,83.18,"19,070","15,86,337.89",104
MAMFGETF,EQ,2023-02-07,83.21,83.12,83.12,82.31,82.66,82.51,82.6,"1,303","1,07,624.46",84
MAMFGETF,EQ,2023-02-08,82.51,82.6,83.37,82.51,83.2,83.18,82.78,"2,195","1,81,698.68",49
MAMFGETF,EQ,2023-02-09,83.18,80.7,83.46,80.7,83.23,83.2,83.24,"2,745","2,28,490.93",69
MAMFGETF,EQ,2023-02-10,83.2,83.17,83.28,82.77,83.15,83.0,82.88,"32,228","26,71,040.82",60
MAMFGETF,EQ,2023-02-13,83.0,85.5,85.5,80.5,82.78,82.77,82.92,"1,446","1,19,895.09",90
MAMFGETF,EQ,2023-02-14,82.77,82.8,82.96,82.58,82.86,82.88,82.79,"2,044","1,69,215.59",59
MAMFGETF,EQ,2023-02-15,82.88,84.0,84.0,82.66,83.37,83.36,82.85,"51,671","42,81,116.02",56
MAMFGETF,EQ,2023-02-16,83.36,85.85,85.85,83.46,83.69,83.7,83.75,"4,028","3,37,325.48",61
MAMFGETF,EQ,2023-02-17,83.7,83.77,83.99,83.28,83.28,83.37,83.38,"68,156","56,83,174.01",83
MAMFGETF,EQ,2023-02-20,83.37,81.01,83.49,81.01,83.17,83.18,83.23,"1,649","1,37,238.50",67
MAMFGETF,EQ,2023-02-21,83.18,85.7,85.7,82.93,83.22,83.2,83.31,"2,340","1,94,939.84",43
MAMFGETF,EQ,2023-02-22,83.2,82.98,82.98,82.01,82.28,82.33,82.34,"13,792","11,35,575.86",88
MAMFGETF,EQ,2023-02-23,82.33,82.14,82.52,81.85,81.94,81.96,82.04,"1,720","1,41,101.39",52
MAMFGETF,EQ,2023-02-24,81.96,82.0,82.12,81.46,81.72,81.67,81.57,"3,655","2,98,129.85",65
MAMFGETF,EQ,2023-02-27,81.67,84.1,84.1,80.09,80.55,80.5,80.56,"7,435","5,98,956.98",203
MAMFGETF,EQ,2023-02-28,80.5,82.9,82.9,80.21,80.3,80.28,80.51,"1,669","1,34,363.53",83
MAMFGETF,EQ,2023-03-01,80.28,80.52,81.37,80.52,81.37,81.34,81.32,"50,662","41,19,645.43",70
MAMFGETF,EQ,2023-03-02,81.34,83.8,83.8,80.8,80.82,80.85,81.04,"1,703","1,38,011.67",100
MAMFGETF,EQ,2023-03-03,80.85,83.25,83.25,80.93,81.09,81.15,81.31,"1,676","1,36,271.92",53
MAMFGETF,EQ,2023-03-06,81.15,83.5,83.5,81.37,81.7,81.73,81.83,"2,190","1,79,197.49",84
MAMFGETF,EQ,2023-03-08,81.73,81.26,81.77,81.13,81.7,81.7,81.55,"2,759","2,24,998.20",84
MAMFGETF,EQ,2023-03-09,81.7,79.25,82.9,79.25,81.32,81.32,81.54,729,"59,442.68",63
MAMFGETF,EQ,2023-03-10,81.32,78.9,81.12,78.9,81.09,81.09,80.63,"2,422","1,95,276.70",91
MAMFGETF,EQ,2023-03-13,81.09,83.5,83.5,79.56,79.98,80.0,80.3,"5,244","4,21,104.60",189
MAMFGETF,EQ,2023-03-14,80.0,79.7,80.03,79.15,79.64,79.59,79.55,"1,529","1,21,629.30",114
MAMFGETF,EQ,2023-03-15,79.59,82.0,82.0,79.6,79.66,79.68,80.01,"1,158","92,655.93",73
MAMFGETF,EQ,2023-03-16,79.68,82.05,82.05,78.6,79.57,79.45,79.41,"21,327","16,93,604.07",89
MAMFGETF,EQ,2023-03-17,79.45,81.85,81.85,79.37,79.79,79.78,79.73,"1,804","1,43,834.21",81
MAMFGETF,EQ,2023-03-20,79.78,79.46,79.46,78.6,79.17,79.1,78.92,"9,834","7,76,103.03",204
MAMFGETF,EQ,2023-03-21,79.1,81.45,81.45,79.13,79.4,79.4,79.31,"2,063","1,63,617.98",53
MAMFGETF,EQ,2023-03-22,79.4,79.56,79.87,79.35,79.7,79.7,79.48,880,"69,942.30",35
MAMFGETF,EQ,2023-03-23,79.7,82.1,82.1,79.33,79.56,79.56,79.6,524,"41,710.40",36
MAMFGETF,EQ,2023-03-24,79.56,79.64,79.64,78.79,78.8,78.89,79.12,"2,201","1,74,151.91",98
MAMFGETF,EQ,2023-03-27,78.89,81.25,81.25,78.57,78.8,78.75,78.98,"1,469","1,16,014.48",101
MAMFGETF,EQ,2023-03-28,78.75,81.1,81.1,78.24,78.62,78.62,78.56,"1,475","1,15,873.64",81
MAMFGETF,EQ,2023-03-29,78.62,81.0,81.0,78.52,79.35,79.35,79.33,"50,615","40,15,357.40",54
MAMFGETF,EQ,2023-03-31,79.35,81.75,81.75,79.78,80.33,80.31,80.31,"23,643","18,98,823.77",63
MAMFGETF,EQ,2023-04-03,80.31,82.7,82.7,80.08,80.56,80.54,80.35,"9,025","7,25,165.36",134
MAMFGETF,EQ,2023-04-05,80.54,82.95,82.95,80.21,80.44,80.39,80.39,"16,739","13,45,696.16",110
MAMFGETF,EQ,2023-04-06,80.39,80.61,80.99,80.5,80.86,80.86,80.64,"3,569","2,87,817.67",68
MAMFGETF,EQ,2023-04-10,80.86,80.86,81.59,80.86,81.25,81.46,81.22,"3,685","2,99,281.16",105
MAMFGETF,EQ,2023-04-11,81.46,83.7,83.7,81.51,82.1,82.03,81.9,"1,923","1,57,496.81",65
MAMFGETF,EQ,2023-04-12,82.03,84.07,84.07,82.08,82.52,82.54,82.57,"3,568","2,94,617.91",59
MAMFGETF,EQ,2023-04-13,82.54,82.7,82.79,82.46,82.75,82.64,82.67,"5,110","4,22,452.60",51
MAMFGETF,EQ,2023-04-17,82.64,84.64,85.11,82.49,82.97,82.9,82.76,"6,319","5,22,962.22",121
MAMFGETF,EQ,2023-04-18,82.9,82.91,83.35,82.79,83.1,83.14,82.91,"15,014","12,44,807.84",61
MAMFGETF,EQ,2023-04-19,83.14,85.65,85.65,82.98,82.98,82.98,83.28,634,"52,797.72",43
MAMFGETF,EQ,2023-04-20,82.98,85.45,85.45,82.87,82.9,82.89,82.91,"15,213","12,61,373.75",54
MAMFGETF,EQ,2023-04-21,82.89,85.4,85.4,82.03,82.93,82.92,82.9,"75,049","62,21,680.11",82
MAMFGETF,EQ,2023-04-24,82.92,85.4,85.4,82.19,82.86,82.83,82.37,"74,339","61,23,631.09",100
MAMFGETF,EQ,2023-04-25,82.83,82.77,82.99,82.66,82.91,82.9,82.8,"2,459","2,03,616.17",52
MAMFGETF,EQ,2023-04-26,82.9,85.4,85.4,82.55,82.8,82.8,82.8,"14,150","11,71,603.06",76
MAMFGETF,EQ,2023-04-27,82.8,82.99,83.31,82.99,83.25,83.22,83.21,"10,707","8,90,916.39",57
MAMFGETF,EQ,2023-04-28,83.22,83.55,84.2,83.48,84.2,84.15,83.8,"5,895","4,93,974.13",166
MAMFGETF,EQ,2023-05-02,84.15,86.65,86.65,84.37,84.57,84.69,84.52,"7,119","6,01,697.58",149
MAMFGETF,EQ,2023-05-03,84.69,87.25,100.99,67.32,84.67,84.73,84.72,"2,914","2,46,870.55",118
MAMFGETF,EQ,2023-05-04,84.73,82.2,85.37,82.2,85.36,85.13,85.08,"26,888","22,87,756.97",86
MAMFGETF,EQ,2023-05-05,85.13,85.25,85.5,84.78,84.78,84.99,85.12,"8,354","7,11,075.97",115
MAMFGETF,EQ,2023-05-08,84.99,87.55,87.55,85.22,85.52,85.71,85.57,"9,685","8,28,748.60",117
MAMFGETF,EQ,2023-05-09,85.71,85.81,86.14,85.58,85.82,85.76,85.92,"5,852","5,02,793.16",73
MAMFGETF,EQ,2023-05-10,85.76,87.76,88.35,85.61,85.85,85.79,85.83,"15,425","13,24,004.26",92
MAMFGETF,EQ,2023-05-11,85.79,88.35,88.35,85.62,85.94,85.89,85.83,"4,993","4,28,568.63",65
MAMFGETF,EQ,2023-05-12,85.89,88.45,88.45,85.45,85.7,85.49,85.5,"18,398","15,73,097.34",75
MAMFGETF,EQ,2023-05-15,85.49,88.05,88.05,82.95,85.93,85.81,85.93,"1,707","1,46,675.18",91
MAMFGETF,EQ,2023-05-16,85.81,86.16,86.48,85.8,85.8,85.97,86.4,"26,626","23,00,522.63",75
MAMFGETF,EQ,2023-05-17,85.97,88.55,88.55,85.34,85.53,85.53,85.55,"24,610","21,05,401.93",66
MAMFGETF,EQ,2023-05-18,85.53,85.4,85.95,84.84,85.12,85.11,85.53,"11,399","9,74,984.87",56
MAMFGETF,EQ,2023-05-19,85.11,85.0,85.12,84.48,85.01,84.81,84.75,"2,823","2,39,245.33",76
MAMFGETF,EQ,2023-05-22,84.81,87.35,87.35,84.83,85.59,85.56,85.37,"1,218","1,03,974.80",64
MAMFGETF,EQ,2023-05-23,85.56,85.6,86.14,85.54,86.02,86.02,86.05,"5,475","4,71,103.03",59
MAMFGETF,EQ,2023-05-24,86.02,85.8,86.28,85.7,86.18,86.14,86.03,"6,688","5,75,355.42",52
MAMFGETF,EQ,2023-05-25,86.14,85.9,86.38,85.71,86.38,86.33,86.1,"1,069","92,039.43",44
MAMFGETF,EQ,2023-05-26,86.33,86.33,87.0,86.31,86.88,86.94,86.6,"11,192","9,69,193.09",76
MAMFGETF,EQ,2023-05-29,86.94,89.55,89.55,87.1,87.38,87.41,87.41,"8,074","7,05,731.15",150
MAMFGETF,EQ,2023-05-30,87.41,90.0,90.0,87.32,87.57,87.57,87.51,"2,891","2,53,003.55",71
MAMFGETF,EQ,2023-05-31,87.57,90.0,90.0,87.19,87.62,87.4,87.42,"20,438","17,86,686.36",67
MAMFGETF,EQ,2023-06-01,87.4,87.61,87.99,87.6,87.86,87.86,87.78,"7,351","6,45,237.06",118
MAMFGETF,EQ,2023-06-02,87.86,85.2,88.39,85.2,88.19,88.2,88.07,"8,450","7,44,180.32",103
MAMFGETF,EQ,2023-06-05,88.2,88.88,89.04,88.58,89.04,89.02,88.66,"23,619","20,94,165.09",155
MAMFGETF,EQ,2023-06-06,89.02,89.49,89.56,89.01,89.29,89.53,89.49,"27,492","24,60,204.94",110
MAMFGETF,EQ,2023-06-07,89.53,89.53,90.34,89.51,90.33,90.16,89.89,"4,560","4,09,893.72",91
MAMFGETF,EQ,2023-06-08,90.16,92.85,92.85,89.68,89.76,89.68,89.75,"56,234","50,46,890.02",138
MAMFGETF,EQ,2023-06-09,89.68,89.91,90.0,89.36,89.36,89.43,89.5,"55,003","49,22,683.78",90
MAMFGETF,EQ,2023-06-12,89.43,89.85,89.95,89.54,89.92,89.89,89.85,"5,203","4,67,486.28",100
MAMFGETF,EQ,2023-06-13,89.89,90.05,90.71,90.05,90.53,90.44,90.46,"41,482","37,52,423.57",132
MAMFGETF,EQ,2023-06-14,90.44,93.15,93.15,90.73,91.05,91.05,91.06,"69,598","63,37,428.48",117
MAMFGETF,EQ,2023-06-15,91.05,92.24,92.24,91.1,91.48,91.49,91.38,"15,109","13,80,648.20",113
MAMFGETF,EQ,2023-06-16,91.49,94.25,94.25,91.55,92.0,91.98,91.94,"2,924","2,68,844.19",93
MAMFGETF,EQ,2023-06-19,91.98,94.75,94.75,91.77,91.89,91.98,92.08,"11,078","10,20,098.53",135
MAMFGETF,EQ,2023-06-20,91.98,94.75,94.75,91.36,92.33,92.23,91.94,"7,892","7,25,568.88",110
MAMFGETF,EQ,2023-06-21,92.23,92.32,92.4,91.6,91.78,91.98,92.07,"5,564","5,12,273.24",124
MAMFGETF,EQ,2023-06-22,91.98,91.99,92.27,91.46,91.59,91.52,91.78,"6,560","6,02,098.58",122
MAMFGETF,EQ,2023-06-23,91.52,94.25,94.25,90.21,90.42,90.43,90.79,"5,207","4,72,721.65",132
MAMFGETF,EQ,2023-06-26,90.43,90.59,91.29,90.3,91.25,91.08,90.74,"5,553","5,03,882.95",86
MAMFGETF,EQ,2023-06-27,91.08,93.8,93.8,90.92,90.98,90.98,90.99,"19,670","17,89,681.85",73
MAMFGETF,EQ,2023-06-28,90.98,93.7,93.7,90.27,91.83,91.85,91.74,"6,192","5,68,071.02",142
MAMFGETF,EQ,2023-06-30,91.85,94.6,94.6,92.09,92.69,92.71,92.52,"9,530","8,81,706.33",145
MAMFGETF,EQ,2023-07-03,92.71,95.5,95.5,92.64,92.93,92.86,92.7,"80,242","74,38,725.84",169
MAMFGETF,EQ,2023-07-04,92.86,93.08,93.08,92.2,92.73,92.64,92.24,"69,356","63,97,264.42",145
MAMFGETF,EQ,2023-07-05,92.64,89.85,93.25,89.85,93.23,93.12,92.9,"1,27,600","1,18,54,484.20",101
MAMFGETF,EQ,2023-07-06,93.12,90.35,94.47,90.35,93.85,93.76,93.7,"1,23,142","1,15,38,054.99",123
MAMFGETF,EQ,2023-07-07,93.76,93.75,94.32,93.17,93.28,93.38,93.28,"83,325","77,72,150.33",137
MAMFGETF,EQ,2023-07-10,93.38,90.6,96.2,90.6,93.7,93.69,93.46,"68,667","64,17,822.02",130
MAMFGETF,EQ,2023-07-11,93.69,95.5,95.5,93.7,94.35,94.34,94.16,"66,525","62,63,664.03",84
MAMFGETF,EQ,2023-07-12,94.34,95.5,95.5,94.4,94.4,94.64,94.55,"69,285","65,50,954.05",118
MAMFGETF,EQ,2023-07-13,94.64,97.5,97.5,93.9,94.44,94.4,94.23,"1,27,644","1,20,27,561.24",171
MAMFGETF,EQ,2023-07-14,94.4,97.25,97.25,94.27,94.69,94.55,94.38,"69,533","65,62,598.69",114
MAMFGETF,EQ,2023-07-17,94.55,97.4,97.4,94.85,95.2,95.17,95.16,"6,130","5,83,331.51",119
MAMFGETF,EQ,2023-07-18,95.17,96.0,96.0,94.75,95.24,95.17,95.16,"7,213","6,86,366.95",112
MAMFGETF,EQ,2023-07-19,95.17,95.25,95.55,95.08,95.51,95.44,95.33,"7,803","7,43,875.04",104
MAMFGETF,EQ,2023-07-20,95.44,95.45,96.0,95.26,96.0,95.83,95.7,"7,742","7,40,917.19",116
MAMFGETF,EQ,2023-07-21,95.83,98.7,98.7,95.36,95.64,95.62,95.58,"5,200","4,97,017.93",103
MAMFGETF,EQ,2023-07-24,95.62,95.62,95.9,95.47,95.56,95.6,95.65,"4,601","4,40,062.87",129
MAMFGETF,EQ,2023-07-25,95.6,98.45,98.45,95.79,96.17,96.07,95.95,"4,531","4,34,766.35",96
MAMFGETF,EQ,2023-07-26,96.07,96.49,96.55,96.2,96.55,96.39,96.31,"3,948","3,80,218.46",83
MAMFGETF,EQ,2023-07-27,96.39,96.67,96.99,96.01,96.33,96.41,96.64,"6,521","6,30,166.12",139
MAMFGETF,EQ,2023-07-28,96.41,99.3,99.3,96.38,96.88,96.66,96.65,"5,980","5,77,943.57",98
MAMFGETF,EQ,2023-07-31,96.66,97.07,97.94,96.88,97.94,97.64,97.49,"7,138","6,95,904.05",208
MAMFGETF,EQ,2023-08-01,97.64,100.55,100.55,97.8,98.01,98.01,98.04,"20,909","20,49,832.23",162
MAMFGETF,EQ,2023-08-02,98.01,98.01,98.01,95.84,96.74,96.7,96.89,"9,236","8,94,892.91",269
MAMFGETF,EQ,2023-08-03,96.7,97.5,97.5,96.06,96.55,96.51,96.52,"3,052","2,94,588.83",142
MAMFGETF,EQ,2023-08-04,96.51,97.19,97.28,96.53,96.82,96.72,96.83,"4,126","3,99,502.64",122
MAMFGETF,EQ,2023-08-07,96.72,99.6,99.6,96.83,97.11,97.16,97.25,"24,442","23,76,896.09",154
MAMFGETF,EQ,2023-08-08,97.16,98.94,98.94,96.83,97.24,97.25,97.22,"52,863","51,39,477.83",116
MAMFGETF,EQ,2023-08-09,97.25,97.01,97.98,96.86,97.8,97.77,97.17,"3,237","3,14,543.79",90
MAMFGETF,EQ,2023-08-10,97.77,98.23,98.23,97.33,97.49,97.59,97.58,"3,080","3,00,543.41",150
MAMFGETF,EQ,2023-08-11,97.59,97.51,97.84,97.33,97.42,97.5,97.63,"2,158","2,10,680.26",89
MAMFGETF,EQ,2023-08-14,97.5,98.96,98.96,96.29,97.02,97.11,97.04,"19,747","19,16,183.46",224
MAMFGETF,EQ,2023-08-16,97.11,100.0,100.0,96.38,97.37,97.11,96.75,"5,922","5,72,943.24",133
MAMFGETF,EQ,2023-08-17,97.11,97.65,97.65,97.06,97.1,97.15,97.23,"3,747","3,64,305.57",77
MAMFGETF,EQ,2023-08-18,97.15,97.15,97.34,96.51,96.79,96.81,96.85,"6,601","6,39,333.18",110
MAMFGETF,EQ,2023-08-21,96.81,97.65,97.65,96.85,97.26,97.15,97.13,"2,436","2,36,599.39",95
MAMFGETF,EQ,2023-08-22,97.15,100.05,100.05,97.16,97.8,97.75,97.63,"9,872","9,63,795.12",84
MAMFGETF,EQ,2023-08-23,97.75,97.8,98.24,97.75,97.78,97.82,98.07,"7,552","7,40,593.87",98
MAMFGETF,EQ,2023-08-24,97.82,100.75,100.75,97.51,97.83,97.68,98.24,"2,969","2,91,666.84",132
MAMFGETF,EQ,2023-08-25,97.68,97.66,97.91,97.02,97.09,97.13,97.64,"8,997","8,78,485.09",117
MAMFGETF,EQ,2023-08-28,97.13,99.07,99.07,97.3,97.3,97.4,97.72,"28,918","28,25,924.08",140
MAMFGETF,EQ,2023-08-29,97.4,97.66,98.19,97.66,98.19,97.95,97.95,"2,332","2,28,421.41",87
MAMFGETF,EQ,2023-08-30,97.95,100.9,100.9,98.19,98.19,98.26,98.55,"4,234","4,17,264.35",127
MAMFGETF,EQ,2023-08-31,98.26,98.44,98.72,98.04,98.51,98.39,98.44,"13,794","13,57,835.21",78
MAKEINDIA,EQ,2023-09-01,98.39,98.63,99.35,98.63,99.35,99.22,99.11,"4,114","4,07,728.30",127
MAKEINDIA,EQ,2023-09-04,99.22,102.2,102.2,99.63,99.93,99.83,99.8,"6,561","6,54,817.76",184
MAKEINDIA,EQ,2023-09-05,99.83,100.11,100.38,99.81,100.2,100.26,100.23,"22,943","22,99,537.33",167
MAKEINDIA,EQ,2023-09-06,100.26,103.25,103.25,99.9,100.14,100.14,100.15,"9,171","9,18,509.12",208
MAKEINDIA,EQ,2023-09-07,100.14,100.44,100.7,100.15,100.65,100.66,100.49,"4,989","5,01,362.76",272
MAKEINDIA,EQ,2023-09-08,100.66,103.7,103.7,100.69,101.22,101.19,101.06,"35,633","36,01,248.63",141
MAKEINDIA,EQ,2023-09-11,101.19,102.98,102.98,101.41,102.08,101.97,101.9,"21,034","21,43,265.10",248
MAKEINDIA,EQ,2023-09-12,101.97,105.05,105.05,99.69,100.05,100.02,100.78,"17,640","17,77,835.91",355
MAKEINDIA,EQ,2023-09-13,100.02,103.0,103.0,99.2,100.15,100.05,99.88,"6,162","6,15,434.44",236
MAKEINDIA,EQ,2023-09-14,100.05,103.05,103.05,100.28,100.88,100.84,100.65,"3,354","3,37,579.10",211
MAKEINDIA,EQ,2023-09-15,100.84,101.59,101.59,100.85,101.19,101.07,101.11,"2,647","2,67,638.61",174
MAKEINDIA,EQ,2023-09-18,101.07,104.1,104.1,100.97,101.12,101.12,101.28,"5,620","5,69,169.95",142
MAKEINDIA,EQ,2023-09-20,101.12,101.12,101.22,100.3,100.4,100.38,100.42,"18,933","19,01,187.84",155
MAKEINDIA,EQ,2023-09-21,100.38,103.4,103.4,98.37,99.45,99.42,99.44,"15,785","15,69,722.03",256
MAKEINDIA,EQ,2023-09-22,99.42,102.4,102.4,98.61,98.89,98.85,99.02,"7,214","7,14,335.03",473
MAKEINDIA,EQ,2023-09-25,98.85,100.7,102.0,80.3,98.68,98.7,98.82,"32,849","32,46,286.60",351
MAKEINDIA,EQ,2023-09-26,98.7,101.65,101.65,98.71,98.93,98.87,99.0,"14,512","14,36,707.20",116
MAKEINDIA,EQ,2023-09-27,98.87,99.0,99.37,98.7,99.03,99.32,99.04,"3,942","3,90,418.08",124
MAKEINDIA,EQ,2023-09-28,99.32,98.62,99.2,97.6,98.25,98.03,98.45,"25,077","24,68,796.36",361
MAKEINDIA,EQ,2023-09-29,98.03,100.95,100.95,95.1,99.32,99.29,99.03,"4,295","4,25,342.82",175
MAKEINDIA,EQ,2023-10-03,99.29,96.3,100.8,96.3,98.52,98.51,98.5,"15,920","15,68,151.28",263
MAKEINDIA,EQ,2023-10-04,98.51,101.45,101.45,96.9,97.36,97.34,97.32,"17,859","17,38,031.22",240
MAKEINDIA,EQ,2023-10-05,97.34,97.81,97.88,97.31,97.6,97.53,97.53,"15,314","14,93,625.45",145
MAKEINDIA,EQ,2023-10-06,97.53,97.8,98.1,97.72,97.98,97.99,97.95,"6,715","6,57,705.78",132
MAKEINDIA,EQ,2023-10-09,97.99,96.94,97.6,96.8,96.96,97.08,97.12,"32,077","31,15,191.09",555
MAKEINDIA,EQ,2023-10-10,97.08,100.0,100.0,97.29,98.06,98.07,98.04,"24,550","24,06,906.58",288
MAKEINDIA,EQ,2023-10-11,98.07,98.58,98.86,98.42,98.73,98.73,98.79,"13,483","13,31,927.39",135
MAKEINDIA,EQ,2023-10-12,98.73,99.0,99.19,98.81,98.88,98.88,98.96,"2,910","2,87,960.78",100
MAKEINDIA,EQ,2023-10-13,98.88,98.79,99.49,98.75,99.35,99.37,99.28,"14,133","14,03,096.80",165
MAKEINDIA,EQ,2023-10-16,99.37,99.37,99.79,99.21,99.34,99.55,99.57,"4,451","4,43,178.05",148
MAKEINDIA,EQ,2023-10-17,99.55,99.0,102.55,99.0,99.98,99.86,100.05,"37,845","37,86,566.44",227
MAKEINDIA,EQ,2023-10-18,99.86,99.81,100.25,99.58,99.76,99.75,99.99,"4,839","4,83,853.32",161
MAKEINDIA,EQ,2023-10-19,99.75,99.76,99.76,98.66,99.47,99.42,99.48,"15,185","15,10,545.18",146
MAKEINDIA,EQ,2023-10-20,99.42,99.42,99.42,98.31,98.5,98.48,98.7,"4,287","4,23,129.87",176
MAKEINDIA,EQ,2023-10-23,98.48,98.47,98.59,96.5,96.5,96.63,97.4,"18,051","17,58,184.62",267
MAKEINDIA,EQ,2023-10-25,96.63,93.75,97.28,93.75,96.18,96.19,96.19,"7,108","6,83,686.60",397
MAKEINDIA,EQ,2023-10-26,96.19,95.77,95.77,94.46,94.99,94.9,94.82,"73,736","69,91,445.01",298
MAKEINDIA,EQ,2023-10-27,94.9,95.6,96.15,95.6,95.93,96.01,96.0,"18,449","17,71,150.00",169
MAKEINDIA,EQ,2023-10-30,96.01,96.18,96.18,95.24,95.9,95.88,95.69,"4,248","4,06,474.35",147
MAKEINDIA,EQ,2023-10-31,95.88,95.93,96.28,95.4,95.58,95.47,95.57,"3,835","3,66,502.58",161
MAKEINDIA,EQ,2023-11-01,95.47,95.47,95.64,95.19,95.2,95.22,95.41,"5,451","5,20,060.44",192
MAKEINDIA,EQ,2023-11-02,95.22,98.1,98.1,95.64,96.06,96.03,96.0,"3,833","3,67,963.63",111
MAKEINDIA,EQ,2023-11-03,96.03,96.57,96.96,96.5,96.59,96.7,96.71,"19,239","18,60,606.60",122
MAKEINDIA,EQ,2023-11-06,96.7,99.6,99.6,97.01,97.69,97.63,97.31,"9,423","9,16,987.61",182
MAKEINDIA,EQ,2023-11-07,97.63,97.31,97.99,97.31,97.95,97.93,97.78,"3,139","3,06,922.04",119
MAKEINDIA,EQ,2023-11-08,97.93,98.04,98.45,97.99,98.36,98.4,98.33,"3,308","3,25,266.60",105
MAKEINDIA,EQ,2023-11-09,98.4,98.54,98.91,98.36,98.67,98.64,98.66,"16,448","16,22,733.25",110
MAKEINDIA,EQ,2023-11-10,98.64,95.7,98.82,95.7,98.48,98.44,98.41,"15,958","15,70,403.47",204
MAKEINDIA,EQ,2023-11-12,98.44,99.46,99.46,98.87,99.18,99.04,99.2,"4,386","4,35,105.33",125
MAKEINDIA,EQ,2023-11-13,99.04,98.95,99.19,98.61,98.61,98.67,98.79,"4,422","4,36,849.99",180
MAKEINDIA,EQ,2023-11-15,98.67,101.65,101.65,99.28,100.2,100.12,99.95,"18,211","18,20,206.34",181
MAKEINDIA,EQ,2023-11-16,100.12,100.2,101.0,99.89,100.66,100.93,100.64,"20,317","20,44,608.02",227
MAKEINDIA,EQ,2023-11-17,100.93,103.95,103.95,100.9,101.3,101.2,101.17,"15,025","15,20,113.86",256
MAKEINDIA,EQ,2023-11-20,101.2,101.55,101.55,100.68,101.01,100.92,101.06,"9,125","9,22,170.73",207
MAKEINDIA,EQ,2023-11-21,100.92,103.95,103.95,101.2,101.62,101.36,101.36,"21,441","21,73,323.36",200
MAKEINDIA,EQ,2023-11-22,101.36,104.4,104.4,101.25,101.82,101.74,101.64,"8,739","8,88,259.03",202
MAKEINDIA,EQ,2023-11-23,101.74,102.5,102.5,101.66,101.79,101.86,101.92,"4,629","4,71,803.72",148
MAKEINDIA,EQ,2023-11-24,101.86,102.1,102.39,101.92,101.95,102.06,102.05,"8,506","8,67,995.23",158
MAKEINDIA,EQ,2023-11-28,102.06,105.1,105.1,102.1,102.29,102.31,102.29,"7,784","7,96,250.86",195
MAKEINDIA,EQ,2023-11-29,102.31,102.7,103.29,102.58,103.28,103.21,103.03,"12,945","13,33,716.68",247
MAKEINDIA,EQ,2023-11-30,103.21,103.52,104.4,103.1,104.11,104.34,103.96,"26,156","27,19,061.91",281
MAKEINDIA,EQ,2023-12-01,104.34,104.35,105.0,104.32,104.55,104.77,104.68,"18,328","19,18,551.63",383
MAKEINDIA,EQ,2023-12-04,104.77,107.9,107.9,105.27,105.97,105.83,105.64,"21,653","22,87,364.40",316
MAKEINDIA,EQ,2023-12-05,105.83,109.0,109.0,105.83,106.1,106.33,106.33,"22,894","24,34,403.99",405
MAKEINDIA,EQ,2023-12-06,106.33,106.71,106.81,106.11,106.73,106.58,106.53,"9,495","10,11,547.23",260
MAKEINDIA,EQ,2023-12-07,106.58,106.84,107.04,106.35,107.04,106.99,106.93,"21,516","23,00,612.45",178
MAKEINDIA,EQ,2023-12-08,106.99,107.11,107.39,105.52,106.6,106.35,106.66,"18,640","19,88,087.97",338
MAKEINDIA,EQ,2023-12-11,106.35,106.52,107.1,106.04,106.74,106.92,106.66,"33,355","35,57,482.28",559
MAKEINDIA,EQ,2023-12-12,106.92,107.9,107.9,105.9,106.39,106.36,106.81,"10,711","11,44,068.03",270
MAKEINDIA,EQ,2023-12-13,106.36,106.63,107.25,105.87,107.25,106.91,106.44,"12,378","13,17,527.47",217
MAKEINDIA,EQ,2023-12-14,106.91,107.1,107.79,107.1,107.79,107.54,107.53,"20,162","21,68,096.82",187
MAKEINDIA,EQ,2023-12-15,107.54,108.05,108.62,107.82,108.25,108.22,108.09,"18,095","19,55,805.76",268
MAKEINDIA,EQ,2023-12-18,108.22,108.8,109.0,107.79,108.89,108.83,108.83,"17,281","18,80,711.57",277
MAKEINDIA,EQ,2023-12-19,108.83,112.1,112.1,107.84,108.43,108.7,108.57,"33,021","35,84,969.27",235
MAKEINDIA,EQ,2023-12-20,108.7,109.0,109.4,105.93,106.0,106.08,107.99,"24,824","26,80,864.29",367
MAKEINDIA,EQ,2023-12-21,106.08,107.1,107.22,105.01,107.22,107.15,106.43,"9,125","9,71,190.82",222
MAKEINDIA,EQ,2023-12-22,107.15,107.68,108.43,107.34,107.93,108.19,108.11,"10,200","11,02,699.23",202
MAKEINDIA,EQ,2023-12-26,108.19,110.6,110.6,108.51,109.26,109.49,109.34,"18,383","20,10,028.76",263
MAKEINDIA,EQ,2023-12-27,109.49,109.98,110.3,109.51,110.17,110.17,109.95,"11,140","12,24,877.94",220
MAKEINDIA,EQ,2023-12-28,110.17,110.72,111.35,110.36,111.25,111.25,111.0,"40,382","44,82,478.64",296
MAKEINDIA,EQ,2023-12-29,111.25,111.95,111.95,110.8,111.35,111.72,111.49,"35,811","39,92,584.59",312
MAKEINDIA,EQ,2024-01-01,111.72,115.05,115.05,111.51,111.51,111.61,111.76,"14,106","15,76,511.69",434
MAKEINDIA,EQ,2024-01-02,111.61,114.95,114.95,110.38,111.64,111.52,111.18,"11,226","12,48,087.48",339
MAKEINDIA,EQ,2024-01-03,111.52,114.85,114.85,110.71,111.3,111.23,111.43,"15,220","16,96,029.30",301
MAKEINDIA,EQ,2024-01-04,111.23,111.24,111.68,111.11,111.58,111.49,111.49,"13,642","15,20,911.88",206
MAKEINDIA,EQ,2024-01-05,111.49,112.95,112.95,110.94,111.59,111.58,111.69,"11,130","12,43,114.99",251
MAKEINDIA,EQ,2024-01-08,111.58,112.8,113.48,110.7,110.77,110.8,110.98,"23,691","26,29,303.43",363
MAKEINDIA,EQ,2024-01-09,110.8,112.2,112.2,111.01,111.21,111.21,111.4,"3,907","4,35,231.32",213
MAKEINDIA,EQ,2024-01-10,111.21,112.0,112.0,109.3,111.75,111.69,111.08,"7,561","8,39,889.83",215
MAKEINDIA,EQ,2024-01-11,111.69,111.9,112.27,111.81,112.18,112.25,112.15,"28,824","32,32,577.49",239
MAKEINDIA,EQ,2024-01-12,112.25,111.96,112.28,111.57,112.2,111.95,111.89,"17,669","19,76,932.42",280
MAKEINDIA,EQ,2024-01-15,111.95,113.8,113.8,111.8,112.7,112.66,112.4,"11,033","12,40,068.77",309
MAKEINDIA,EQ,2024-01-16,112.66,116.05,116.05,111.52,112.5,112.48,112.65,"7,098","7,99,581.07",249
MAKEINDIA,EQ,2024-01-17,112.48,109.1,111.97,109.1,111.02,110.95,111.15,"16,477","18,31,356.00",418
MAKEINDIA,EQ,2024-01-18,110.95,110.9,111.12,108.63,111.12,110.94,110.34,"14,115","15,57,471.10",287
MAKEINDIA,EQ,2024-01-19,110.94,111.83,112.3,111.34,112.3,112.25,112.06,"16,721","18,73,724.81",181
MAKEINDIA,EQ,2024-01-20,112.25,112.56,112.56,111.41,111.77,111.74,112.0,"10,623","11,89,782.69",242
MAKEINDIA,EQ,2024-01-23,111.74,112.27,112.44,109.5,109.97,109.95,111.12,"18,291","20,32,541.63",494
MAKEINDIA,EQ,2024-01-24,109.95,110.12,111.96,109.5,111.88,111.64,110.53,"5,122","5,66,143.75",151
MAKEINDIA,EQ,2024-01-25,111.64,113.25,113.25,110.6,111.44,111.38,111.21,"21,414","23,81,535.62",225
MAKEINDIA,EQ,2024-01-29,111.38,114.7,114.7,111.39,112.84,112.84,112.28,"13,376","15,01,819.41",385
MAKEINDIA,EQ,2024-01-30,112.84,114.35,114.35,112.06,112.4,112.36,112.91,"29,791","33,63,560.43",291
MAKEINDIA,EQ,2024-01-31,112.36,112.41,114.24,112.41,113.79,114.0,113.65,"12,643","14,36,847.00",244
MAKEINDIA,EQ,2024-02-01,114.0,114.2,114.56,113.46,113.74,113.71,114.11,"20,288","23,15,127.64",303
MAKEINDIA,EQ,2024-02-02,113.71,115.6,115.6,113.91,115.0,115.0,114.93,"34,628","39,79,826.62",476
MAKEINDIA,EQ,2024-02-05,115.0,115.74,116.44,115.0,115.12,115.26,115.93,"41,024","47,55,928.51",545
MAKEINDIA,EQ,2024-02-06,115.26,116.1,116.96,115.32,116.94,116.86,116.36,"21,855","25,43,142.78",437
MAKEINDIA,EQ,2024-02-07,116.86,119.1,119.1,116.41,116.86,117.13,117.02,"18,532","21,68,533.26",340
MAKEINDIA,EQ,2024-02-08,117.13,119.1,119.1,116.33,116.88,116.77,116.9,"21,719","25,39,049.12",417
MAKEINDIA,EQ,2024-02-09,116.77,120.25,120.25,114.62,116.18,116.23,116.03,"43,861","50,89,175.29",459
MAKEINDIA,EQ,2024-02-12,116.23,118.8,118.8,114.68,115.14,115.1,115.58,"16,633","19,22,407.62",463
MAKEINDIA,EQ,2024-02-13,115.1,115.09,115.23,113.94,115.19,115.18,114.74,"8,754","10,04,408.53",301
MAKEINDIA,EQ,2024-02-14,115.18,118.65,118.65,114.11,116.48,116.26,115.94,"22,890","26,53,785.76",229
MAKEINDIA,EQ,2024-02-15,116.26,119.75,119.75,116.51,117.15,117.03,116.84,"12,427","14,51,939.80",257
MAKEINDIA,EQ,2024-02-16,117.03,117.74,118.38,117.41,118.01,118.27,118.17,"15,337","18,12,448.22",308
MAKEINDIA,EQ,2024-02-19,118.27,119.5,119.5,118.28,118.87,118.81,118.82,"15,014","17,83,945.72",360
MAKEINDIA,EQ,2024-02-20,118.81,118.9,118.9,117.73,118.57,118.53,118.32,"10,472","12,39,048.70",362
MAKEINDIA,EQ,2024-02-21,118.53,118.76,119.24,117.7,118.12,118.22,118.46,"17,617","20,86,856.07",289
MAKEINDIA,EQ,2024-02-22,118.22,116.22,119.49,116.1,119.1,119.16,118.22,"9,996","11,81,697.31",337
MAKEINDIA,EQ,2024-02-23,119.16,120.0,120.0,119.15,119.44,119.7,119.68,"16,014","19,16,543.44",411
MAKEINDIA,EQ,2024-02-26,119.7,123.3,123.3,119.06,119.56,119.64,119.6,"40,495","48,43,231.98",339
MAKEINDIA,EQ,2024-02-27,119.64,119.47,120.08,119.47,120.04,119.96,119.94,"81,748","98,05,251.82",304
MAKEINDIA,EQ,2024-02-28,119.96,119.96,120.49,118.25,118.34,118.47,119.03,"27,995","33,32,131.70",565
MAKEINDIA,EQ,2024-02-29,118.47,118.47,119.28,117.61,119.17,118.92,118.33,"10,570","12,50,740.64",330
MAKEINDIA,EQ,2024-03-01,118.92,122.5,122.5,119.5,120.81,120.69,120.42,"35,961","43,30,513.08",368
MAKEINDIA,EQ,2024-03-02,120.69,124.3,124.3,120.96,121.44,121.48,121.25,"15,229","18,46,526.14",165
MAKEINDIA,EQ,2024-03-04,121.48,122.5,122.5,120.58,121.51,121.14,121.09,"1,51,415","1,83,34,209.39",480
MAKEINDIA,EQ,2024-03-05,121.14,123.0,123.0,121.26,122.18,122.12,121.87,"18,530","22,58,322.56",369
MAKEINDIA,EQ,2024-03-06,122.12,122.12,122.52,120.15,122.47,122.4,121.25,"15,162","18,38,377.83",515
MAKEINDIA,EQ,2024-03-07,122.4,122.4,123.5,122.2,122.82,122.76,122.64,"67,426","82,69,406.98",382
MAKEINDIA,EQ,2024-03-11,122.76,126.45,126.45,122.25,122.33,122.62,122.79,"32,936","40,44,237.95",454
MAKEINDIA,EQ,2024-03-12,122.62,126.3,126.3,120.97,121.25,121.23,121.33,"52,346","63,51,185.35",451
MAKEINDIA,EQ,2024-03-13,121.23,121.21,121.61,116.81,117.3,117.23,118.46,"27,531","32,61,457.26",887
MAKEINDIA,EQ,2024-03-14,117.23,120.75,120.75,116.7,119.2,119.23,118.85,"38,365","45,59,522.24",310
MAKEINDIA,EQ,2024-03-15,119.23,122.8,122.8,116.82,117.91,117.99,118.1,"24,158","28,53,144.26",497
MAKEINDIA,EQ,2024-03-18,117.99,118.19,119.35,117.84,118.9,118.88,118.74,"14,529","17,25,223.55",257
MAKEINDIA,EQ,2024-03-19,118.88,122.45,122.45,117.5,117.95,117.7,118.09,"1,03,510","1,22,23,080.01",357
MAKEINDIA,EQ,2024-03-20,117.7,118.05,118.67,116.65,117.97,117.95,117.62,"10,646","12,52,192.16",261
MAKEINDIA,EQ,2024-03-21,117.95,119.1,120.5,118.66,120.09,120.17,119.67,"5,887","7,04,505.15",203
MAKEINDIA,EQ,2024-03-22,120.17,123.8,123.8,119.85,121.53,121.37,121.06,"13,589","16,45,031.15",318
MAKEINDIA,EQ,2024-03-26,121.37,125.0,125.0,121.2,121.78,121.96,121.65,"13,999","17,02,977.77",305
MAKEINDIA,EQ,2024-03-27,121.96,125.6,125.6,122.22,122.69,122.57,122.87,"18,869","23,18,524.22",327
MAKEINDIA,EQ,2024-03-28,122.57,126.25,126.25,122.36,123.99,123.92,123.63,"30,903","38,20,611.49",407
MAKEINDIA,EQ,2024-04-01,123.92,127.65,127.65,123.91,125.0,124.96,124.94,"18,684","23,34,362.53",449
MAKEINDIA,EQ,2024-04-02,124.96,125.21,126.72,125.16,126.62,126.47,125.89,"18,043","22,71,449.18",454
MAKEINDIA,EQ,2024-04-03,126.47,130.25,130.25,125.99,126.58,126.66,126.66,"43,501","55,09,683.14",385
MAKEINDIA,EQ,2024-04-04,126.66,128.5,128.5,125.51,126.53,126.28,126.41,"36,388","45,99,945.97",529
MAKEINDIA,EQ,2024-04-05,126.28,126.28,126.6,125.92,126.31,126.51,126.43,"24,126","30,50,207.51",354
MAKEINDIA,EQ,2024-04-08,126.51,122.7,129.1,122.7,127.73,127.63,127.48,"20,308","25,88,957.42",492
MAKEINDIA,EQ,2024-04-09,127.63,131.45,131.45,127.11,127.52,127.53,127.85,"19,888","25,42,729.11",430
MAKEINDIA,EQ,2024-04-10,127.53,129.45,129.45,127.65,128.11,128.13,128.09,"22,042","28,23,450.09",330
MAKEINDIA,EQ,2024-04-12,128.13,128.14,128.64,127.17,127.6,127.44,127.94,"47,247","60,44,849.72",585
MAKEINDIA,EQ,2024-04-15,127.44,127.44,127.44,124.94,126.35,126.31,126.07,"38,942","49,09,310.19",643
MAKEINDIA,EQ,2024-04-16,126.31,126.01,127.13,125.35,126.67,126.61,126.56,"8,441","10,68,261.51",298
MAKEINDIA,EQ,2024-04-18,126.61,130.4,130.4,122.8,126.54,126.12,127.11,"15,214","19,33,775.80",401
MAKEINDIA,EQ,2024-04-19,126.12,126.0,126.27,124.04,126.12,126.19,125.61,"28,939","36,34,942.91",476
MAKEINDIA,EQ,2024-04-22,126.19,128.6,128.6,126.51,127.73,127.53,127.15,"12,665","16,10,317.31",336
MAKEINDIA,EQ,2024-04-23,127.53,127.64,127.99,127.28,127.57,127.66,127.71,"35,197","44,95,066.71",346
MAKEINDIA,EQ,2024-04-24,127.66,127.78,128.92,127.77,128.36,128.53,128.62,"13,042","16,77,451.59",336
MAKEINDIA,EQ,2024-04-25,128.53,128.54,130.04,128.33,129.96,129.98,129.54,"48,497","62,82,466.78",389
MAKEINDIA,EQ,2024-04-26,129.98,133.9,133.9,130.01,130.59,130.26,130.43,"25,284","32,97,855.80",417
MAKEINDIA,EQ,2024-04-29,130.26,134.15,134.15,130.33,130.85,131.0,130.9,"28,562","37,38,679.56",451
MAKEINDIA,EQ,2024-04-30,131.0,131.0,132.24,131.0,131.21,131.18,131.74,"52,768","69,51,599.42",589
MAKEINDIA,EQ,2024-05-02,131.18,133.8,133.8,131.17,132.24,132.22,132.12,"58,536","77,33,768.05",642
MAKEINDIA,EQ,2024-05-03,132.22,136.2,136.2,130.54,131.62,131.75,131.9,"65,709","86,66,759.38",751
MAKEINDIA,EQ,2024-05-06,131.75,135.7,135.7,130.54,131.7,131.75,131.65,"34,080","44,86,775.84",547
MAKEINDIA,EQ,2024-05-07,131.75,135.7,135.7,128.52,129.38,129.44,129.49,"86,347","1,11,80,981.12","1,008"
MAKEINDIA,EQ,2024-05-08,129.44,129.46,132.0,128.18,131.01,131.06,129.84,"87,218","1,13,24,172.19",525
MAKEINDIA,EQ,2024-05-09,131.06,135.0,135.0,129.0,129.44,129.39,130.33,"28,863","37,61,644.74",683
MAKEINDIA,EQ,2024-05-10,129.39,130.89,131.48,129.53,131.39,131.16,130.6,"47,708","62,30,661.52",377
MAKEINDIA,EQ,2024-05-13,131.16,135.1,135.1,128.65,131.49,131.51,130.75,"82,245","1,07,53,591.51",675
MAKEINDIA,EQ,2024-05-14,131.51,135.45,135.45,129.09,132.82,133.05,132.66,"51,209","67,93,617.77",473
MAKEINDIA,EQ,2024-05-15,133.05,137.05,137.05,132.86,133.92,133.82,133.81,"67,147","89,84,608.24",515
MAKEINDIA,EQ,2024-05-16,133.82,134.0,135.41,133.11,135.21,135.07,134.2,"43,280","58,08,002.71",630
MAKEINDIA,EQ,2024-05-17,135.07,135.42,137.32,135.42,137.16,137.2,136.87,"79,683","1,09,06,181.76",811
MAKEINDIA,EQ,2024-05-18,137.2,141.3,141.3,137.25,137.65,137.94,138.05,"37,020","51,10,538.28",372
MAKEINDIA,EQ,2024-05-21,137.94,142.1,142.1,137.24,138.52,138.58,138.2,"1,78,915","2,47,26,696.13",981
MAKEINDIA,EQ,2024-05-22,138.58,141.42,141.42,138.15,140.05,139.89,139.35,"70,290","97,94,678.20",722
MAKEINDIA,EQ,2024-05-23,139.89,139.89,141.22,139.1,140.63,140.96,140.12,"47,695","66,82,793.87",815
MAKEINDIA,EQ,2024-05-24,140.96,145.2,145.2,140.82,141.24,141.29,141.68,"1,04,937","1,48,67,652.26","1,118"
MAKEINDIA,EQ,2024-05-27,141.29,145.55,145.55,140.7,141.19,141.1,141.52,"1,52,811","2,16,25,736.03","1,057"
MAKEINDIA,EQ,2024-05-28,141.1,145.35,145.35,139.74,140.37,140.4,140.67,"42,955","60,42,301.68",927
MAKEINDIA,EQ,2024-05-29,140.4,143.69,143.69,139.19,140.45,140.55,140.38,"1,00,001","1,40,38,400.72",645
MAKEINDIA,EQ,2024-05-30,140.55,142.72,142.72,137.95,138.86,138.41,138.45,"99,136","1,37,24,935.14","1,349"
MAKEINDIA,EQ,2024-05-31,138.41,142.55,142.55,138.0,138.53,138.48,138.58,"86,990","1,20,54,722.18",826
MAKEINDIA,EQ,2024-06-03,138.48,142.66,142.89,141.4,142.64,142.73,142.31,"1,95,648","2,78,42,982.30","1,227"
MAKEINDIA,EQ,2024-06-04,142.73,138.45,142.5,128.24,134.29,133.99,135.45,"2,68,533","3,63,73,571.37","3,041"
MAKEINDIA,EQ,2024-06-05,133.99,138.0,139.08,131.8,138.66,138.79,137.36,"1,41,567","1,94,45,767.82","2,385"
MAKEINDIA,EQ,2024-06-06,138.79,142.95,142.95,139.44,140.7,140.78,140.68,"1,64,762","2,31,78,530.11",747
MAKEINDIA,EQ,2024-06-07,140.78,143.0,143.19,140.42,142.81,142.95,142.39,"84,206","1,19,90,318.39",850
MAKEINDIA,EQ,2024-06-10,142.95,147.25,147.25,142.9,143.64,143.81,143.73,"1,15,496","1,65,99,926.88",919
MAKEINDIA,EQ,2024-06-11,143.81,146.0,146.0,143.81,144.48,144.45,145.02,"5,93,805","8,61,10,718.17",819
MAKEINDIA,EQ,2024-06-12,144.45,144.99,147.45,144.65,145.24,145.25,145.7,"3,37,077","4,91,13,563.14",981
MAKEINDIA,EQ,2024-06-13,145.25,148.15,148.15,145.25,146.68,146.6,146.37,"95,576","1,39,89,175.12",818
MAKEINDIA,EQ,2024-06-14,146.6,150.0,150.0,146.38,148.4,148.54,147.79,"1,05,721","1,56,24,095.75","1,188"
MAKEINDIA,EQ,2024-06-18,148.54,150.19,150.19,148.59,149.05,149.03,149.08,"1,48,938","2,22,03,464.66","1,295"
MAKEINDIA,EQ,2024-06-19,149.03,149.5,149.5,146.56,147.03,146.95,147.62,"1,03,737","1,53,13,214.18","1,974"
MAKEINDIA,EQ,2024-06-20,146.95,151.35,151.35,146.13,147.68,147.51,147.44,"1,72,105","2,53,76,013.87",807
MAKEINDIA,EQ,2024-06-21,147.51,151.95,151.95,146.7,146.84,146.86,147.26,"75,890","1,11,75,811.21",845
MAKEINDIA,EQ,2024-06-24,146.86,149.68,149.68,143.86,148.09,147.98,147.7,"79,707","1,17,72,785.26",932
MAKEINDIA,EQ,2024-06-25,147.98,148.48,149.0,146.95,147.54,147.54,147.85,"71,284","1,05,39,176.06",761
MAKEINDIA,EQ,2024-06-26,147.54,151.95,151.95,146.48,146.9,146.82,146.92,"1,05,495","1,54,98,816.29",778
MAKEINDIA,EQ,2024-06-27,146.82,150.0,150.0,142.4,147.29,147.34,146.78,"1,13,851","1,67,11,286.03",605
MAKEINDIA,EQ,2024-06-28,147.34,149.31,149.31,147.42,147.99,147.8,147.89,"66,938","98,99,360.78",576
MAKEINDIA,EQ,2024-07-01,147.8,150.79,150.79,147.98,148.33,148.89,148.62,"98,557","1,46,47,611.28",791
MAKEINDIA,EQ,2024-07-02,148.89,152.1,152.1,145.13,147.93,147.41,147.76,"1,14,161","1,68,68,356.72","1,079"
MAKEINDIA,EQ,2024-07-03,147.41,151.85,151.85,148.27,149.39,149.01,148.75,"81,976","1,21,93,693.60",797
MAKEINDIA,EQ,2024-07-04,149.01,149.6,150.5,149.34,150.5,150.27,150.08,"61,418","92,17,676.81",830
MAKEINDIA,EQ,2024-07-05,150.27,150.99,151.4,150.0,151.27,151.25,151.05,"1,19,534","1,80,55,749.10",925
MAKEINDIA,EQ,2024-07-08,151.25,149.0,154.25,146.7,151.45,150.56,150.74,"93,415","1,40,81,127.88","1,353"
MAKEINDIA,EQ,2024-07-09,150.56,155.1,155.1,150.79,151.6,151.79,151.55,"99,500","1,50,79,430.71",794
MAKEINDIA,EQ,2024-07-10,151.79,151.99,151.99,148.61,151.0,150.89,150.57,"1,26,171","1,89,97,399.58","1,641"
MAKEINDIA,EQ,2024-07-11,150.89,152.5,152.5,150.41,150.89,150.73,150.78,"74,618","1,12,50,787.74",836
MAKEINDIA,EQ,2024-07-12,150.73,155.25,155.25,149.39,150.26,150.26,150.37,"83,534","1,25,60,690.56","1,433"
MAKEINDIA,EQ,2024-07-15,150.26,153.15,153.15,149.18,151.07,150.99,150.85,"79,015","1,19,19,683.26",983
MAKEINDIA,EQ,2024-07-16,150.99,154.0,154.0,150.18,150.6,150.48,150.84,"78,576","1,18,52,048.68",896
MAKEINDIA,EQ,2024-07-18,150.48,152.0,152.0,148.26,149.62,149.66,149.33,"1,55,520","2,32,24,560.13","1,768"
MAKEINDIA,EQ,2024-07-19,149.66,154.15,154.15,145.5,146.3,145.93,146.7,"1,97,110","2,89,15,400.85","3,053"
MAKEINDIA,EQ,2024-07-22,145.93,148.4,148.4,144.01,147.26,147.19,146.61,"2,03,589","2,98,47,543.34","1,318"
MAKEINDIA,EQ,2024-07-23,147.19,148.91,148.91,142.11,146.47,146.66,146.14,"1,41,864","2,07,32,472.45","1,628"
MAKEINDIA,EQ,2024-07-24,146.66,148.9,148.9,146.1,147.16,147.15,146.93,"1,22,826","1,80,46,400.76",730
MAKEINDIA,EQ,2024-07-25,147.15,148.9,148.9,145.88,148.02,147.84,147.33,"34,117","50,26,461.36",637
MAKEINDIA,EQ,2024-07-26,147.84,148.9,151.0,148.26,150.85,150.8,150.12,"78,836","1,18,34,516.48",792
MAKEINDIA,EQ,2024-07-29,150.8,151.95,152.72,151.13,152.23,152.44,151.95,"1,20,879","1,83,67,321.96","1,057"
MAKEINDIA,EQ,2024-07-30,152.44,152.72,153.35,152.23,152.92,152.83,152.87,"85,525","1,30,74,303.36",950
MAKEINDIA,EQ,2024-07-31,152.83,154.85,154.85,152.87,153.71,153.57,153.66,"1,24,386","1,91,13,185.77",907
MAKEINDIA,EQ,2024-08-01,153.57,156.0,156.0,152.2,152.89,152.95,153.0,"1,10,659","1,69,30,364.12","1,461"
MAKEINDIA,EQ,2024-08-02,152.95,155.99,155.99,150.0,150.23,150.41,150.73,"84,781","1,27,79,220.16","1,850"
MAKEINDIA,EQ,2024-08-05,150.41,154.9,154.9,144.34,145.5,145.51,146.09,"2,88,090","4,20,85,910.58","3,013"
MAKEINDIA,EQ,2024-08-06,145.51,149.9,149.9,144.62,145.16,144.97,146.38,"62,492","91,47,484.16",935
MAKEINDIA,EQ,2024-08-07,144.97,146.97,148.47,146.42,148.46,148.03,147.76,"86,388","1,27,64,423.70",645
MAKEINDIA,EQ,2024-08-08,148.03,151.0,151.0,147.3,147.61,147.98,148.07,"39,152","57,97,226.22",605
MAKEINDIA,EQ,2024-08-09,147.98,151.37,151.37,148.82,149.3,148.94,149.37,"2,88,510","4,30,95,857.75",917
MAKEINDIA,EQ,2024-08-12,148.94,150.21,150.21,148.5,149.36,149.26,149.28,"33,923","50,63,909.43",657
MAKEINDIA,EQ,2024-08-13,149.26,149.74,149.74,148.0,148.14,148.16,148.45,"53,923","80,04,631.08",735
MAKEINDIA,EQ,2024-08-14,148.16,150.19,150.19,146.5,147.08,147.37,147.49,"86,210","1,27,14,709.56",813
MAKEINDIA,EQ,2024-08-16,147.37,147.96,149.76,147.85,149.28,149.36,148.76,"18,220","27,10,353.38",549
MAKEINDIA,EQ,2024-08-19,149.36,150.18,150.35,149.54,150.2,150.1,150.02,"66,401","99,61,471.28",631
MAKEINDIA,EQ,2024-08-20,150.1,150.88,151.09,149.83,150.85,150.98,150.64,"35,898","54,07,808.51",584
MAKEINDIA,EQ,2024-08-21,150.98,151.88,152.48,147.98,151.9,151.74,151.44,"26,259","39,76,640.61",519
MAKEINDIA,EQ,2024-08-22,151.74,152.49,152.49,151.6,152.26,152.1,152.05,"39,453","59,98,813.41",571
MAKEINDIA,EQ,2024-08-23,152.1,154.11,154.11,151.95,152.65,152.33,152.58,"55,106","84,07,997.75",607
MAKEINDIA,EQ,2024-08-26,152.33,154.1,154.1,152.51,153.19,153.11,152.91,"35,012","53,53,513.30",781
MAKEINDIA,EQ,2024-08-27,153.11,155.0,155.0,152.95,153.07,153.08,153.22,"30,980","47,46,833.07",718
MAKEINDIA,EQ,2024-08-28,153.08,155.0,155.0,151.61,153.1,153.08,153.29,"55,814","85,55,505.32",592
MAKEINDIA,EQ,2024-08-29,153.08,154.99,154.99,151.51,152.73,153.0,152.67,"58,209","88,86,510.75",894
MAKEINDIA,EQ,2024-08-30,153.0,155.11,155.11,152.01,153.55,153.53,153.57,"56,433","86,66,327.70",651
MAKEINDIA,EQ,2024-09-02,153.53,155.11,155.11,152.7,153.25,153.22,153.48,"40,916","62,79,877.99",881
MAKEINDIA,EQ,2024-09-03,153.22,155.11,155.11,152.75,153.2,153.06,153.41,"1,21,570","1,86,50,573.14",664
MAKEINDIA,EQ,2024-09-04,153.06,152.74,153.36,152.0,153.33,152.99,152.64,"30,520","46,58,712.66",734
MAKEINDIA,EQ,2024-09-05,152.99,154.25,154.25,152.39,152.81,152.66,153.07,"37,044","56,70,182.95",609
MAKEINDIA,EQ,2024-09-06,152.66,152.46,152.94,150.7,151.21,151.05,151.55,"28,463","43,13,678.28","1,075"
MAKEINDIA,EQ,2024-09-09,151.05,154.11,154.11,148.01,150.88,150.63,150.17,"39,637","59,52,268.05",839
MAKEINDIA,EQ,2024-09-10,150.63,151.04,151.88,150.67,151.01,150.91,151.21,"25,606","38,71,911.08",548
MAKEINDIA,EQ,2024-09-11,150.91,150.5,151.96,147.89,151.2,150.87,151.29,"15,349","23,22,122.33",449
MAKEINDIA,EQ,2024-09-12,150.87,150.86,153.59,150.86,153.02,153.5,152.95,"50,360","77,02,420.09",566
MAKEINDIA,EQ,2024-09-13,153.5,153.75,153.98,153.5,153.89,153.88,153.79,"32,577","50,10,161.28",526
MAKEINDIA,EQ,2024-09-16,153.88,154.49,154.49,153.72,153.8,153.8,153.97,"46,731","71,95,341.29",764
MAKEINDIA,EQ,2024-09-17,153.8,154.18,154.18,153.02,154.0,153.73,153.83,"65,918","1,01,40,268.39",520
MAKEINDIA,EQ,2024-09-18,153.73,154.85,154.85,152.16,152.69,152.71,153.23,"17,159","26,29,352.22",688
MAKEINDIA,EQ,2024-09-19,152.71,153.51,153.83,150.92,152.13,152.3,152.11,"35,945","54,67,471.02",679
MAKEINDIA,EQ,2024-09-20,152.3,155.16,155.97,152.49,154.15,154.29,153.77,"53,915","82,90,304.24",655
MAKEINDIA,EQ,2024-09-23,154.29,158.9,158.9,154.65,155.46,155.66,155.29,"43,624","67,74,506.08",888
MAKEINDIA,EQ,2024-09-24,155.66,157.94,157.94,155.66,156.5,156.41,156.29,"65,125","1,01,78,302.67",925
MAKEINDIA,EQ,2024-09-25,156.41,157.94,161.1,155.58,156.59,156.59,156.45,"29,612","46,32,899.81",745
MAKEINDIA,EQ,2024-09-26,156.59,157.32,158.06,155.95,157.55,157.84,157.27,"1,21,806","1,91,55,995.65",908
MAKEINDIA,EQ,2024-09-27,157.84,158.0,159.63,157.84,159.58,159.35,158.84,"62,693","99,58,276.88","1,115"
MAKEINDIA,EQ,2024-09-30,159.35,160.0,160.0,157.86,157.87,158.22,158.52,"84,617","1,34,13,147.57","1,199"
MAKEINDIA,EQ,2024-10-01,158.22,160.44,160.44,157.32,158.53,158.37,158.16,"29,223","46,21,967.34",751
MAKEINDIA,EQ,2024-10-03,158.37,157.55,157.55,154.64,155.15,155.16,155.65,"1,04,921","1,63,30,978.22","1,992"
MAKEINDIA,EQ,2024-10-04,155.16,156.47,156.47,152.88,153.28,153.26,153.89,"34,803","53,55,902.56","1,191"
MAKEINDIA,EQ,2024-10-07,153.26,153.99,154.17,150.29,151.38,151.21,151.44,"54,060","81,86,706.44","1,415"
MAKEINDIA,EQ,2024-10-08,151.21,152.49,153.93,149.99,153.85,153.21,152.32,"1,04,684","1,59,45,572.93",722
MAKEINDIA,EQ,2024-10-09,153.21,153.99,156.11,153.7,155.26,155.18,155.5,"37,371","58,11,316.97",525
MAKEINDIA,EQ,2024-10-10,155.18,156.78,156.78,154.68,154.82,154.81,155.57,"56,008","87,13,377.13",556
MAKEINDIA,EQ,2024-10-11,154.81,156.78,156.78,154.59,155.36,155.43,155.38,"23,428","36,40,265.66",415
MAKEINDIA,EQ,2024-10-14,155.43,153.31,155.98,153.31,155.13,155.52,155.4,"26,088","40,54,029.70",663
MAKEINDIA,EQ,2024-10-15,155.52,153.31,156.15,152.5,154.94,154.62,154.75,"42,527","65,80,953.51",719
MAKEINDIA,EQ,2024-10-16,154.62,154.65,155.14,153.51,154.1,154.37,154.29,"8,579","13,23,613.03",448
MAKEINDIA,EQ,2024-10-17,154.37,154.45,154.45,150.93,151.31,151.21,151.8,"43,285","65,70,873.91","1,452"
MAKEINDIA,EQ,2024-10-18,151.21,150.9,152.5,149.49,152.29,151.97,151.55,"78,720","1,19,30,058.77",613
MAKEINDIA,EQ,2024-10-21,151.97,156.16,156.16,150.53,150.86,150.75,151.35,"28,363","42,92,704.92",668
MAKEINDIA,EQ,2024-10-22,150.75,150.92,151.05,147.03,147.61,147.39,148.5,"42,977","63,82,003.05","1,330"
MAKEINDIA,EQ,2024-10-23,147.39,147.61,149.95,145.98,146.21,146.49,147.03,"42,706","62,79,174.22",746
MAKEINDIA,EQ,2024-10-24,146.49,146.62,146.65,145.5,146.13,146.04,146.01,"26,170","38,21,199.02",689
MAKEINDIA,EQ,2024-10-25,146.04,146.08,146.08,142.0,143.85,143.6,143.44,"1,26,176","1,80,98,827.37","1,614"
MAKEINDIA,EQ,2024-10-28,143.6,145.95,145.95,142.75,144.78,144.67,144.52,"53,606","77,47,183.87",618
MAKEINDIA,EQ,2024-10-29,144.67,146.47,146.47,142.19,144.3,144.31,143.48,"38,821","55,69,891.62","1,064"
MAKEINDIA,EQ,2024-10-30,144.31,144.32,145.23,143.27,143.91,143.94,144.04,"96,773","1,39,38,873.38",872
MAKEINDIA,EQ,2024-10-31,143.94,148.26,148.26,143.51,144.11,143.95,144.02,"21,109","30,40,147.45",529
MAKEINDIA,EQ,2024-11-01,143.95,148.25,148.25,143.95,145.1,145.19,145.24,"25,009","36,32,381.45",332
MAKEINDIA,EQ,2024-11-04,145.19,145.95,145.95,141.63,143.13,143.06,142.62,"64,318","91,73,249.79","1,507"
MAKEINDIA,EQ,2024-11-05,143.06,143.0,144.57,138.75,144.33,144.18,143.24,"20,842","29,85,357.19",533
MAKEINDIA,EQ,2024-11-06,144.18,148.5,148.5,141.18,147.0,146.93,146.54,"27,807","40,74,885.29",464
MAKEINDIA,EQ,2024-11-07,146.93,151.35,151.35,144.59,145.0,144.84,145.25,"51,148","74,29,002.46",918
MAKEINDIA,EQ,2024-11-08,144.84,144.84,146.78,140.5,143.81,144.06,144.28,"16,152","23,30,426.46",480
MAKEINDIA,EQ,2024-11-11,144.06,145.95,145.95,142.78,142.91,143.22,143.57,"14,088","20,22,609.60",659
MAKEINDIA,EQ,2024-11-12,143.22,147.5,147.5,140.12,140.48,140.75,142.06,"62,424","88,67,681.62","1,001"
MAKEINDIA,EQ,2024-11-13,140.75,140.76,140.76,137.03,137.9,137.58,138.11,"73,931","1,02,10,250.69","1,973"
MAKEINDIA,EQ,2024-11-14,137.58,137.97,138.77,137.05,137.99,137.52,137.6,"33,763","46,45,907.98",795
MAKEINDIA,EQ,2024-11-18,137.52,141.65,141.65,137.32,137.99,138.0,138.09,"48,304","66,70,287.64",628
MAKEINDIA,EQ,2024-11-19,138.0,142.15,142.15,138.21,138.59,138.85,139.1,"39,133","54,43,533.90",382
MAKEINDIA,EQ,2024-11-21,138.85,141.95,141.95,137.19,138.0,138.01,138.21,"43,725","60,43,274.30",583
MAKEINDIA,EQ,2024-11-22,138.01,139.93,140.51,138.0,140.24,140.11,139.24,"9,995","13,91,685.29",361
MAKEINDIA,EQ,2024-11-25,140.11,144.3,144.3,141.55,142.1,142.05,142.2,"44,729","63,60,660.80",570
MAKEINDIA,EQ,2024-11-26,142.05,142.05,142.8,141.27,141.67,141.51,141.63,"38,439","54,44,135.39",416
MAKEINDIA,EQ,2024-11-27,141.51,143.47,143.47,141.07,142.33,142.29,141.98,"30,422","43,19,277.33",324
MAKEINDIA,EQ,2024-11-28,142.29,145.14,145.14,141.04,141.5,141.14,141.35,"79,475","1,12,34,065.02",546
MAKEINDIA,EQ,2024-11-29,141.14,142.96,142.96,141.22,142.65,142.74,142.4,"40,412","57,54,855.61",366
MAKEINDIA,EQ,2024-12-02,142.74,143.99,144.38,142.46,143.98,144.24,143.83,"38,454","55,30,902.88",582
MAKEINDIA,EQ,2024-12-03,144.24,144.7,145.24,144.27,145.13,145.15,144.69,"94,242","1,36,36,144.70",441
MAKEINDIA,EQ,2024-12-04,145.15,145.59,145.59,144.44,144.98,144.71,144.88,"27,305","39,55,878.80",532
MAKEINDIA,EQ,2024-12-05,144.71,145.11,145.69,144.0,145.6,145.06,144.73,"32,060","46,40,054.90",518
MAKEINDIA,EQ,2024-12-06,145.06,146.96,146.96,145.18,145.77,145.9,145.86,"17,972","26,21,342.77",435
MAKEINDIA,EQ,2024-12-09,145.9,148.54,150.37,145.31,145.96,146.02,145.97,"50,613","73,88,118.87",567
MAKEINDIA,EQ,2024-12-10,146.02,146.09,146.37,145.36,146.11,145.91,146.13,"37,001","54,07,025.04",379
MAKEINDIA,EQ,2024-12-11,145.91,146.01,146.7,145.29,146.35,146.39,146.34,"17,360","25,40,463.83",398
MAKEINDIA,EQ,2024-12-12,146.39,147.5,147.5,144.83,145.49,145.38,145.59,"13,922","20,26,949.62",515
MAKEINDIA,EQ,2024-12-13,145.38,147.27,147.27,142.83,145.71,145.68,144.99,"24,810","35,97,188.98",581
MAKEINDIA,EQ,2024-12-16,145.68,145.68,146.7,145.0,145.96,145.94,145.61,"12,834","18,68,714.42",480
MAKEINDIA,EQ,2024-12-17,145.94,145.0,146.0,141.55,143.55,143.92,144.86,"44,426","64,35,579.77",783
MAKEINDIA,EQ,2024-12-18,143.92,143.93,147.28,142.61,143.24,143.06,143.68,"20,103","28,88,366.85",575
MAKEINDIA,EQ,2024-12-19,143.06,143.06,145.98,140.95,142.11,142.28,142.37,"25,968","36,97,170.28",631
MAKEINDIA,EQ,2024-12-20,142.28,142.28,143.45,139.25,140.04,139.58,140.88,"15,583","21,95,297.66",707
MAKEINDIA,EQ,2024-12-23,139.58,140.41,140.86,138.39,139.7,139.8,139.8,"39,281","54,91,484.60",502
MAKEINDIA,EQ,2024-12-24,139.8,139.8,141.27,138.0,139.79,139.28,139.41,"52,356","72,99,028.14",497
MAKEINDIA,EQ,2024-12-26,139.28,141.98,144.99,139.09,140.32,139.84,139.83,"43,790","61,23,334.84",478
MAKEINDIA,EQ,2024-12-27,139.84,140.78,144.0,140.13,140.55,140.47,141.66,"42,636","60,39,752.98",341
MAKEINDIA,EQ,2024-12-30,140.47,144.7,144.7,138.5,139.07,139.24,138.94,"1,27,528","1,77,18,323.87",632
MAKEINDIA,EQ,2024-12-31,139.24,140.97,140.97,138.45,139.67,139.66,139.66,"30,404","42,46,195.37",324
MAKEINDIA,EQ,2025-01-01,139.66,139.67,143.28,139.17,140.79,140.76,140.33,"14,083","19,76,268.56",372
MAKEINDIA,EQ,2025-01-02,140.76,140.76,143.37,140.43,142.95,142.95,142.15,"43,690","62,10,331.66",396
MAKEINDIA,EQ,2025-01-03,142.95,143.12,143.36,140.33,141.92,142.33,142.44,"14,803","21,08,501.65",581
MAKEINDIA,EQ,2025-01-06,142.33,146.6,146.6,138.48,139.25,139.14,140.03,"15,132","21,18,861.22",826
MAKEINDIA,EQ,2025-01-07,139.14,137.41,140.97,136.63,139.73,139.8,139.93,"32,582","45,59,111.64",421
MAKEINDIA,EQ,2025-01-08,139.8,142.6,142.6,138.25,139.26,139.27,139.08,"48,422","67,34,316.48",418
MAKEINDIA,EQ,2025-01-09,139.27,139.27,139.6,138.25,138.61,138.55,138.8,"16,943","23,51,712.51",392
MAKEINDIA,EQ,2025-01-10,138.55,134.4,138.32,134.4,136.6,136.24,136.91,"15,441","21,14,048.82",678
MAKEINDIA,EQ,2025-01-13,136.24,137.99,137.99,131.4,131.97,131.96,133.16,"38,396","51,12,968.66","1,074"
MAKEINDIA,EQ,2025-01-14,131.96,132.74,135.06,132.74,135.0,134.73,133.93,"29,782","39,88,644.89",396
MAKEINDIA,EQ,2025-01-15,134.73,134.74,135.32,134.0,134.58,134.5,134.64,"19,860","26,73,975.25",350
MAKEINDIA,EQ,2025-01-16,134.5,135.15,135.96,135.03,135.74,135.37,135.48,"13,714","18,57,991.94",312
MAKEINDIA,EQ,2025-01-17,135.37,135.41,137.0,135.37,136.81,136.66,136.42,"8,995","12,27,110.42",304
MAKEINDIA,EQ,2025-01-20,136.66,136.59,137.45,135.6,137.19,137.31,136.98,"28,555","39,11,561.74",366
MAKEINDIA,EQ,2025-01-21,137.31,137.36,137.89,134.5,134.84,134.79,135.55,"14,487","19,63,701.84",661
MAKEINDIA,EQ,2025-01-22,134.79,134.84,134.84,130.0,133.85,133.84,132.48,"93,506","1,23,87,614.13",539
MAKEINDIA,EQ,2025-01-23,133.84,135.47,135.66,133.37,135.33,134.97,134.59,"25,634","34,50,077.59",282
MAKEINDIA,EQ,2025-01-24,134.97,139.0,139.0,132.51,133.05,132.94,133.84,"12,207","16,33,802.24",424
MAKEINDIA,EQ,2025-01-27,132.94,132.0,134.67,130.0,130.29,130.25,130.67,"42,701","55,79,700.62",827
MAKEINDIA,EQ,2025-01-28,130.25,131.98,131.98,127.71,129.86,129.54,129.38,"29,764","38,50,980.55",551
MAKEINDIA,EQ,2025-01-29,129.54,130.14,134.18,130.13,132.2,132.15,131.81,"10,901","14,36,857.66",231
MAKEINDIA,EQ,2025-01-30,132.15,128.2,133.2,128.2,132.84,132.72,132.69,"9,461","12,55,421.19",305
MAKEINDIA,EQ,2025-01-31,132.72,136.7,136.7,131.23,134.94,134.77,134.45,"13,231","17,78,916.08",492
MAKEINDIA,EQ,2025-02-01,134.77,136.48,136.48,133.13,134.35,134.29,134.8,"26,283","35,42,931.85",464
MAKEINDIA,EQ,2025-02-03,134.29,138.3,138.3,131.0,133.18,133.23,132.93,"29,293","38,93,929.42",503
MAKEINDIA,EQ,2025-02-04,133.23,137.25,137.25,133.88,135.25,135.37,134.99,"22,943","30,97,102.32",313
MAKEINDIA,EQ,2025-02-05,135.37,139.45,139.45,135.4,136.03,136.05,136.14,"32,251","43,90,721.11",362
MAKEINDIA,EQ,2025-02-06,136.05,136.02,138.77,134.63,135.24,135.26,135.33,"13,193","17,85,460.58",307
MAKEINDIA,EQ,2025-02-07,135.26,134.99,136.08,134.15,135.33,135.53,135.26,"6,909","9,34,499.79",281
MAKEINDIA,EQ,2025-02-10,135.53,139.4,139.4,133.25,133.53,133.54,133.97,"31,293","41,92,293.92",563
MAKEINDIA,EQ,2025-02-11,133.54,133.55,133.55,130.1,130.5,130.7,131.25,"37,285","48,93,472.90",615
MAKEINDIA,EQ,2025-02-12,130.7,132.48,132.48,127.6,130.0,129.51,128.39,"24,708","31,72,193.36",503
MAKEINDIA,EQ,2025-02-13,129.51,131.17,131.91,130.02,130.5,130.33,130.98,"10,189","13,34,524.89",514
MAKEINDIA,EQ,2025-02-14,130.33,134.25,134.25,126.61,127.73,127.91,128.69,"26,303","33,84,967.14",657
MAKEINDIA,EQ,2025-02-17,127.91,131.75,131.75,125.85,128.41,128.23,127.72,"30,106","38,45,179.45",403
MAKEINDIA,EQ,2025-02-18,128.23,127.67,127.85,123.0,127.38,127.38,126.17,"91,956","1,16,02,092.53",565
MAKEINDIA,EQ,2025-02-19,127.38,127.01,128.64,125.87,128.54,128.24,128.1,"17,546","22,47,586.57","1,823"
MAKEINDIA,EQ,2025-02-20,128.24,132.1,132.1,127.59,129.7,128.71,128.98,"1,21,046","1,56,12,192.48",537
MAKEINDIA,EQ,2025-02-21,128.71,130.34,130.35,127.33,128.52,128.83,128.75,"62,748","80,78,650.13",315
MAKEINDIA,EQ,2025-02-24,128.83,132.4,132.4,127.13,127.95,127.96,128.02,"9,541","12,21,440.11",386
MAKEINDIA,EQ,2025-02-25,127.96,128.22,128.28,127.13,127.13,127.34,127.67,"5,801","7,40,640.82",270
MAKEINDIA,EQ,2025-02-27,127.34,129.18,131.15,125.12,125.57,125.8,125.81,"17,402","21,89,403.62",495
MAKEINDIA,EQ,2025-02-28,125.8,125.11,125.11,122.22,122.94,122.77,123.16,"25,556","31,47,449.62",781
MAKEINDIA,EQ,2025-03-03,122.77,126.45,126.45,121.15,123.7,123.68,122.89,"26,326","32,35,082.52",553
MAKEINDIA,EQ,2025-03-04,123.68,127.4,127.4,122.08,123.57,123.37,123.26,"40,981","50,51,450.49",337
MAKEINDIA,EQ,2025-03-05,123.37,127.05,127.05,123.79,126.62,126.53,126.08,"15,841","19,97,208.35",306
MAKEINDIA,EQ,2025-03-06,126.53,126.99,128.69,126.97,128.33,128.58,127.77,"97,906","1,25,09,354.79",331
MAKEINDIA,EQ,2025-03-07,128.58,128.7,129.45,128.15,128.87,128.77,128.89,"24,830","32,00,265.01",256
MAKEINDIA,EQ,2025-03-10,128.77,128.99,129.38,127.2,127.2,127.44,128.53,"10,359","13,31,470.94",348
MAKEINDIA,EQ,2025-03-11,127.44,127.1,128.0,123.6,128.0,127.94,127.02,"7,373","9,36,550.85",241
MAKEINDIA,EQ,2025-03-12,127.94,128.01,129.88,127.0,127.9,128.05,127.96,"15,762","20,16,832.79",245
MAKEINDIA,EQ,2025-03-13,128.05,128.11,128.97,127.2,127.52,127.22,127.66,"13,905","17,75,140.41",223
MAKEINDIA,EQ,2025-03-17,127.22,126.11,128.98,126.11,128.67,128.58,128.46,"49,303","63,33,482.91",351
MAKEINDIA,EQ,2025-03-18,128.58,131.1,131.1,129.04,131.09,130.77,130.08,"31,577","41,07,568.10",326
MAKEINDIA,EQ,2025-03-19,130.77,131.36,132.8,130.91,132.4,132.31,132.29,"37,592","49,72,952.27",296
MAKEINDIA,EQ,2025-03-20,132.31,132.9,133.79,131.88,133.75,133.7,133.13,"11,896","15,83,664.76",276
MAKEINDIA,EQ,2025-03-21,133.7,136.3,136.3,133.76,134.55,134.36,134.4,"16,486","22,15,676.03",340
MAKEINDIA,EQ,2025-03-24,134.36,136.8,136.8,134.26,135.94,135.67,135.53,"16,846","22,83,162.86",384
MAKEINDIA,EQ,2025-03-25,135.67,136.01,138.38,133.53,133.91,134.6,134.49,"73,140","98,36,351.38",437
MAKEINDIA,EQ,2025-03-26,134.6,138.65,138.65,133.34,133.5,133.47,133.78,"97,328","1,30,20,930.54",316
MAKEINDIA,EQ,2025-03-27,133.47,133.48,134.03,132.5,133.24,133.88,133.33,"1,24,263","1,65,68,147.15",374
MAKEINDIA,EQ,2025-03-28,133.88,133.87,134.04,132.12,132.56,132.36,132.5,"2,12,631","2,81,74,031.71",449
MAKEINDIA,EQ,2025-04-01,132.36,132.1,133.42,129.1,131.38,131.18,131.53,"23,306","30,65,494.08",531
MAKEINDIA,EQ,2025-04-02,131.18,132.38,133.6,130.52,132.45,132.47,131.78,"4,536","5,97,764.89",231
MAKEINDIA,EQ,2025-04-03,132.47,129.9,133.06,129.5,132.53,132.45,132.45,"1,89,597","2,51,12,351.03",291
MAKEINDIA,EQ,2025-04-04,132.45,132.46,132.46,126.53,127.52,127.42,127.94,"1,26,730","1,62,14,339.20","1,362"
MAKEINDIA,EQ,2025-04-07,127.42,131.25,131.25,119.5,123.08,122.75,121.83,"1,07,749","1,31,27,325.26","1,577"
MAKEINDIA,EQ,2025-04-08,122.75,125.21,126.85,123.0,124.84,124.74,124.58,"45,233","56,35,185.12",533
MAKEINDIA,EQ,2025-04-09,124.74,124.59,124.63,123.11,124.15,124.07,123.93,"20,382","25,26,037.82",385
MAKEINDIA,EQ,2025-04-11,124.07,127.81,127.81,126.09,127.5,127.34,127.19,"30,095","38,27,739.88",477
MAKEINDIA,EQ,2025-04-15,127.34,128.96,130.99,128.37,130.76,130.96,130.45,"60,978","79,54,462.63",553
MAKEINDIA,EQ,2025-04-16,130.96,134.9,134.9,129.96,130.97,130.86,130.6,"48,520","63,36,860.00",335
MAKEINDIA,EQ,2025-04-17,130.86,131.86,132.35,128.3,132.02,132.08,131.9,"23,458","30,94,226.75",371
MAKEINDIA,EQ,2025-04-21,132.08,133.91,134.78,131.77,134.74,134.68,134.15,"68,178","91,46,052.57",570
MAKEINDIA,EQ,2025-04-22,134.68,138.7,138.7,134.01,134.82,135.0,134.97,"15,888","21,44,358.60",393
MAKEINDIA,EQ,2025-04-23,135.0,139.05,139.05,134.35,136.57,136.75,135.98,"48,718","66,24,774.54",449
MAKEINDIA,EQ,2025-04-24,136.75,140.85,140.85,136.32,136.8,136.81,136.8,"20,602","28,18,366.38",351
MAKEINDIA,EQ,2025-04-25,136.81,140.28,140.28,133.0,133.96,133.84,134.28,"42,780","57,44,482.43",489
MAKEINDIA,EQ,2025-04-28,133.84,137.98,137.98,133.0,136.61,136.79,135.75,"40,942","55,58,063.66",349
MAKEINDIA,EQ,2025-04-29,136.79,138.63,138.63,136.6,137.24,136.9,137.3,"41,466","56,93,163.14",312
MAKEINDIA,EQ,2025-04-30,136.9,136.68,137.45,136.18,136.43,136.72,137.01,"25,565","35,02,744.25",251
MAKEINDIA,EQ,2025-05-02,136.72,140.82,140.82,135.36,136.16,135.93,136.86,"61,350","83,96,618.42",496
MAKEINDIA,EQ,2025-05-05,135.93,137.73,138.15,135.95,138.1,138.1,137.87,"40,780","56,22,524.72",433
MAKEINDIA,EQ,2025-05-06,138.1,142.24,142.24,136.02,136.41,136.33,136.74,"17,590","24,05,324.67",331
MAKEINDIA,EQ,2025-05-07,136.33,135.65,138.5,135.38,137.91,137.14,137.61,"44,713","61,52,941.50",376
MAKEINDIA,EQ,2025-05-08,137.14,135.81,137.83,134.66,134.67,135.15,136.77,"15,699","21,47,177.94",310
MAKEINDIA,EQ,2025-05-09,135.15,139.2,139.2,133.55,135.48,135.19,134.43,"9,930","13,34,847.11",330
MAKEINDIA,EQ,2025-05-12,135.19,139.25,139.25,135.19,139.15,138.87,138.32,"59,720","82,60,671.86",515
MAKEINDIA,EQ,2025-05-13,138.87,138.87,140.09,138.0,139.34,138.56,138.92,"45,554","63,28,245.96",443
MAKEINDIA,EQ,2025-05-14,138.56,142.72,142.72,138.81,141.31,141.17,140.63,"38,492","54,12,983.74",522
MAKEINDIA,EQ,2025-05-15,141.17,141.87,144.0,139.47,143.1,143.07,142.02,"23,785","33,77,868.88",512
MAKEINDIA,EQ,2025-05-16,143.07,147.36,147.36,143.0,144.2,144.11,143.84,"17,965","25,84,045.49",500
MAKEINDIA,EQ,2025-05-19,144.11,144.48,144.7,141.83,144.1,144.25,144.22,"30,134","43,45,833.41",517
MAKEINDIA,EQ,2025-05-20,144.25,148.58,148.58,141.53,142.63,141.85,142.23,"43,544","61,93,477.98",603
MAKEINDIA,EQ,2025-05-21,141.85,146.11,146.11,142.1,143.01,143.33,143.21,"19,446","27,84,773.07",430
MAKEINDIA,EQ,2025-05-22,143.33,147.63,147.63,141.72,143.19,142.63,142.52,"10,794","15,38,404.23",375
MAKEINDIA,EQ,2025-05-23,142.63,143.34,143.61,142.61,143.46,143.41,143.13,"33,586","48,07,246.36",263
MAKEINDIA,EQ,2025-05-26,143.41,143.4,145.0,139.1,144.5,144.49,144.37,"72,384","1,04,50,438.17",470
MAKEINDIA,EQ,2025-05-27,144.49,148.82,148.82,142.98,144.15,143.46,143.5,"7,81,556","11,21,49,892.09",562
MAKEINDIA,EQ,2025-05-28,143.46,147.03,147.76,143.14,143.4,143.45,144.1,"10,059","14,49,506.43",321
MAKEINDIA,EQ,2025-05-29,143.45,141.61,144.41,141.6,143.91,143.88,143.83,"34,674","49,87,071.02",294
MAKEINDIA,EQ,2025-05-30,143.88,148.2,148.2,142.91,143.31,143.28,144.15,"68,954","99,39,775.36",309
MAKEINDIA,EQ,2025-06-02,143.28,147.58,147.58,141.85,142.99,143.14,142.52,"42,141","60,05,862.66",530
MAKEINDIA,EQ,2025-06-03,143.14,147.43,147.43,142.39,142.55,142.52,143.08,"9,339","13,36,265.32",321
MAKEINDIA,EQ,2025-06-04,142.52,144.44,144.44,142.04,142.67,142.79,142.74,"5,366","7,65,931.25",249
MAKEINDIA,EQ,2025-06-05,142.79,147.07,147.07,141.36,143.99,143.7,143.76,"13,570","19,50,764.46",317
MAKEINDIA,EQ,2025-06-06,143.7,143.69,144.73,143.37,144.56,144.62,144.35,"34,363","49,60,160.23",337
MAKEINDIA,EQ,2025-06-09,144.62,147.64,147.64,144.99,145.7,145.64,145.56,"28,656","41,71,149.57",461
MAKEINDIA,EQ,2025-06-10,145.64,150.01,150.01,145.75,145.97,145.97,146.1,"18,827","27,50,628.59",370
MAKEINDIA,EQ,2025-06-11,145.97,146.11,146.88,145.61,146.24,146.19,146.35,"44,324","64,86,658.91",349
MAKEINDIA,EQ,2025-06-12,146.19,150.58,150.58,143.68,144.0,143.78,144.11,"2,66,281","3,83,73,912.67",645
MAKEINDIA,EQ,2025-06-13,143.78,148.09,148.09,141.02,144.11,143.57,143.25,"12,278","17,58,763.11",356
MAKEINDIA,EQ,2025-06-16,143.57,147.88,147.88,142.25,144.26,144.6,143.67,"12,822","18,42,148.47",378
MAKEINDIA,EQ,2025-06-17,144.6,148.94,148.94,143.3,143.57,143.6,143.94,"8,776","12,63,253.82",311
MAKEINDIA,EQ,2025-06-18,143.6,146.59,146.59,142.88,142.88,143.35,143.32,"15,393","22,06,089.32",284
MAKEINDIA,EQ,2025-06-19,143.35,147.65,147.65,141.87,142.24,142.18,142.57,"15,819","22,55,354.44",330
MAKEINDIA,EQ,2025-06-20,142.18,146.46,146.46,142.26,143.48,143.56,143.35,"9,215","13,20,962.90",238
MAKEINDIA,EQ,2025-06-23,143.56,147.87,147.87,141.56,144.02,143.94,143.29,"12,700","18,19,796.31",353
MAKEINDIA,EQ,2025-06-24,143.94,148.26,148.26,144.41,144.51,144.48,144.96,"20,793","30,14,073.02",255
MAKEINDIA,EQ,2025-06-25,144.48,145.06,145.43,144.65,144.96,145.0,145.13,"14,902","21,62,748.72",274
MAKEINDIA,EQ,2025-06-26,145.0,149.35,149.35,145.0,146.02,146.07,145.78,"12,235","17,83,648.38",284
MAKEINDIA,EQ,2025-06-27,146.07,147.54,147.54,146.59,147.3,147.18,147.06,"33,260","48,91,191.38",384
MAKEINDIA,EQ,2025-06-30,147.18,151.72,151.72,146.72,147.35,147.17,147.25,"12,779","18,81,650.47",394
MAKEINDIA,EQ,2025-07-01,147.17,147.75,147.75,146.77,147.18,147.53,147.37,"24,278","35,77,824.01",301
MAKEINDIA,EQ,2025-07-02,147.53,151.96,151.96,146.8,147.51,147.54,147.34,"15,170","22,35,151.62",319
MAKEINDIA,EQ,2025-07-03,147.54,147.9,148.66,147.6,148.0,147.82,148.2,"84,175","1,24,74,352.20",697
MAKEINDIA,EQ,2025-07-04,147.82,152.25,152.25,147.38,148.05,147.96,147.95,"75,997","1,12,43,826.41",364
MAKEINDIA,EQ,2025-07-07,147.96,147.0,148.95,120.0,147.99,147.82,147.73,"37,348","55,17,521.45",424
MAKEINDIA,EQ,2025-07-08,147.82,152.25,152.25,145.66,147.78,147.32,147.34,"58,163","85,69,914.62",340
MAKEINDIA,EQ,2025-07-09,147.32,151.74,151.74,147.0,147.42,147.43,147.41,"21,824","32,17,041.07",250
MAKEINDIA,EQ,2025-07-10,147.43,150.5,150.5,146.21,146.8,146.55,146.58,"42,880","62,85,207.78",345
MAKEINDIA,EQ,2025-07-11,146.55,150.95,150.95,145.3,145.46,145.52,145.92,"6,265","9,14,171.09",316
MAKEINDIA,EQ,2025-07-14,145.52,149.89,149.89,145.01,145.93,145.48,145.45,"22,685","32,99,580.07",285
MAKEINDIA,EQ,2025-07-15,145.48,146.29,147.36,145.79,147.07,146.99,146.82,"7,901","11,60,057.92",215
MAKEINDIA,EQ,2025-07-16,146.99,151.4,151.4,146.37,146.93,146.73,146.82,"3,843","5,64,219.80",226
MAKEINDIA,EQ,2025-07-17,146.73,151.13,151.13,146.25,147.1,146.81,146.85,"8,761","12,86,587.27",221
MAKEINDIA,EQ,2025-07-18,146.81,148.95,149.44,145.95,146.15,146.13,146.4,"46,980","68,78,037.92",313
MAKEINDIA,EQ,2025-07-21,146.13,149.35,149.44,145.5,146.75,146.55,146.33,"5,554","8,12,732.86",326
MAKEINDIA,EQ,2025-07-22,146.55,149.97,149.97,145.45,146.0,145.46,145.57,"30,431","44,29,705.58",259
MAKEINDIA,EQ,2025-07-23,145.46,149.82,149.82,145.65,146.41,146.31,146.2,"24,875","36,36,724.80",191
MAKEINDIA,EQ,2025-07-24,146.31,147.0,150.7,146.03,146.62,146.23,146.63,"10,159","14,89,594.55",199
MAKEINDIA,EQ,2025-07-25,146.23,150.62,150.62,144.57,144.99,144.62,144.9,"16,991","24,61,964.67",365
MAKEINDIA,EQ,2025-07-28,144.62,141.56,148.7,140.28,144.0,144.47,144.66,"13,155","19,03,042.62",350
MAKEINDIA,EQ,2025-07-29,144.47,144.44,145.6,144.01,145.6,145.49,145.08,"26,198","38,00,711.89",217
MAKEINDIA,EQ,2025-07-30,145.49,148.68,148.68,145.01,145.58,145.34,145.4,"6,243","9,07,763.13",175
MAKEINDIA,EQ,2025-07-31,145.34,149.7,149.7,143.48,143.83,144.04,144.32,"9,141","13,19,234.38",311
MAKEINDIA,EQ,2025-08-01,144.04,146.55,147.97,141.9,142.15,142.17,142.76,"13,131","18,74,552.32",552
MAKEINDIA,EQ,2025-08-04,142.17,146.44,146.44,142.17,144.43,144.32,143.12,"42,768","61,20,815.31",341
MAKEINDIA,EQ,2025-08-05,144.32,144.28,144.53,143.52,144.5,144.43,143.85,"4,140","5,95,554.60",241
MAKEINDIA,EQ,2025-08-06,144.43,147.47,147.47,142.85,143.36,143.37,143.25,"7,032","10,07,364.13",281
MAKEINDIA,EQ,2025-08-07,143.37,144.09,144.09,141.36,143.76,143.48,142.17,"15,748","22,38,862.93",426
MAKEINDIA,EQ,2025-08-08,143.48,147.78,147.78,141.36,141.61,141.88,142.38,"11,396","16,22,618.30",339
MAKEINDIA,EQ,2025-08-11,141.88,146.14,146.14,141.18,142.15,142.61,142.18,"16,888","24,01,180.86",318
MAKEINDIA,EQ,2025-08-12,142.61,146.89,146.89,138.33,142.8,142.79,142.7,"31,148","44,44,848.00",214
MAKEINDIA,EQ,2025-08-13,142.79,145.98,145.98,143.17,144.0,143.86,143.67,"19,647","28,22,627.17",159
MAKEINDIA,EQ,2025-08-14,143.86,148.18,148.18,143.23,143.72,143.55,143.6,"17,640","25,33,017.33",204
MAKEINDIA,EQ,2025-08-18,143.55,147.86,147.9,145.34,146.79,146.73,146.61,"30,573","44,82,279.07",434
MAKEINDIA,EQ,2025-08-19,146.73,146.72,147.78,146.19,147.53,147.66,147.41,"55,551","81,89,004.49",252
MAKEINDIA,EQ,2025-08-20,147.66,148.37,152.09,146.92,147.26,147.5,147.6,"16,975","25,05,551.75",251
MAKEINDIA,EQ,2025-08-21,147.5,151.93,151.93,147.25,147.71,147.67,147.72,"20,108","29,70,365.72",182
MAKEINDIA,EQ,2025-08-22,147.67,152.1,152.1,146.91,147.34,147.22,147.39,"11,247","16,57,653.06",223
MAKEINDIA,EQ,2025-08-25,147.22,151.64,151.64,147.22,147.6,147.88,147.69,"28,675","42,34,941.85",282
MAKEINDIA,EQ,2025-08-26,147.88,148.81,148.81,145.75,146.01,146.04,146.38,"11,711","17,14,218.49",315
MAKEINDIA,EQ,2025-08-28,146.04,150.42,150.42,144.67,145.24,144.79,144.93,"55,159","79,93,924.78",327
MAKEINDIA,EQ,2025-08-29,144.79,149.13,149.13,144.1,144.73,144.83,144.81,"6,210","8,99,253.90",208
MAKEINDIA,EQ,2025-09-01,144.83,145.55,147.1,144.73,147.1,147.03,146.33,"20,618","30,17,090.88",310
MAKEINDIA,EQ,2025-09-02,147.03,147.76,148.26,146.72,147.23,147.65,147.67,"32,585","48,11,774.05",308
MAKEINDIA,EQ,2025-09-03,147.65,152.08,152.08,146.23,148.8,148.84,148.11,"27,819","41,20,339.41",261
MAKEINDIA,EQ,2025-09-04,148.84,152.0,152.0,148.17,148.27,148.31,149.44,"1,17,047","1,74,91,259.42",454
MAKEINDIA,EQ,2025-09-05,148.31,148.96,149.7,148.25,149.28,149.19,149.01,"13,642","20,32,854.44",278
MAKEINDIA,EQ,2025-09-08,149.19,151.83,151.9,148.0,150.93,150.68,150.55,"44,356","66,77,765.99",562
MAKEINDIA,EQ,2025-09-09,150.68,150.89,151.03,150.28,150.85,150.59,150.76,"24,809","37,40,126.40",332
MAKEINDIA,EQ,2025-09-10,150.59,151.96,151.96,150.44,150.76,150.52,151.06,"32,170","48,59,663.01",304
MAKEINDIA,EQ,2025-09-11,150.52,151.27,151.55,150.71,151.29,151.17,151.12,"19,010","28,72,729.81",264
MAKEINDIA,EQ,2025-09-12,151.17,151.75,152.4,151.51,152.05,152.18,152.03,"18,411","27,98,961.47",402
MAKEINDIA,EQ,2025-09-15,152.18,152.38,152.8,151.94,152.4,152.06,152.19,"58,111","88,43,748.62",415
MAKEINDIA,EQ,2025-09-16,152.06,152.56,154.0,152.36,153.65,153.76,153.36,"38,135","58,48,519.41",441
MAKEINDIA,EQ,2025-09-17,153.76,154.8,154.8,153.75,154.4,154.07,154.13,"26,328","40,57,913.77",401
MAKEINDIA,EQ,2025-09-18,154.07,154.56,154.84,153.77,154.5,154.66,154.27,"1,24,758","1,92,46,130.34",492
MAKEINDIA,EQ,2025-09-19,154.66,154.98,154.99,154.4,154.9,154.85,154.82,"51,621","79,92,065.62",381
MAKEINDIA,EQ,2025-09-22,154.85,156.9,156.9,153.4,153.79,153.71,154.42,"37,467","57,85,619.09",538
MAKEINDIA,EQ,2025-09-23,153.71,154.44,154.85,153.26,153.93,153.85,153.69,"12,005","18,44,991.39",259
MAKEINDIA,EQ,2025-09-24,153.85,154.1,154.1,152.5,152.74,152.76,153.02,"15,500","23,71,812.66",360
MAKEINDIA,EQ,2025-09-25,152.76,152.72,153.03,151.6,152.05,151.91,152.34,"28,561","43,50,978.31",268
MAKEINDIA,EQ,2025-09-26,151.91,151.72,151.84,149.34,149.83,149.5,150.31,"49,310","74,11,658.37",493
MAKEINDIA,EQ,2025-09-29,149.5,149.34,151.2,149.34,149.85,149.83,149.93,"27,891","41,81,716.81",298
MAKEINDIA,EQ,2025-09-30,149.83,150.33,150.46,149.44,150.11,150.13,149.86,"13,698","20,52,739.12",242
MAKEINDIA,EQ,2025-10-01,150.13,150.37,151.26,150.12,151.24,151.16,150.62,"13,447","20,25,346.50",257
MAKEINDIA,EQ,2025-10-03,151.16,154.7,154.7,150.95,151.93,151.95,151.56,"22,484","34,07,581.25",317
MAKEINDIA,EQ,2025-10-06,151.95,150.0,152.44,147.39,152.38,152.22,152.03,"20,767","31,57,256.16",316
MAKEINDIA,EQ,2025-10-07,152.22,153.15,153.15,152.22,152.56,152.55,152.52,"8,077","12,31,916.28",213
MAKEINDIA,EQ,2025-10-08,152.55,152.56,152.8,151.0,151.01,151.14,151.84,"34,261","52,02,174.16",324
MAKEINDIA,EQ,2025-10-09,151.14,151.89,152.36,151.21,152.31,152.03,151.81,"16,364","24,84,190.20",237
MAKEINDIA,EQ,2025-10-10,152.03,152.03,153.2,151.71,152.98,152.76,152.55,"18,647","28,44,667.46",282
MAKEINDIA,EQ,2025-10-13,152.76,152.45,152.58,151.41,152.47,152.28,152.0,"34,056","51,76,619.30",391
MAKEINDIA,EQ,2025-10-14,152.28,151.58,152.99,150.0,150.96,151.17,150.84,"82,016","1,23,71,432.94",482
MAKEINDIA,EQ,2025-10-15,151.17,151.84,152.45,151.47,151.87,151.86,152.19,"78,035","1,18,76,036.12",295
MAKEINDIA,EQ,2025-10-16,151.86,152.62,153.41,152.05,153.33,153.13,152.81,"29,849","45,61,369.88",256
MAKEINDIA,EQ,2025-10-17,153.13,153.1,153.91,152.67,153.2,153.18,153.28,"40,628","62,27,615.56",276
MAKEINDIA,EQ,2025-10-20,153.18,153.83,154.75,153.39,154.12,153.91,153.94,"16,283","25,06,544.66",406
MAKEINDIA,EQ,2025-10-21,153.91,154.72,156.5,153.9,154.18,154.32,154.4,"9,317","14,38,527.20",214
MAKEINDIA,EQ,2025-10-23,154.32,156.25,156.63,153.45,153.9,153.49,154.12,"53,893","83,06,223.85",401
MAKEINDIA,EQ,2025-10-24,153.49,155.49,155.8,153.2,153.5,153.73,153.87,"12,521","19,26,644.26",269
MAKEINDIA,EQ,2025-10-27,153.73,154.49,155.04,153.86,154.6,154.52,154.42,"27,433","42,36,326.02",363
MAKEINDIA,EQ,2025-10-28,154.52,155.29,155.29,154.0,154.6,154.41,154.56,"10,794","16,68,365.36",285
MAKEINDIA,EQ,2025-10-29,154.41,154.6,155.55,154.44,155.46,155.26,155.27,"40,475","62,84,597.38",278
MAKEINDIA,EQ,2025-10-30,155.26,155.26,155.26,154.44,155.26,154.99,154.98,"14,650","22,70,501.36",208
MAKEINDIA,EQ,2025-10-31,154.99,155.76,155.76,154.55,155.03,154.73,155.14,"21,940","34,03,664.93",252
MAKEINDIA,EQ,2025-11-03,154.73,155.39,155.43,154.65,155.3,155.27,154.95,"25,453","39,43,894.88",380
MAKEINDIA,EQ,2025-11-04,155.27,155.57,155.57,154.15,154.17,154.7,154.93,"41,389","64,12,363.71",348
MAKEINDIA,EQ,2025-11-06,154.7,154.73,154.74,152.89,152.89,153.18,153.53,"23,933","36,74,455.59",461
MAKEINDIA,EQ,2025-11-07,153.18,153.18,153.9,151.72,153.5,153.47,152.79,"11,675","17,83,871.75",315
MAKEINDIA,EQ,2025-11-10,153.47,157.59,157.59,153.7,154.54,154.46,154.39,"20,735","32,01,259.60",317
MAKEINDIA,EQ,2025-11-11,154.46,155.23,155.59,154.0,155.5,155.46,154.86,"8,357","12,94,153.71",255
MAKEINDIA,EQ,2025-11-12,155.46,154.69,158.48,154.69,156.25,156.38,156.94,"34,767","54,56,261.02",355
MAKEINDIA,EQ,2025-11-13,156.38,157.16,157.24,155.98,156.0,156.17,156.66,"15,151","23,73,496.73",289
MAKEINDIA,EQ,2025-11-14,156.17,156.95,156.95,155.07,155.63,155.53,155.68,"21,669","33,73,427.20",293
MAKEINDIA,EQ,2025-11-17,155.53,159.64,160.2,155.54,156.12,156.17,156.0,"18,391","28,68,935.04",355
MAKEINDIA,EQ,2025-11-18,156.17,155.71,156.17,155.07,155.58,155.32,155.5,"31,626","49,17,871.12",257
MAKEINDIA,EQ,2025-11-19,155.32,159.98,159.98,154.87,155.47,155.41,155.37,"7,830","12,16,522.95",225
MAKEINDIA,EQ,2025-11-20,155.41,155.69,156.08,155.28,155.43,155.57,155.68,"6,372","9,91,974.52",246
MAKEINDIA,EQ,2025-11-21,155.57,160.24,160.24,154.15,154.39,154.38,154.63,"19,726","30,50,168.31",302
MAKEINDIA,EQ,2025-11-24,154.38,154.94,154.94,152.85,152.88,152.91,153.27,"21,761","33,35,392.26",422
MAKEINDIA,EQ,2025-11-25,152.91,152.91,153.74,152.74,153.07,153.24,153.23,"14,461","22,15,908.63",210
MAKEINDIA,EQ,2025-11-26,153.24,153.91,155.57,153.81,155.54,155.23,155.08,"27,586","42,78,062.92",232
MAKEINDIA,EQ,2025-11-27,155.23,155.46,155.84,154.37,154.77,154.98,155.0,"18,526","28,71,562.71",267
MAKEINDIA,EQ,2025-11-28,154.98,154.98,155.65,154.89,155.4,155.42,155.34,"15,685","24,36,568.71",214
MAKEINDIA,EQ,2025-12-01,155.42,156.19,156.19,155.0,155.54,155.46,155.62,"13,724","21,35,700.87",369
MAKEINDIA,EQ,2025-12-02,155.46,156.14,156.14,154.68,155.2,155.15,155.29,"16,707","25,94,405.92",253
MAKEINDIA,EQ,2025-12-03,155.15,159.8,159.8,153.62,153.85,153.81,154.44,"27,337","42,21,824.46",287
MAKEINDIA,EQ,2025-12-04,153.81,153.51,156.57,153.51,154.21,154.12,154.22,"8,376","12,91,760.80",182
MAKEINDIA,EQ,2025-12-05,154.12,158.74,158.74,153.27,154.44,154.39,153.99,"17,424","26,83,196.16",376
MAKEINDIA,EQ,2025-12-08,154.39,159.02,159.02,151.5,151.95,151.6,152.54,"28,738","43,83,804.34",547
MAKEINDIA,EQ,2025-12-09,151.6,155.39,155.39,149.86,151.94,151.54,151.34,"30,740","46,52,132.80",391
MAKEINDIA,EQ,2025-12-10,151.54,153.81,153.81,151.41,151.6,151.79,152.07,"22,385","34,04,190.19",255
MAKEINDIA,EQ,2025-12-11,151.79,156.34,156.34,151.65,152.6,152.71,152.56,"6,750","10,29,750.89",179
MAKEINDIA,EQ,2025-12-12,152.71,155.0,155.0,153.43,154.52,154.54,154.01,"27,376","42,16,070.83",221
MAKEINDIA,EQ,2025-12-15,154.54,156.09,156.09,153.3,154.2,154.16,153.87,"11,256","17,31,919.18",281
MAKEINDIA,EQ,2025-12-16,154.16,156.47,156.47,153.09,153.61,153.78,153.51,"3,150","4,83,553.21",199
MAKEINDIA,EQ,2025-12-17,153.78,156.97,156.97,153.0,153.27,153.49,153.41,"8,164","12,52,425.62",194
MAKEINDIA,EQ,2025-12-18,153.49,149.65,156.0,149.65,152.81,152.73,152.21,"7,886","12,00,360.97",295
MAKEINDIA,EQ,2025-12-19,152.73,153.78,154.2,152.77,154.2,154.11,153.44,"9,348","14,34,376.25",171
MAKEINDIA,EQ,2025-12-22,154.11,156.42,156.43,154.32,155.5,155.78,155.39,"16,150","25,09,607.00",310
MAKEINDIA,EQ,2025-12-23,155.78,157.49,157.49,155.1,155.55,155.29,155.41,"41,305","64,19,354.52",237
MAKEINDIA,EQ,2025-12-24,155.29,157.49,158.97,155.0,155.11,155.2,155.55,"10,947","17,02,852.54",203
MAKEINDIA,EQ,2025-12-26,155.2,157.49,157.49,154.4,154.68,154.63,154.89,"10,317","15,98,020.64",275
MAKEINDIA,EQ,2025-12-29,154.63,159.27,159.27,153.65,153.9,153.93,154.56,"30,457","47,07,509.43",329
MAKEINDIA,EQ,2025-12-30,153.93,156.23,156.23,153.35,154.37,154.27,154.07,"14,820","22,83,320.35",203
MAKEINDIA,EQ,2025-12-31,154.27,158.12,158.12,154.78,156.1,156.48,156.12,"31,595","49,32,744.85",272
MAKEINDIA,EQ,2026-01-01,156.48,156.48,156.99,155.86,156.58,156.92,156.65,"12,480","19,54,988.52",320
MAKEINDIA,EQ,2026-01-02,156.92,159.7,159.7,157.22,158.23,158.21,157.95,"26,494","41,84,679.85",501
MAKEINDIA,EQ,2026-01-05,158.21,158.21,159.73,158.2,158.97,159.05,159.13,"68,250","1,08,60,575.21",875
MAKEINDIA,EQ,2026-01-06,159.05,159.06,159.35,158.31,159.01,159.04,158.91,"34,625","55,02,175.90",605
MAKEINDIA,EQ,2026-01-07,159.04,159.04,159.44,158.27,158.96,159.0,158.89,"27,701","44,01,294.35",445
MAKEINDIA,EQ,2026-01-08,159.0,159.01,159.01,156.01,156.13,156.24,157.25,"26,882","42,27,245.19",739
MAKEINDIA,EQ,2026-01-09,156.24,159.24,159.24,154.58,155.2,154.68,155.27,"36,255","56,29,467.38",535
MAKEINDIA,EQ,2026-01-12,154.68,158.47,158.47,152.61,155.62,155.43,153.94,"1,44,357","2,22,22,690.78",679
MAKEINDIA,EQ,2026-01-13,155.43,159.7,159.7,153.5,154.15,154.39,154.16,"1,33,700","2,06,11,014.26",470
MAKEINDIA,EQ,2026-01-14,154.39,154.85,155.64,153.61,155.19,155.18,154.86,"98,459","1,52,47,730.21",279
MAKEINDIA,EQ,2026-01-16,155.18,155.26,155.95,153.63,153.67,154.5,154.98,"1,57,942","2,44,78,122.24",858
MAKEINDIA,EQ,2026-01-19,154.5,152.94,156.64,152.94,153.76,153.85,153.9,"2,09,093","3,21,79,708.64",649
MAKEINDIA,EQ,2026-01-20,153.85,158.47,158.47,150.0,150.41,150.31,151.52,"22,015","33,35,817.12",731
MAKEINDIA,EQ,2026-01-21,150.31,151.06,151.06,148.0,149.84,149.48,150.07,"1,02,506","1,53,83,125.09",624
MAKEINDIA,EQ,2026-01-22,149.48,150.98,152.3,150.58,151.3,151.6,151.19,"22,572","34,12,731.93",237
MAKEINDIA,EQ,2026-01-23,151.6,153.04,153.04,149.6,149.6,150.04,150.97,"1,74,988","2,64,18,789.05",458
MAKEINDIA,EQ,2026-01-27,150.04,151.48,151.48,148.59,150.62,150.17,149.82,"64,067","95,98,680.50",509
MAKEINDIA,EQ,2026-01-28,150.17,152.14,153.54,150.54,153.53,153.29,152.3,"44,350","67,54,472.25",507
MAKEINDIA,EQ,2026-01-29,153.29,153.24,156.49,151.8,153.17,153.48,153.11,"86,505","1,32,45,038.20",540
MAKEINDIA,EQ,2026-01-30,153.48,153.23,153.23,151.55,152.62,152.77,152.18,"1,13,225","1,72,30,218.81",574
MAKEINDIA,EQ,2026-02-01,152.77,152.71,154.41,146.86,148.99,149.05,152.17,"2,78,874","4,24,37,620.55","1,115"
MAKEINDIA,EQ,2026-02-02,149.05,149.79,151.65,147.59,151.65,151.38,150.15,"40,329","60,55,256.09",514
MAKEINDIA,EQ,2026-02-03,151.38,154.73,158.49,154.73,156.1,156.08,156.22,"1,40,497","2,19,48,453.14",737
MAKEINDIA,EQ,2026-02-04,156.08,157.47,157.55,155.55,157.3,157.26,157.03,"39,020","61,27,157.12",565
MAKEINDIA,EQ,2026-02-05,157.26,157.26,157.26,155.0,156.2,156.4,156.05,"19,316","30,14,189.77",559
MAKEINDIA,EQ,2026-02-06,156.4,156.78,156.78,154.74,156.36,156.11,155.34,"20,946","32,53,741.28",411
MAKEINDIA,EQ,2026-02-09,156.11,156.8,158.64,156.59,158.5,158.54,157.9,"55,257","87,25,079.34",613
MAKEINDIA,EQ,2026-02-10,158.54,158.54,159.49,158.53,159.03,159.02,159.02,"35,139","55,87,810.96",673
MAKEINDIA,EQ,2026-02-11,159.02,159.81,160.25,159.1,159.9,160.11,159.96,"56,024","89,61,539.20",513
MAKEINDIA,EQ,2026-02-12,160.11,160.25,160.25,159.43,160.08,159.79,159.86,"84,507","1,35,09,453.11",561
MAKEINDIA,EQ,2026-02-13,159.79,158.75,159.26,157.48,157.48,158.01,158.22,"67,798","1,07,27,256.99",696
MAKEINDIA,EQ,2026-02-16,158.01,158.41,158.56,157.29,158.48,158.3,158.13,"61,144","96,68,749.70",629
MAKEINDIA,EQ,2026-02-17,158.3,158.3,163.05,157.72,158.89,158.74,158.23,"1,63,822","2,59,21,254.42",613
MAKEINDIA,EQ,2026-02-18,158.74,162.7,162.7,158.37,159.48,159.76,159.36,"21,363","34,04,444.47",363
MAKEINDIA,EQ,2026-02-19,159.76,161.14,161.14,156.79,157.33,157.24,158.85,"74,452","1,18,26,881.84",637
MAKEINDIA,EQ,2026-02-20,157.24,161.17,161.17,157.14,158.58,158.55,158.61,"36,165","57,36,132.98",374
MAKEINDIA,EQ,2026-02-23,158.55,158.55,159.58,157.0,158.75,158.56,158.64,"23,095","36,63,806.08",496
MAKEINDIA,EQ,2026-02-24,158.56,157.0,159.12,156.99,159.09,158.91,158.18,"18,030","28,52,032.51",407
MAKEINDIA,EQ,2026-02-25,158.91,155.0,161.97,155.0,161.05,161.04,160.76,"5,61,678","9,02,97,508.14",674
MAKEINDIA,EQ,2026-02-26,161.04,161.9,162.28,160.91,162.24,162.11,161.61,"50,271","81,24,522.89",673
MAKEINDIA,EQ,2026-02-27,162.11,162.93,162.93,159.5,159.58,160.04,160.34,"64,577","1,03,54,003.73",598
MAKEINDIA,EQ,2026-03-02,160.04,164.84,164.84,156.12,158.32,158.23,157.9,"93,929","1,48,31,310.92","1,261"
MAKEINDIA,EQ,2026-03-04,158.23,158.2,158.2,153.52,154.22,154.42,154.43,"1,22,149","1,88,63,166.06","1,094"
MAKEINDIA,EQ,2026-03-05,154.42,149.79,157.78,149.79,157.51,156.95,156.63,"54,867","85,94,082.01",403
MAKEINDIA,EQ,2026-03-06,156.95,157.89,158.22,156.6,157.18,156.86,157.58,"41,550","65,47,352.45",461
MAKEINDIA,EQ,2026-03-09,156.86,155.85,155.85,151.28,153.35,153.46,152.84,"71,284","1,08,95,169.81",991
MAKEINDIA,EQ,2026-03-10,153.46,157.14,158.06,154.21,156.47,156.01,155.32,"23,998","37,27,431.31",380
MAKEINDIA,EQ,2026-03-11,156.01,160.69,160.69,153.59,154.11,154.08,154.88,"54,646","84,63,413.00",616
MAKEINDIA,EQ,2026-03-12,154.08,155.68,155.68,151.01,153.11,153.07,152.7,"50,336","76,86,396.33",589
MAKEINDIA,EQ,2026-03-13,153.07,152.89,153.07,147.98,148.37,148.31,149.01,"60,307","89,86,471.79","1,359"
MAKEINDIA,EQ,2026-03-16,148.31,152.01,152.01,145.5,147.79,147.87,147.11,"62,616","92,11,634.47",879
MAKEINDIA,EQ,2026-03-17,147.87,148.6,150.47,147.9,150.14,150.06,149.36,"57,627","86,07,286.70",452
MAKEINDIA,EQ,2026-03-18,150.06,150.4,151.91,150.06,151.35,151.6,151.44,"46,858","70,96,270.62",365
MAKEINDIA,EQ,2026-03-19,151.6,149.76,149.76,145.94,147.0,146.43,147.71,"41,124","60,74,573.16","1,019"
MAKEINDIA,EQ,2026-03-20,146.43,149.97,149.97,147.29,147.87,147.31,147.94,"43,728","64,69,255.97",360
MAKEINDIA,EQ,2026-03-23,147.31,146.57,146.61,142.34,142.74,142.62,143.03,"1,06,795","1,52,75,162.96","1,199"
MAKEINDIA,EQ,2026-03-24,142.62,145.47,146.44,143.12,145.74,145.64,145.32,"73,265","1,06,47,153.81",502
MAKEINDIA,EQ,2026-03-25,145.64,146.76,149.25,146.76,148.5,148.47,148.49,"36,473","54,16,010.54",410
MAKEINDIA,EQ,2026-03-27,148.47,152.92,152.92,144.69,145.1,144.97,145.72,"29,180","42,51,984.61",740
MAKEINDIA,EQ,2026-03-30,144.97,149.32,149.32,142.2,142.42,142.4,143.15,"43,674","62,51,841.70",784
MAKEINDIA,EQ,2026-04-01,142.4,146.67,147.29,144.27,144.77,144.44,145.02,"31,277","45,35,859.68",556
MAKEINDIA,EQ,2026-04-02,144.44,148.77,148.77,140.12,144.01,144.2,143.51,"1,34,458","1,92,95,830.58",775
MAKEINDIA,EQ,2026-04-06,144.2,145.97,145.97,142.41,144.88,144.87,144.77,"1,47,370","2,13,34,497.85",916
MAKEINDIA,EQ,2026-04-07,144.87,149.22,149.22,143.25,145.88,145.88,144.78,"11,172","16,17,505.52",355
MAKEINDIA,EQ,2026-04-08,145.88,149.63,151.51,149.63,151.09,151.41,150.4,"1,15,665","1,73,96,048.17",490
MAKEINDIA,EQ,2026-04-09,151.41,151.4,152.67,150.49,151.87,151.64,151.64,"31,865","48,32,147.55",327
MAKEINDIA,EQ,2026-04-10,151.64,152.76,154.51,152.65,154.02,154.39,153.55,"47,817","73,42,185.97",410
MAKEINDIA,EQ,2026-04-13,154.39,154.39,154.39,150.8,152.68,152.64,152.2,"25,947","39,49,207.32",583
MAKEINDIA,EQ,2026-04-15,152.64,157.22,157.22,154.58,155.39,155.4,155.3,"3,60,694","5,60,17,530.89",905
MAKEINDIA,EQ,2026-04-16,155.4,157.43,157.43,155.0,156.39,156.34,155.84,"4,13,140","6,43,84,838.56","1,159"
MAKEINDIA,EQ,2026-04-17,156.34,156.3,158.18,156.29,158.17,158.02,157.53,"31,468","49,57,271.29",410
MAKEINDIA,EQ,2026-04-20,158.02,157.14,158.77,156.38,157.82,158.2,158.09,"1,12,813","1,78,34,209.49",582
MAKEINDIA,EQ,2026-04-21,158.2,158.41,158.94,157.84,158.22,158.22,158.52,"42,881","67,97,432.11",346
MAKEINDIA,EQ,2026-04-22,158.22,158.04,158.8,157.69,158.43,158.49,158.3,"57,674","91,30,022.90",405
MAKEINDIA,EQ,2026-04-23,158.49,158.07,158.36,156.91,157.43,157.34,157.52,"86,792","1,36,71,472.47",446
MAKEINDIA,EQ,2026-04-24,157.34,161.27,161.27,155.38,156.77,155.92,156.26,"1,45,230","2,26,93,956.43",529
MAKEINDIA,EQ,2026-04-27,155.92,157.52,158.82,156.91,158.79,158.67,158.32,"25,598","40,52,648.08",432
MAKEINDIA,EQ,2026-04-28,158.67,158.07,159.38,158.0,158.49,158.24,158.56,"10,884","17,25,796.65",326
MAKEINDIA,EQ,2026-04-29,158.24,159.16,160.08,158.7,158.76,158.99,159.4,"78,893","1,25,75,603.60",425
MAKEINDIA,EQ,2026-04-30,158.99,158.56,158.7,156.19,158.21,157.84,157.18,"32,907","51,72,203.69",534
MAKEINDIA,EQ,2026-05-04,157.84,156.09,159.95,154.68,159.07,159.34,159.48,"58,752","93,70,007.72",720
MAKEINDIA,EQ,2026-05-05,159.34,163.32,163.32,158.17,159.33,159.1,158.87,"20,696","32,87,965.26",382
MAKEINDIA,EQ,2026-05-06,159.1,163.07,163.07,160.21,161.93,161.97,161.16,"80,636","1,29,95,240.73",571
MAKEINDIA,EQ,2026-05-07,161.97,166.01,166.01,162.15,163.29,163.68,163.33,"76,779","1,25,40,534.36",648
MAKEINDIA,EQ,2026-05-08,163.68,167.77,167.77,162.48,162.88,163.01,163.07,"39,723","64,77,613.04",503
MAKEINDIA,EQ,2026-05-11,163.01,167.08,167.08,159.51,160.6,160.62,160.98,"41,535","66,86,478.35",825
MAKEINDIA,EQ,2026-05-12,160.62,164.63,164.63,157.29,157.94,157.49,158.78,"57,694","91,60,809.17",732
MAKEINDIA,EQ,2026-05-13,157.49,158.74,159.54,157.02,158.99,158.5,158.44,"38,484","60,97,314.14",405
MAKEINDIA,EQ,2026-05-14,158.5,159.87,160.88,158.51,160.88,160.77,160.52,"38,753","62,20,645.41",343
MAKEINDIA,EQ,2026-05-15,160.77,164.78,164.78,159.0,159.66,159.34,159.64,"40,739","65,03,590.91",467
MAKEINDIA,EQ,2026-05-18,159.34,162.53,162.53,156.06,157.83,158.36,157.68,"39,161","61,74,964.38",587
MAKEINDIA,EQ,2026-05-19,158.36,163.11,163.11,158.01,158.44,158.27,158.63,"7,591","12,04,150.75",254
MAKEINDIA,EQ,2026-05-20,158.27,163.02,163.02,157.0,159.2,159.51,158.56,"19,531","30,96,867.99",279
MAKEINDIA,EQ,2026-05-21,159.51,160.66,160.78,159.78,159.79,159.92,160.4,"11,498","18,44,264.82",265
MAKEINDIA,EQ,2026-05-22,159.92,160.57,160.59,159.82,160.4,160.38,160.29,"59,433","95,26,735.02",316
MAKEINDIA,EQ,2026-05-25,160.38,157.17,162.06,157.17,161.85,161.64,161.53,"33,665","54,37,788.41",516
MAKEINDIA,EQ,2026-05-26,161.64,161.72,162.24,161.37,161.9,161.53,161.67,"1,42,752","2,30,78,938.81",416
MAKEINDIA,EQ,2026-05-27,161.53,162.62,163.99,162.39,163.98,163.84,163.16,"56,380","91,99,241.21",500
MAKEINDIA,EQ,2026-05-29,163.84,167.12,167.12,160.37,161.67,161.12,162.33,"56,563","91,82,001.29",783
MAKEINDIA,EQ,2026-06-01,161.12,164.34,164.34,159.5,159.81,159.94,160.06,"66,878","1,07,04,476.81",592
MAKEINDIA,EQ,2026-06-02,159.94,159.61,160.18,156.74,159.66,159.79,159.14,"18,083","28,77,806.82",492
MAKEINDIA,EQ,2026-06-03,159.79,159.54,160.37,158.55,160.0,160.12,159.75,"21,556","34,43,583.90",362
MAKEINDIA,EQ,2026-06-04,160.12,159.61,161.19,159.07,160.05,160.05,160.54,"41,332","66,35,258.72",321
MAKEINDIA,EQ,2026-06-05,160.05,161.14,161.29,159.26,159.75,159.75,160.04,"35,949","57,53,169.92",333
MAKEINDIA,EQ,2026-06-08,159.75,160.75,160.75,156.56,156.74,157.36,157.85,"34,393","54,28,835.90",729
MAKEINDIA,EQ,2026-06-09,157.36,157.3,158.79,157.3,158.69,158.39,158.19,"17,793","28,14,758.78",297
MAKEINDIA,EQ,2026-06-10,158.39,158.39,158.85,156.56,157.37,157.03,157.8,"4,02,687","6,35,42,579.07",733
MAKEINDIA,EQ,2026-06-11,157.03,156.07,157.29,156.0,156.74,156.46,156.51,"53,258","83,35,501.42",503
MAKEINDIA,EQ,2026-06-12,156.46,160.37,160.37,157.05,159.2,159.12,158.37,"29,240","46,30,651.81",425
MAKEINDIA,EQ,2026-06-15,159.12,160.76,164.61,159.2,161.89,162.15,161.46,"56,388","91,04,452.30",537
MAKEINDIA,EQ,2026-06-16,162.15,166.2,166.2,160.61,161.49,161.4,161.32,"25,489","41,11,822.65",412
MAKEINDIA,EQ,2026-06-17,161.4,161.0,163.0,161.0,162.67,162.61,162.2,"29,969","48,60,999.97",303
MAKEINDIA,EQ,2026-06-18,162.61,164.21,164.21,162.01,163.0,162.89,162.69,"41,885","68,14,352.16",407
MAKEINDIA,EQ,2026-06-19,162.89,163.26,163.26,162.03,163.15,162.83,162.49,"30,681","49,85,376.12",391
MAKEINDIA,EQ,2026-06-22,162.83,162.83,164.46,162.83,164.09,163.94,163.81,"59,840","98,02,315.01",500
MAKEINDIA,EQ,2026-06-23,163.94,163.94,164.09,161.68,162.16,161.9,162.4,"59,617","96,81,629.29",483
MAKEINDIA,EQ,2026-06-24,161.9,164.09,164.09,160.9,161.39,161.17,161.53,"28,313","45,73,418.50",471
MAKEINDIA,EQ,2026-06-25,161.17,162.08,162.99,161.8,161.8,161.95,162.31,"14,128","22,93,088.10",324
MAKEINDIA,EQ,2026-06-29,161.95,165.19,165.19,160.25,161.0,160.7,161.26,"25,286","40,77,695.99",597
MAKEINDIA,EQ,2026-06-30,160.7,160.5,162.16,160.03,161.75,161.33,161.13,"15,196","24,48,544.65",291
MAKEINDIA,EQ,2026-07-01,161.33,161.68,162.34,161.07,161.56,161.59,161.66,"17,754","28,70,094.05",388
MAKEINDIA,EQ,2026-07-02,161.59,164.14,165.99,161.05,162.55,163.26,162.91,"46,119","75,13,216.60",514
MAKEINDIA,EQ,2026-07-03,163.26,162.95,163.42,162.03,162.44,162.4,162.4,"48,171","78,22,855.82",534
MAKEINDIA,EQ,2026-07-06,162.4,162.4,165.2,161.59,163.89,164.26,163.98,"52,863","86,68,693.36",631
MAKEINDIA,EQ,2026-07-07,164.26,164.5,164.5,162.29,162.69,162.67,162.86,"66,121","1,07,68,141.15",637
MAKEINDIA,EQ,2026-07-08,162.67,164.3,164.3,159.4,160.33,159.91,160.83,"25,121","40,40,156.67",538
MAKEINDIA,EQ,2026-07-09,159.91,161.6,161.6,159.95,160.36,160.23,160.75,"17,557","28,22,320.26",332
MAKEINDIA,EQ,2026-07-10,160.23,160.51,162.49,160.51,161.84,162.18,161.87,"35,290","57,12,470.92",419
MAKEINDIA,EQ,2026-07-13,162.18,163.9,163.9,160.26,161.38,161.44,161.3,"14,821","23,90,630.18",467
MAKEINDIA,EQ,2026-07-14,161.44,157.4,161.7,157.4,161.33,161.27,161.24,"18,963","30,57,598.27",284
MAKEINDIA,EQ,2026-07-15,161.27,162.49,162.57,161.61,162.0,161.97,162.2,"11,779","19,10,518.31",229
MAKEINDIA,EQ,2026-07-16,161.97,162.26,163.0,161.9,162.16,161.97,162.6,"1,33,484","2,17,04,761.11",327
MAKEINDIA,EQ,2026-07-17,161.97,162.0,162.38,161.42,161.62,161.76,161.83,"20,678","33,46,323.09",285
MAKEINDIA,EQ,2026-07-20,161.76,165.0,165.0,161.76,163.0,162.88,162.69,"25,417","41,35,048.73",371
MAKEINDIA,EQ,2026-07-21,162.88,162.68,163.5,162.21,163.38,163.28,162.86,"31,750","51,70,823.78",265
MAKEINDIA,EQ,2026-07-22,163.28,163.28,164.02,162.22,162.3,162.61,162.68,"20,959","34,09,546.64",332
MAKEINDIA,EQ,2026-07-23,162.61,162.19,163.41,161.56,162.18,162.06,162.15,"24,428","39,61,092.67",326
MAKEINDIA,EQ,2026-07-24,162.06,160.82,162.5,160.01,161.55,161.52,161.12,"20,574","33,14,965.67",408
MAKEINDIA,EQ,2026-07-27,161.52,161.85,163.15,161.73,162.68,163.08,162.86,"24,626","40,10,643.87",351
MAKEINDIA,EQ,2026-07-28,163.08,162.83,162.83,161.97,162.5,162.11,162.26,"16,060","26,05,818.27",293
MAKEINDIA,EQ,2026-07-29,162.11,162.6,163.65,162.55,163.6,163.6,163.21,"49,559","80,88,722.32",282
MAKEINDIA,EQ,2026-07-30,163.6,166.87,166.87,162.92,163.97,164.26,163.64,"25,114","41,09,743.85",281
MAKEINDIA,EQ,2026-07-31,164.26,165.0,166.69,164.8,166.05,166.26,166.22,"1,47,756","2,45,59,692.89",673
MAKEINDIA,EQ,2026-08-03,166.26,166.7,168.29,166.66,167.86,167.29,167.26,"54,293","90,81,185.67",726
MAKEINDIA,EQ,2026-08-04,167.29,167.8,168.38,166.97,167.67,167.01,167.4,"51,177","85,67,227.79",454
MAKEINDIA,EQ,2026-08-05,167.01,167.01,168.86,167.01,168.62,168.57,168.46,"37,694","63,49,945.23",434
MAKEINDIA,EQ,2026-08-06,168.57,168.26,169.41,168.18,168.99,168.89,169.03,"68,820","1,16,32,476.71",450
MAKEINDIA,EQ,2026-08-07,168.89,173.11,173.11,165.0,169.65,169.61,169.37,"89,589","1,51,73,500.79",489
MAKEINDIA,EQ,2026-08-10,169.61,169.63,170.24,169.14,169.79,169.59,169.76,"1,23,191","2,09,12,609.83",697
MAKEINDIA,EQ,2026-08-11,169.59,169.77,169.94,168.63,169.0,169.1,169.12,"38,386","64,91,710.85",442
MAKEINDIA,EQ,2026-08-12,169.1,169.1,169.69,168.41,169.08,169.02,168.92,"32,509","54,91,514.59",440
MAKEINDIA,EQ,2026-08-13,169.02,169.0,169.66,168.59,168.59,168.91,168.94,"26,739","45,17,267.43",360
MAKEINDIA,EQ,2026-08-14,168.91,168.62,169.0,168.18,168.69,168.82,168.77,"25,558","43,13,488.43",373
MAKEINDIA,EQ,2026-08-17,168.82,170.51,170.51,168.21,169.06,169.29,168.73,"73,257","1,23,60,929.31",553
MAKEINDIA,EQ,2026-08-18,169.29,169.3,169.58,168.66,168.67,168.94,168.99,"85,436","1,44,37,442.97",905
MAKEINDIA,EQ,2026-08-19,168.94,170.63,170.63,167.39,167.97,167.71,167.73,"40,807","68,44,465.99",478
MAKEINDIA,EQ,2026-08-20,167.71,168.76,168.76,167.78,167.78,167.92,168.25,"29,781","50,10,580.02",356
MAKEINDIA,EQ,2026-08-21,167.92,168.24,168.4,167.33,167.5,167.76,167.78,"69,445","1,16,51,720.42",469
MAKEINDIA,EQ,2026-08-24,167.76,167.76,168.5,167.45,168.15,167.93,167.84,"28,588","47,98,328.25",469
MAKEINDIA,EQ,2026-08-25,167.93,167.99,169.04,166.92,169.04,168.14,167.69,"43,860","73,54,780.12",411
MAKEINDIA,EQ,2026-08-26,168.14,171.5,171.5,168.29,168.45,168.93,168.86,"79,045","1,33,47,320.93",405
MAKEINDIA,EQ,2026-08-27,168.93,170.24,170.24,165.55,168.85,168.87,168.72,"27,609","46,58,103.09",353
MAKEINDIA,EQ,2026-08-28,168.87,169.04,169.05,167.79,168.55,168.4,168.33,"67,914","1,14,32,202.15",363
MAKEINDIA,EQ,2026-08-31,168.4,171.77,171.77,166.54,168.42,167.62,167.4,"47,618","79,71,373.15",563
MAKEINDIA,EQ,2026-09-01,167.62,169.98,169.98,166.11,166.34,166.46,167.13,"22,257","37,19,756.89",474
MAKEINDIA,EQ,2026-09-02,166.46,166.46,166.46,164.0,165.76,164.96,164.94,"89,176","1,47,08,992.05",785
MAKEINDIA,EQ,2026-09-03,164.96,167.0,167.0,165.24,165.88,165.47,165.65,"22,062","36,54,650.39",372
MAKEINDIA,EQ,2026-09-04,165.47,165.42,165.79,165.06,165.37,165.23,165.34,"32,053","52,99,652.90",383
MAKEINDIA,EQ,2026-09-07,165.23,165.23,168.53,164.31,164.7,164.92,164.92,"61,763","1,01,85,831.27",759
MAKEINDIA,EQ,2026-09-08,164.92,167.84,167.84,164.6,165.35,165.46,165.1,"31,695","52,32,701.23",419
MAKEINDIA,EQ,2026-09-09,165.46,165.93,165.93,164.6,165.25,165.28,165.11,"23,943","39,53,269.96",460
MAKEINDIA,EQ,2026-09-10,165.28,165.92,165.92,163.6,164.31,163.9,163.78,"66,888","1,09,54,615.95",590
MAKEINDIA,EQ,2026-09-11,163.9,163.46,163.46,161.29,162.8,162.79,162.15,"68,217","1,10,61,695.86",767
MAKEINDIA,EQ,2026-09-15,162.79,159.53,164.48,158.63,158.81,158.97,160.31,"44,125","70,73,753.86","1,167"
MAKEINDIA,EQ,2026-09-16,158.97,160.98,160.98,157.23,159.2,159.39,159.05,"39,316","62,53,190.80",584
MAKEINDIA,EQ,2026-09-17,159.39,162.24,162.24,159.43,161.34,161.14,160.84,"37,857","60,89,004.25",345
MAKEINDIA,EQ,2026-09-18,161.14,161.95,162.78,161.75,162.35,162.62,162.12,"56,042","90,85,800.26",339
MAKEINDIA,EQ,2026-09-21,162.62,163.0,163.18,162.17,162.53,162.68,162.68,"31,148","50,67,017.38",487
MAKEINDIA,EQ,2026-09-22,162.68,162.76,163.26,161.43,161.98,161.65,162.24,"17,768","28,82,610.12",368
MAKEINDIA,EQ,2026-09-23,161.65,161.92,163.13,161.75,163.0,163.01,162.74,"19,962","32,48,520.45",264
MAKEINDIA,EQ,2026-09-24,163.01,167.08,167.08,160.68,160.7,160.93,161.78,"19,729","31,91,798.71",515
MAKEINDIA,EQ,2026-09-25,160.93,160.93,161.75,160.47,161.43,161.55,161.2,"11,860","19,11,817.87",359
MAKEINDIA,EQ,2026-09-28,161.55,161.55,161.55,158.78,159.24,159.19,159.43,"41,640","66,38,657.86",847
MAKEINDIA,EQ,2026-09-29,159.19,160.83,160.83,157.75,158.09,158.6,158.38,"37,833","59,92,149.91",534
MAKEINDIA,EQ,2026-09-30,158.6,158.1,159.06,157.29,157.58,157.7,158.24,"26,088","41,28,066.50",476
MAKEINDIA,EQ,2026-10-01,157.7,157.7,158.48,152.68,154.87,154.68,154.67,"43,942","67,96,373.67","1,197"
MAKEINDIA,EQ,2026-10-05,154.68,156.23,156.23,153.9,154.49,154.82,154.78,"1,22,521","1,89,64,207.61",833
MAKEINDIA,EQ,2026-10-06,154.82,156.82,157.92,154.97,157.21,157.0,156.28,"21,627","33,79,850.28",340
MAKEINDIA,EQ,2026-10-07,157.0,157.0,157.0,154.81,155.34,155.25,155.4,"23,264","36,15,270.30",527
MAKEINDIA,EQ,2026-10-08,155.25,156.8,156.8,151.1,151.26,151.43,152.3,"39,422","60,03,939.23",903
