"ï»¿""Symbol  """,Series,Date,Prev Close,Open Price,High Price,Low Price,Last Price,Close Price,Average Price,Total Traded Quantity,Turnover â¹,No. of Trades
SBIETFCON,EQ,2021-07-29,64.19,62.0,64.99,62.0,63.9,63.99,63.85,"11,726","7,48,661.66",180
SBIETFCON,EQ,2021-07-30,63.99,64.5,64.75,62.92,64.05,63.9,63.99,"3,705","2,37,081.77",102
SBIETFCON,EQ,2021-08-02,63.9,64.99,65.0,63.1,64.29,64.08,64.28,"9,575","6,15,499.95",131
SBIETFCON,EQ,2021-08-03,64.08,64.4,65.0,64.2,65.0,64.93,64.75,"7,828","5,06,891.52",106
SBIETFCON,EQ,2021-08-04,64.93,66.5,66.5,64.05,64.65,64.68,64.81,"11,693","7,57,844.92",133
SBIETFCON,EQ,2021-08-05,64.68,64.5,65.8,64.15,64.58,64.61,64.83,"4,628","3,00,014.52",96
SBIETFCON,EQ,2021-08-06,64.61,65.7,65.7,64.6,64.95,64.87,64.89,"4,823","3,12,945.88",109
SBIETFCON,EQ,2021-08-09,64.87,66.0,66.0,64.5,65.03,64.6,64.97,"3,056","1,98,547.33",115
SBIETFCON,EQ,2021-08-10,64.6,65.8,65.8,64.5,64.8,64.69,64.75,"6,855","4,43,834.85",154
SBIETFCON,EQ,2021-08-11,64.69,64.5,65.6,63.91,64.79,64.69,64.27,"5,608","3,60,439.82",112
SBIETFCON,EQ,2021-08-12,64.69,65.09,65.09,63.34,64.82,64.82,64.62,"6,702","4,33,055.65",78
SBIETFCON,EQ,2021-08-13,64.82,63.53,65.29,63.53,65.15,65.02,64.98,"8,465","5,50,086.64",140
SBIETFCON,EQ,2021-08-16,65.02,66.1,66.1,64.04,65.0,64.86,64.95,"3,100","2,01,338.81",111
SBIETFCON,EQ,2021-08-17,64.86,65.9,66.0,64.81,66.0,65.66,65.45,"6,258","4,09,603.40",111
SBIETFCON,EQ,2021-08-18,65.66,65.31,65.9,65.31,65.75,65.75,65.63,"1,463","96,021.68",65
SBIETFCON,EQ,2021-08-20,65.75,66.7,66.7,65.32,65.76,65.89,65.83,"14,935","9,83,216.48",131
SBIETFCON,EQ,2021-08-23,65.89,67.8,67.8,65.41,66.0,66.32,66.22,"5,485","3,63,199.13",142
SBIETFCON,EQ,2021-08-24,66.32,67.7,67.7,65.51,66.0,65.98,65.94,"2,646","1,74,466.52",112
SBIETFCON,EQ,2021-08-25,65.98,67.5,67.5,65.61,66.2,65.72,65.93,"9,439","6,22,302.23",92
SBIETFCON,EQ,2021-08-26,65.72,66.45,67.36,65.26,66.07,65.46,65.73,"3,977","2,61,394.37",110
SBIETFCON,EQ,2021-08-27,65.46,65.95,66.34,65.42,66.33,66.03,66.2,"3,957","2,61,957.82",100
SBIETFCON,EQ,2021-08-30,66.03,66.1,67.65,66.1,66.81,66.96,66.74,"10,351","6,90,801.02",130
SBIETFCON,EQ,2021-08-31,66.96,67.0,68.6,67.0,68.6,68.53,67.89,"19,932","13,53,176.78",160
SBIETFCON,EQ,2021-09-01,68.53,70.0,70.0,68.6,69.44,69.35,69.41,"8,601","5,96,953.75",155
SBIETFCON,EQ,2021-09-02,69.35,69.28,69.99,69.28,69.94,69.83,69.86,"7,040","4,91,788.84",163
SBIETFCON,EQ,2021-09-03,69.83,70.0,70.29,69.33,70.15,70.09,69.94,"5,829","4,07,705.19",97
SBIETFCON,EQ,2021-09-06,70.09,71.0,71.25,69.6,69.9,69.89,70.08,"5,670","3,97,339.75",172
SBIETFCON,EQ,2021-09-07,69.89,69.89,71.2,69.62,70.0,70.03,70.24,"4,550","3,19,596.15",147
SBIETFCON,EQ,2021-09-08,70.03,71.3,71.3,69.6,70.51,70.48,70.38,"2,882","2,02,821.60",126
SBIETFCON,EQ,2021-09-09,70.48,69.1,71.9,69.1,70.86,70.73,70.76,"4,141","2,93,023.34",112
SBIETFCON,EQ,2021-09-13,70.73,70.44,71.8,70.15,70.8,71.11,70.87,"3,987","2,82,572.77",150
SBIETFCON,EQ,2021-09-14,71.11,72.0,72.0,70.5,71.3,71.31,71.28,"6,918","4,93,140.60",141
SBIETFCON,EQ,2021-09-15,71.31,72.75,72.75,70.71,71.94,71.29,71.56,"7,357","5,26,464.68",153
SBIETFCON,EQ,2021-09-16,71.29,72.75,72.75,71.45,72.36,72.35,72.15,"8,320","6,00,256.18",169
SBIETFCON,EQ,2021-09-17,72.35,73.4,73.4,71.7,72.85,72.69,72.94,"8,609","6,27,976.94",221
SBIETFCON,EQ,2021-09-20,72.69,73.0,73.0,71.55,72.39,71.9,72.37,"7,268","5,25,994.52",168
SBIETFCON,EQ,2021-09-21,71.9,73.0,73.0,71.51,72.63,72.62,72.59,"4,744","3,44,357.30",157
SBIETFCON,EQ,2021-09-22,72.62,73.75,73.75,72.41,72.56,72.56,72.61,"3,048","2,21,307.78",132
SBIETFCON,EQ,2021-09-23,72.56,74.2,74.2,72.63,73.5,73.39,73.34,"9,057","6,64,226.86",162
SBIETFCON,EQ,2021-09-24,73.39,73.39,74.2,73.39,73.94,73.8,73.84,"10,041","7,41,425.73",183
SBIETFCON,EQ,2021-09-27,73.8,74.2,74.39,72.55,73.75,73.81,73.54,"5,268","3,87,398.57",165
SBIETFCON,EQ,2021-09-28,73.81,72.65,74.3,71.73,72.02,72.32,72.59,"9,227","6,69,774.10",210
SBIETFCON,EQ,2021-09-29,72.32,73.85,73.85,72.4,72.66,72.85,73.0,"7,373","5,38,245.57",130
SBIETFCON,EQ,2021-09-30,72.85,73.15,73.15,71.8,72.2,72.81,72.62,"4,696","3,41,028.50",115
SBIETFCON,EQ,2021-10-01,72.81,72.8,72.8,71.15,72.0,71.97,71.9,"4,840","3,47,978.44",204
SBIETFCON,EQ,2021-10-04,71.97,71.97,72.89,71.05,72.35,72.38,72.26,"5,185","3,74,690.94",174
SBIETFCON,EQ,2021-10-05,72.38,72.9,72.9,71.31,72.13,72.22,72.34,"4,407","3,18,811.22",144
SBIETFCON,EQ,2021-10-06,72.22,72.22,72.82,71.5,71.78,72.17,72.04,"4,043","2,91,261.73",187
SBIETFCON,EQ,2021-10-07,72.17,72.7,72.94,71.11,72.17,72.35,72.29,"6,365","4,60,096.32",148
SBIETFCON,EQ,2021-10-08,72.35,73.8,74.2,72.21,72.4,72.36,72.79,"2,407","1,75,202.82",167
SBIETFCON,EQ,2021-10-11,72.36,73.5,73.7,72.36,72.64,72.92,73.31,"10,138","7,43,196.78",204
SBIETFCON,EQ,2021-10-12,72.92,74.2,74.2,72.81,74.0,73.65,73.36,"4,223","3,09,818.35",145
SBIETFCON,EQ,2021-10-13,73.65,74.5,75.5,73.65,75.39,74.94,74.36,"10,532","7,83,118.51",225
SBIETFCON,EQ,2021-10-14,74.94,75.02,76.45,75.02,75.66,75.39,75.43,"5,214","3,93,278.50",217
SBIETFCON,EQ,2021-10-18,75.39,75.39,77.0,75.29,75.98,75.95,76.04,"6,646","5,05,357.07",265
SBIETFCON,EQ,2021-10-19,75.95,75.5,76.7,73.6,73.63,74.68,75.26,"6,680","5,02,706.25",199
SBIETFCON,EQ,2021-10-20,74.68,75.92,75.92,73.05,73.4,73.81,73.96,"6,247","4,62,008.44",238
SBIETFCON,EQ,2021-10-21,73.81,74.0,74.0,71.2,72.0,72.2,72.26,"6,634","4,79,391.15",252
SBIETFCON,EQ,2021-10-22,72.2,72.0,72.7,71.0,72.1,71.24,71.89,"5,556","3,99,430.75",259
SBIETFCON,EQ,2021-10-25,71.24,71.24,72.7,70.16,70.5,70.71,70.81,"6,515","4,61,318.60",244
SBIETFCON,EQ,2021-10-26,70.71,71.5,71.95,70.56,71.7,71.17,71.38,"2,649","1,89,086.44",253
SBIETFCON,EQ,2021-10-27,71.17,72.4,72.9,70.71,71.81,72.34,71.93,"5,089","3,66,042.20",184
SBIETFCON,EQ,2021-10-28,72.34,72.4,72.4,70.75,71.15,71.26,71.33,"6,327","4,51,305.28",189
SBIETFCON,EQ,2021-10-29,71.26,71.7,71.7,69.51,70.75,70.76,70.69,"5,391","3,81,063.29",147
SBIETFCON,EQ,2021-11-01,70.76,70.76,71.7,70.11,71.07,71.49,70.88,"4,971","3,52,363.17",152
SBIETFCON,EQ,2021-11-02,71.49,71.49,72.25,71.06,71.3,71.31,71.64,"2,354","1,68,646.52",125
SBIETFCON,EQ,2021-11-03,71.31,71.9,72.5,71.0,71.5,71.16,71.63,"2,063","1,47,766.41",132
SBIETFCON,EQ,2021-11-04,71.16,72.0,76.15,71.25,72.99,73.9,73.32,"4,543","3,33,077.16",109
SBIETFCON,EQ,2021-11-08,73.9,72.99,73.0,72.0,72.2,72.27,72.26,"12,623","9,12,117.86",240
SBIETFCON,EQ,2021-11-09,72.27,73.0,73.0,71.51,72.44,72.29,72.42,"4,016","2,90,830.80",157
SBIETFCON,EQ,2021-11-10,72.29,71.55,72.9,71.55,72.45,72.24,72.26,"2,277","1,64,534.64",142
SBIETFCON,EQ,2021-11-11,72.24,73.5,73.5,71.7,72.69,72.67,72.52,"5,520","4,00,318.98",175
SBIETFCON,EQ,2021-11-12,72.67,72.11,73.4,72.11,72.88,72.69,72.82,"3,302","2,40,465.96",165
SBIETFCON,EQ,2021-11-15,72.69,72.69,74.0,72.69,73.48,73.2,73.47,"6,570","4,82,714.48",253
SBIETFCON,EQ,2021-11-16,73.2,74.6,74.6,73.21,73.85,73.96,73.99,"3,847","2,84,641.19",197
SBIETFCON,EQ,2021-11-17,73.96,73.85,74.6,73.85,74.3,74.21,74.33,"7,656","5,69,049.12",186
SBIETFCON,EQ,2021-11-18,74.21,73.61,74.9,73.05,73.85,73.83,73.76,"3,698","2,72,775.20",109
SBIETFCON,EQ,2021-11-22,73.83,73.21,74.7,72.05,72.79,72.78,73.04,"3,542","2,58,698.92",187
SBIETFCON,EQ,2021-11-23,72.78,71.55,72.8,71.55,72.75,72.69,72.5,"1,646","1,19,332.20",98
SBIETFCON,EQ,2021-11-24,72.69,72.05,73.7,72.05,72.58,72.58,72.63,"2,559","1,85,865.84",112
SBIETFCON,EQ,2021-11-25,72.58,71.55,72.9,71.55,72.47,72.18,72.33,"1,536","1,11,097.07",96
SBIETFCON,EQ,2021-11-26,72.18,72.9,72.9,70.7,70.99,70.82,71.35,"4,536","3,23,647.76",146
SBIETFCON,EQ,2021-11-29,70.82,70.82,77.31,69.01,70.55,70.58,70.72,"10,488","7,41,739.20",233
SBIETFCON,EQ,2021-11-30,70.58,70.9,71.56,69.44,70.5,70.74,71.26,"5,208","3,71,122.53",178
SBIETFCON,EQ,2021-12-01,70.74,71.5,71.5,69.55,70.05,70.16,70.3,"6,988","4,91,224.99",172
SBIETFCON,EQ,2021-12-02,70.16,69.8,71.44,69.8,71.2,71.01,70.83,"2,669","1,89,037.62",121
SBIETFCON,EQ,2021-12-03,71.01,71.7,71.7,70.4,70.58,70.55,70.75,"3,932","2,78,203.22",115
SBIETFCON,EQ,2021-12-06,70.55,70.55,70.95,69.05,69.39,69.34,69.62,"17,700","12,32,360.40",247
SBIETFCON,EQ,2021-12-07,69.34,70.0,70.04,69.02,69.84,69.74,69.4,"4,535","3,14,714.58",148
SBIETFCON,EQ,2021-12-08,69.74,70.7,71.1,69.8,71.0,70.54,70.47,"11,774","8,29,672.28",144
SBIETFCON,EQ,2021-12-09,70.54,71.1,71.66,70.25,71.0,70.99,70.38,"6,408","4,50,983.40",141
SBIETFCON,EQ,2021-12-10,70.99,72.5,72.5,70.5,71.06,71.3,71.11,"1,467","1,04,324.39",119
SBIETFCON,EQ,2021-12-13,71.3,71.3,73.4,70.5,71.19,71.09,71.37,"7,805","5,57,064.79",204
SBIETFCON,EQ,2021-12-14,71.09,71.45,71.45,70.05,70.84,70.69,70.95,"6,828","4,84,457.61",142
SBIETFCON,EQ,2021-12-15,70.69,71.2,71.2,69.81,70.5,70.32,70.38,"1,616","1,13,728.68",129
SBIETFCON,EQ,2021-12-16,70.32,71.4,71.4,69.7,69.81,69.83,70.11,"2,519","1,76,611.73",117
SBIETFCON,EQ,2021-12-17,69.83,70.7,70.7,68.55,69.18,68.81,69.08,"6,972","4,81,641.14",210
SBIETFCON,EQ,2021-12-20,68.81,68.8,68.8,66.51,67.39,67.3,67.24,"15,857","10,66,155.20",295
SBIETFCON,EQ,2021-12-21,67.3,68.65,68.7,67.3,68.49,68.49,68.23,"8,727","5,95,405.76",165
SBIETFCON,EQ,2021-12-22,68.49,68.95,68.95,67.75,68.73,68.58,68.53,"1,230","84,289.96",126
SBIETFCON,EQ,2021-12-23,68.58,69.8,69.8,68.58,69.4,69.4,69.29,"1,668","1,15,581.71",132
SBIETFCON,EQ,2021-12-24,69.4,69.4,70.0,68.7,69.01,68.86,68.96,"1,257","86,684.83",140
SBIETFCON,EQ,2021-12-27,68.86,69.5,69.5,67.64,69.04,68.72,68.61,"3,373","2,31,419.98",151
SBIETFCON,EQ,2021-12-28,68.72,69.0,69.75,68.52,69.2,69.22,69.25,"4,582","3,17,302.36",141
SBIETFCON,EQ,2021-12-29,69.22,69.22,70.3,69.05,69.7,69.56,69.89,"1,839","1,28,535.93",146
SBIETFCON,EQ,2021-12-30,69.56,70.0,70.0,69.35,69.5,69.5,69.53,"1,848","1,28,495.19",118
SBIETFCON,EQ,2021-12-31,69.5,69.9,70.5,69.8,70.5,70.29,70.14,"7,804","5,47,348.84",149
SBIETFCON,EQ,2022-01-03,70.29,70.1,71.9,70.1,70.78,71.11,71.24,"8,685","6,18,724.21",187
SBIETFCON,EQ,2022-01-04,71.11,71.11,71.7,70.56,70.85,70.81,70.85,"2,087","1,47,857.67",118
SBIETFCON,EQ,2022-01-05,70.81,70.85,71.7,70.55,71.65,71.27,71.34,"7,302","5,20,894.75",172
SBIETFCON,EQ,2022-01-06,71.27,70.7,71.99,70.57,71.73,71.54,71.12,"11,085","7,88,396.97",135
SBIETFCON,EQ,2022-01-07,71.54,71.73,72.5,71.15,72.23,72.26,71.99,"4,109","2,95,817.44",149
SBIETFCON,EQ,2022-01-10,72.26,72.5,73.0,71.5,72.35,72.3,72.08,"8,825","6,36,079.36",153
SBIETFCON,EQ,2022-01-11,72.3,72.3,73.0,72.0,72.1,72.1,72.18,"3,377","2,43,765.20",118
SBIETFCON,EQ,2022-01-12,72.1,73.5,73.5,71.5,72.1,72.25,72.22,"4,483","3,23,759.26",107
SBIETFCON,EQ,2022-01-13,72.25,72.1,73.4,72.1,72.42,72.44,72.34,"2,186","1,58,134.31",119
SBIETFCON,EQ,2022-01-14,72.44,73.0,73.0,72.0,72.25,72.18,72.27,"3,506","2,53,372.43",101
SBIETFCON,EQ,2022-01-17,72.18,72.18,72.49,71.76,72.33,72.4,72.28,"5,335","3,85,634.49",113
SBIETFCON,EQ,2022-01-18,72.4,72.97,72.97,71.04,71.2,71.48,71.89,"3,812","2,74,053.60",125
SBIETFCON,EQ,2022-01-19,71.48,71.89,71.89,70.25,70.99,70.7,70.52,"3,899","2,74,973.67",97
SBIETFCON,EQ,2022-01-20,70.7,70.7,71.24,70.2,70.65,70.64,70.67,"3,072","2,17,097.66",121
SBIETFCON,EQ,2022-01-21,70.64,70.64,70.8,69.7,69.76,70.18,70.2,"2,765","1,94,094.07",113
SBIETFCON,EQ,2022-01-24,70.18,70.18,71.6,67.05,67.6,67.63,68.48,"11,173","7,65,115.66",237
SBIETFCON,EQ,2022-01-25,67.63,67.63,69.39,66.25,69.39,69.13,67.88,"4,489","3,04,692.88",135
SBIETFCON,EQ,2022-01-27,69.13,69.13,70.55,67.0,67.7,67.82,67.89,"8,055","5,46,847.34",188
SBIETFCON,EQ,2022-01-28,67.82,68.4,69.6,67.82,68.79,68.44,69.07,995,"68,721.69",180
SBIETFCON,EQ,2022-01-31,68.44,71.6,71.6,68.4,69.21,69.38,69.41,"2,182","1,51,459.32",151
SBIETFCON,EQ,2022-02-01,69.38,70.0,70.1,69.1,70.1,69.98,69.84,"2,312","1,61,464.94",127
SBIETFCON,EQ,2022-02-02,69.98,71.4,71.4,70.0,70.78,70.72,70.44,"3,472","2,44,575.41",131
SBIETFCON,EQ,2022-02-03,70.72,74.6,74.6,70.0,70.5,70.53,70.76,"5,235","3,70,430.25",133
SBIETFCON,EQ,2022-02-04,70.53,74.6,74.6,69.5,70.42,70.41,70.41,"3,823","2,69,192.99",165
SBIETFCON,EQ,2022-02-07,70.41,74.6,74.6,68.65,69.19,69.11,69.27,"5,532","3,83,203.92",215
SBIETFCON,EQ,2022-02-08,69.11,67.75,69.7,67.75,69.4,69.34,69.11,"4,316","2,98,298.42",114
SBIETFCON,EQ,2022-02-09,69.34,74.6,74.6,69.34,70.0,69.95,69.8,"2,289","1,59,782.24",131
SBIETFCON,EQ,2022-02-10,69.95,73.7,73.7,68.55,69.91,69.92,69.77,"3,022","2,10,858.21",195
SBIETFCON,EQ,2022-02-11,69.92,73.6,73.6,67.6,69.49,69.37,69.17,"7,731","5,34,764.84",242
SBIETFCON,EQ,2022-02-14,69.37,74.6,74.6,67.1,67.42,67.69,67.92,"4,900","3,32,805.64",280
SBIETFCON,EQ,2022-02-15,67.69,67.42,70.53,67.15,69.5,69.59,68.45,"5,866","4,01,521.50",430
SBIETFCON,EQ,2022-02-16,69.59,69.5,70.53,68.2,69.85,70.07,69.96,"1,486","1,03,958.62",258
SBIETFCON,EQ,2022-02-17,70.07,74.6,74.6,68.7,69.33,69.53,69.71,"3,651","2,54,498.94","1,395"
SBIETFCON,EQ,2022-02-18,69.53,69.33,75.0,67.95,69.68,69.27,69.52,"37,500","26,07,123.15","31,891"
SBIETFCON,EQ,2022-02-21,69.27,74.0,74.0,67.01,69.3,69.07,68.96,"14,602","10,06,981.81","9,524"
SBIETFCON,EQ,2022-02-22,69.07,69.98,69.98,66.02,68.32,68.4,68.06,"9,227","6,28,018.85","4,357"
SBIETFCON,EQ,2022-02-23,68.4,73.6,73.6,58.55,69.0,69.13,69.13,"5,867","4,05,608.69","3,073"
SBIETFCON,EQ,2022-02-24,69.13,68.99,69.08,58.99,67.75,66.95,66.97,"20,408","13,66,746.00","1,916"
SBIETFCON,EQ,2022-02-25,66.95,72.0,72.0,65.3,67.37,67.6,67.62,"6,410","4,33,421.37","1,403"
SBIETFCON,EQ,2022-02-28,67.6,61.7,70.7,61.7,68.05,67.91,66.94,"7,111","4,76,024.25","1,509"
SBIETFCON,EQ,2022-03-02,67.91,67.91,69.98,66.0,67.42,67.17,67.17,"6,157","4,13,545.90","1,352"
SBIETFCON,EQ,2022-03-03,67.17,69.7,69.7,65.03,66.06,66.26,66.59,"10,938","7,28,385.95",842
SBIETFCON,EQ,2022-03-04,66.26,65.1,73.0,63.8,64.16,64.38,65.39,"45,578","29,80,226.84",795
SBIETFCON,EQ,2022-03-07,64.38,60.35,66.2,60.35,64.0,64.0,63.24,"6,239","3,94,564.74",743
SBIETFCON,EQ,2022-03-08,64.0,64.0,67.47,62.1,63.65,63.55,62.67,"6,632","4,15,613.22",558
SBIETFCON,EQ,2022-03-09,63.55,62.6,64.98,62.6,64.9,64.88,64.03,"7,817","5,00,504.61",557
SBIETFCON,EQ,2022-03-10,64.88,63.6,67.7,62.6,66.45,66.38,66.0,"2,944","1,94,299.37",531
SBIETFCON,EQ,2022-03-11,66.38,66.37,66.6,62.15,66.06,66.31,66.19,"3,424","2,26,617.57",493
SBIETFCON,EQ,2022-03-14,66.31,68.9,68.9,64.04,66.5,66.47,66.31,"3,305","2,19,138.91",577
SBIETFCON,EQ,2022-03-15,66.47,67.88,67.88,64.13,67.07,66.83,66.99,"2,036","1,36,391.83",489
SBIETFCON,EQ,2022-03-16,66.83,66.83,68.7,65.3,67.99,67.72,67.48,"3,350","2,26,047.81",862
SBIETFCON,EQ,2022-03-17,67.72,69.7,69.7,67.01,69.1,69.11,69.03,"6,303","4,35,068.86","2,237"
SBIETFCON,EQ,2022-03-21,69.11,72.7,72.7,67.1,68.1,68.11,68.6,"11,777","8,07,869.67",949
SBIETFCON,EQ,2022-03-22,68.11,66.75,69.49,66.2,68.0,67.86,67.53,"7,960","5,37,510.81",693
SBIETFCON,EQ,2022-03-23,67.86,67.86,69.59,67.5,67.5,67.61,67.84,"3,964","2,68,914.27",760
SBIETFCON,EQ,2022-03-24,67.61,69.7,69.7,63.7,67.62,67.6,67.72,"3,292","2,22,923.99",567
SBIETFCON,EQ,2022-03-25,67.6,66.02,69.48,66.02,67.01,67.09,67.17,"4,342","2,91,644.60",563
SBIETFCON,EQ,2022-03-28,67.09,67.09,68.48,65.03,67.74,67.66,67.09,"5,360","3,59,605.20","2,259"
SBIETFCON,EQ,2022-03-29,67.66,71.3,71.3,66.2,67.81,67.56,67.8,"2,497","1,69,292.19","1,480"
SBIETFCON,EQ,2022-03-30,67.56,69.49,69.49,62.7,68.34,68.28,68.24,"3,406","2,32,423.28",627
SBIETFCON,EQ,2022-03-31,68.28,68.1,69.69,62.7,68.57,68.31,68.45,"4,736","3,24,170.35",699
SBIETFCON,EQ,2022-04-01,68.31,70.3,70.3,62.7,69.2,69.01,68.77,"1,599","1,09,971.22",421
SBIETFCON,EQ,2022-04-04,69.01,62.7,71.7,62.7,69.91,70.23,69.5,"3,487","2,42,333.87",422
SBIETFCON,EQ,2022-04-05,70.23,70.23,71.0,65.7,71.0,70.7,70.62,"6,787","4,79,329.10",317
SBIETFCON,EQ,2022-04-06,70.7,72.7,72.7,69.08,70.57,70.63,70.64,"3,342","2,36,089.99",331
SBIETFCON,EQ,2022-04-07,70.63,73.6,73.6,68.09,71.02,71.01,70.78,"18,015","12,75,165.10",315
SBIETFCON,EQ,2022-04-08,71.01,73.7,73.7,68.45,71.37,71.48,71.07,"11,481","8,15,924.15",267
SBIETFCON,EQ,2022-04-11,71.48,71.48,74.1,70.3,71.77,71.81,72.03,"26,049","18,76,292.22",406
SBIETFCON,EQ,2022-04-12,71.81,73.7,73.7,70.4,70.87,70.87,71.34,"4,675","3,33,501.71",222
SBIETFCON,EQ,2022-04-13,70.87,73.7,73.7,68.3,70.65,70.77,70.99,"4,064","2,88,507.07",205
SBIETFCON,EQ,2022-04-18,70.77,67.55,71.98,67.55,70.7,70.45,70.17,"10,523","7,38,419.52",374
SBIETFCON,EQ,2022-04-19,70.45,69.05,71.5,69.0,69.0,69.55,70.36,"5,782","4,06,838.49",232
SBIETFCON,EQ,2022-04-20,69.55,71.7,71.7,68.3,70.2,70.18,69.91,"3,303","2,30,912.92",222
SBIETFCON,EQ,2022-04-21,70.18,71.58,71.58,68.8,71.18,71.1,70.94,"9,823","6,96,826.88",189
SBIETFCON,EQ,2022-04-22,71.1,69.08,71.3,69.08,70.75,70.73,70.83,"2,415","1,71,045.45",134
SBIETFCON,EQ,2022-04-25,70.73,70.48,70.48,66.6,70.0,70.0,69.76,"1,742","1,21,528.56",174
SBIETFCON,EQ,2022-04-26,70.0,68.6,71.48,68.6,71.25,71.1,70.83,"4,834","3,42,384.67",187
SBIETFCON,EQ,2022-04-27,71.1,69.45,71.58,69.45,70.86,70.89,70.82,"3,752","2,65,711.03",143
SBIETFCON,EQ,2022-04-28,70.89,73.7,73.7,69.5,71.56,71.56,71.55,"7,266","5,19,855.52",189
SBIETFCON,EQ,2022-04-29,71.56,70.15,72.25,70.0,71.37,71.31,71.62,"7,207","5,16,193.00",180
SBIETFCON,EQ,2022-05-02,71.31,71.31,72.48,68.9,70.7,70.6,70.66,"4,444","3,13,992.74",192
SBIETFCON,EQ,2022-05-04,70.6,71.98,71.98,68.75,69.08,68.89,69.7,"4,996","3,48,236.31",181
SBIETFCON,EQ,2022-05-05,68.89,72.7,72.7,67.1,68.51,68.72,69.05,"3,884","2,68,201.68",144
SBIETFCON,EQ,2022-05-06,68.72,69.48,69.48,67.35,67.93,67.86,67.99,"8,039","5,46,563.63",134
SBIETFCON,EQ,2022-05-09,67.86,66.5,68.35,65.65,66.9,66.97,66.95,"5,394","3,61,135.99",163
SBIETFCON,EQ,2022-05-10,66.97,67.9,67.9,66.5,66.78,66.78,66.89,"5,350","3,57,835.95",120
SBIETFCON,EQ,2022-05-11,66.78,69.7,69.7,65.25,66.3,66.22,65.88,"6,668","4,39,283.73",142
SBIETFCON,EQ,2022-05-12,66.22,64.0,66.5,64.0,65.2,65.16,65.46,"24,280","15,89,485.20",149
SBIETFCON,EQ,2022-05-13,65.16,68.7,68.7,64.3,65.7,65.89,66.08,"1,222","80,752.22",126
SBIETFCON,EQ,2022-05-16,65.89,67.18,67.18,64.0,66.3,66.18,66.34,"2,048","1,35,856.01",107
SBIETFCON,EQ,2022-05-17,66.18,64.9,68.0,64.9,68.0,67.65,67.08,"1,836","1,23,151.35",113
SBIETFCON,EQ,2022-05-18,67.65,68.25,68.4,67.2,68.09,67.79,67.87,"2,395","1,62,544.35",104
SBIETFCON,EQ,2022-05-19,67.79,67.9,67.9,66.25,66.99,66.7,66.99,"4,394","2,94,362.35",100
SBIETFCON,EQ,2022-05-20,66.7,69.7,69.7,66.9,67.82,68.03,67.95,"1,595","1,08,376.57",87
SBIETFCON,EQ,2022-05-23,68.03,67.0,69.0,66.7,68.74,68.67,68.46,"1,987","1,36,038.75",100
SBIETFCON,EQ,2022-05-24,68.67,71.7,71.7,67.5,67.98,67.7,67.81,"2,027","1,37,453.31",75
SBIETFCON,EQ,2022-05-25,67.7,66.35,68.88,66.35,67.44,66.78,67.13,"7,924","5,31,920.57",80
SBIETFCON,EQ,2022-05-26,66.78,69.7,69.7,65.75,67.14,67.13,66.58,"5,223","3,47,746.54",107
SBIETFCON,EQ,2022-05-27,67.13,68.78,68.78,66.5,68.2,68.05,67.66,"1,420","96,077.35",72
SBIETFCON,EQ,2022-05-30,68.05,66.7,69.68,66.7,69.3,69.26,69.03,"4,906","3,38,676.85",130
SBIETFCON,EQ,2022-05-31,69.26,68.0,70.0,68.0,69.62,69.58,69.25,"4,431","3,06,824.75",69
SBIETFCON,EQ,2022-06-01,69.58,72.7,72.7,68.6,68.6,68.6,69.26,"4,217","2,92,050.78",77
SBIETFCON,EQ,2022-06-02,68.6,71.7,71.7,67.8,68.99,68.98,68.68,"1,250","85,853.19",87
SBIETFCON,EQ,2022-06-03,68.98,70.98,70.98,68.0,68.1,68.23,68.47,"1,906","1,30,497.20",83
SBIETFCON,EQ,2022-06-06,68.23,70.7,70.7,66.45,67.75,67.97,67.52,"1,607","1,08,499.74",93
SBIETFCON,EQ,2022-06-07,67.97,68.4,68.4,66.8,67.09,67.07,67.01,"3,595","2,40,889.60",69
SBIETFCON,EQ,2022-06-08,67.07,67.5,67.5,66.52,66.84,66.8,66.81,"1,670","1,11,575.27",65
SBIETFCON,EQ,2022-06-09,66.8,65.8,67.98,65.8,67.25,67.25,66.75,"3,920","2,61,666.06",65
SBIETFCON,EQ,2022-06-10,67.25,67.8,67.8,66.5,67.18,67.16,66.95,373,"24,972.81",61
SBIETFCON,EQ,2022-06-13,67.16,73.0,73.0,65.85,66.55,66.4,66.58,"2,803","1,86,616.27",85
SBIETFCON,EQ,2022-06-14,66.4,73.0,73.0,65.0,66.25,66.2,66.4,"2,083","1,38,306.10",138
SBIETFCON,EQ,2022-06-15,66.2,67.78,67.78,66.02,66.29,66.35,66.23,"3,081","2,04,046.05",74
SBIETFCON,EQ,2022-06-16,66.35,65.05,67.98,65.05,65.47,65.41,66.05,"2,929","1,93,462.96",128
SBIETFCON,EQ,2022-06-17,65.41,68.7,68.7,63.75,64.6,64.18,64.72,"4,343","2,81,075.43",157
SBIETFCON,EQ,2022-06-20,64.18,65.98,65.98,64.18,64.72,64.7,64.63,"2,035","1,31,519.99",102
SBIETFCON,EQ,2022-06-21,64.7,65.98,66.2,63.95,66.2,66.03,65.8,"3,811","2,50,746.49",110
SBIETFCON,EQ,2022-06-22,66.03,64.3,67.0,64.3,65.46,65.26,65.46,"1,594","1,04,349.12",68
SBIETFCON,EQ,2022-06-23,65.26,66.75,66.9,65.63,66.85,66.75,66.28,"2,192","1,45,282.10",92
SBIETFCON,EQ,2022-06-24,66.75,67.98,67.98,65.65,67.59,67.49,67.25,"1,806","1,21,445.35",117
SBIETFCON,EQ,2022-06-27,67.49,59.7,70.0,59.7,68.02,68.04,67.53,"2,367","1,59,850.41",236
SBIETFCON,EQ,2022-06-28,68.04,69.98,69.98,67.0,67.92,67.97,67.94,"2,412","1,63,860.18",101
SBIETFCON,EQ,2022-06-29,67.97,66.4,67.92,66.4,67.75,67.65,67.48,761,"51,349.83",74
SBIETFCON,EQ,2022-06-30,67.65,67.65,68.25,66.2,67.65,67.35,67.46,"1,193","80,483.93",89
SBIETFCON,EQ,2022-07-01,67.35,68.68,68.68,65.03,68.35,68.26,67.78,957,"64,869.25",149
SBIETFCON,EQ,2022-07-04,68.26,72.0,72.0,67.0,69.39,69.22,68.89,"6,608","4,55,209.30",230
SBIETFCON,EQ,2022-07-05,69.22,72.7,72.7,69.12,69.55,69.5,69.62,"2,263","1,57,548.15",162
SBIETFCON,EQ,2022-07-06,69.5,70.78,71.5,68.6,71.3,71.27,70.64,"13,652","9,64,372.08",264
SBIETFCON,EQ,2022-07-07,71.27,72.78,72.78,69.8,71.6,71.63,71.54,"6,756","4,83,356.70",303
SBIETFCON,EQ,2022-07-08,71.63,73.0,73.0,70.8,71.65,71.75,71.07,"9,15,533","6,50,67,790.26",539
SBIETFCON,EQ,2022-07-11,71.75,71.75,72.98,70.07,71.92,72.03,72.01,"9,100","6,55,284.97",479
SBIETFCON,EQ,2022-07-12,72.03,73.48,73.48,65.0,71.6,71.36,70.95,"9,842","6,98,297.17",269
SBIETFCON,EQ,2022-07-13,71.36,70.6,72.78,70.6,71.87,71.73,71.68,"1,891","1,35,542.19",220
SBIETFCON,EQ,2022-07-14,71.73,70.6,74.0,70.6,72.24,71.84,71.77,"4,733","3,39,684.04",260
SBIETFCON,EQ,2022-07-15,71.84,72.0,73.34,71.12,73.0,73.04,72.58,"3,819","2,77,176.16",299
SBIETFCON,EQ,2022-07-18,73.04,71.06,74.6,71.06,73.36,73.36,73.31,"3,672","2,69,203.49",313
SBIETFCON,EQ,2022-07-19,73.36,71.06,74.78,71.06,73.6,73.68,73.58,"2,635","1,93,881.69",188
SBIETFCON,EQ,2022-07-20,73.68,75.48,75.48,72.59,74.13,74.02,74.09,"5,200","3,85,290.85",196
SBIETFCON,EQ,2022-07-21,74.02,76.0,76.0,72.91,74.82,74.79,74.42,"5,742","4,27,316.52",219
SBIETFCON,EQ,2022-07-22,74.79,76.0,77.7,66.0,74.99,74.96,74.79,"9,346","6,98,997.28",170
SBIETFCON,EQ,2022-07-25,74.96,76.0,76.2,73.6,74.47,74.59,74.81,"3,366","2,51,813.61",194
SBIETFCON,EQ,2022-07-26,74.59,75.98,75.98,73.1,73.75,73.87,73.91,"3,357","2,48,120.42",187
SBIETFCON,EQ,2022-07-27,73.87,75.8,75.8,72.6,74.25,74.2,73.95,"2,094","1,54,855.06",171
SBIETFCON,EQ,2022-07-28,74.2,74.2,75.78,74.0,74.69,74.78,74.64,"2,703","2,01,744.39",146
SBIETFCON,EQ,2022-07-29,74.78,74.78,76.0,74.64,75.75,75.6,75.42,"10,569","7,97,096.93",154
SBIETFCON,EQ,2022-08-01,75.6,76.3,76.93,74.6,76.93,76.73,76.62,"19,733","15,11,950.28",288
SBIETFCON,EQ,2022-08-02,76.73,76.73,77.5,75.96,77.45,77.28,77.21,"14,692","11,34,376.27",236
SBIETFCON,EQ,2022-08-03,77.28,75.85,78.0,75.85,77.5,77.23,77.06,"5,638","4,34,475.74",168
SBIETFCON,EQ,2022-08-04,77.23,77.6,78.6,76.64,77.7,77.56,77.33,"4,948","3,82,636.59",182
SBIETFCON,EQ,2022-08-05,77.56,80.7,80.7,77.28,77.44,77.42,77.74,"5,189","4,03,397.29",185
SBIETFCON,EQ,2022-08-08,77.42,77.42,78.95,76.18,77.69,77.85,77.56,"5,450","4,22,724.19",173
SBIETFCON,EQ,2022-08-10,77.85,78.98,78.98,77.0,77.5,77.49,77.8,"3,865","3,00,688.50",171
SBIETFCON,EQ,2022-08-11,77.49,76.85,79.38,76.85,77.53,77.42,77.71,"1,576","1,22,473.45",125
SBIETFCON,EQ,2022-08-12,77.42,77.1,78.29,77.1,77.45,77.56,77.62,"4,979","3,86,482.40",130
SBIETFCON,EQ,2022-08-16,77.56,77.56,79.6,77.0,78.42,78.47,78.48,"6,732","5,28,317.91",180
SBIETFCON,EQ,2022-08-17,78.47,78.47,81.7,78.4,79.06,79.14,79.16,"5,186","4,10,521.23",168
SBIETFCON,EQ,2022-08-18,79.14,79.14,82.7,78.41,79.48,79.43,79.49,"5,521","4,38,838.20",194
SBIETFCON,EQ,2022-08-19,79.43,80.98,80.98,78.3,78.58,78.6,78.85,"6,378","5,02,935.03",174
SBIETFCON,EQ,2022-08-22,78.6,76.1,79.9,76.1,77.56,77.46,77.87,"6,754","5,25,929.41",192
SBIETFCON,EQ,2022-08-23,77.46,78.0,78.49,77.0,78.34,78.37,77.96,"3,901","3,04,102.68",132
SBIETFCON,EQ,2022-08-24,78.37,79.6,79.6,77.5,78.34,78.38,78.13,"1,469","1,14,770.47",119
SBIETFCON,EQ,2022-08-25,78.38,78.38,79.78,77.55,78.64,78.42,78.83,"4,306","3,39,442.77",124
SBIETFCON,EQ,2022-08-26,78.42,79.98,79.98,77.55,78.53,78.47,78.55,"2,245","1,76,337.37",144
SBIETFCON,EQ,2022-08-29,78.47,77.0,78.7,77.0,78.69,78.54,78.45,"3,316","2,60,141.16",235
SBIETFCON,EQ,2022-08-30,78.54,78.54,80.7,77.45,80.25,80.19,79.86,"9,293","7,42,167.71",263
SBIETFCON,EQ,2022-09-01,80.19,80.98,80.98,77.6,79.95,80.11,80.13,"2,207","1,76,847.77",199
SBIETFCON,EQ,2022-09-02,80.11,80.94,81.0,78.7,80.01,80.01,80.1,"4,828","3,86,740.04",145
SBIETFCON,EQ,2022-09-05,80.01,81.48,81.48,79.8,80.0,80.01,80.12,"2,930","2,34,760.49",156
SBIETFCON,EQ,2022-09-06,80.01,81.58,81.58,79.3,80.24,79.96,79.94,"4,590","3,66,937.14",143
SBIETFCON,EQ,2022-09-07,79.96,78.53,80.88,78.53,79.7,79.74,80.01,"2,410","1,92,833.52",108
SBIETFCON,EQ,2022-09-08,79.74,79.99,81.0,79.5,80.09,80.04,80.32,"5,839","4,68,973.58",116
SBIETFCON,EQ,2022-09-09,80.04,80.04,82.5,80.04,80.36,80.21,80.49,"6,372","5,12,891.21",131
SBIETFCON,EQ,2022-09-12,80.21,80.25,80.75,78.85,80.73,80.59,80.51,"3,597","2,89,594.34",133
SBIETFCON,EQ,2022-09-13,80.59,80.75,81.4,79.56,81.34,81.35,81.03,"8,974","7,27,144.49",165
SBIETFCON,EQ,2022-09-14,81.35,78.25,81.33,78.25,81.15,81.19,81.18,"48,363","39,26,173.59",188
SBIETFCON,EQ,2022-09-15,81.19,82.4,82.4,80.91,81.18,81.11,81.16,"3,426","2,78,069.94",138
SBIETFCON,EQ,2022-09-16,81.11,81.9,81.9,79.25,81.0,79.51,80.1,"8,180","6,55,252.60",199
SBIETFCON,EQ,2022-09-19,79.51,78.0,80.98,78.0,80.15,79.84,79.23,"7,596","6,01,793.53",163
SBIETFCON,EQ,2022-09-20,79.84,81.38,81.38,78.96,80.55,80.79,80.95,"5,173","4,18,744.60",152
SBIETFCON,EQ,2022-09-21,80.79,80.79,81.52,79.08,81.02,80.92,81.04,"3,105","2,51,619.46",133
SBIETFCON,EQ,2022-09-22,80.92,81.8,82.22,80.61,81.8,82.0,81.62,"4,855","3,96,254.89",159
SBIETFCON,EQ,2022-09-23,82.0,83.48,83.48,80.07,80.84,80.67,81.28,"5,031","4,08,908.26",151
SBIETFCON,EQ,2022-09-26,80.67,81.58,81.58,78.49,79.07,79.18,79.33,"6,793","5,38,860.85",176
SBIETFCON,EQ,2022-09-27,79.18,79.18,79.8,78.85,79.23,78.94,79.24,"2,046","1,62,116.45",118
SBIETFCON,EQ,2022-09-28,78.94,78.94,79.97,77.6,78.9,79.36,78.92,"5,432","4,28,669.97",138
SBIETFCON,EQ,2022-09-29,79.36,79.01,81.4,78.5,78.96,78.56,79.01,"2,722","2,15,078.41",136
SBIETFCON,EQ,2022-09-30,78.56,76.55,79.97,76.55,79.7,79.48,78.8,"6,105","4,81,088.31",154
SBIETFCON,EQ,2022-10-03,79.48,80.49,80.49,77.25,78.1,77.7,78.43,"6,139","4,81,485.94",180
SBIETFCON,EQ,2022-10-04,77.7,77.56,79.97,77.56,79.23,79.32,79.28,"1,406","1,11,466.12",84
SBIETFCON,EQ,2022-10-06,79.32,79.0,80.98,79.0,79.25,79.3,79.65,"2,324","1,85,114.34",138
SBIETFCON,EQ,2022-10-07,79.3,80.55,80.55,78.14,79.01,79.27,79.08,"1,510","1,19,417.16",104
SBIETFCON,EQ,2022-10-10,79.27,79.7,79.7,77.8,78.3,78.34,78.32,"1,264","98,994.45",129
SBIETFCON,EQ,2022-10-11,78.34,79.78,79.78,77.0,77.9,77.2,77.56,"4,854","3,76,452.65",128
SBIETFCON,EQ,2022-10-12,77.2,78.78,78.78,76.8,77.75,77.57,77.38,979,"75,755.78",84
SBIETFCON,EQ,2022-10-13,77.57,77.0,78.97,77.0,77.25,77.15,77.32,"1,214","93,871.32",66
SBIETFCON,EQ,2022-10-14,77.15,77.15,78.3,76.5,76.7,76.94,77.1,"7,141","5,50,584.10",151
SBIETFCON,EQ,2022-10-17,76.94,76.5,77.25,76.5,77.25,77.23,76.98,"1,766","1,35,943.13",89
SBIETFCON,EQ,2022-10-18,77.23,76.05,78.8,76.05,78.3,78.19,78.31,"4,796","3,75,553.08",103
SBIETFCON,EQ,2022-10-19,78.19,79.78,79.78,77.05,78.25,78.0,78.14,"2,541","1,98,561.44",108
SBIETFCON,EQ,2022-10-20,78.0,76.1,78.59,76.1,78.49,78.39,78.19,"1,859","1,45,358.86",87
SBIETFCON,EQ,2022-10-21,78.39,76.85,79.75,76.85,78.25,78.22,78.45,"1,604","1,25,829.78",91
SBIETFCON,EQ,2022-10-24,78.22,80.48,80.48,77.6,79.9,78.88,79.45,"1,384","1,09,953.14",86
SBIETFCON,EQ,2022-10-25,78.88,81.9,81.9,77.27,78.4,78.2,78.37,"3,104","2,43,259.93",91
SBIETFCON,EQ,2022-10-27,78.2,80.9,80.9,78.4,79.42,78.85,78.62,"4,239","3,33,265.47",107
SBIETFCON,EQ,2022-10-28,78.85,81.5,81.5,77.4,79.24,79.12,78.63,"5,134","4,03,691.40",87
SBIETFCON,EQ,2022-10-31,79.12,81.18,81.18,70.0,80.5,80.24,79.15,"7,449","5,89,559.81",215
SBIETFCON,EQ,2022-11-01,80.24,79.8,81.0,79.25,80.48,80.6,80.49,"6,925","5,57,364.15",123
SBIETFCON,EQ,2022-11-02,80.6,79.25,80.48,79.25,79.7,79.77,80.05,"1,311","1,04,943.43",94
SBIETFCON,EQ,2022-11-03,79.77,80.98,80.98,79.51,79.88,79.87,80.17,"1,280","1,02,615.15",109
SBIETFCON,EQ,2022-11-04,79.87,78.35,81.6,78.35,79.79,79.74,79.98,"2,364","1,89,065.21",77
SBIETFCON,EQ,2022-11-07,79.74,83.93,83.93,78.65,80.1,80.08,79.94,"3,700","2,95,768.53",124
SBIETFCON,EQ,2022-11-09,80.08,82.9,82.9,78.65,79.5,79.5,79.81,"3,576","2,85,385.34",112
SBIETFCON,EQ,2022-11-10,79.5,79.83,80.0,78.89,79.35,79.18,79.27,"2,017","1,59,879.78",96
SBIETFCON,EQ,2022-11-11,79.18,81.0,81.0,78.6,79.37,79.03,79.22,"1,870","1,48,145.66",93
SBIETFCON,EQ,2022-11-14,79.03,80.9,80.9,78.7,78.97,78.84,79.06,"3,042","2,40,511.18",104
SBIETFCON,EQ,2022-11-15,78.84,80.8,80.8,78.51,79.37,79.14,78.93,"3,779","2,98,275.75",108
SBIETFCON,EQ,2022-11-16,79.14,80.0,80.02,77.69,78.8,78.8,78.81,"1,594","1,25,627.86",67
SBIETFCON,EQ,2022-11-17,78.8,80.0,80.25,77.34,78.25,78.2,78.6,"1,305","1,02,568.69",107
SBIETFCON,EQ,2022-11-18,78.2,76.83,78.59,76.83,77.75,77.72,77.55,"2,880","2,23,339.08",124
SBIETFCON,EQ,2022-11-21,77.72,79.97,79.97,77.2,77.52,77.54,77.65,"1,737","1,34,874.05",95
SBIETFCON,EQ,2022-11-22,77.54,79.25,79.25,76.5,77.95,77.94,77.89,"2,372","1,84,750.57",100
SBIETFCON,EQ,2022-11-23,77.94,76.55,79.98,76.55,77.86,77.93,77.89,"4,593","3,57,735.07",84
SBIETFCON,EQ,2022-11-24,77.93,80.0,80.0,77.76,78.16,78.36,78.1,"4,546","3,55,063.57",85
SBIETFCON,EQ,2022-11-25,78.36,79.95,79.95,76.85,78.45,78.44,77.88,"4,218","3,28,508.76",76
SBIETFCON,EQ,2022-11-28,78.44,78.45,79.45,78.0,78.12,78.28,78.33,"5,893","4,61,584.86",106
SBIETFCON,EQ,2022-11-29,78.28,83.7,83.7,78.01,79.08,78.8,78.87,"5,902","4,65,507.03",122
SBIETFCON,EQ,2022-11-30,78.8,80.47,80.47,78.81,80.09,79.94,79.69,"4,128","3,28,951.41",138
SBIETFCON,EQ,2022-12-01,79.94,81.55,81.55,79.43,79.65,79.69,79.64,"11,573","9,21,725.75",147
SBIETFCON,EQ,2022-12-02,79.69,79.68,79.68,78.81,78.92,78.89,79.09,"8,459","6,69,060.56",110
SBIETFCON,EQ,2022-12-05,78.89,77.27,80.98,77.27,79.14,79.16,79.01,"2,641","2,08,678.32",131
SBIETFCON,EQ,2022-12-06,79.16,80.15,80.15,77.75,79.0,78.99,78.88,"2,283","1,80,071.97",77
SBIETFCON,EQ,2022-12-07,78.99,80.96,80.96,78.54,79.3,79.35,79.01,"8,541","6,74,818.06",93
SBIETFCON,EQ,2022-12-08,79.35,80.74,80.74,78.75,78.81,78.84,79.04,"2,444","1,93,168.32",97
SBIETFCON,EQ,2022-12-09,78.84,78.84,80.0,78.55,79.08,79.07,79.05,"2,249","1,77,776.76",87
SBIETFCON,EQ,2022-12-12,79.07,79.07,80.3,78.78,79.15,79.09,79.11,"4,031","3,18,905.79",87
SBIETFCON,EQ,2022-12-13,79.09,80.0,80.75,77.67,78.95,78.99,78.88,"4,140","3,26,569.62",89
SBIETFCON,EQ,2022-12-14,78.99,77.75,79.3,77.75,79.1,78.87,79.01,"5,195","4,10,473.55",91
SBIETFCON,EQ,2022-12-15,78.87,78.09,79.97,78.09,78.44,78.41,78.62,"2,798","2,19,970.53",105
SBIETFCON,EQ,2022-12-16,78.41,79.54,79.54,77.3,77.3,77.38,77.74,"6,647","5,16,709.37",120
SBIETFCON,EQ,2022-12-19,77.38,77.38,78.99,77.38,78.99,78.9,78.38,"1,372","1,07,534.58",88
SBIETFCON,EQ,2022-12-20,78.9,79.95,79.95,77.55,78.1,78.04,77.83,"2,378","1,85,091.47",108
SBIETFCON,EQ,2022-12-21,78.04,77.25,79.48,77.25,77.55,77.5,78.13,"6,953","5,43,258.68",124
SBIETFCON,EQ,2022-12-22,77.5,76.15,77.99,76.15,76.96,76.85,76.87,"6,804","5,23,040.19",134
SBIETFCON,EQ,2022-12-23,76.85,77.75,77.75,74.96,75.11,75.11,75.69,"7,954","6,02,041.08",161
SBIETFCON,EQ,2022-12-26,75.11,73.65,76.61,73.65,76.48,76.49,76.02,"1,569","1,19,270.74",102
SBIETFCON,EQ,2022-12-27,76.49,77.98,77.98,75.11,76.24,76.27,76.34,"1,530","1,16,801.48",106
SBIETFCON,EQ,2022-12-28,76.27,74.65,77.09,74.65,76.47,76.69,76.76,"1,071","82,210.22",84
SBIETFCON,EQ,2022-12-29,76.69,75.02,77.85,75.02,77.15,76.86,76.5,"1,138","87,051.54",77
SBIETFCON,EQ,2022-12-30,76.86,79.7,79.7,76.0,76.0,76.53,76.78,"3,456","2,65,357.82",86
SBIETFCON,EQ,2023-01-02,76.53,77.94,77.94,76.01,76.46,76.45,76.31,"2,660","2,02,977.40",95
SBIETFCON,EQ,2023-01-03,76.45,74.55,77.19,74.55,76.14,76.12,76.14,"5,520","4,20,302.58",77
SBIETFCON,EQ,2023-01-04,76.12,76.01,77.47,75.26,75.26,75.5,75.85,"2,982","2,26,178.64",97
SBIETFCON,EQ,2023-01-05,75.5,77.45,77.45,75.03,75.96,75.95,75.93,"2,384","1,81,016.17",84
SBIETFCON,EQ,2023-01-06,75.95,77.48,77.7,75.5,75.89,75.94,76.19,"2,173","1,65,567.90",98
SBIETFCON,EQ,2023-01-09,75.94,77.98,77.98,75.25,76.32,76.37,76.2,"3,148","2,39,862.62",100
SBIETFCON,EQ,2023-01-10,76.37,76.38,77.97,75.61,75.81,75.77,75.95,"3,658","2,77,828.71",112
SBIETFCON,EQ,2023-01-11,75.77,75.78,75.78,75.0,75.23,75.05,75.45,"1,123","84,731.52",89
SBIETFCON,EQ,2023-01-12,75.05,73.65,75.85,73.65,75.15,74.94,74.94,894,"66,994.51",86
SBIETFCON,EQ,2023-01-13,74.94,77.2,77.2,74.8,75.5,75.45,75.06,615,"46,161.94",79
SBIETFCON,EQ,2023-01-16,75.45,77.0,77.0,74.6,75.1,74.87,75.08,"1,106","83,033.68",115
SBIETFCON,EQ,2023-01-17,74.87,74.95,76.4,74.95,75.75,75.44,75.73,"3,216","2,43,540.56",72
SBIETFCON,EQ,2023-01-18,75.44,75.76,76.13,75.24,76.08,76.07,75.88,"7,059","5,35,645.01",111
SBIETFCON,EQ,2023-01-19,76.07,76.54,76.54,75.1,75.1,75.3,75.33,"2,329","1,75,443.86",99
SBIETFCON,EQ,2023-01-20,75.3,76.8,76.8,74.3,74.75,74.35,74.57,"3,125","2,33,019.91",121
SBIETFCON,EQ,2023-01-23,74.35,74.35,76.49,74.01,75.0,74.99,74.95,"1,907","1,42,921.68",116
SBIETFCON,EQ,2023-01-24,74.99,75.3,75.65,74.95,75.25,75.2,75.11,676,"50,774.82",67
SBIETFCON,EQ,2023-01-25,75.2,76.3,76.3,74.09,74.79,74.71,74.57,"3,780","2,81,866.06",105
SBIETFCON,EQ,2023-01-27,74.71,73.89,75.94,73.26,73.8,73.56,73.86,"7,812","5,76,971.52",148
SBIETFCON,EQ,2023-01-30,73.56,74.0,74.97,73.16,73.75,73.52,73.56,"3,584","2,63,632.35",111
SBIETFCON,EQ,2023-01-31,73.52,73.53,74.39,73.2,74.39,74.29,73.76,"5,032","3,71,159.62",81
SBIETFCON,EQ,2023-02-01,74.29,75.8,75.8,73.15,73.15,74.06,74.39,"9,770","7,26,801.60",128
SBIETFCON,EQ,2023-02-02,74.06,73.0,74.65,73.0,74.5,74.5,73.9,"6,428","4,75,012.67",101
SBIETFCON,EQ,2023-02-03,74.5,73.41,74.99,73.41,74.99,74.74,74.46,"2,738","2,03,868.83",110
SBIETFCON,EQ,2023-02-06,74.74,75.0,75.2,74.0,74.0,74.33,74.59,"2,454","1,83,038.44",95
SBIETFCON,EQ,2023-02-07,74.33,74.51,74.51,73.66,74.25,74.37,74.03,"1,587","1,17,481.99",103
SBIETFCON,EQ,2023-02-08,74.37,73.04,75.9,73.04,74.7,74.7,74.36,"2,000","1,48,723.11",75
SBIETFCON,EQ,2023-02-09,74.7,74.0,75.6,73.8,74.35,74.26,74.5,"3,985","2,96,895.67",148
SBIETFCON,EQ,2023-02-10,74.26,72.1,75.6,72.1,74.5,74.48,73.89,"3,371","2,49,081.79",81
SBIETFCON,EQ,2023-02-13,74.48,75.0,75.0,73.5,73.95,74.01,74.05,938,"69,454.63",105
SBIETFCON,EQ,2023-02-14,74.01,73.95,74.5,73.85,74.1,74.1,74.17,"2,591","1,92,171.26",103
SBIETFCON,EQ,2023-02-15,74.1,74.99,74.99,73.2,74.0,74.24,74.11,"2,537","1,88,026.21",93
SBIETFCON,EQ,2023-02-16,74.24,75.98,75.98,73.74,74.5,74.7,74.2,"3,831","2,84,258.09",157
SBIETFCON,EQ,2023-02-17,74.7,73.45,75.39,73.45,74.35,74.26,74.36,"1,423","1,05,817.67",79
SBIETFCON,EQ,2023-02-20,74.26,74.35,74.79,73.51,74.0,74.09,73.96,962,"71,146.29",82
SBIETFCON,EQ,2023-02-21,74.09,74.0,74.67,73.28,73.99,73.97,73.87,"4,523","3,34,101.43",92
SBIETFCON,EQ,2023-02-22,73.97,73.96,73.96,73.26,73.4,73.44,73.51,"1,969","1,44,735.62",70
SBIETFCON,EQ,2023-02-23,73.44,73.25,74.55,73.0,73.25,73.03,73.15,"1,423","1,04,097.38",61
SBIETFCON,EQ,2023-02-24,73.03,73.5,73.5,72.26,72.6,72.69,72.8,840,"61,150.51",67
SBIETFCON,EQ,2023-02-27,72.69,72.6,73.94,71.3,72.0,71.56,71.79,"5,203","3,73,508.54",115
SBIETFCON,EQ,2023-02-28,71.56,71.55,72.72,71.37,72.1,71.99,72.05,"2,484","1,78,966.63",84
SBIETFCON,EQ,2023-03-01,71.99,71.27,72.5,71.27,72.5,72.5,72.3,434,"31,378.23",61
SBIETFCON,EQ,2023-03-02,72.5,72.5,72.65,72.0,72.15,72.12,72.27,330,"23,847.62",42
SBIETFCON,EQ,2023-03-03,72.12,72.57,72.9,72.12,72.83,72.83,72.51,"1,331","96,504.59",57
SBIETFCON,EQ,2023-03-06,72.83,75.0,75.0,72.4,73.2,73.0,73.08,"6,712","4,90,533.02",92
SBIETFCON,EQ,2023-03-08,73.0,74.34,74.34,72.31,73.1,73.07,72.93,"1,549","1,12,972.10",74
SBIETFCON,EQ,2023-03-09,73.07,72.82,73.6,72.35,72.35,72.49,73.04,638,"46,600.70",91
SBIETFCON,EQ,2023-03-10,72.49,72.45,72.7,71.85,72.5,72.52,72.45,"1,175","85,133.83",79
SBIETFCON,EQ,2023-03-13,72.52,72.52,72.91,70.92,71.2,71.26,71.42,"9,299","6,64,113.11",189
SBIETFCON,EQ,2023-03-14,71.26,71.27,72.25,71.27,72.25,71.73,71.58,"1,937","1,38,643.82",129
SBIETFCON,EQ,2023-03-15,71.73,70.45,71.91,70.45,71.5,71.42,71.54,820,"58,665.83",88
SBIETFCON,EQ,2023-03-16,71.42,71.5,72.05,71.0,71.5,71.54,71.79,"1,780","1,27,780.41",77
SBIETFCON,EQ,2023-03-17,71.54,71.8,72.22,71.39,72.0,72.0,71.9,537,"38,611.07",58
SBIETFCON,EQ,2023-03-20,72.0,73.0,73.0,71.05,72.3,72.03,71.83,"2,463","1,76,909.54",140
SBIETFCON,EQ,2023-03-21,72.03,72.3,72.5,71.06,72.12,72.12,72.11,"1,303","93,954.05",61
SBIETFCON,EQ,2023-03-22,72.12,72.12,72.3,71.8,72.3,72.2,72.06,454,"32,714.95",52
SBIETFCON,EQ,2023-03-23,72.2,72.3,72.35,71.68,72.25,72.25,71.76,"11,769","8,44,566.16",65
SBIETFCON,EQ,2023-03-24,72.25,71.37,73.1,71.37,71.99,71.77,72.08,"3,391","2,44,414.97",69
SBIETFCON,EQ,2023-03-27,71.77,71.01,72.97,71.01,71.75,71.92,72.0,"1,432","1,03,101.41",69
SBIETFCON,EQ,2023-03-28,71.92,71.0,72.77,71.0,71.5,71.44,71.35,896,"63,930.44",54
SBIETFCON,EQ,2023-03-29,71.44,71.01,72.02,71.01,72.0,71.93,71.53,"4,837","3,46,006.92",54
SBIETFCON,EQ,2023-03-31,71.93,71.94,72.99,71.94,72.35,72.28,72.26,"2,460","1,77,752.87",101
SBIETFCON,EQ,2023-04-03,72.28,73.22,73.22,71.75,71.75,72.08,72.46,"6,123","4,43,684.42",143
SBIETFCON,EQ,2023-04-05,72.08,74.25,74.25,71.1,72.25,72.96,72.9,"3,150","2,29,630.20",125
SBIETFCON,EQ,2023-04-06,72.96,72.97,73.97,72.79,73.2,73.18,73.02,"1,205","87,987.47",42
SBIETFCON,EQ,2023-04-10,73.18,71.75,74.48,71.75,73.25,73.28,73.18,"5,372","3,93,134.93",79
SBIETFCON,EQ,2023-04-11,73.28,73.62,73.69,73.31,73.6,73.57,73.48,"2,850","2,09,423.77",89
SBIETFCON,EQ,2023-04-12,73.57,73.91,73.91,73.54,73.67,73.68,73.67,"3,936","2,89,967.58",121
SBIETFCON,EQ,2023-04-13,73.68,73.75,74.24,73.75,74.1,73.99,73.96,"3,614","2,67,297.58",66
SBIETFCON,EQ,2023-04-17,73.99,75.0,75.0,74.0,74.22,74.22,74.22,"3,324","2,46,704.73",105
SBIETFCON,EQ,2023-04-18,74.22,74.1,75.0,74.0,74.15,74.15,74.2,"7,815","5,79,851.62",77
SBIETFCON,EQ,2023-04-19,74.15,75.0,75.0,73.81,73.95,73.95,74.01,"2,080","1,53,933.60",53
SBIETFCON,EQ,2023-04-20,73.95,73.98,74.47,73.98,74.25,74.22,74.27,"1,788","1,32,803.34",48
SBIETFCON,EQ,2023-04-21,74.22,74.13,74.35,74.0,74.13,74.13,74.17,"1,057","78,396.11",25
SBIETFCON,EQ,2023-04-24,74.13,72.76,75.3,72.76,74.5,74.49,74.28,"7,536","5,59,772.25",66
SBIETFCON,EQ,2023-04-25,74.49,74.49,75.6,74.14,74.55,74.56,74.46,"2,961","2,20,485.77",68
SBIETFCON,EQ,2023-04-26,74.56,74.5,75.0,74.5,75.0,74.93,74.75,"3,107","2,32,243.04",71
SBIETFCON,EQ,2023-04-27,74.93,74.83,75.25,74.8,75.15,75.15,74.99,"5,372","4,02,830.75",69
SBIETFCON,EQ,2023-04-28,75.15,75.14,76.0,75.01,75.8,75.77,75.49,"5,987","4,51,985.37",60
SBIETFCON,EQ,2023-05-02,75.77,75.8,76.98,75.8,75.88,75.9,75.94,"5,018","3,81,079.61",86
SBIETFCON,EQ,2023-05-03,75.9,74.51,76.3,74.51,76.1,76.13,76.21,"3,926","2,99,210.78",95
SBIETFCON,EQ,2023-05-04,76.13,76.11,76.44,76.11,76.32,76.32,76.3,"2,341","1,78,624.23",83
SBIETFCON,EQ,2023-05-05,76.32,75.02,77.0,75.02,76.65,76.7,76.81,"4,610","3,54,086.81",64
SBIETFCON,EQ,2023-05-08,76.7,76.7,77.78,76.7,77.25,77.25,77.22,"3,619","2,79,450.93",86
SBIETFCON,EQ,2023-05-09,77.25,77.25,78.0,77.0,77.1,77.11,77.43,"15,676","12,13,815.45",73
SBIETFCON,EQ,2023-05-10,77.11,77.2,77.5,77.12,77.37,77.43,77.22,"34,375","26,54,557.00",89
SBIETFCON,EQ,2023-05-11,77.43,77.74,78.08,77.41,77.96,78.01,77.73,"3,578","2,78,124.10",100
SBIETFCON,EQ,2023-05-12,78.01,78.0,78.45,77.76,78.25,78.27,78.21,"3,527","2,75,846.91",77
SBIETFCON,EQ,2023-05-15,78.27,78.61,78.99,78.37,78.84,78.8,78.73,"4,362","3,43,413.05",110
SBIETFCON,EQ,2023-05-16,78.8,79.98,79.98,78.21,78.21,78.28,78.63,"3,541","2,78,436.38",72
SBIETFCON,EQ,2023-05-17,78.28,78.28,78.57,77.75,78.04,78.04,78.02,"3,311","2,58,319.24",68
SBIETFCON,EQ,2023-05-18,78.04,78.22,78.46,77.35,77.35,77.4,77.93,"2,103","1,63,880.20",70
SBIETFCON,EQ,2023-05-19,77.4,77.4,77.72,76.89,77.4,77.4,77.05,"7,362","5,67,275.97",65
SBIETFCON,EQ,2023-05-22,77.4,79.7,79.7,77.41,77.84,77.84,77.91,"1,540","1,19,987.96",60
SBIETFCON,EQ,2023-05-23,77.84,78.01,78.43,78.01,78.01,78.01,78.09,"2,451","1,91,403.56",30
SBIETFCON,EQ,2023-05-24,78.01,77.07,78.98,77.07,78.47,78.46,78.3,"3,803","2,97,788.82",64
SBIETFCON,EQ,2023-05-25,78.46,78.65,78.99,78.49,78.9,78.86,78.78,"5,602","4,41,339.49",68
SBIETFCON,EQ,2023-05-26,78.86,79.0,79.6,78.92,79.42,79.48,79.32,"3,026","2,40,020.38",75
SBIETFCON,EQ,2023-05-29,79.48,81.85,81.85,79.75,79.94,79.96,79.97,"4,473","3,57,723.93",97
SBIETFCON,EQ,2023-05-30,79.96,79.2,80.47,78.36,80.03,80.03,80.0,"4,235","3,38,810.29",93
SBIETFCON,EQ,2023-05-31,80.03,80.0,81.0,79.88,81.0,80.48,80.29,"6,159","4,94,488.18",81
SBIETFCON,EQ,2023-06-01,80.48,80.6,81.0,80.6,80.62,80.62,80.78,"2,582","2,08,575.03",77
SBIETFCON,EQ,2023-06-02,80.62,80.9,81.97,80.84,81.3,81.39,81.14,"12,241","9,93,218.97",82
SBIETFCON,EQ,2023-06-05,81.39,81.39,82.0,81.39,81.73,81.61,81.67,"2,354","1,92,247.22",82
SBIETFCON,EQ,2023-06-06,81.61,82.5,82.5,81.26,81.6,81.6,81.51,"1,711","1,39,469.04",68
SBIETFCON,EQ,2023-06-07,81.6,82.98,82.98,81.89,82.55,82.55,82.17,"6,522","5,35,909.83",92
SBIETFCON,EQ,2023-06-08,82.55,82.0,82.86,81.62,81.67,81.71,82.03,"2,572","2,10,988.76",89
SBIETFCON,EQ,2023-06-09,81.71,81.08,82.32,81.08,81.3,81.21,81.46,"7,206","5,86,989.33",96
SBIETFCON,EQ,2023-06-12,81.21,81.21,81.69,81.21,81.43,81.4,81.38,"1,721","1,40,049.38",82
SBIETFCON,EQ,2023-06-13,81.4,80.22,82.54,80.22,82.54,82.39,82.22,"2,025","1,66,488.69",86
SBIETFCON,EQ,2023-06-14,82.39,83.15,83.15,82.2,82.75,82.59,82.44,"1,100","90,682.26",57
SBIETFCON,EQ,2023-06-15,82.59,83.15,83.45,82.59,83.1,83.01,83.07,"1,595","1,32,502.44",75
SBIETFCON,EQ,2023-06-16,83.01,82.7,83.55,82.7,83.55,83.49,83.42,"2,657","2,21,657.59",79
SBIETFCON,EQ,2023-06-19,83.49,82.2,84.77,82.2,83.15,82.97,83.28,"3,023","2,51,757.69",88
SBIETFCON,EQ,2023-06-20,82.97,82.94,83.46,82.7,83.19,83.12,82.93,"2,852","2,36,523.21",62
SBIETFCON,EQ,2023-06-21,83.12,83.15,83.45,82.64,82.77,82.77,83.2,"5,837","4,85,609.42",85
SBIETFCON,EQ,2023-06-22,82.77,81.45,83.0,81.45,82.15,82.3,82.56,"1,618","1,33,583.66",69
SBIETFCON,EQ,2023-06-23,82.3,82.08,82.55,81.9,81.9,82.01,82.25,726,"59,709.91",57
SBIETFCON,EQ,2023-06-26,82.01,82.01,82.8,82.01,82.8,82.61,82.56,"1,943","1,60,423.22",98
SBIETFCON,EQ,2023-06-27,82.61,83.0,83.1,82.65,82.98,82.82,82.93,885,"73,394.91",56
SBIETFCON,EQ,2023-06-28,82.82,83.0,83.69,83.0,83.42,83.47,83.4,"3,205","2,67,283.98",67
SBIETFCON,EQ,2023-06-30,83.47,80.95,84.25,80.95,84.14,84.22,84.04,"3,057","2,56,899.28",87
SBIETFCON,EQ,2023-07-03,84.22,84.99,84.99,84.01,84.2,84.42,84.36,"2,986","2,51,893.57",101
SBIETFCON,EQ,2023-07-04,84.42,83.07,84.64,83.07,84.07,84.14,84.2,"3,064","2,57,998.89",64
SBIETFCON,EQ,2023-07-05,84.14,82.55,85.44,82.55,85.21,85.14,85.04,"5,811","4,94,160.02",66
SBIETFCON,EQ,2023-07-06,85.14,86.48,86.48,85.06,85.75,85.74,85.47,"3,280","2,80,334.71",75
SBIETFCON,EQ,2023-07-07,85.74,85.46,86.09,85.01,85.15,85.13,85.53,"2,533","2,16,636.00",74
SBIETFCON,EQ,2023-07-10,85.13,86.48,86.48,83.81,84.8,84.79,84.9,"1,958","1,66,230.07",83
SBIETFCON,EQ,2023-07-11,84.79,84.79,85.73,84.6,85.71,85.54,85.22,"1,654","1,40,956.84",66
SBIETFCON,EQ,2023-07-12,85.54,85.5,85.6,84.85,85.26,85.44,85.07,"2,093","1,78,056.00",77
SBIETFCON,EQ,2023-07-13,85.44,88.01,88.01,84.16,85.21,85.11,85.43,"1,633","1,39,501.17",90
SBIETFCON,EQ,2023-07-14,85.11,85.2,85.59,84.9,85.56,85.44,85.22,"1,467","1,25,015.86",77
SBIETFCON,EQ,2023-07-17,85.44,90.0,90.0,85.25,85.35,85.59,85.8,"3,330","2,85,700.61",76
SBIETFCON,EQ,2023-07-18,85.59,85.59,85.6,84.26,84.26,84.68,85.23,"3,490","2,97,467.20",71
SBIETFCON,EQ,2023-07-19,84.68,85.25,85.97,85.17,85.6,85.55,85.48,"2,327","1,98,919.68",94
SBIETFCON,EQ,2023-07-20,85.55,85.23,86.8,85.1,86.8,86.02,85.65,"6,926","5,93,243.61",65
SBIETFCON,EQ,2023-07-21,86.02,84.3,86.08,84.3,85.38,85.39,85.75,"3,278","2,81,097.94",78
SBIETFCON,EQ,2023-07-24,85.39,85.39,86.78,85.11,85.11,85.11,85.36,"5,027","4,29,084.48",108
SBIETFCON,EQ,2023-07-25,85.11,85.11,85.2,84.31,84.95,84.9,84.96,"3,229","2,74,344.10",66
SBIETFCON,EQ,2023-07-26,84.9,85.0,85.39,85.0,85.18,85.19,85.18,"1,256","1,06,985.16",60
SBIETFCON,EQ,2023-07-27,85.19,85.0,85.44,84.2,84.7,84.55,84.63,"3,398","2,87,572.53",88
SBIETFCON,EQ,2023-07-28,84.55,84.71,85.39,84.7,85.08,85.14,84.96,"2,954","2,50,970.28",59
SBIETFCON,EQ,2023-07-31,85.14,85.05,85.38,83.83,84.0,84.9,84.97,"2,777","2,35,955.14",89
SBIETFCON,EQ,2023-08-01,84.9,85.98,85.98,84.71,84.72,84.73,85.11,"2,705","2,30,209.39",81
SBIETFCON,EQ,2023-08-02,84.73,84.74,84.74,83.76,84.4,84.06,84.19,"10,789","9,08,369.44",96
SBIETFCON,EQ,2023-08-03,84.06,84.2,84.3,83.31,83.55,83.59,83.8,"5,094","4,26,886.77",87
SBIETFCON,EQ,2023-08-04,83.59,84.87,84.87,82.39,83.0,83.82,83.79,"3,721","3,11,790.97",108
SBIETFCON,EQ,2023-08-07,83.82,82.14,84.98,82.14,84.39,84.2,84.2,"2,522","2,12,352.28",79
SBIETFCON,EQ,2023-08-08,84.2,83.77,85.48,83.77,83.89,83.96,83.9,"7,686","6,44,863.31",90
SBIETFCON,EQ,2023-08-09,83.96,85.48,85.48,83.71,84.21,84.21,84.02,"2,568","2,15,762.46",62
SBIETFCON,EQ,2023-08-10,84.21,84.21,84.39,82.58,84.33,83.97,84.0,"2,413","2,02,684.35",72
SBIETFCON,EQ,2023-08-11,83.97,83.89,83.89,83.51,83.51,83.7,83.73,"1,906","1,59,582.78",75
SBIETFCON,EQ,2023-08-14,83.7,86.2,86.2,82.36,83.6,83.62,83.2,"10,221","8,50,433.45",96
SBIETFCON,EQ,2023-08-16,83.62,81.75,83.81,81.75,83.78,83.58,83.35,"3,871","3,22,650.86",71
SBIETFCON,EQ,2023-08-17,83.58,83.51,83.7,83.11,83.49,83.44,83.46,"1,346","1,12,331.92",45
SBIETFCON,EQ,2023-08-18,83.44,83.44,83.79,83.15,83.35,83.61,83.37,"2,506","2,08,933.18",68
SBIETFCON,EQ,2023-08-21,83.61,86.1,86.11,83.41,84.0,83.98,84.4,"3,365","2,84,008.61",92
SBIETFCON,EQ,2023-08-22,83.98,84.79,84.79,83.87,84.75,84.46,84.22,"3,746","3,15,494.47",54
SBIETFCON,EQ,2023-08-23,84.46,85.01,85.01,83.25,84.11,84.11,84.28,"2,938","2,47,628.47",56
SBIETFCON,EQ,2023-08-24,84.11,84.11,84.8,84.11,84.57,84.54,84.5,"2,037","1,72,118.52",54
SBIETFCON,EQ,2023-08-25,84.54,84.3,84.41,83.6,83.6,83.87,84.06,"1,082","90,951.53",68
SBIETFCON,EQ,2023-08-28,83.87,86.4,86.4,83.61,84.0,84.07,83.8,"2,667","2,23,492.07",76
SBIETFCON,EQ,2023-08-29,84.07,100.0,100.0,83.86,83.96,83.97,84.0,"1,930","1,62,126.49",73
SBIETFCON,EQ,2023-08-30,83.97,83.03,85.4,82.8,84.66,84.64,84.53,"2,944","2,48,854.36",51
SBIETFCON,EQ,2023-08-31,84.64,83.39,85.86,83.39,84.16,84.14,84.15,"1,957","1,64,673.00",58
SBIETFCON,EQ,2023-09-01,84.14,84.14,84.9,84.14,84.67,84.79,84.47,"1,445","1,22,058.94",55
SBIETFCON,EQ,2023-09-04,84.79,85.98,85.98,83.09,84.8,84.76,84.67,"2,399","2,03,127.04",96
SBIETFCON,EQ,2023-09-05,84.76,84.51,85.3,84.51,85.3,85.11,85.05,"4,833","4,11,046.15",91
SBIETFCON,EQ,2023-09-06,85.11,86.47,86.47,84.31,85.99,85.8,85.33,"3,610","3,08,031.66",91
SBIETFCON,EQ,2023-09-07,85.8,85.85,86.98,84.65,85.51,85.53,85.55,"2,729","2,33,459.63",80
SBIETFCON,EQ,2023-09-08,85.53,87.25,87.25,85.81,86.08,85.98,86.02,"3,424","2,94,517.64",98
SBIETFCON,EQ,2023-09-11,85.98,86.8,87.25,85.1,86.67,86.57,86.52,"4,263","3,68,833.45",107
SBIETFCON,EQ,2023-09-12,86.57,86.96,86.96,85.5,85.79,85.79,86.03,"3,521","3,02,921.40",68
SBIETFCON,EQ,2023-09-13,85.79,85.87,86.61,85.75,86.61,86.44,86.11,"1,477","1,27,190.22",67
SBIETFCON,EQ,2023-09-14,86.44,86.45,86.92,86.15,86.7,86.42,86.5,"1,741","1,50,603.70",70
SBIETFCON,EQ,2023-09-15,86.42,86.19,86.92,86.15,86.92,86.9,86.69,"5,553","4,81,406.72",99
SBIETFCON,EQ,2023-09-18,86.9,86.9,87.5,85.55,87.25,87.39,87.1,"8,701","7,57,836.46",111
SBIETFCON,EQ,2023-09-20,87.39,86.85,87.29,86.39,87.2,87.03,87.03,"1,945","1,69,267.96",75
SBIETFCON,EQ,2023-09-21,87.03,85.29,87.05,85.29,86.5,86.26,86.28,"1,605","1,38,474.70",90
SBIETFCON,EQ,2023-09-22,86.26,86.22,86.53,85.94,86.06,86.07,86.14,"1,785","1,53,756.35",57
SBIETFCON,EQ,2023-09-25,86.07,86.1,87.48,86.01,86.24,86.52,86.4,"1,947","1,68,215.36",85
SBIETFCON,EQ,2023-09-26,86.52,86.52,86.88,86.2,86.72,86.72,86.63,832,"72,076.88",59
SBIETFCON,EQ,2023-09-27,86.72,87.98,88.2,85.86,86.73,86.93,87.07,"5,289","4,60,528.26",89
SBIETFCON,EQ,2023-09-28,86.93,87.11,88.0,85.13,88.0,86.37,86.44,"2,073","1,79,180.35",100
SBIETFCON,EQ,2023-09-29,86.37,87.98,87.98,85.27,85.6,86.08,85.86,"1,837","1,57,727.65",71
SBIETFCON,EQ,2023-10-03,86.08,85.8,85.95,85.25,85.6,85.64,85.67,"2,516","2,15,555.47",87
SBIETFCON,EQ,2023-10-04,85.64,84.0,88.0,84.0,88.0,87.94,85.96,"1,059","91,029.88",69
SBIETFCON,EQ,2023-10-05,87.94,87.0,87.4,85.13,85.89,85.79,85.65,"6,311","5,40,506.27",120
SBIETFCON,EQ,2023-10-06,85.79,86.19,86.34,85.9,86.3,86.27,86.16,"1,162","1,00,122.66",68
SBIETFCON,EQ,2023-10-09,86.27,87.3,87.3,85.12,85.72,85.75,85.73,"2,354","2,01,817.55",75
SBIETFCON,EQ,2023-10-10,85.75,86.0,86.28,85.98,86.05,86.05,86.06,"2,112","1,81,767.46",46
SBIETFCON,EQ,2023-10-11,86.05,87.77,87.77,86.55,87.13,87.15,86.86,"1,373","1,19,252.21",57
SBIETFCON,EQ,2023-10-12,87.15,85.25,87.2,85.25,87.14,87.14,86.91,"2,243","1,94,929.82",53
SBIETFCON,EQ,2023-10-13,87.14,86.66,87.45,86.66,87.4,87.39,87.11,"1,871","1,62,982.25",68
SBIETFCON,EQ,2023-10-16,87.39,87.2,87.65,86.89,87.65,87.39,87.26,"1,295","1,13,005.72",76
SBIETFCON,EQ,2023-10-17,87.39,87.33,87.8,86.9,87.18,87.39,87.48,"2,700","2,36,189.79",98
SBIETFCON,EQ,2023-10-18,87.39,87.46,87.63,86.95,86.95,87.04,87.26,"3,108","2,71,204.17",94
SBIETFCON,EQ,2023-10-19,87.04,87.1,87.34,86.62,87.3,87.19,87.04,"2,752","2,39,542.60",76
SBIETFCON,EQ,2023-10-20,87.19,87.04,87.04,86.31,86.31,86.37,86.61,"2,267","1,96,340.69",70
SBIETFCON,EQ,2023-10-23,86.37,86.37,86.65,85.26,85.59,85.57,86.09,"1,368","1,17,768.26",80
SBIETFCON,EQ,2023-10-25,85.57,86.0,86.75,84.64,85.2,85.01,85.47,"3,254","2,78,132.44",104
SBIETFCON,EQ,2023-10-26,85.01,84.23,84.23,83.66,84.0,83.76,83.85,"2,297","1,92,605.65",95
SBIETFCON,EQ,2023-10-27,83.76,84.0,85.0,84.0,84.55,84.96,84.6,"1,896","1,60,393.45",63
SBIETFCON,EQ,2023-10-30,84.96,84.96,84.96,83.75,84.52,84.55,84.2,"1,106","93,123.04",71
SBIETFCON,EQ,2023-10-31,84.55,84.6,84.78,84.26,84.55,84.52,84.61,774,"65,486.82",43
SBIETFCON,EQ,2023-11-01,84.52,85.88,85.88,84.05,84.1,84.3,84.48,"1,308","1,10,495.15",83
SBIETFCON,EQ,2023-11-02,84.3,84.1,85.0,84.1,84.87,84.92,84.55,"1,180","99,769.96",60
SBIETFCON,EQ,2023-11-03,84.92,84.55,86.28,83.75,85.05,85.77,85.5,"1,390","1,18,848.56",73
SBIETFCON,EQ,2023-11-06,85.77,85.77,86.98,85.77,86.18,86.38,86.25,"1,941","1,67,416.57",81
SBIETFCON,EQ,2023-11-07,86.38,86.26,86.77,86.07,86.67,86.52,86.31,"1,271","1,09,702.91",73
SBIETFCON,EQ,2023-11-08,86.52,86.62,87.15,86.39,87.1,87.1,86.98,"2,458","2,13,807.63",52
SBIETFCON,EQ,2023-11-09,87.1,87.04,87.4,86.84,87.15,87.0,87.27,"31,723","27,68,325.52",79
SBIETFCON,EQ,2023-11-10,87.0,87.27,87.27,86.41,87.09,87.04,86.73,"1,223","1,06,066.08",56
SBIETFCON,EQ,2023-11-12,87.04,87.09,88.5,87.05,87.6,88.0,87.67,"2,419","2,12,070.54",86
SBIETFCON,EQ,2023-11-13,88.0,87.06,87.36,86.75,87.32,87.35,87.06,"1,792","1,56,008.35",86
SBIETFCON,EQ,2023-11-15,87.35,88.38,88.38,87.14,88.0,87.99,87.67,"4,687","4,10,920.89",88
SBIETFCON,EQ,2023-11-16,87.99,86.23,88.51,86.23,88.21,88.22,88.11,"6,350","5,59,498.28",82
SBIETFCON,EQ,2023-11-17,88.22,88.55,89.29,88.55,89.09,88.82,88.9,"2,086","1,85,446.95",95
SBIETFCON,EQ,2023-11-20,88.82,89.09,89.09,88.55,88.76,88.71,88.76,"1,821","1,61,625.56",81
SBIETFCON,EQ,2023-11-21,88.71,88.71,89.32,88.68,88.92,88.91,88.99,"1,132","1,00,740.89",69
SBIETFCON,EQ,2023-11-22,88.91,88.91,89.47,88.8,89.33,89.3,89.22,838,"74,763.93",59
SBIETFCON,EQ,2023-11-23,89.3,89.44,89.66,89.12,89.2,89.26,89.29,"3,694","3,29,831.18",59
SBIETFCON,EQ,2023-11-24,89.26,89.3,89.64,89.09,89.09,89.19,89.35,"1,156","1,03,286.51",57
SBIETFCON,EQ,2023-11-28,89.19,89.3,89.9,89.3,89.9,89.65,89.62,"10,635","9,53,109.28",127
SBIETFCON,EQ,2023-11-29,89.65,92.35,92.35,90.0,90.42,90.4,90.43,"2,244","2,02,914.52",98
SBIETFCON,EQ,2023-11-30,90.4,90.6,91.53,90.38,91.1,91.13,90.85,"4,751","4,31,628.45",74
SBIETFCON,EQ,2023-12-01,91.13,91.7,92.0,91.37,91.65,91.74,91.68,"2,533","2,32,213.00",85
SBIETFCON,EQ,2023-12-04,91.74,92.82,93.0,92.39,92.9,92.95,92.73,"1,720","1,59,495.97",106
SBIETFCON,EQ,2023-12-05,92.95,94.81,94.81,93.0,93.7,93.27,93.42,"4,188","3,91,238.54",119
SBIETFCON,EQ,2023-12-06,93.27,94.0,94.29,93.61,93.66,93.72,93.96,"2,490","2,33,952.07",138
SBIETFCON,EQ,2023-12-07,93.72,93.96,93.97,93.04,93.87,93.88,93.53,"2,746","2,56,836.79",105
SBIETFCON,EQ,2023-12-08,93.88,93.88,94.07,92.81,93.15,92.91,93.24,"4,499","4,19,494.89",132
SBIETFCON,EQ,2023-12-11,92.91,92.91,93.98,92.9,93.61,93.59,93.3,"2,528","2,35,865.42",118
SBIETFCON,EQ,2023-12-12,93.59,93.59,93.82,92.41,92.69,92.88,93.19,"3,052","2,84,419.85",99
SBIETFCON,EQ,2023-12-13,92.88,93.05,93.79,92.51,93.79,93.54,93.06,"4,978","4,63,270.51",113
SBIETFCON,EQ,2023-12-14,93.54,91.67,95.2,91.67,94.49,94.29,94.1,"3,035","2,85,586.24",111
SBIETFCON,EQ,2023-12-15,94.29,94.44,94.54,93.47,94.19,94.18,94.04,"4,939","4,64,481.22",118
SBIETFCON,EQ,2023-12-18,94.18,94.3,94.3,93.71,93.93,94.04,94.05,"4,937","4,64,308.65",126
SBIETFCON,EQ,2023-12-19,94.04,93.93,94.59,93.85,94.21,94.43,94.08,"5,541","5,21,302.60",88
SBIETFCON,EQ,2023-12-20,94.43,92.9,95.25,92.81,92.81,92.93,94.52,"7,334","6,93,193.77",140
SBIETFCON,EQ,2023-12-21,92.93,93.4,93.7,92.04,93.7,93.49,93.21,"2,232","2,08,054.61",93
SBIETFCON,EQ,2023-12-22,93.49,93.21,94.36,93.21,94.3,94.21,93.79,"8,820","8,27,268.31",86
SBIETFCON,EQ,2023-12-26,94.21,95.68,95.68,94.27,95.0,95.23,94.94,"4,310","4,09,194.10",162
SBIETFCON,EQ,2023-12-27,95.23,96.2,96.2,95.0,95.87,95.88,95.51,"3,112","2,97,235.44",86
SBIETFCON,EQ,2023-12-28,95.88,95.88,96.95,95.79,96.82,96.89,96.46,"6,628","6,39,361.11",136
SBIETFCON,EQ,2023-12-29,96.89,96.89,97.31,96.37,97.31,97.14,97.07,"2,725","2,64,522.75",112
SBIETFCON,EQ,2024-01-01,97.14,97.14,98.48,94.72,96.96,96.98,97.23,"5,953","5,78,801.12",150
SBIETFCON,EQ,2024-01-02,96.98,97.05,97.05,95.15,96.8,96.62,96.29,"12,832","12,35,544.08",124
SBIETFCON,EQ,2024-01-03,96.62,96.8,97.27,96.63,97.18,97.16,96.98,"3,246","3,14,793.01",121
SBIETFCON,EQ,2024-01-04,97.16,97.16,98.0,96.92,98.0,97.63,97.5,"4,004","3,90,393.57",123
SBIETFCON,EQ,2024-01-05,97.63,98.0,98.5,97.31,97.6,97.56,97.61,"9,767","9,53,313.71",111
SBIETFCON,EQ,2024-01-08,97.56,95.61,97.64,95.61,96.8,96.59,97.14,"4,413","4,28,685.91",145
SBIETFCON,EQ,2024-01-09,96.59,96.59,97.29,96.59,97.07,97.02,96.97,"1,926","1,86,763.11",80
SBIETFCON,EQ,2024-01-10,97.02,96.9,97.16,96.28,97.1,96.86,96.79,"1,987","1,92,325.53",98
SBIETFCON,EQ,2024-01-11,96.86,97.1,98.0,95.7,97.42,97.14,97.09,"2,231","2,16,605.70",118
SBIETFCON,EQ,2024-01-12,97.14,97.42,98.48,96.65,97.88,97.75,97.29,"2,608","2,53,723.82",108
SBIETFCON,EQ,2024-01-15,97.75,97.75,98.98,97.55,98.03,98.03,97.94,"6,837","6,69,641.94",177
SBIETFCON,EQ,2024-01-16,98.03,99.48,99.48,97.75,97.89,97.88,98.27,"2,686","2,63,952.34",121
SBIETFCON,EQ,2024-01-17,97.88,97.6,97.65,97.11,97.39,97.3,97.38,"3,692","3,59,541.88",99
SBIETFCON,EQ,2024-01-18,97.3,97.3,97.46,95.72,96.8,96.71,96.5,"2,121","2,04,666.34",111
SBIETFCON,EQ,2024-01-19,96.71,98.28,98.28,96.56,97.69,97.9,97.61,"3,413","3,33,145.33",100
SBIETFCON,EQ,2024-01-20,97.9,97.9,99.02,97.0,97.25,97.17,97.41,"3,035","2,95,631.74",121
SBIETFCON,EQ,2024-01-23,97.17,97.17,98.68,95.75,96.4,96.21,96.54,"8,624","8,32,601.31",179
SBIETFCON,EQ,2024-01-24,96.21,96.0,97.6,95.37,97.54,97.35,96.5,"7,821","7,54,700.95",121
SBIETFCON,EQ,2024-01-25,97.35,95.8,97.57,95.55,96.96,96.93,96.72,"6,310","6,10,332.25",126
SBIETFCON,EQ,2024-01-29,96.93,98.48,98.48,96.4,97.45,97.4,97.16,"5,747","5,58,351.86",133
SBIETFCON,EQ,2024-01-30,97.4,98.98,98.98,96.5,96.57,96.75,97.46,"3,885","3,78,629.46",108
SBIETFCON,EQ,2024-01-31,96.75,98.69,98.69,96.61,98.0,97.43,97.18,"3,966","3,85,406.24",132
SBIETFCON,EQ,2024-02-01,97.43,98.0,98.81,97.51,98.0,97.58,98.05,"6,348","6,22,438.07",149
SBIETFCON,EQ,2024-02-02,97.58,97.58,98.98,96.45,98.07,98.05,98.13,"3,411","3,34,721.30",124
SBIETFCON,EQ,2024-02-05,98.05,98.05,98.38,96.65,97.25,96.91,97.34,"8,144","7,92,737.94",217
SBIETFCON,EQ,2024-02-06,96.91,98.3,98.3,96.91,97.65,97.63,97.56,"2,092","2,04,101.92",110
SBIETFCON,EQ,2024-02-07,97.63,97.63,99.5,97.63,98.51,98.65,98.3,"4,162","4,09,138.99",129
SBIETFCON,EQ,2024-02-08,98.65,98.65,98.85,97.0,98.56,98.43,98.39,"4,128","4,06,146.46",137
SBIETFCON,EQ,2024-02-09,98.43,97.6,100.3,97.4,98.15,99.47,98.23,"2,526","2,48,140.47",90
SBIETFCON,EQ,2024-02-12,99.47,100.98,100.98,97.26,99.19,97.48,98.28,"3,614","3,55,183.35",202
SBIETFCON,EQ,2024-02-13,97.48,97.0,98.98,97.0,98.19,98.14,97.88,"1,808","1,76,973.64",84
SBIETFCON,EQ,2024-02-14,98.14,98.98,98.98,97.1,98.55,98.58,97.99,"1,831","1,79,420.60",84
SBIETFCON,EQ,2024-02-15,98.58,99.98,99.98,96.8,98.2,98.56,98.64,"2,026","1,99,853.72",108
SBIETFCON,EQ,2024-02-16,98.56,98.56,100.06,98.56,100.04,99.96,99.61,"6,047","6,02,346.94",123
SBIETFCON,EQ,2024-02-19,99.96,98.05,100.83,98.05,100.65,100.62,100.44,"2,088","2,09,711.48",151
SBIETFCON,EQ,2024-02-20,100.62,101.98,110.0,100.05,100.7,100.65,102.46,"14,461","14,81,720.61",151
SBIETFCON,EQ,2024-02-21,100.65,100.7,101.98,99.81,99.81,100.16,100.57,"1,827","1,83,747.98",132
SBIETFCON,EQ,2024-02-22,100.16,99.81,101.59,99.6,101.57,101.35,100.37,"1,504","1,50,950.65",104
SBIETFCON,EQ,2024-02-23,101.35,99.4,101.61,98.82,100.95,101.21,101.38,"20,954","21,24,362.75",117
SBIETFCON,EQ,2024-02-26,101.21,100.76,101.21,100.28,100.75,100.65,100.72,"5,698","5,73,922.42",162
SBIETFCON,EQ,2024-02-27,100.65,100.65,101.19,100.08,101.15,101.02,100.99,"1,991","2,01,077.71",134
SBIETFCON,EQ,2024-02-28,101.02,101.03,101.43,99.6,99.6,99.75,100.37,"2,847","2,85,750.15",146
SBIETFCON,EQ,2024-02-29,99.75,99.75,101.18,99.05,101.0,99.65,99.55,"2,126","2,11,653.26",122
SBIETFCON,EQ,2024-03-01,99.65,100.98,100.98,99.93,100.55,100.61,100.33,"4,224","4,23,789.02",132
SBIETFCON,EQ,2024-03-02,100.61,99.1,104.6,98.65,103.5,103.18,100.98,793,"80,080.00",43
SBIETFCON,EQ,2024-03-04,103.18,103.15,103.15,100.5,102.48,100.89,100.88,"34,682","34,98,882.77","1,032"
SBIETFCON,EQ,2024-03-05,100.89,101.97,101.98,99.96,100.45,100.35,100.52,"10,425","10,47,885.97",185
SBIETFCON,EQ,2024-03-06,100.35,99.0,101.37,99.0,101.16,101.28,100.2,"3,602","3,60,904.96",129
SBIETFCON,EQ,2024-03-07,101.28,102.62,102.62,100.81,101.55,101.66,101.42,"10,026","10,16,862.03",122
SBIETFCON,EQ,2024-03-11,101.66,101.66,102.62,99.13,101.67,101.51,102.36,"47,106","48,21,918.76",232
SBIETFCON,EQ,2024-03-12,101.51,101.51,101.51,100.75,100.88,101.06,101.1,"3,403","3,44,055.06",109
SBIETFCON,EQ,2024-03-13,101.06,101.55,101.6,98.05,99.5,99.37,99.75,"6,031","6,01,575.93",164
SBIETFCON,EQ,2024-03-14,99.37,99.51,100.86,98.67,100.79,100.83,100.03,"3,390","3,39,117.01",134
SBIETFCON,EQ,2024-03-15,100.83,99.0,101.97,99.0,100.18,100.6,100.12,"1,443","1,44,473.09",105
SBIETFCON,EQ,2024-03-18,100.6,101.98,101.98,99.68,100.63,100.64,100.15,"2,725","2,72,903.12",126
SBIETFCON,EQ,2024-03-19,100.64,101.97,101.97,99.02,99.4,99.45,99.63,"2,359","2,35,022.50",127
SBIETFCON,EQ,2024-03-20,99.45,99.45,100.93,99.31,100.05,100.0,99.83,"3,745","3,73,863.44",104
SBIETFCON,EQ,2024-03-21,100.0,101.47,101.47,98.5,100.6,100.77,100.3,"2,447","2,45,443.51",118
SBIETFCON,EQ,2024-03-22,100.77,98.75,102.11,98.0,102.04,101.9,100.85,"4,401","4,43,826.29",116
SBIETFCON,EQ,2024-03-26,101.9,101.9,102.59,100.89,101.09,101.14,101.56,"7,909","8,03,221.77",163
SBIETFCON,EQ,2024-03-27,101.14,101.09,102.5,101.0,101.45,101.59,101.82,"3,344","3,40,480.94",118
SBIETFCON,EQ,2024-03-28,101.59,102.69,103.64,101.69,103.08,103.47,102.73,"51,476","52,88,152.60",153
SBIETFCON,EQ,2024-04-01,103.47,103.47,103.89,102.51,103.3,103.12,103.25,"8,247","8,51,462.27",209
SBIETFCON,EQ,2024-04-02,103.12,103.47,104.68,101.12,103.06,102.86,103.01,"25,255","26,01,554.58",149
SBIETFCON,EQ,2024-04-03,102.86,100.8,103.97,100.8,103.22,103.2,103.1,"2,178","2,24,553.73",87
SBIETFCON,EQ,2024-04-04,103.2,101.65,104.19,101.65,103.8,103.43,102.99,"4,996","5,14,548.28",136
SBIETFCON,EQ,2024-04-05,103.43,103.44,103.93,103.13,103.43,103.41,103.46,"8,220","8,50,476.99",125
SBIETFCON,EQ,2024-04-08,103.41,103.41,104.49,103.22,103.96,104.28,104.04,"4,190","4,35,911.71",156
SBIETFCON,EQ,2024-04-09,104.28,104.64,104.64,103.0,103.95,103.92,104.08,"2,705","2,81,546.73",117
SBIETFCON,EQ,2024-04-10,103.92,103.91,104.85,103.91,104.85,104.7,104.35,"2,309","2,40,948.29",110
SBIETFCON,EQ,2024-04-12,104.7,104.7,104.7,104.0,104.1,104.08,104.34,"2,652","2,76,708.81",147
SBIETFCON,EQ,2024-04-15,104.08,104.08,104.08,100.04,103.12,102.98,102.75,"3,506","3,60,248.58",194
SBIETFCON,EQ,2024-04-16,102.98,102.83,103.2,102.55,103.2,102.77,102.95,"3,131","3,22,321.03",96
SBIETFCON,EQ,2024-04-18,102.77,100.3,103.96,100.3,102.33,102.34,103.04,"2,598","2,67,699.28",148
SBIETFCON,EQ,2024-04-19,102.34,102.0,103.49,101.21,103.34,103.32,102.15,"5,419","5,53,561.28",132
SBIETFCON,EQ,2024-04-22,103.32,106.4,106.4,103.32,104.42,103.89,103.78,"5,256","5,45,479.15",136
SBIETFCON,EQ,2024-04-23,103.89,104.17,105.0,104.17,104.99,104.73,104.66,"2,121","2,21,981.06",120
SBIETFCON,EQ,2024-04-24,104.73,104.65,105.38,104.18,104.65,104.65,105.04,"3,242","3,40,544.93",126
SBIETFCON,EQ,2024-04-25,104.65,105.05,105.33,103.86,105.31,104.96,104.64,"5,048","5,28,219.94",136
SBIETFCON,EQ,2024-04-26,104.96,105.3,105.6,104.65,105.0,104.92,105.25,"1,640","1,72,611.61",97
SBIETFCON,EQ,2024-04-29,104.92,106.0,106.0,104.0,105.44,105.31,105.26,"25,219","26,54,677.41",122
SBIETFCON,EQ,2024-04-30,105.31,105.31,106.56,104.26,105.99,105.93,106.06,"5,692","6,03,702.60",172
SBIETFCON,EQ,2024-05-02,105.93,106.06,106.45,105.57,106.35,106.43,106.14,"4,809","5,10,403.70",161
SBIETFCON,EQ,2024-05-03,106.43,106.42,106.43,105.0,105.4,105.25,105.34,"5,045","5,31,421.01",169
SBIETFCON,EQ,2024-05-06,105.25,105.33,106.17,104.0,104.0,105.56,105.64,"4,517","4,77,194.57",170
SBIETFCON,EQ,2024-05-07,105.56,105.64,106.5,105.1,105.26,105.52,105.62,"4,250","4,48,885.00",128
SBIETFCON,EQ,2024-05-08,105.52,105.52,106.0,105.13,105.99,105.97,105.69,"3,312","3,50,028.93",93
SBIETFCON,EQ,2024-05-09,105.97,105.98,107.04,104.49,105.99,104.59,105.34,"4,808","5,06,484.88",147
SBIETFCON,EQ,2024-05-10,104.59,105.34,106.2,104.66,105.5,106.0,105.77,"2,481","2,62,412.56",124
SBIETFCON,EQ,2024-05-13,106.0,106.0,107.33,104.45,105.53,105.68,104.99,"10,444","10,96,514.19",181
SBIETFCON,EQ,2024-05-14,105.68,105.68,106.51,104.8,105.86,105.93,105.83,"7,272","7,69,589.61",100
SBIETFCON,EQ,2024-05-15,105.93,106.8,106.8,104.81,106.04,106.0,105.94,"4,745","5,02,692.14",99
SBIETFCON,EQ,2024-05-16,106.0,107.68,107.68,105.48,107.28,106.92,106.11,"1,866","1,98,007.24",105
SBIETFCON,EQ,2024-05-17,106.92,108.5,108.5,105.6,108.0,107.71,107.42,"9,895","10,62,960.17",106
SBIETFCON,EQ,2024-05-18,107.71,109.0,111.01,107.43,108.4,108.12,108.25,"1,463","1,58,371.31",39
SBIETFCON,EQ,2024-05-21,108.12,108.12,109.47,107.32,107.95,107.99,107.98,"20,096","21,69,866.35",225
SBIETFCON,EQ,2024-05-22,107.99,105.85,109.25,105.85,108.76,108.57,108.62,"4,816","5,23,100.27",120
SBIETFCON,EQ,2024-05-23,108.57,108.5,109.87,108.26,109.65,109.7,109.07,"2,678","2,92,091.68",142
SBIETFCON,EQ,2024-05-24,109.7,113.0,113.0,108.32,109.8,109.39,109.39,"4,935","5,39,847.81",160
SBIETFCON,EQ,2024-05-27,109.39,110.98,110.98,108.02,109.0,108.92,109.15,"5,950","6,49,433.62",204
SBIETFCON,EQ,2024-05-28,108.92,108.92,109.11,108.04,108.04,108.19,108.53,"3,851","4,17,934.80",103
SBIETFCON,EQ,2024-05-29,108.19,110.35,110.35,106.69,107.9,108.22,108.01,"2,196","2,37,185.60",116
SBIETFCON,EQ,2024-05-30,108.22,108.0,108.0,106.55,107.17,107.05,107.12,"2,622","2,80,878.38",135
SBIETFCON,EQ,2024-05-31,107.05,108.5,108.5,105.79,106.4,106.39,106.48,"5,018","5,34,294.80",134
SBIETFCON,EQ,2024-06-03,106.39,107.32,109.9,107.32,108.31,108.14,108.12,"10,635","11,49,830.20",224
SBIETFCON,EQ,2024-06-04,108.14,109.85,110.99,103.14,110.92,109.44,107.41,"7,061","7,58,423.35",275
SBIETFCON,EQ,2024-06-05,109.44,109.4,112.54,108.01,111.48,110.74,110.35,"23,379","25,79,814.11",271
SBIETFCON,EQ,2024-06-06,110.74,112.73,112.73,107.92,110.93,111.09,110.38,"25,021","27,61,718.16",212
SBIETFCON,EQ,2024-06-07,111.09,112.49,113.4,111.15,113.4,113.22,112.14,"17,366","19,47,410.42",222
SBIETFCON,EQ,2024-06-10,113.22,114.78,115.21,111.47,115.21,113.96,113.47,"15,255","17,31,024.69",219
SBIETFCON,EQ,2024-06-11,113.96,133.0,133.0,112.28,113.2,113.13,113.82,"16,047","18,26,461.19",305
SBIETFCON,EQ,2024-06-12,113.13,114.59,114.59,112.68,113.24,113.19,113.31,"4,962","5,62,230.68",186
SBIETFCON,EQ,2024-06-13,113.19,111.2,115.82,111.2,115.82,113.55,113.38,"9,131","10,35,270.71",194
SBIETFCON,EQ,2024-06-14,113.55,115.48,115.48,113.38,114.75,114.46,114.23,"19,909","22,74,206.69",201
SBIETFCON,EQ,2024-06-18,114.46,116.44,116.44,114.19,114.8,114.45,114.68,"13,101","15,02,426.86",310
SBIETFCON,EQ,2024-06-19,114.45,114.99,115.0,113.0,114.04,113.5,114.01,"6,067","6,91,675.16",203
SBIETFCON,EQ,2024-06-20,113.5,114.05,114.05,112.1,113.5,113.07,113.06,"6,425","7,26,424.57",268
SBIETFCON,EQ,2024-06-21,113.07,114.69,114.7,112.1,112.54,112.58,113.29,"8,527","9,66,027.48",205
SBIETFCON,EQ,2024-06-24,112.58,110.3,113.98,110.3,113.22,113.41,113.07,"5,216","5,89,769.76",206
SBIETFCON,EQ,2024-06-25,113.41,112.1,115.11,112.1,113.0,112.83,113.17,"5,246","5,93,707.83",186
SBIETFCON,EQ,2024-06-26,112.83,113.77,114.0,111.19,114.0,112.02,112.82,"4,403","4,96,727.26",162
SBIETFCON,EQ,2024-06-27,112.02,113.97,113.98,112.36,113.61,113.45,113.01,"4,303","4,86,280.72",177
SBIETFCON,EQ,2024-06-28,113.45,113.45,114.4,112.2,113.8,113.54,113.73,"4,324","4,91,753.03",164
SBIETFCON,EQ,2024-07-01,113.54,113.54,117.17,112.5,113.99,113.82,114.36,"31,531","36,05,789.26",275
SBIETFCON,EQ,2024-07-02,113.82,113.82,114.96,112.68,113.0,113.37,113.63,"3,600","4,09,070.48",201
SBIETFCON,EQ,2024-07-03,113.37,113.0,114.48,113.0,113.53,113.6,113.65,"6,512","7,40,080.56",193
SBIETFCON,EQ,2024-07-04,113.6,114.44,114.45,113.65,113.81,114.08,114.07,"9,006","10,27,304.40",185
SBIETFCON,EQ,2024-07-05,114.08,114.0,115.48,113.46,114.39,114.38,114.12,"4,924","5,61,917.07",221
SBIETFCON,EQ,2024-07-08,114.38,114.12,115.3,114.12,114.5,114.65,114.72,"4,174","4,78,829.09",198
SBIETFCON,EQ,2024-07-09,114.65,115.97,116.25,114.66,115.99,115.92,115.72,"7,772","8,99,403.85",215
SBIETFCON,EQ,2024-07-10,115.92,116.99,116.99,114.2,115.5,115.49,115.19,"6,824","7,86,077.99",173
SBIETFCON,EQ,2024-07-11,115.49,116.57,116.58,115.31,115.41,115.44,115.75,"7,508","8,69,052.55",161
SBIETFCON,EQ,2024-07-12,115.44,116.58,116.58,114.8,116.0,115.91,115.81,"11,538","13,36,210.59",180
SBIETFCON,EQ,2024-07-15,115.91,117.0,117.0,115.78,116.69,116.55,116.42,"8,688","10,11,492.33",209
SBIETFCON,EQ,2024-07-16,116.55,116.66,117.46,116.62,116.75,116.92,117.11,"5,182","6,06,841.88",202
SBIETFCON,EQ,2024-07-18,116.92,114.58,117.9,114.58,117.41,117.57,116.85,"10,310","12,04,732.62",238
SBIETFCON,EQ,2024-07-19,117.57,117.58,119.0,116.0,119.0,116.83,116.93,"7,840","9,16,750.97",227
SBIETFCON,EQ,2024-07-22,116.83,117.95,117.95,115.75,117.02,116.91,116.67,"5,511","6,42,980.40",193
SBIETFCON,EQ,2024-07-23,116.91,116.91,118.36,114.47,117.86,117.92,116.83,"9,897","11,56,282.17",203
SBIETFCON,EQ,2024-07-24,117.92,117.93,118.49,117.28,118.3,118.29,117.93,"4,405","5,19,488.47",156
SBIETFCON,EQ,2024-07-25,118.29,117.29,118.97,117.01,117.47,117.87,117.44,"7,817","9,18,026.37",177
SBIETFCON,EQ,2024-07-26,117.87,118.97,120.0,116.98,119.95,119.85,119.35,"11,645","13,89,811.37",192
SBIETFCON,EQ,2024-07-29,119.85,120.72,120.97,118.9,120.16,119.76,119.83,"9,848","11,80,109.84",249
SBIETFCON,EQ,2024-07-30,119.76,122.16,122.16,119.13,119.13,119.56,120.04,"3,645","4,37,547.92",201
SBIETFCON,EQ,2024-07-31,119.56,117.4,120.73,117.4,120.09,120.49,120.31,"9,805","11,79,660.40",188
SBIETFCON,EQ,2024-08-01,120.49,121.5,121.5,119.5,121.0,120.61,120.66,"9,610","11,59,577.94",217
SBIETFCON,EQ,2024-08-02,120.61,121.0,121.18,119.83,120.19,119.95,120.46,"7,490","9,02,229.83",221
SBIETFCON,EQ,2024-08-05,119.95,118.97,119.62,116.85,119.62,119.06,117.76,"22,741","26,77,883.49",403
SBIETFCON,EQ,2024-08-06,119.06,118.96,120.0,116.81,117.1,117.06,118.14,"3,543","4,18,571.20",203
SBIETFCON,EQ,2024-08-07,117.06,118.15,121.5,117.05,119.13,119.09,118.66,"18,575","22,04,022.79",180
SBIETFCON,EQ,2024-08-08,119.09,122.65,122.65,115.89,117.0,116.6,118.46,"6,274","7,43,239.70",166
SBIETFCON,EQ,2024-08-09,116.6,118.46,120.0,117.41,120.0,119.39,119.23,"9,399","11,20,663.45",210
SBIETFCON,EQ,2024-08-12,119.39,119.23,119.99,117.05,119.7,119.47,119.11,"4,010","4,77,641.70",190
SBIETFCON,EQ,2024-08-13,119.47,119.47,120.67,118.4,119.0,118.74,119.28,"3,269","3,89,929.54",185
SBIETFCON,EQ,2024-08-14,118.74,120.67,120.67,117.5,118.5,118.7,118.95,"7,959","9,46,762.52",132
SBIETFCON,EQ,2024-08-16,118.7,120.0,120.69,119.21,120.51,120.56,119.92,"5,984","7,17,603.08",172
SBIETFCON,EQ,2024-08-19,120.56,120.56,122.48,120.16,120.5,120.59,121.24,"4,810","5,83,145.42",227
SBIETFCON,EQ,2024-08-20,120.59,122.99,122.99,118.7,120.42,120.46,119.85,"31,878","38,20,707.93",223
SBIETFCON,EQ,2024-08-21,120.46,124.7,124.7,120.47,121.41,121.43,121.14,"7,032","8,51,891.58",163
SBIETFCON,EQ,2024-08-22,121.43,123.8,123.8,122.0,122.1,122.25,122.5,"5,868","7,18,816.92",178
SBIETFCON,EQ,2024-08-23,122.25,123.48,123.48,122.35,122.52,122.63,122.67,"4,754","5,83,171.16",201
SBIETFCON,EQ,2024-08-26,122.63,124.7,124.7,121.5,123.25,123.11,123.1,"4,060","4,99,772.67",212
SBIETFCON,EQ,2024-08-27,123.11,124.5,124.5,122.04,123.61,122.66,122.8,"9,050","11,11,299.38",223
SBIETFCON,EQ,2024-08-28,122.66,123.1,123.54,122.15,122.7,122.96,122.85,"7,824","9,61,179.34",159
SBIETFCON,EQ,2024-08-29,122.96,124.7,124.7,121.47,123.25,123.22,122.82,"8,400","10,31,690.86",218
SBIETFCON,EQ,2024-08-30,123.22,123.22,123.8,122.0,123.53,123.48,123.46,"3,700","4,56,784.05",150
SBIETFCON,EQ,2024-09-02,123.48,125.48,125.48,123.45,124.72,123.83,123.87,"6,314","7,82,116.98",264
SBIETFCON,EQ,2024-09-03,123.83,124.98,126.31,121.91,124.18,123.71,123.29,"14,865","18,32,766.92",240
SBIETFCON,EQ,2024-09-04,123.71,123.72,124.03,122.45,122.5,123.38,123.24,"5,188","6,39,366.79",227
SBIETFCON,EQ,2024-09-05,123.38,125.85,127.07,121.0,124.03,124.05,124.59,"9,547","11,89,484.15",218
SBIETFCON,EQ,2024-09-06,124.05,124.5,124.97,122.83,123.66,123.46,123.59,"13,647","16,86,587.56",265
SBIETFCON,EQ,2024-09-09,123.46,124.96,124.96,121.55,124.12,124.32,123.78,"4,643","5,74,702.43",237
SBIETFCON,EQ,2024-09-10,124.32,125.4,125.69,123.41,124.94,125.12,125.01,"7,316","9,14,585.32",209
SBIETFCON,EQ,2024-09-11,125.12,126.44,127.49,124.26,125.34,125.47,126.18,"9,723","12,26,826.51",217
SBIETFCON,EQ,2024-09-12,125.47,127.68,128.29,125.15,128.0,128.01,126.91,"6,607","8,38,508.71",204
SBIETFCON,EQ,2024-09-13,128.01,125.71,129.92,125.64,127.95,127.53,127.7,"9,635","12,30,393.61",305
SBIETFCON,EQ,2024-09-16,127.53,129.92,129.92,126.3,127.4,127.16,127.34,"6,637","8,45,152.96",282
SBIETFCON,EQ,2024-09-17,127.16,127.33,128.0,126.04,128.0,127.91,127.61,"7,664","9,78,000.41",189
SBIETFCON,EQ,2024-09-18,127.91,131.75,131.75,125.06,128.23,127.43,127.58,"11,131","14,20,056.04",204
SBIETFCON,EQ,2024-09-19,127.43,128.03,128.76,127.38,128.7,128.58,128.23,"11,914","15,27,680.40",202
SBIETFCON,EQ,2024-09-20,128.58,130.47,130.95,127.58,130.9,130.7,130.06,"14,507","18,86,723.25",244
SBIETFCON,EQ,2024-09-23,130.7,133.7,133.7,130.29,132.2,132.49,132.17,"35,738","47,23,395.22",322
SBIETFCON,EQ,2024-09-24,132.49,133.96,136.0,132.19,136.0,133.41,132.97,"19,795","26,32,176.91",329
SBIETFCON,EQ,2024-09-25,133.41,135.95,135.95,131.06,132.25,131.98,131.86,"39,078","51,52,668.12",930
SBIETFCON,EQ,2024-09-26,131.98,131.98,133.7,131.0,133.46,133.07,132.4,"16,649","22,04,259.42",262
SBIETFCON,EQ,2024-09-27,133.07,134.96,134.96,129.69,133.12,133.07,133.23,"21,115","28,13,238.23",308
SBIETFCON,EQ,2024-09-30,133.07,134.46,134.46,130.41,132.0,131.31,131.52,"27,507","36,17,650.10",638
SBIETFCON,EQ,2024-10-01,131.31,133.7,135.96,130.11,131.9,131.16,131.64,"28,152","37,05,860.64",500
SBIETFCON,EQ,2024-10-03,131.16,131.16,132.89,128.0,129.2,128.7,129.21,"34,705","44,84,376.00",833
SBIETFCON,EQ,2024-10-04,128.7,129.98,129.98,125.57,126.58,126.92,127.1,"32,884","41,79,718.63",635
SBIETFCON,EQ,2024-10-07,126.92,127.0,128.81,124.8,127.66,125.83,125.73,"13,984","17,58,150.03",486
SBIETFCON,EQ,2024-10-08,125.83,127.88,127.88,125.0,127.6,127.47,126.58,"7,470","9,45,573.87",261
SBIETFCON,EQ,2024-10-09,127.47,129.28,129.28,123.75,127.55,126.93,127.56,"12,911","16,46,947.08",359
SBIETFCON,EQ,2024-10-10,126.93,128.98,128.98,126.32,127.25,127.14,127.25,"3,666","4,66,485.08",184
SBIETFCON,EQ,2024-10-11,127.14,130.95,130.95,126.44,128.9,127.15,126.95,"6,924","8,78,974.34",266
SBIETFCON,EQ,2024-10-14,127.15,129.69,129.69,125.6,127.25,127.29,127.0,"8,256","10,48,517.72",227
SBIETFCON,EQ,2024-10-15,127.29,125.06,129.12,125.0,129.12,127.48,127.08,"19,744","25,09,038.82",276
SBIETFCON,EQ,2024-10-16,127.48,129.83,129.83,126.1,127.4,126.56,126.62,"10,588","13,40,616.98",313
SBIETFCON,EQ,2024-10-17,126.56,126.55,128.5,123.1,125.53,123.56,124.31,"28,409","35,31,540.50",819
SBIETFCON,EQ,2024-10-18,123.56,124.96,124.96,122.0,124.85,123.13,123.06,"11,901","14,64,487.64",434
SBIETFCON,EQ,2024-10-21,123.13,125.6,126.99,121.34,125.5,123.38,122.95,"33,342","40,99,314.15",849
SBIETFCON,EQ,2024-10-22,123.38,124.97,124.97,120.44,120.85,120.64,121.35,"17,818","21,62,227.68",503
SBIETFCON,EQ,2024-10-23,120.64,120.64,122.66,119.0,121.26,120.73,120.6,"10,812","13,03,898.50",259
SBIETFCON,EQ,2024-10-24,120.73,120.73,120.92,118.58,119.78,119.16,119.19,"11,227","13,38,159.73",435
SBIETFCON,EQ,2024-10-25,119.16,120.47,120.47,117.21,120.0,118.11,118.19,"12,033","14,22,212.39",406
SBIETFCON,EQ,2024-10-28,118.11,120.92,120.92,117.36,119.87,118.68,118.86,"8,913","10,59,414.50",280
SBIETFCON,EQ,2024-10-29,118.68,120.99,121.0,116.6,119.5,118.23,117.49,"12,046","14,15,244.35",371
SBIETFCON,EQ,2024-10-30,118.23,119.0,120.0,118.0,120.0,118.31,118.44,"8,815","10,44,073.47",235
SBIETFCON,EQ,2024-10-31,118.31,118.31,120.0,117.12,117.5,117.57,117.64,"11,311","13,30,681.96",389
SBIETFCON,EQ,2024-11-01,117.57,118.95,119.4,118.0,119.4,119.35,119.32,"3,198","3,81,600.98",144
SBIETFCON,EQ,2024-11-04,119.35,119.97,119.97,115.8,117.69,116.88,116.68,"12,934","15,09,195.19",578
SBIETFCON,EQ,2024-11-05,116.88,116.88,118.5,115.8,116.95,117.07,116.7,"11,687","13,63,930.11",406
SBIETFCON,EQ,2024-11-06,117.07,120.6,120.6,117.07,118.5,118.47,118.11,"53,830","63,57,602.14",534
SBIETFCON,EQ,2024-11-07,118.47,124.39,124.39,116.99,120.1,117.08,117.65,"21,017","24,72,632.25",555
SBIETFCON,EQ,2024-11-08,117.08,118.87,118.87,115.68,118.1,116.91,116.83,"7,438","8,68,987.88",295
SBIETFCON,EQ,2024-11-11,116.91,116.9,117.3,115.85,116.28,116.31,116.37,"17,127","19,93,028.74",337
SBIETFCON,EQ,2024-11-12,116.31,113.97,117.24,113.97,115.37,114.89,115.52,"11,614","13,41,602.27",347
SBIETFCON,EQ,2024-11-13,114.89,115.19,115.39,112.92,113.5,113.32,113.71,"8,528","9,69,712.96",331
SBIETFCON,EQ,2024-11-14,113.32,116.7,116.7,113.0,113.83,113.15,113.57,"7,522","8,54,288.77",215
SBIETFCON,EQ,2024-11-18,113.15,114.95,115.0,113.0,115.0,113.63,113.77,"8,756","9,96,194.50",261
SBIETFCON,EQ,2024-11-19,113.63,110.79,115.88,110.79,114.36,114.4,115.27,"8,210","9,46,368.94",156
SBIETFCON,EQ,2024-11-21,114.4,115.93,115.93,111.51,113.38,113.39,113.37,"6,224","7,05,603.18",284
SBIETFCON,EQ,2024-11-22,113.39,113.41,116.05,113.41,116.05,115.56,114.64,"2,563","2,93,833.68",161
SBIETFCON,EQ,2024-11-25,115.56,114.08,118.22,114.08,116.57,116.62,117.33,"9,348","10,96,829.26",276
SBIETFCON,EQ,2024-11-26,116.62,118.96,118.96,115.75,116.66,116.29,116.75,"4,783","5,58,400.69",187
SBIETFCON,EQ,2024-11-27,116.29,117.98,118.97,115.97,117.44,117.38,116.89,"9,016","10,53,870.21",174
SBIETFCON,EQ,2024-11-28,117.38,115.07,118.1,115.07,118.0,116.24,117.08,"8,993","10,52,863.07",247
SBIETFCON,EQ,2024-11-29,116.24,116.67,118.0,115.9,118.0,117.12,116.86,"4,033","4,71,292.20",150
SBIETFCON,EQ,2024-12-02,117.12,118.74,118.74,116.64,117.8,117.78,117.54,"3,667","4,31,030.86",211
SBIETFCON,EQ,2024-12-03,117.78,118.97,118.97,117.05,117.75,118.08,117.86,"10,308","12,14,853.95",187
SBIETFCON,EQ,2024-12-04,118.08,118.09,118.79,116.9,117.71,117.72,117.61,"7,042","8,28,228.36",211
SBIETFCON,EQ,2024-12-05,117.72,117.87,121.0,117.2,118.63,119.5,118.55,"5,323","6,31,018.09",195
SBIETFCON,EQ,2024-12-06,119.5,119.49,119.95,118.85,119.31,119.26,119.25,"4,355","5,19,339.23",210
SBIETFCON,EQ,2024-12-09,119.26,120.96,120.96,117.68,118.28,118.19,118.28,"7,046","8,33,430.26",295
SBIETFCON,EQ,2024-12-10,118.19,118.19,118.2,117.31,118.11,118.01,117.7,"10,098","11,88,552.87",221
SBIETFCON,EQ,2024-12-11,118.01,118.12,118.49,117.55,118.48,118.45,118.29,"7,394","8,74,663.45",200
SBIETFCON,EQ,2024-12-12,118.45,119.93,119.93,117.5,117.87,117.79,117.92,"6,070","7,15,804.68",214
SBIETFCON,EQ,2024-12-13,117.79,119.48,119.48,116.5,118.71,119.07,117.69,"8,997","10,58,830.52",201
SBIETFCON,EQ,2024-12-16,119.07,120.9,120.9,118.36,118.91,118.93,118.8,"4,530","5,38,177.16",167
SBIETFCON,EQ,2024-12-17,118.93,117.05,120.0,117.05,118.0,117.77,118.32,"14,499","17,15,575.95",232
SBIETFCON,EQ,2024-12-18,117.77,117.77,117.99,116.93,117.21,117.58,117.33,"9,484","11,12,744.22",134
SBIETFCON,EQ,2024-12-19,117.58,115.23,117.59,115.23,117.55,116.99,116.67,"7,183","8,38,065.67",198
SBIETFCON,EQ,2024-12-20,116.99,116.99,117.78,113.48,115.0,114.97,115.8,"8,834","10,22,936.67",245
SBIETFCON,EQ,2024-12-23,114.97,114.08,116.11,114.08,115.4,115.39,115.74,"7,286","8,43,297.38",165
SBIETFCON,EQ,2024-12-24,115.39,116.96,116.96,114.53,115.3,115.74,115.55,"2,265","2,61,721.51",130
SBIETFCON,EQ,2024-12-26,115.74,113.43,117.96,113.43,116.19,116.15,115.84,"1,786","2,06,899.14",159
SBIETFCON,EQ,2024-12-27,116.15,113.83,117.76,113.83,116.2,115.97,116.44,"4,577","5,32,954.54",143
SBIETFCON,EQ,2024-12-30,115.97,117.59,117.59,115.06,116.2,115.93,115.99,"5,640","6,54,184.18",161
SBIETFCON,EQ,2024-12-31,115.93,118.25,118.25,115.02,116.0,116.05,115.7,"4,088","4,72,965.49",115
SBIETFCON,EQ,2025-01-01,116.05,118.85,118.85,114.08,116.55,116.59,116.49,"3,110","3,62,294.48",125
SBIETFCON,EQ,2025-01-02,116.59,115.65,119.6,115.64,119.14,119.16,118.43,"7,162","8,48,167.96",165
SBIETFCON,EQ,2025-01-03,119.16,119.16,120.69,119.0,119.0,119.4,119.53,"8,049","9,62,057.29",184
SBIETFCON,EQ,2025-01-06,119.4,120.98,120.98,113.92,116.75,116.64,117.38,"8,236","9,66,753.95",307
SBIETFCON,EQ,2025-01-07,116.64,114.31,118.48,114.31,116.64,116.62,117.03,"3,680","4,30,674.66",139
SBIETFCON,EQ,2025-01-08,116.62,116.62,116.62,115.0,115.8,116.04,115.87,"3,531","4,09,137.35",123
SBIETFCON,EQ,2025-01-09,116.04,116.04,117.05,114.03,117.04,115.92,116.22,"3,760","4,37,004.02",101
SBIETFCON,EQ,2025-01-10,115.92,117.97,117.98,114.32,115.0,114.81,115.21,"8,815","10,15,583.97",198
SBIETFCON,EQ,2025-01-13,114.81,117.11,117.11,111.15,111.4,111.93,112.81,"5,983","6,74,952.53",281
SBIETFCON,EQ,2025-01-14,111.93,113.13,113.13,111.8,112.46,112.19,112.54,"3,559","4,00,531.75",130
SBIETFCON,EQ,2025-01-15,112.19,112.3,113.68,111.44,112.78,112.63,112.0,"2,154","2,41,247.85",118
SBIETFCON,EQ,2025-01-16,112.63,114.89,114.89,112.24,112.81,112.76,112.64,"2,671","3,00,864.97",129
SBIETFCON,EQ,2025-01-17,112.76,112.76,117.85,111.71,113.3,112.94,113.57,"6,300","7,15,506.90",120
SBIETFCON,EQ,2025-01-20,112.94,112.01,114.67,112.01,113.26,112.93,112.79,"6,625","7,47,259.45",169
SBIETFCON,EQ,2025-01-21,112.93,112.92,112.93,110.9,111.0,111.05,111.56,"10,177","11,35,316.09",227
SBIETFCON,EQ,2025-01-22,111.05,111.06,111.1,110.1,110.4,110.62,110.6,"4,903","5,42,264.75",160
SBIETFCON,EQ,2025-01-23,110.62,112.46,112.46,110.52,112.09,111.64,111.64,"11,831","13,20,824.73",115
SBIETFCON,EQ,2025-01-24,111.64,112.2,112.55,111.14,111.3,111.28,111.66,"1,806","2,01,658.97",107
SBIETFCON,EQ,2025-01-27,111.28,111.28,111.28,109.5,109.91,109.95,110.04,"20,796","22,88,303.56",219
SBIETFCON,EQ,2025-01-28,109.95,109.95,111.22,109.01,110.45,110.31,110.17,"12,297","13,54,702.60",137
SBIETFCON,EQ,2025-01-29,110.31,111.98,113.76,108.66,110.88,111.0,111.05,"3,395","3,77,007.28",130
SBIETFCON,EQ,2025-01-30,111.0,111.01,112.0,110.9,111.4,111.57,111.49,"2,825","3,14,949.46",98
SBIETFCON,EQ,2025-01-31,111.57,114.9,114.9,111.57,114.25,113.68,113.27,"2,695","3,05,262.89",110
SBIETFCON,EQ,2025-02-01,113.68,115.95,118.5,112.84,118.5,116.55,116.11,"31,607","36,70,002.05",329
SBIETFCON,EQ,2025-02-03,116.55,116.55,118.96,115.58,117.12,117.08,117.26,"10,952","12,84,209.26",225
SBIETFCON,EQ,2025-02-04,117.08,119.42,119.96,115.32,116.9,116.6,116.91,"12,819","14,98,695.77",222
SBIETFCON,EQ,2025-02-05,116.6,116.6,116.9,115.51,116.1,115.82,116.35,"4,451","5,17,892.79",176
SBIETFCON,EQ,2025-02-06,115.82,117.0,117.0,113.88,116.5,114.01,114.76,"4,952","5,68,269.73",176
SBIETFCON,EQ,2025-02-07,114.01,116.5,116.5,114.0,114.68,114.29,114.76,"2,350","2,69,684.16",122
SBIETFCON,EQ,2025-02-10,114.29,113.99,115.98,113.0,113.44,113.37,113.62,"9,879","11,22,440.78",224
SBIETFCON,EQ,2025-02-11,113.37,115.64,115.64,110.53,111.13,110.82,111.42,"5,901","6,57,517.47",230
SBIETFCON,EQ,2025-02-12,110.82,110.83,111.2,108.0,111.2,110.69,110.13,"5,127","5,64,633.85",194
SBIETFCON,EQ,2025-02-13,110.69,112.9,112.9,110.02,110.41,110.51,111.01,"4,141","4,59,709.51",111
SBIETFCON,EQ,2025-02-14,110.51,110.35,110.51,108.8,109.1,109.18,109.66,"5,447","5,97,323.13",206
SBIETFCON,EQ,2025-02-17,109.18,110.68,110.68,108.0,109.08,109.0,108.57,"3,152","3,42,217.81",188
SBIETFCON,EQ,2025-02-18,109.0,108.5,108.73,107.81,108.33,108.38,108.15,"3,235","3,49,874.00",135
SBIETFCON,EQ,2025-02-19,108.38,106.81,109.97,106.51,109.0,108.79,108.62,"2,265","2,46,035.18",124
SBIETFCON,EQ,2025-02-20,108.79,108.79,109.34,108.03,109.31,108.85,108.6,"3,581","3,88,903.51",125
SBIETFCON,EQ,2025-02-21,108.85,109.33,111.06,107.3,107.97,108.33,108.09,"9,962","10,76,819.65",194
SBIETFCON,EQ,2025-02-24,108.33,108.33,108.33,106.29,107.57,107.2,107.07,"7,813","8,36,517.54",189
SBIETFCON,EQ,2025-02-25,107.2,107.83,108.54,107.69,108.35,107.89,108.13,"4,463","4,82,570.02",100
SBIETFCON,EQ,2025-02-27,107.89,109.48,109.48,106.75,107.55,107.34,107.34,"5,363","5,75,679.84",221
SBIETFCON,EQ,2025-02-28,107.34,105.2,106.0,104.01,104.28,104.24,104.94,"8,313","8,72,354.17",302
SBIETFCON,EQ,2025-03-03,104.24,101.64,105.28,101.64,104.72,104.64,103.89,"10,140","10,53,445.06",210
SBIETFCON,EQ,2025-03-04,104.64,102.54,104.65,102.54,104.06,103.86,103.5,"29,067","30,08,562.18",157
SBIETFCON,EQ,2025-03-05,103.86,105.39,106.25,104.35,106.25,106.09,105.13,"5,349","5,62,315.18",119
SBIETFCON,EQ,2025-03-06,106.09,106.09,107.05,105.47,106.42,106.91,106.33,"3,946","4,19,592.33",139
SBIETFCON,EQ,2025-03-07,106.91,106.91,107.42,106.03,106.48,106.55,106.81,"4,142","4,42,408.85",132
SBIETFCON,EQ,2025-03-10,106.55,107.97,107.98,105.3,105.5,105.55,106.41,"22,354","23,78,734.62",155
SBIETFCON,EQ,2025-03-11,105.55,104.0,106.18,104.0,105.75,105.84,105.47,"2,247","2,36,982.93",111
SBIETFCON,EQ,2025-03-12,105.84,105.74,106.22,105.2,105.88,105.97,105.58,"12,345","13,03,401.36",119
SBIETFCON,EQ,2025-03-13,105.97,105.96,106.5,104.95,104.95,105.19,106.03,"4,478","4,74,820.50",108
SBIETFCON,EQ,2025-03-17,105.19,107.82,107.82,105.14,105.95,105.76,105.57,"7,495","7,91,228.05",172
SBIETFCON,EQ,2025-03-18,105.76,105.77,107.97,105.77,107.54,107.5,106.78,"7,740","8,26,489.13",111
SBIETFCON,EQ,2025-03-19,107.5,105.66,109.17,105.08,109.17,108.52,108.36,"14,134","15,31,502.54",149
SBIETFCON,EQ,2025-03-20,108.52,110.69,110.69,108.9,110.62,110.01,109.6,"2,591","2,83,963.86",110
SBIETFCON,EQ,2025-03-21,110.01,110.6,111.19,110.11,110.99,110.69,110.73,"2,892","3,20,223.88",137
SBIETFCON,EQ,2025-03-24,110.69,113.47,113.47,110.25,110.74,110.65,110.83,"3,673","4,07,084.61",168
SBIETFCON,EQ,2025-03-25,110.65,110.66,111.45,109.62,110.4,110.37,110.19,"6,405","7,05,794.34",111
SBIETFCON,EQ,2025-03-26,110.37,109.44,110.58,109.27,109.76,109.45,109.95,"19,752","21,71,741.46",160
SBIETFCON,EQ,2025-03-27,109.45,108.33,110.96,108.33,109.82,109.89,109.99,"12,579","13,83,566.73",122
SBIETFCON,EQ,2025-03-28,109.89,109.89,111.3,109.17,109.88,109.6,110.06,"8,610","9,47,631.56",133
SBIETFCON,EQ,2025-04-01,109.6,109.6,110.98,108.57,109.34,109.25,109.35,"4,263","4,66,170.34",150
SBIETFCON,EQ,2025-04-02,109.25,109.25,110.98,108.75,110.96,110.88,109.71,"11,489","12,60,442.50",141
SBIETFCON,EQ,2025-04-03,110.88,111.14,111.14,109.96,110.9,110.93,110.65,"3,352","3,70,909.81",95
SBIETFCON,EQ,2025-04-04,110.93,110.5,110.65,109.0,109.0,109.91,109.98,"3,959","4,35,401.30",158
SBIETFCON,EQ,2025-04-07,109.91,108.27,109.91,103.11,107.92,107.53,106.08,"21,581","22,89,243.22",342
SBIETFCON,EQ,2025-04-08,107.53,107.71,110.99,107.71,110.99,109.29,108.64,"5,005","5,43,741.10",110
SBIETFCON,EQ,2025-04-09,109.29,109.98,110.27,107.73,109.95,109.74,110.0,"14,211","15,63,232.44",133
SBIETFCON,EQ,2025-04-11,109.74,109.73,111.88,109.73,110.86,111.13,110.9,"8,305","9,21,033.88",170
SBIETFCON,EQ,2025-04-15,111.13,112.0,113.32,111.2,112.91,113.16,112.84,"8,462","9,54,867.48",186
SBIETFCON,EQ,2025-04-16,113.16,111.0,113.97,110.9,113.5,113.72,113.29,"12,615","14,29,119.58",166
SBIETFCON,EQ,2025-04-17,113.72,113.72,115.2,113.22,114.76,115.01,114.46,"11,899","13,61,916.55",147
SBIETFCON,EQ,2025-04-21,115.01,115.01,117.89,114.63,116.05,115.83,115.55,"9,608","11,10,173.76",236
SBIETFCON,EQ,2025-04-22,115.83,116.5,117.0,116.1,117.0,116.88,116.47,"8,927","10,39,701.46",128
SBIETFCON,EQ,2025-04-23,116.88,116.1,118.0,116.1,117.48,117.63,116.95,"20,622","24,11,774.76",195
SBIETFCON,EQ,2025-04-24,117.63,117.63,119.28,115.25,116.6,116.72,117.2,"5,039","5,90,553.41",123
SBIETFCON,EQ,2025-04-25,116.72,116.72,118.38,114.28,114.61,114.67,115.62,"14,441","16,69,714.32",176
SBIETFCON,EQ,2025-04-28,114.67,114.0,116.38,114.0,115.99,115.63,115.61,"4,343","5,02,088.23",134
SBIETFCON,EQ,2025-04-29,115.63,116.0,116.7,115.23,115.5,115.5,115.71,"5,335","6,17,322.16",95
SBIETFCON,EQ,2025-04-30,115.5,115.5,116.08,115.36,115.4,115.99,115.84,"15,428","17,87,111.62",107
SBIETFCON,EQ,2025-05-02,115.99,117.48,117.72,114.35,117.72,115.67,115.93,"2,796","3,24,152.55",149
SBIETFCON,EQ,2025-05-05,115.67,117.95,117.95,115.0,116.88,116.92,116.73,"7,660","8,94,167.34",172
SBIETFCON,EQ,2025-05-06,116.92,117.02,118.26,116.37,116.6,116.49,117.64,"9,616","11,31,259.49",150
SBIETFCON,EQ,2025-05-07,116.49,115.9,117.0,110.66,116.35,116.69,115.99,"16,224","18,81,851.89",178
SBIETFCON,EQ,2025-05-08,116.69,113.78,116.68,113.78,116.24,114.67,115.51,"8,026","9,27,052.74",121
SBIETFCON,EQ,2025-05-09,114.67,112.79,114.89,110.0,114.0,113.74,113.31,"26,022","29,48,585.76",181
SBIETFCON,EQ,2025-05-12,113.74,114.91,118.28,114.91,118.28,117.83,117.45,"8,913","10,46,818.31",186
SBIETFCON,EQ,2025-05-13,117.83,117.8,117.87,116.2,116.65,116.53,116.9,"2,732","3,19,374.23",104
SBIETFCON,EQ,2025-05-14,116.53,116.21,117.62,116.21,117.2,117.03,117.34,"13,429","15,75,764.02",135
SBIETFCON,EQ,2025-05-15,117.03,120.54,120.54,116.0,119.1,118.4,118.0,"44,641","52,67,826.48",252
SBIETFCON,EQ,2025-05-16,118.4,121.95,121.95,117.47,118.95,118.86,118.76,"15,358","18,23,984.22",169
SBIETFCON,EQ,2025-05-19,118.86,118.27,119.98,118.26,118.7,118.82,119.19,"8,584","10,23,161.23",186
SBIETFCON,EQ,2025-05-20,118.82,119.41,120.01,116.74,118.04,117.27,118.58,"22,398","26,55,879.02",198
SBIETFCON,EQ,2025-05-21,117.27,117.27,118.48,117.11,117.8,117.75,118.03,"12,870","15,19,035.78",100
SBIETFCON,EQ,2025-05-22,117.75,117.76,117.76,116.22,116.76,116.72,116.67,"2,814","3,28,295.83",145
SBIETFCON,EQ,2025-05-23,116.72,115.07,118.09,113.52,117.7,117.64,116.8,"3,012","3,51,796.54",190
SBIETFCON,EQ,2025-05-26,117.64,117.64,121.9,117.64,118.04,118.51,118.9,"5,877","6,98,799.91",204
SBIETFCON,EQ,2025-05-27,118.51,119.96,119.96,117.11,117.92,117.88,117.69,"5,101","6,00,344.18",138
SBIETFCON,EQ,2025-05-28,117.88,118.47,118.47,116.83,117.08,117.04,117.35,"10,151","11,91,198.98",142
SBIETFCON,EQ,2025-05-29,117.04,117.36,120.0,115.81,117.11,117.49,116.93,"8,657","10,12,260.31",151
SBIETFCON,EQ,2025-05-30,117.49,117.5,117.92,116.43,117.0,116.89,116.92,"4,794","5,60,503.38",139
SBIETFCON,EQ,2025-06-02,116.89,119.66,119.66,115.12,117.47,117.21,116.96,"2,077","2,42,934.21",181
SBIETFCON,EQ,2025-06-03,117.21,120.14,120.14,116.56,116.86,116.76,116.89,"4,043","4,72,583.45",129
SBIETFCON,EQ,2025-06-04,116.76,119.67,119.67,116.38,116.67,116.92,116.76,"34,090","39,80,473.83",170
SBIETFCON,EQ,2025-06-05,116.92,116.92,118.16,116.92,117.72,117.73,117.72,"3,119","3,67,161.05",101
SBIETFCON,EQ,2025-06-06,117.73,117.73,119.06,117.24,119.06,118.77,118.69,"9,490","11,26,349.66",165
SBIETFCON,EQ,2025-06-09,118.77,115.8,120.48,115.8,119.75,119.38,118.88,"28,819","34,26,080.38",224
SBIETFCON,EQ,2025-06-10,119.38,119.01,119.68,118.9,119.44,119.44,119.37,"2,051","2,44,834.39",96
SBIETFCON,EQ,2025-06-11,119.44,119.43,119.73,118.81,119.24,119.15,119.6,"10,750","12,85,732.14",184
SBIETFCON,EQ,2025-06-12,119.15,119.15,119.15,117.06,117.46,117.59,118.0,"4,566","5,38,771.73",212
SBIETFCON,EQ,2025-06-13,117.59,117.6,118.38,114.84,116.6,116.57,116.0,"9,561","11,09,039.82",253
SBIETFCON,EQ,2025-06-16,116.57,119.48,119.48,114.85,117.96,117.61,117.46,"12,058","14,16,390.16",218
SBIETFCON,EQ,2025-06-17,117.61,117.12,117.99,116.79,117.99,117.1,117.17,"3,068","3,59,486.90",120
SBIETFCON,EQ,2025-06-18,117.1,116.77,118.25,116.77,117.15,117.14,117.67,"9,469","11,14,231.57",100
SBIETFCON,EQ,2025-06-19,117.14,117.15,117.87,116.8,116.8,117.01,117.33,"6,905","8,10,155.69",122
SBIETFCON,EQ,2025-06-20,117.01,117.0,119.3,117.0,119.29,118.84,118.41,"3,702","4,38,355.00",133
SBIETFCON,EQ,2025-06-23,118.84,122.41,123.17,117.82,118.67,118.56,118.74,"3,655","4,34,001.82",193
SBIETFCON,EQ,2025-06-24,118.56,119.44,120.19,118.81,119.15,119.01,119.48,"7,790","9,30,755.13",131
SBIETFCON,EQ,2025-06-25,119.01,116.03,120.49,116.03,120.36,120.33,120.2,"16,738","20,11,983.07",261
SBIETFCON,EQ,2025-06-26,120.33,121.25,121.88,119.73,120.47,121.31,120.96,"17,830","21,56,631.34",272
SBIETFCON,EQ,2025-06-27,121.31,121.31,121.8,120.8,121.65,121.54,121.5,"8,361","10,15,856.45",145
SBIETFCON,EQ,2025-06-30,121.54,121.98,121.98,120.84,121.54,121.24,121.23,"5,925","7,18,308.08",201
SBIETFCON,EQ,2025-07-01,121.24,124.27,124.27,119.03,121.0,121.13,121.27,"5,487","6,65,428.93",144
SBIETFCON,EQ,2025-07-02,121.13,121.55,121.89,120.85,121.52,121.5,121.34,"10,555","12,80,719.41",147
SBIETFCON,EQ,2025-07-03,121.5,118.46,123.28,118.46,121.55,121.56,121.7,"2,313","2,81,497.45",112
SBIETFCON,EQ,2025-07-04,121.56,122.16,122.16,120.55,120.89,120.85,120.81,"4,333","5,23,466.81",161
SBIETFCON,EQ,2025-07-07,120.85,120.25,121.99,120.25,121.35,121.26,121.21,"2,602","3,15,398.08",153
SBIETFCON,EQ,2025-07-08,121.26,121.26,121.29,120.12,120.9,120.85,120.59,"7,898","9,52,438.28",88
SBIETFCON,EQ,2025-07-09,120.85,121.45,121.54,120.81,121.2,121.39,121.31,"3,138","3,80,655.33",79
SBIETFCON,EQ,2025-07-10,121.39,121.29,121.32,120.32,120.32,120.56,120.82,"1,528","1,84,618.86",97
SBIETFCON,EQ,2025-07-11,120.56,121.97,121.97,119.1,119.15,119.35,119.82,"6,481","7,76,551.44",144
SBIETFCON,EQ,2025-07-14,119.35,119.34,120.0,116.13,119.35,119.9,119.13,"9,428","11,23,119.44",157
SBIETFCON,EQ,2025-07-15,119.9,119.85,120.86,119.71,120.86,120.7,120.18,"1,962","2,35,792.96",90
SBIETFCON,EQ,2025-07-16,120.7,120.48,121.1,120.04,120.8,120.7,120.62,"3,510","4,23,366.38",88
SBIETFCON,EQ,2025-07-17,120.7,120.82,121.3,120.53,120.7,120.66,120.82,"2,089","2,52,392.83",80
SBIETFCON,EQ,2025-07-18,120.66,121.19,121.19,119.83,120.4,120.12,120.18,"4,017","4,82,775.96",140
SBIETFCON,EQ,2025-07-21,120.12,117.11,120.82,117.11,120.8,120.47,120.14,"6,991","8,39,908.18",153
SBIETFCON,EQ,2025-07-22,120.47,120.46,121.6,120.46,121.29,121.02,121.19,"3,887","4,71,079.49",93
SBIETFCON,EQ,2025-07-23,121.02,117.99,121.57,117.99,121.36,121.36,121.11,"5,928","7,17,923.32",85
SBIETFCON,EQ,2025-07-24,121.36,121.36,122.0,120.82,121.25,121.04,121.34,"1,807","2,19,255.49",95
SBIETFCON,EQ,2025-07-25,121.04,119.0,121.04,118.0,119.87,119.86,120.04,"2,683","3,22,078.96",131
SBIETFCON,EQ,2025-07-28,119.86,122.85,122.85,116.86,119.28,119.28,119.43,"4,284","5,11,630.88",150
SBIETFCON,EQ,2025-07-29,119.28,119.28,120.09,119.01,119.84,119.96,119.54,"2,375","2,83,896.53",76
SBIETFCON,EQ,2025-07-30,119.96,119.35,120.36,119.35,119.95,119.95,119.92,"1,769","2,12,145.83",75
SBIETFCON,EQ,2025-07-31,119.95,119.95,121.12,119.5,120.52,120.8,120.26,"2,887","3,47,204.08",76
SBIETFCON,EQ,2025-08-01,120.8,120.79,121.54,120.09,120.09,120.43,121.01,"6,820","8,25,260.20",161
SBIETFCON,EQ,2025-08-04,120.43,120.94,122.77,120.39,122.77,121.54,121.36,"8,846","10,73,554.01",131
SBIETFCON,EQ,2025-08-05,121.54,125.19,125.19,120.7,121.31,121.16,121.05,"1,920","2,32,411.05",104
SBIETFCON,EQ,2025-08-06,121.16,121.31,121.31,120.39,121.13,121.07,120.93,"2,248","2,71,859.95",78
SBIETFCON,EQ,2025-08-07,121.07,118.04,121.06,118.0,121.01,120.74,120.59,"4,522","5,45,313.07",128
SBIETFCON,EQ,2025-08-08,120.74,120.75,120.75,119.52,119.9,119.67,120.31,"2,787","3,35,297.40",96
SBIETFCON,EQ,2025-08-11,119.67,119.69,121.01,119.31,120.69,120.88,120.69,"28,143","33,96,573.99",154
SBIETFCON,EQ,2025-08-12,120.88,121.0,122.45,120.7,120.7,121.08,121.5,"26,531","32,23,623.84",148
SBIETFCON,EQ,2025-08-13,121.08,121.09,122.1,121.09,121.57,121.72,121.79,"5,851","7,12,568.37",109
SBIETFCON,EQ,2025-08-14,121.72,122.58,122.58,119.76,121.75,121.95,121.67,"7,420","9,02,795.97",84
SBIETFCON,EQ,2025-08-18,121.95,123.95,125.18,119.99,124.1,124.72,124.49,"29,123","36,25,448.61",409
SBIETFCON,EQ,2025-08-19,124.72,124.72,125.42,124.3,125.02,125.11,124.78,"8,161","10,18,363.74",144
SBIETFCON,EQ,2025-08-20,125.11,125.12,127.0,125.1,127.0,126.4,126.24,"19,012","24,00,065.50",230
SBIETFCON,EQ,2025-08-21,126.4,126.41,127.19,125.8,125.83,125.85,126.26,"7,241","9,14,242.70",156
SBIETFCON,EQ,2025-08-22,125.85,125.75,126.69,125.12,125.42,125.68,125.8,"6,572","8,26,740.57",155
SBIETFCON,EQ,2025-08-25,125.68,125.68,126.0,125.12,125.94,125.88,125.61,"4,563","5,73,169.18",165
SBIETFCON,EQ,2025-08-26,125.88,125.86,126.38,124.74,125.52,125.38,125.52,"2,918","3,66,253.07",233
SBIETFCON,EQ,2025-08-28,125.38,129.14,129.14,124.38,124.38,124.45,124.84,"6,721","8,39,042.47",145
SBIETFCON,EQ,2025-08-29,124.45,124.51,124.79,123.52,124.48,124.16,124.11,"6,174","7,66,272.19",108
SBIETFCON,EQ,2025-09-01,124.16,124.17,125.91,124.05,125.38,125.77,125.58,"19,630","24,65,134.16",153
SBIETFCON,EQ,2025-09-02,125.77,125.99,126.41,125.33,125.94,125.57,126.14,"7,599","9,58,500.36",128
SBIETFCON,EQ,2025-09-03,125.57,125.58,126.38,125.5,125.98,126.36,126.0,"5,586","7,03,854.35",114
SBIETFCON,EQ,2025-09-04,126.36,127.97,129.0,126.91,126.91,127.29,128.09,"16,490","21,12,205.61",208
SBIETFCON,EQ,2025-09-05,127.29,127.63,128.07,126.7,127.4,127.37,127.51,"5,139","6,55,252.15",146
SBIETFCON,EQ,2025-09-08,127.37,124.18,128.68,124.18,127.8,128.13,127.9,"11,662","14,91,565.04",182
SBIETFCON,EQ,2025-09-09,128.13,128.77,129.67,127.52,128.0,128.07,127.89,"5,059","6,46,977.41",133
SBIETFCON,EQ,2025-09-10,128.07,128.27,129.86,127.22,127.45,127.41,128.03,"10,225","13,09,068.71",155
SBIETFCON,EQ,2025-09-11,127.41,127.76,128.15,127.2,127.9,127.88,127.52,"4,020","5,12,647.98",86
SBIETFCON,EQ,2025-09-12,127.88,131.07,131.07,127.06,127.06,127.11,127.4,"19,569","24,93,144.07",206
SBIETFCON,EQ,2025-09-15,127.11,130.92,130.92,124.52,127.32,127.31,127.43,"25,972","33,09,579.39",184
SBIETFCON,EQ,2025-09-16,127.31,127.33,128.15,126.64,127.0,127.59,127.51,"11,847","15,10,553.51",137
SBIETFCON,EQ,2025-09-17,127.59,127.59,129.18,126.5,128.22,128.14,128.13,"9,310","11,92,857.22",106
SBIETFCON,EQ,2025-09-18,128.14,124.93,128.78,124.93,128.73,128.69,128.42,"9,406","12,07,936.91",123
SBIETFCON,EQ,2025-09-19,128.69,128.51,128.88,127.84,128.66,128.39,128.34,"8,639","11,08,754.04",171
SBIETFCON,EQ,2025-09-22,128.39,128.39,129.54,128.21,128.21,128.43,129.09,"1,03,433","1,33,52,635.86",247
SBIETFCON,EQ,2025-09-23,128.43,128.43,129.68,127.22,127.77,127.48,127.56,"10,143","12,93,859.41",121
SBIETFCON,EQ,2025-09-24,127.48,131.3,131.3,126.44,127.0,126.95,127.18,"3,190","4,05,700.21",133
SBIETFCON,EQ,2025-09-25,126.95,127.17,127.26,125.68,125.71,125.8,126.28,"8,868","11,19,877.84",149
SBIETFCON,EQ,2025-09-26,125.8,129.57,129.57,123.95,125.12,123.96,124.18,"23,024","28,59,094.17",176
SBIETFCON,EQ,2025-09-29,123.96,123.35,125.12,123.35,125.12,124.52,124.5,"6,293","7,83,497.60",125
SBIETFCON,EQ,2025-09-30,124.52,121.4,125.12,121.4,124.1,124.15,124.24,"4,496","5,58,574.22",132
SBIETFCON,EQ,2025-10-01,124.15,124.15,125.07,123.87,124.55,124.61,124.55,"22,919","28,54,529.20",135
SBIETFCON,EQ,2025-10-03,124.61,124.61,129.0,124.01,125.12,125.11,124.55,"5,064","6,30,699.48",141
SBIETFCON,EQ,2025-10-06,125.11,128.86,128.86,124.2,125.75,125.72,125.11,"24,632","30,81,726.61",192
SBIETFCON,EQ,2025-10-07,125.72,126.34,128.7,125.12,125.16,125.53,126.02,"6,255","7,88,269.19",132
SBIETFCON,EQ,2025-10-08,125.53,125.62,126.21,125.12,126.0,125.51,125.58,"10,377","13,03,171.38",104
SBIETFCON,EQ,2025-10-09,125.51,128.67,128.67,124.86,125.75,125.75,125.44,"4,871","6,11,040.15",129
SBIETFCON,EQ,2025-10-10,125.75,126.37,126.7,124.91,126.63,126.61,126.4,"3,900","4,92,947.41",106
SBIETFCON,EQ,2025-10-13,126.61,123.44,126.99,123.44,126.39,126.42,126.19,"3,984","5,02,721.20",167
SBIETFCON,EQ,2025-10-14,126.42,126.88,127.63,125.26,125.91,125.96,126.1,"17,182","21,66,705.47",171
SBIETFCON,EQ,2025-10-15,125.96,127.78,127.78,124.88,126.79,126.98,126.96,"13,891","17,63,553.07",139
SBIETFCON,EQ,2025-10-16,126.98,127.03,128.88,127.03,128.5,128.12,128.17,"13,745","17,61,734.69",122
SBIETFCON,EQ,2025-10-17,128.12,127.99,130.0,127.99,128.89,129.73,129.56,"8,703","11,27,537.66",129
SBIETFCON,EQ,2025-10-20,129.73,129.73,131.26,127.4,129.91,129.8,130.13,"10,316","13,42,424.07",212
SBIETFCON,EQ,2025-10-21,129.8,133.04,133.97,129.8,129.8,130.14,130.3,"3,963","5,16,384.63",117
SBIETFCON,EQ,2025-10-23,130.14,130.14,131.0,129.29,129.56,129.62,130.14,"5,624","7,31,882.69",207
SBIETFCON,EQ,2025-10-24,129.62,132.86,132.86,128.5,129.0,128.87,128.9,"4,503","5,80,454.59",136
SBIETFCON,EQ,2025-10-27,128.87,129.51,131.0,127.62,129.83,129.99,129.63,"6,338","8,21,575.37",204
SBIETFCON,EQ,2025-10-28,129.99,130.63,130.63,128.47,129.54,128.99,129.19,"8,264","10,67,588.30",152
SBIETFCON,EQ,2025-10-29,128.99,129.0,131.37,128.59,128.89,129.53,129.31,"2,211","2,85,894.76",91
SBIETFCON,EQ,2025-10-30,129.53,130.17,130.17,128.18,128.5,128.49,128.47,"9,162","11,77,051.75",135
SBIETFCON,EQ,2025-10-31,128.49,128.5,129.21,127.77,127.94,127.96,128.38,"2,173","2,78,968.38",113
SBIETFCON,EQ,2025-11-03,127.96,125.15,128.11,125.15,128.0,127.99,127.58,"7,896","10,07,368.22",175
SBIETFCON,EQ,2025-11-04,127.99,128.0,128.26,126.99,127.88,127.42,127.67,"7,022","8,96,465.91",130
SBIETFCON,EQ,2025-11-06,127.42,128.98,128.98,126.69,127.07,127.04,127.38,"4,624","5,88,999.48",156
SBIETFCON,EQ,2025-11-07,127.04,127.67,127.67,125.51,126.89,126.29,125.94,"3,180","4,00,492.20",124
SBIETFCON,EQ,2025-11-10,126.29,128.97,128.97,125.6,127.0,126.08,126.07,"10,771","13,57,932.38",228
SBIETFCON,EQ,2025-11-11,126.08,125.84,127.0,125.75,127.0,126.97,126.19,"6,780","8,55,589.96",141
SBIETFCON,EQ,2025-11-12,126.97,127.6,127.8,126.72,127.72,127.52,127.41,"9,706","12,36,665.26",184
SBIETFCON,EQ,2025-11-13,127.52,123.69,128.2,123.69,127.63,127.31,127.3,"16,314","20,76,716.65",259
SBIETFCON,EQ,2025-11-14,127.31,127.94,128.0,126.51,128.0,127.72,127.25,"6,220","7,91,491.00",145
SBIETFCON,EQ,2025-11-17,127.72,131.55,131.55,127.32,128.35,128.64,128.13,"7,715","9,88,520.79",200
SBIETFCON,EQ,2025-11-18,128.64,127.59,128.86,127.59,128.0,128.13,128.22,"6,062","7,77,273.93",246
SBIETFCON,EQ,2025-11-19,128.13,128.01,128.9,127.79,128.9,128.46,128.36,"3,997","5,13,043.86",148
SBIETFCON,EQ,2025-11-20,128.46,130.96,130.96,127.81,128.4,128.38,128.99,"8,118","10,47,133.32",187
SBIETFCON,EQ,2025-11-21,128.38,127.73,128.98,127.73,128.31,128.21,128.28,"11,380","14,59,866.38",116
SBIETFCON,EQ,2025-11-24,128.21,128.2,128.83,127.58,127.58,127.67,128.13,"4,415","5,65,711.36",145
SBIETFCON,EQ,2025-11-25,127.67,127.66,128.19,127.34,127.57,127.6,127.83,"4,105","5,24,758.51",222
SBIETFCON,EQ,2025-11-26,127.6,131.43,131.43,127.06,127.71,128.76,128.37,"2,818","3,61,756.77",123
SBIETFCON,EQ,2025-11-27,128.76,128.77,129.13,127.62,128.42,128.11,128.37,"3,908","5,01,683.74",199
SBIETFCON,EQ,2025-11-28,128.11,126.2,128.81,126.2,128.5,128.07,128.26,"11,082","14,21,334.81",261
SBIETFCON,EQ,2025-12-01,128.07,128.07,129.07,127.72,128.22,127.95,128.07,"8,561","10,96,395.92",162
SBIETFCON,EQ,2025-12-02,127.95,129.48,129.48,127.62,127.98,127.9,127.87,"10,785","13,79,102.06",143
SBIETFCON,EQ,2025-12-03,127.9,127.59,128.26,126.5,127.11,126.92,126.71,"11,740","14,87,551.01",165
SBIETFCON,EQ,2025-12-04,126.92,124.07,127.37,124.07,127.25,127.3,126.51,"3,548","4,48,852.41",149
SBIETFCON,EQ,2025-12-05,127.3,129.2,129.2,126.77,127.48,127.3,127.59,"4,435","5,65,844.64",183
SBIETFCON,EQ,2025-12-08,127.3,129.2,129.2,125.12,125.79,125.37,126.07,"6,315","7,96,109.92",224
SBIETFCON,EQ,2025-12-09,125.37,127.25,127.25,123.96,125.75,124.97,124.84,"15,306","19,10,866.08",182
SBIETFCON,EQ,2025-12-10,124.97,127.97,127.97,124.0,125.12,124.25,125.04,"4,348","5,43,681.51",175
SBIETFCON,EQ,2025-12-11,124.25,126.11,126.11,124.0,124.75,124.74,124.6,"8,395","10,46,002.58",169
SBIETFCON,EQ,2025-12-12,124.74,126.61,126.61,124.37,125.47,125.77,124.97,"11,151","13,93,592.56",153
SBIETFCON,EQ,2025-12-15,125.77,122.62,126.98,122.62,125.87,125.82,125.21,"17,714","22,18,011.91",194
SBIETFCON,EQ,2025-12-16,125.82,127.7,127.7,124.82,125.54,125.64,125.65,"3,973","4,99,189.86",125
SBIETFCON,EQ,2025-12-17,125.64,127.52,127.52,124.45,125.12,125.07,125.24,"13,000","16,28,079.49",194
SBIETFCON,EQ,2025-12-18,125.07,126.94,126.94,123.79,125.23,124.69,124.54,"14,228","17,71,937.67",186
SBIETFCON,EQ,2025-12-19,124.69,126.56,126.56,124.7,125.2,125.29,125.32,"9,941","12,45,795.94",144
SBIETFCON,EQ,2025-12-22,125.29,127.16,127.16,125.03,126.52,126.32,126.3,"6,932","8,75,482.66",221
SBIETFCON,EQ,2025-12-23,126.32,127.97,127.97,125.59,126.57,126.24,126.35,"8,278","10,45,920.26",173
SBIETFCON,EQ,2025-12-24,126.24,130.03,130.03,125.59,125.89,126.14,126.63,"5,589","7,07,733.53",129
SBIETFCON,EQ,2025-12-26,126.14,127.97,127.97,123.08,126.05,126.03,126.16,"7,343","9,26,360.21",181
SBIETFCON,EQ,2025-12-29,126.03,128.97,128.97,125.1,125.1,125.49,125.75,"7,401","9,30,708.04",205
SBIETFCON,EQ,2025-12-30,125.49,127.37,127.37,124.6,124.98,125.63,125.41,"10,360","12,99,282.70",187
SBIETFCON,EQ,2025-12-31,125.63,127.51,127.51,125.41,126.63,126.61,126.39,"10,093","12,75,681.51",140
SBIETFCON,EQ,2026-01-01,126.61,129.69,129.7,125.24,125.24,125.71,126.05,"8,128","10,24,518.34",195
SBIETFCON,EQ,2026-01-02,125.71,127.48,127.48,125.08,126.52,126.03,125.94,"7,769","9,78,408.98",187
SBIETFCON,EQ,2026-01-05,126.03,126.03,127.48,125.25,126.65,126.33,126.64,"9,372","11,86,842.20",296
SBIETFCON,EQ,2026-01-06,126.33,129.48,129.48,125.61,126.3,126.07,125.97,"11,478","14,45,928.35",217
SBIETFCON,EQ,2026-01-07,126.07,129.22,129.22,125.52,126.17,126.04,126.11,"6,292","7,93,452.66",173
SBIETFCON,EQ,2026-01-08,126.04,127.98,127.98,124.7,124.92,124.93,124.84,"80,795","1,00,86,547.54",209
SBIETFCON,EQ,2026-01-09,124.93,126.67,126.67,123.32,123.79,123.91,124.03,"7,056","8,75,164.62",199
SBIETFCON,EQ,2026-01-12,123.91,127.63,127.63,122.19,124.55,124.4,123.18,"15,992","19,69,830.66",258
SBIETFCON,EQ,2026-01-13,124.4,124.4,124.95,123.0,123.94,123.68,123.78,"8,878","10,98,955.54",206
SBIETFCON,EQ,2026-01-14,123.68,123.68,124.06,121.25,123.94,123.44,123.33,"11,775","14,52,255.39",175
SBIETFCON,EQ,2026-01-16,123.44,123.94,123.94,122.19,123.29,122.6,123.08,"9,476","11,66,268.93",238
SBIETFCON,EQ,2026-01-19,122.6,123.29,123.29,122.07,122.77,122.83,122.53,"8,102","9,92,746.65",235
SBIETFCON,EQ,2026-01-20,122.83,124.47,124.47,119.64,120.72,120.37,121.42,"16,037","19,47,174.13",261
SBIETFCON,EQ,2026-01-21,120.37,120.84,120.88,118.51,120.3,120.26,119.7,"14,883","17,81,555.66",199
SBIETFCON,EQ,2026-01-22,120.26,120.29,122.64,119.76,120.65,120.54,120.64,"3,698","4,46,115.80",137
SBIETFCON,EQ,2026-01-23,120.54,120.9,122.28,118.62,122.28,119.12,119.71,"7,077","8,47,157.91",188
SBIETFCON,EQ,2026-01-27,119.12,119.71,121.98,116.9,118.12,117.87,117.85,"17,710","20,87,202.33",346
SBIETFCON,EQ,2026-01-28,117.87,117.86,121.0,116.7,121.0,118.12,117.57,"19,709","23,17,098.54",305
SBIETFCON,EQ,2026-01-29,118.12,117.8,122.0,116.0,122.0,117.52,116.94,"26,752","31,28,395.72",395
SBIETFCON,EQ,2026-01-30,117.52,117.51,120.9,116.93,120.9,118.1,117.86,"29,352","34,59,293.00",277
SBIETFCON,EQ,2026-02-01,118.1,116.92,120.9,114.88,116.97,116.89,117.22,"18,530","21,72,142.33",275
SBIETFCON,EQ,2026-02-02,116.89,119.81,119.81,114.08,117.53,117.31,115.69,"7,980","9,23,210.83",190
SBIETFCON,EQ,2026-02-03,117.31,120.0,121.16,118.81,120.0,119.68,119.81,"10,749","12,87,800.07",208
SBIETFCON,EQ,2026-02-04,119.68,119.85,121.24,119.78,120.83,120.99,120.62,"24,408","29,44,018.10",236
SBIETFCON,EQ,2026-02-05,120.99,124.01,124.01,120.22,121.5,120.39,120.72,"5,558","6,70,956.15",169
SBIETFCON,EQ,2026-02-06,120.39,120.99,121.24,119.5,121.23,121.14,120.54,"7,174","8,64,788.04",155
SBIETFCON,EQ,2026-02-09,121.14,121.14,122.0,121.13,121.81,121.87,121.72,"11,096","13,50,601.79",254
SBIETFCON,EQ,2026-02-10,121.87,122.97,123.32,122.28,122.92,122.62,122.71,"7,985","9,79,822.46",205
SBIETFCON,EQ,2026-02-11,122.62,123.2,123.97,121.0,123.48,123.18,123.45,"11,073","13,67,016.90",226
SBIETFCON,EQ,2026-02-12,123.18,123.18,123.59,121.0,121.0,123.35,123.11,"10,802","13,29,813.87",194
SBIETFCON,EQ,2026-02-13,123.35,120.26,122.75,120.26,121.4,121.13,121.83,"11,093","13,51,490.55",182
SBIETFCON,EQ,2026-02-16,121.13,121.13,122.68,121.0,121.0,121.69,121.53,"4,585","5,57,219.62",162
SBIETFCON,EQ,2026-02-17,121.69,123.17,123.18,121.43,121.74,121.75,121.72,"11,409","13,88,686.69",119
SBIETFCON,EQ,2026-02-18,121.75,118.7,123.48,118.7,121.5,122.36,121.89,"4,254","5,18,536.51",136
SBIETFCON,EQ,2026-02-19,122.36,124.97,124.97,120.0,120.55,120.27,121.64,"6,806","8,27,859.02",182
SBIETFCON,EQ,2026-02-20,120.27,123.27,123.27,120.0,123.0,120.61,120.47,"11,327","13,64,616.51",124
SBIETFCON,EQ,2026-02-23,120.61,117.59,124.0,117.59,124.0,121.21,120.65,"27,360","33,01,069.30",232
SBIETFCON,EQ,2026-02-24,121.21,124.85,124.85,119.25,121.49,120.31,119.86,"9,914","11,88,297.80",260
SBIETFCON,EQ,2026-02-25,120.31,123.92,123.92,120.04,120.43,120.43,120.54,"8,906","10,73,535.72",184
SBIETFCON,EQ,2026-02-26,120.43,119.77,124.0,118.22,124.0,120.62,120.23,"9,712","11,67,640.46",236
SBIETFCON,EQ,2026-02-27,120.62,123.63,123.63,118.77,119.89,119.05,119.61,"13,402","16,03,019.90",254
SBIETFCON,EQ,2026-03-02,119.05,119.64,119.64,115.86,116.95,116.93,116.9,"10,842","12,67,444.08",311
SBIETFCON,EQ,2026-03-04,116.93,119.85,119.85,113.14,115.3,115.37,114.62,"11,845","13,57,685.09",313
SBIETFCON,EQ,2026-03-05,115.37,116.53,116.71,114.8,116.0,116.32,115.47,"7,218","8,33,472.46",192
SBIETFCON,EQ,2026-03-06,116.32,116.29,116.8,113.38,116.8,115.44,115.88,"5,081","5,88,810.28",197
SBIETFCON,EQ,2026-03-09,115.44,115.98,117.0,111.03,117.0,113.49,112.42,"10,747","12,08,161.97",281
SBIETFCON,EQ,2026-03-10,113.49,116.7,116.7,113.51,114.5,114.5,114.28,"3,444","3,93,568.32",139
SBIETFCON,EQ,2026-03-11,114.5,115.98,115.98,112.2,113.55,112.57,113.36,"7,836","8,88,298.84",184
SBIETFCON,EQ,2026-03-12,112.57,113.48,113.48,110.3,112.0,110.89,111.1,"7,709","8,56,507.99",238
SBIETFCON,EQ,2026-03-13,110.89,112.0,112.0,108.55,109.28,108.77,109.49,"17,234","18,87,033.43",261
SBIETFCON,EQ,2026-03-16,108.77,111.77,111.77,100.0,110.5,109.96,107.67,"70,864","76,30,127.05",484
SBIETFCON,EQ,2026-03-17,109.96,110.5,111.97,109.76,111.5,111.38,110.54,"13,639","15,07,700.14",154
SBIETFCON,EQ,2026-03-18,111.38,112.5,112.96,111.77,112.78,112.73,112.3,"10,118","11,36,203.90",133
SBIETFCON,EQ,2026-03-19,112.73,113.86,113.86,108.51,109.1,109.07,109.99,"12,850","14,13,406.13",266
SBIETFCON,EQ,2026-03-20,109.07,111.79,111.8,109.1,110.0,109.59,110.25,"6,447","7,10,791.16",150
SBIETFCON,EQ,2026-03-23,109.59,110.69,110.69,106.05,106.25,106.5,107.1,"12,953","13,87,306.80",251
SBIETFCON,EQ,2026-03-24,106.5,109.47,109.52,106.79,108.81,108.58,108.02,"8,715","9,41,414.22",181
SBIETFCON,EQ,2026-03-25,108.58,109.67,111.56,109.44,110.9,110.93,110.74,"5,549","6,14,520.89",119
SBIETFCON,EQ,2026-03-27,110.93,107.6,111.98,107.6,108.98,108.42,109.0,"7,492","8,16,653.07",202
SBIETFCON,EQ,2026-03-30,108.42,109.67,109.68,106.15,106.95,106.49,106.78,"11,206","11,96,538.94",241
SBIETFCON,EQ,2026-04-01,106.49,109.15,110.13,105.3,108.5,107.32,108.57,"6,518","7,07,673.62",153
SBIETFCON,EQ,2026-04-02,107.32,110.96,110.96,106.25,108.78,108.09,107.17,"3,834","4,10,908.44",136
SBIETFCON,EQ,2026-04-06,108.09,109.17,109.94,107.0,107.0,109.57,108.99,"4,745","5,17,157.10",203
SBIETFCON,EQ,2026-04-07,109.57,110.67,110.92,107.53,110.34,110.05,109.11,"4,466","4,87,263.82",121
SBIETFCON,EQ,2026-04-08,110.05,111.16,115.0,111.11,114.39,114.18,114.23,"7,774","8,88,038.00",127
SBIETFCON,EQ,2026-04-09,114.18,111.32,115.68,111.32,113.88,113.56,113.98,"7,842","8,93,863.78",138
SBIETFCON,EQ,2026-04-10,113.56,115.97,115.98,114.24,115.5,115.4,114.87,"11,325","13,00,886.20",120
SBIETFCON,EQ,2026-04-13,115.4,116.55,116.55,113.28,113.65,114.84,114.47,"3,380","3,86,903.44",137
SBIETFCON,EQ,2026-04-15,114.84,113.69,116.36,111.97,116.1,115.79,115.61,"5,620","6,49,709.41",156
SBIETFCON,EQ,2026-04-16,115.79,117.67,117.68,115.21,115.89,116.08,115.93,"4,145","4,80,543.40",109
SBIETFCON,EQ,2026-04-17,116.08,117.47,117.98,115.85,117.98,117.41,117.17,"15,373","18,01,192.17",129
SBIETFCON,EQ,2026-04-20,117.41,117.98,118.58,116.55,118.58,118.03,117.66,"6,785","7,98,354.14",146
SBIETFCON,EQ,2026-04-21,118.03,119.21,120.0,118.0,120.0,119.0,118.61,"2,991","3,54,768.77",89
SBIETFCON,EQ,2026-04-22,119.0,120.19,120.19,118.61,119.1,118.74,119.02,"8,992","10,70,224.38",96
SBIETFCON,EQ,2026-04-23,118.74,119.48,119.48,117.22,117.25,117.26,117.32,"13,264","15,56,182.22",99
SBIETFCON,EQ,2026-04-24,117.26,118.58,118.58,116.0,117.21,116.6,116.54,"4,505","5,25,023.42",103
SBIETFCON,EQ,2026-04-27,116.6,117.77,118.48,116.59,118.08,118.08,117.69,"3,467","4,08,035.54",174
SBIETFCON,EQ,2026-04-28,118.08,118.98,118.98,117.04,117.67,117.51,117.58,"13,025","15,31,467.63",100
SBIETFCON,EQ,2026-04-29,117.51,117.5,119.6,117.5,118.65,118.82,119.09,"9,250","11,01,540.67",97
SBIETFCON,EQ,2026-04-30,118.82,119.98,119.98,116.4,117.79,117.26,117.08,"5,618","6,57,737.77",123
SBIETFCON,EQ,2026-05-04,117.26,117.3,120.0,117.06,117.95,117.85,118.37,"3,171","3,75,345.08",178
SBIETFCON,EQ,2026-05-05,117.85,119.03,119.03,117.0,117.83,117.8,117.46,"2,201","2,58,539.85",94
SBIETFCON,EQ,2026-05-06,117.8,119.46,119.55,117.91,119.2,119.19,118.69,"8,345","9,90,438.47",110
SBIETFCON,EQ,2026-05-07,119.19,120.38,120.38,119.1,119.81,119.75,119.71,"3,156","3,77,808.43",90
SBIETFCON,EQ,2026-05-08,119.75,120.95,120.95,118.82,119.87,119.81,119.53,"4,005","4,78,727.87",86
SBIETFCON,EQ,2026-05-11,119.81,121.01,121.01,117.1,119.35,118.17,117.89,"4,383","5,16,731.01",177
SBIETFCON,EQ,2026-05-12,118.17,121.12,121.12,114.84,116.2,115.11,115.99,"11,657","13,52,121.64",148
SBIETFCON,EQ,2026-05-13,115.11,114.93,116.15,114.19,115.59,115.44,115.56,"7,748","8,95,371.37",310
SBIETFCON,EQ,2026-05-14,115.44,116.25,120.8,115.47,116.87,117.0,116.35,"4,359","5,07,157.38",249
SBIETFCON,EQ,2026-05-15,117.0,118.17,118.17,116.53,118.0,117.32,117.43,"3,131","3,67,665.89",119
SBIETFCON,EQ,2026-05-18,117.32,118.49,118.49,114.97,116.06,116.11,115.87,"3,283","3,80,403.75",134
SBIETFCON,EQ,2026-05-19,116.11,117.68,117.68,116.07,116.49,116.63,117.06,"2,467","2,88,798.28",121
SBIETFCON,EQ,2026-05-20,116.63,117.8,117.8,115.39,116.34,116.15,115.98,"2,865","3,32,283.09",105
SBIETFCON,EQ,2026-05-21,116.15,117.31,118.97,116.08,116.74,116.27,116.47,"3,129","3,64,430.79",75
SBIETFCON,EQ,2026-05-22,116.27,117.98,117.98,115.96,116.58,116.35,116.53,"1,890","2,20,240.94",74
SBIETFCON,EQ,2026-05-25,116.35,118.48,118.48,116.85,117.5,117.5,117.19,"18,245","21,38,082.36",149
SBIETFCON,EQ,2026-05-26,117.5,118.68,118.68,116.99,118.0,117.24,117.36,"6,122","7,18,493.93",251
SBIETFCON,EQ,2026-05-27,117.24,117.24,118.78,117.24,118.5,117.82,117.8,"4,596","5,41,426.91",199
SBIETFCON,EQ,2026-05-29,117.82,117.82,118.31,115.75,115.99,116.0,117.14,"2,802","3,28,227.02",143
SBIETFCON,EQ,2026-06-01,116.0,117.48,117.48,113.98,117.0,114.38,114.76,"17,898","20,54,029.91",191
SBIETFCON,EQ,2026-06-02,114.38,115.48,115.48,113.24,114.74,114.79,114.46,"8,376","9,58,696.40",124
SBIETFCON,EQ,2026-06-03,114.79,115.94,115.94,113.6,114.75,114.6,114.37,"2,795","3,19,655.97",105
SBIETFCON,EQ,2026-06-04,114.6,115.98,115.98,114.51,115.05,115.26,115.22,"2,238","2,57,866.19",100
SBIETFCON,EQ,2026-06-05,115.26,116.98,116.98,114.0,115.03,115.74,115.16,"3,476","4,00,278.96",128
SBIETFCON,EQ,2026-06-08,115.74,114.58,121.52,113.73,114.19,114.28,114.93,"6,051","6,95,426.34",221
SBIETFCON,EQ,2026-06-09,114.28,116.48,116.48,114.18,114.86,114.74,114.86,"2,657","3,05,178.00",104
SBIETFCON,EQ,2026-06-10,114.74,116.45,116.48,114.18,114.53,114.48,115.29,"5,157","5,94,569.00",221
SBIETFCON,EQ,2026-06-11,114.48,115.98,115.98,113.39,114.15,113.86,114.08,"3,600","4,10,699.00",214
SBIETFCON,EQ,2026-06-12,113.86,115.0,115.89,114.27,115.89,115.72,114.79,"5,545","6,36,511.02",85
SBIETFCON,EQ,2026-06-15,115.72,116.88,118.94,116.01,117.8,117.55,117.67,"2,552","3,00,304.41",171
SBIETFCON,EQ,2026-06-16,117.55,118.98,118.98,117.58,118.24,118.02,118.07,"2,782","3,28,477.14",101
SBIETFCON,EQ,2026-06-17,118.02,119.2,119.25,118.02,118.89,118.7,118.68,"5,468","6,48,943.58",120
SBIETFCON,EQ,2026-06-18,118.7,119.99,119.99,118.48,119.82,119.42,119.21,"2,984","3,55,710.73",147
SBIETFCON,EQ,2026-06-19,119.42,120.61,120.61,118.55,119.88,119.3,119.25,"5,574","6,64,680.91",166
SBIETFCON,EQ,2026-06-22,119.3,119.3,122.0,118.04,120.44,119.67,119.64,"2,870","3,43,355.96",193
SBIETFCON,EQ,2026-06-23,119.67,116.67,121.8,116.67,119.01,118.35,119.44,"3,361","4,01,423.42",142
SBIETFCON,EQ,2026-06-24,118.35,119.93,119.98,117.81,118.15,118.44,118.52,"3,442","4,07,950.95",149
SBIETFCON,EQ,2026-06-25,118.44,119.98,120.16,118.8,119.71,119.5,119.8,"3,880","4,64,826.29",171
SBIETFCON,EQ,2026-06-29,119.5,118.3,120.98,118.16,118.77,118.58,119.07,"2,873","3,42,087.14",213
SBIETFCON,EQ,2026-06-30,118.58,119.77,120.49,117.3,117.3,118.94,118.77,"3,888","4,61,784.73",231
SBIETFCON,EQ,2026-07-01,118.94,120.0,120.47,118.94,120.2,120.24,119.99,"5,252","6,30,195.77",115
SBIETFCON,EQ,2026-07-02,120.24,122.64,122.64,118.04,121.41,120.88,120.66,"17,703","21,36,079.29",120
SBIETFCON,EQ,2026-07-03,120.88,121.41,124.16,120.88,121.83,121.45,121.76,"2,169","2,64,097.62",117
SBIETFCON,EQ,2026-07-06,121.45,121.45,123.45,121.19,121.19,121.61,122.09,"3,471","4,23,778.02",145
SBIETFCON,EQ,2026-07-07,121.61,122.83,122.83,121.97,122.06,122.22,122.31,"4,279","5,23,343.66",102
SBIETFCON,EQ,2026-07-08,122.22,122.98,122.98,119.75,120.0,119.99,121.23,"19,143","23,20,688.83",121
SBIETFCON,EQ,2026-07-09,119.99,121.48,121.48,120.36,120.36,120.39,120.95,"4,873","5,89,392.72",94
SBIETFCON,EQ,2026-07-10,120.39,120.36,122.18,120.36,121.0,120.9,120.88,"22,271","26,92,082.79",102
SBIETFCON,EQ,2026-07-13,120.9,122.11,122.11,119.34,120.35,120.13,120.2,"2,713","3,26,104.77",126
SBIETFCON,EQ,2026-07-14,120.13,120.92,120.92,119.46,119.7,119.59,119.84,"2,549","3,05,464.95",75
SBIETFCON,EQ,2026-07-15,119.59,121.48,121.48,119.67,120.0,119.84,120.31,"1,732","2,08,377.41",88
SBIETFCON,EQ,2026-07-16,119.84,121.28,121.28,118.11,120.12,120.67,120.47,"3,245","3,90,918.22",79
SBIETFCON,EQ,2026-07-17,120.67,120.67,121.98,120.13,120.7,120.47,120.56,"1,663","2,00,497.82",69
SBIETFCON,EQ,2026-07-20,120.47,123.48,123.48,120.3,121.16,121.2,120.8,"5,630","6,80,080.90",141
SBIETFCON,EQ,2026-07-21,121.2,122.48,122.48,120.86,121.96,121.6,121.28,"1,619","1,96,346.66",79
SBIETFCON,EQ,2026-07-22,121.6,122.25,122.25,121.08,121.7,121.51,121.47,"3,650","4,43,380.03",84
SBIETFCON,EQ,2026-07-23,121.51,122.68,122.68,121.1,121.5,121.14,121.59,"7,457","9,06,717.30",69
SBIETFCON,EQ,2026-07-24,121.14,121.98,121.98,120.35,120.6,120.82,120.68,"1,539","1,85,733.11",70
SBIETFCON,EQ,2026-07-27,120.82,122.78,122.78,121.0,122.62,122.62,122.28,"5,293","6,47,212.06",128
SBIETFCON,EQ,2026-07-28,122.62,122.62,123.99,122.48,122.88,122.81,122.8,"7,253","8,90,685.24",101
SBIETFCON,EQ,2026-07-29,122.81,124.97,124.97,121.0,121.0,123.95,124.12,"7,517","9,32,990.71",132
SBIETFCON,EQ,2026-07-30,123.95,123.95,125.48,122.09,124.9,124.7,124.38,"10,672","13,27,334.38",102
SBIETFCON,EQ,2026-07-31,124.7,124.7,127.24,124.64,124.64,124.87,125.04,"4,646","5,80,915.19",103
SBIETFCON,EQ,2026-08-03,124.87,124.7,127.15,122.0,122.18,124.4,125.66,"9,780","12,28,925.54",224
SBIETFCON,EQ,2026-08-04,124.4,124.4,126.0,124.4,125.0,125.05,125.75,"5,450","6,85,335.55",130
SBIETFCON,EQ,2026-08-05,125.05,125.05,126.63,125.05,126.63,126.16,126.17,"6,329","7,98,529.54",118
SBIETFCON,EQ,2026-08-06,126.16,126.16,127.78,124.4,125.0,125.27,125.89,"1,826","2,29,881.36",91
SBIETFCON,EQ,2026-08-07,125.27,126.48,126.5,124.7,125.79,125.64,125.77,"8,331","10,47,819.63",85
SBIETFCON,EQ,2026-08-10,125.64,128.15,128.15,125.64,126.65,126.62,126.43,"4,908","6,20,507.31",131
SBIETFCON,EQ,2026-08-11,126.62,126.5,126.5,124.12,126.2,125.66,125.81,"3,753","4,72,180.77",126
SBIETFCON,EQ,2026-08-12,125.66,125.79,125.79,124.02,124.02,124.43,124.57,"11,216","13,97,190.36",113
SBIETFCON,EQ,2026-08-13,124.43,124.43,125.79,124.43,125.15,125.61,124.98,"2,803","3,50,308.76",72
SBIETFCON,EQ,2026-08-14,125.61,126.97,126.97,125.24,125.56,125.56,125.45,"4,738","5,94,377.04",80
SBIETFCON,EQ,2026-08-17,125.56,124.0,125.77,124.0,125.43,125.45,125.25,"3,827","4,79,345.53",96
SBIETFCON,EQ,2026-08-18,125.45,123.46,125.01,123.46,124.86,124.78,124.66,"1,382","1,72,275.71",93
SBIETFCON,EQ,2026-08-19,124.78,124.77,124.77,123.17,124.12,123.36,123.99,"1,819","2,25,541.05",95
SBIETFCON,EQ,2026-08-20,123.36,120.27,125.36,120.27,124.63,124.63,124.6,"2,225","2,77,236.70",91
SBIETFCON,EQ,2026-08-21,124.63,124.63,124.67,123.86,124.35,124.06,124.24,"2,443","3,03,509.08",70
SBIETFCON,EQ,2026-08-24,124.06,127.16,127.16,123.3,124.0,123.45,124.06,"3,675","4,55,909.19",132
SBIETFCON,EQ,2026-08-25,123.45,124.97,124.97,123.31,124.12,124.29,124.19,"1,609","1,99,828.01",74
SBIETFCON,EQ,2026-08-26,124.29,125.68,125.68,124.1,124.38,124.38,124.65,"1,854","2,31,097.77",78
SBIETFCON,EQ,2026-08-27,124.38,128.11,128.11,123.12,123.12,123.24,123.5,"2,199","2,71,575.02",101
SBIETFCON,EQ,2026-08-28,123.24,124.98,124.98,122.53,123.54,123.36,123.14,"1,917","2,36,058.15",84
SBIETFCON,EQ,2026-08-31,123.36,123.36,123.36,122.05,122.67,122.16,122.51,"3,324","4,07,238.41",118
SBIETFCON,EQ,2026-09-01,122.16,122.16,123.68,121.25,122.35,121.5,122.18,"2,274","2,77,840.42",104
SBIETFCON,EQ,2026-09-02,121.5,122.57,122.57,119.62,121.36,121.2,120.24,"1,11,337","1,33,87,487.31",123
SBIETFCON,EQ,2026-09-03,121.2,122.48,122.48,120.08,121.08,120.31,120.66,"2,746","3,31,344.03",100
SBIETFCON,EQ,2026-09-04,120.31,122.54,122.54,119.7,119.7,119.89,120.09,"13,201","15,85,294.34",81
SBIETFCON,EQ,2026-09-07,119.89,119.89,120.97,119.26,119.65,119.35,119.78,"3,094","3,70,600.27",144
SBIETFCON,EQ,2026-09-08,119.35,119.35,120.15,118.79,120.15,119.88,119.33,"9,270","11,06,146.21",136
SBIETFCON,EQ,2026-09-09,119.88,120.97,120.97,118.77,119.77,119.01,119.3,"2,629","3,13,639.49",103
SBIETFCON,EQ,2026-09-10,119.01,120.47,120.47,118.45,118.45,118.65,118.67,"56,326","66,84,065.34",108
SBIETFCON,EQ,2026-09-11,118.65,119.47,119.47,117.65,118.66,118.35,118.23,"2,489","2,94,274.55",90
SBIETFCON,EQ,2026-09-15,118.35,119.98,119.98,116.81,117.0,116.86,117.8,"3,428","4,03,820.68",170
SBIETFCON,EQ,2026-09-16,116.86,118.47,118.47,116.77,117.0,117.78,117.47,"5,383","6,32,335.70",84
SBIETFCON,EQ,2026-09-17,117.78,118.97,118.97,117.91,118.54,118.54,118.33,"1,963","2,32,289.18",61
SBIETFCON,EQ,2026-09-18,118.54,119.77,119.77,118.18,119.0,118.45,118.49,"2,418","2,86,505.01",89
SBIETFCON,EQ,2026-09-21,118.45,118.45,119.97,117.99,118.53,118.85,118.94,"2,803","3,33,395.80",136
SBIETFCON,EQ,2026-09-22,118.85,118.85,120.28,118.33,118.61,118.93,119.1,"2,601","3,09,783.63",64
SBIETFCON,EQ,2026-09-23,118.93,120.47,120.47,118.81,119.0,119.33,119.32,"1,411","1,68,361.55",61
SBIETFCON,EQ,2026-09-24,119.33,120.53,120.53,117.28,118.08,117.45,118.27,"3,128","3,69,938.59",102
SBIETFCON,EQ,2026-09-25,117.45,117.45,118.98,117.26,117.35,117.65,117.69,"2,524","2,97,058.37",68
SBIETFCON,EQ,2026-09-28,117.65,118.97,118.98,116.29,118.97,116.37,116.62,"7,622","8,88,842.74",145
SBIETFCON,EQ,2026-09-29,116.37,117.78,117.78,115.0,115.89,115.9,115.95,"1,766","2,04,768.06",110
SBIETFCON,EQ,2026-09-30,115.9,117.47,117.47,113.71,114.86,114.18,115.07,"3,810","4,38,403.17",188
SBIETFCON,EQ,2026-10-01,114.18,115.67,117.0,111.5,117.0,112.15,112.62,"4,549","5,12,296.41",153
SBIETFCON,EQ,2026-10-05,112.15,109.34,113.68,109.34,112.73,112.72,112.56,"3,765","4,23,773.98",143
SBIETFCON,EQ,2026-10-06,112.72,113.5,114.33,113.0,114.33,113.94,113.58,"2,469","2,80,430.27",56
SBIETFCON,EQ,2026-10-07,113.94,111.09,116.2,111.09,113.0,113.42,113.44,"1,877","2,12,935.65",80
SBIETFCON,EQ,2026-10-08,113.42,114.55,114.55,110.74,111.6,111.17,112.02,"2,187","2,44,983.82",100
