"ï»¿""Symbol  """,Series,Date,Prev Close,Open Price,High Price,Low Price,Last Price,Close Price,Average Price,Total Traded Quantity,Turnover â¹,No. of Trades
SETFNIFBK,EQ,2020-01-06,324.41,324.0,324.0,316.05,316.84,316.46,318.15,"21,877","69,60,214.47",927
SETFNIFBK,EQ,2020-01-07,316.46,316.46,322.75,316.0,317.8,317.66,318.76,"16,987","54,14,837.97",456
SETFNIFBK,EQ,2020-01-08,317.66,318.05,318.05,312.53,317.66,317.15,315.3,"10,829","34,14,416.75",409
SETFNIFBK,EQ,2020-01-09,317.15,318.0,324.43,318.0,323.61,323.71,322.64,"28,531","92,05,248.55",355
SETFNIFBK,EQ,2020-01-10,323.71,324.67,326.4,322.5,323.15,323.76,324.52,"79,451","2,57,83,499.07",707
SETFNIFBK,EQ,2020-01-13,323.76,326.22,327.0,324.08,325.78,325.32,325.79,"3,94,592","12,85,53,534.25",360
SETFNIFBK,EQ,2020-01-14,325.32,330.0,330.0,324.0,325.16,325.13,324.91,"5,464","17,75,283.26",205
SETFNIFBK,EQ,2020-01-15,325.13,328.0,328.0,321.1,322.5,322.05,321.96,"19,911","64,10,494.21",517
SETFNIFBK,EQ,2020-01-16,322.05,327.7,327.7,321.2,323.22,323.15,322.44,"2,88,536","9,30,34,157.93",340
SETFNIFBK,EQ,2020-01-17,323.15,326.12,326.12,319.48,320.0,320.02,320.27,"38,503","1,23,31,312.32",693
SETFNIFBK,EQ,2020-01-20,320.02,324.0,324.0,315.0,315.69,315.43,317.01,"27,684","87,76,164.86",992
SETFNIFBK,EQ,2020-01-21,315.43,321.7,321.7,313.0,314.2,314.19,314.41,"25,031","78,69,873.61",687
SETFNIFBK,EQ,2020-01-22,314.19,320.0,320.0,310.5,311.39,311.27,312.35,"14,502","45,29,734.48",700
SETFNIFBK,EQ,2020-01-23,311.27,314.0,314.83,310.1,314.55,314.51,313.18,"13,336","41,76,536.39",526
SETFNIFBK,EQ,2020-01-24,314.51,320.8,324.0,301.9,317.22,316.91,316.05,"16,664","52,66,703.69",770
SETFNIFBK,EQ,2020-01-27,316.91,321.3,321.3,313.0,313.28,313.15,314.32,"2,76,913","8,70,40,527.04","1,524"
SETFNIFBK,EQ,2020-01-28,313.15,318.0,318.0,311.01,312.51,312.19,313.2,"20,537","64,32,090.68","1,225"
SETFNIFBK,EQ,2020-01-29,312.19,316.0,316.0,312.19,313.0,313.41,313.47,"9,902","31,03,963.89",399
SETFNIFBK,EQ,2020-01-30,313.41,311.0,313.0,310.0,311.03,311.01,311.08,"18,644","57,99,811.78","1,842"
SETFNIFBK,EQ,2020-01-31,311.01,313.0,314.0,310.8,312.85,312.39,312.01,"41,329","1,28,95,125.85","3,421"
SETFNIFBK,EQ,2020-02-01,312.39,310.0,313.53,301.3,301.47,302.39,304.44,"12,83,112","39,06,29,394.17","1,718"
SETFNIFBK,EQ,2020-02-03,302.39,303.0,305.89,300.0,305.89,304.71,302.89,"2,15,397","6,52,41,813.20","1,069"
SETFNIFBK,EQ,2020-02-04,304.71,304.1,311.0,304.1,311.0,309.88,309.86,"16,36,168","50,69,77,559.11",573
SETFNIFBK,EQ,2020-02-05,309.88,310.0,313.75,308.72,313.02,313.19,311.58,"6,08,307","18,95,36,133.60","1,104"
SETFNIFBK,EQ,2020-02-06,313.19,314.0,317.9,312.12,315.92,316.19,315.64,"33,781","1,06,62,799.70",757
SETFNIFBK,EQ,2020-02-07,316.19,314.63,316.44,314.13,315.2,315.11,314.64,"63,912","2,01,09,469.76",589
SETFNIFBK,EQ,2020-02-10,315.11,317.0,317.0,313.0,314.15,314.05,313.56,"26,622","83,47,467.03",328
SETFNIFBK,EQ,2020-02-11,314.05,315.63,318.0,315.54,316.5,316.71,317.27,"34,854","1,10,58,023.41","1,482"
SETFNIFBK,EQ,2020-02-12,316.71,317.0,320.0,317.0,318.45,318.32,318.18,"10,610","33,75,938.92",387
SETFNIFBK,EQ,2020-02-13,318.32,318.0,318.0,314.8,315.25,315.13,315.87,"21,027","66,41,897.55","2,163"
SETFNIFBK,EQ,2020-02-14,315.13,315.81,317.2,311.25,312.2,311.92,312.56,"46,106","1,44,10,965.00",854
SETFNIFBK,EQ,2020-02-17,311.92,311.51,313.46,309.09,310.35,310.29,310.79,"21,625","67,20,866.92",973
SETFNIFBK,EQ,2020-02-18,310.29,316.0,316.0,305.51,309.7,308.85,307.49,"55,718","1,71,32,476.96","1,994"
SETFNIFBK,EQ,2020-02-19,308.85,314.95,314.95,310.0,311.8,311.41,310.95,"4,553","14,15,740.47",226
SETFNIFBK,EQ,2020-02-20,311.41,314.0,314.0,310.11,312.5,311.87,312.76,"5,33,882","16,69,75,342.61",343
SETFNIFBK,EQ,2020-02-24,311.87,311.87,311.87,306.58,307.5,306.98,308.42,"2,98,937","9,21,98,367.75",764
SETFNIFBK,EQ,2020-02-25,306.98,315.0,315.0,306.71,307.5,307.62,307.63,"12,481","38,39,551.48","1,253"
SETFNIFBK,EQ,2020-02-26,307.62,315.0,315.0,304.6,306.93,306.11,306.56,"48,599","1,48,98,612.68","1,003"
SETFNIFBK,EQ,2020-02-27,306.11,306.11,306.43,302.29,305.2,305.36,303.65,"1,17,298","3,56,17,063.36",939
SETFNIFBK,EQ,2020-02-28,305.36,305.5,305.5,294.5,296.0,295.35,296.81,"69,262","2,05,57,457.03","2,003"
SETFNIFBK,EQ,2020-03-02,295.35,300.0,301.6,291.17,299.0,294.96,297.81,"36,444","1,08,53,216.47","1,074"
SETFNIFBK,EQ,2020-03-03,294.96,300.9,303.8,292.3,296.5,296.34,295.1,"2,22,848","6,57,61,884.14","1,490"
SETFNIFBK,EQ,2020-03-04,296.34,302.3,308.2,285.0,291.02,290.68,289.96,"47,167","1,36,76,497.80","2,135"
SETFNIFBK,EQ,2020-03-05,290.68,290.0,294.89,288.8,291.0,291.0,292.64,"1,10,476","3,23,30,229.96","2,734"
SETFNIFBK,EQ,2020-03-06,291.0,279.0,289.5,276.75,283.3,282.52,280.84,"53,953","1,51,51,901.90","1,944"
SETFNIFBK,EQ,2020-03-09,282.52,282.52,290.0,264.0,268.2,269.94,269.4,"1,63,748","4,41,13,639.35","2,503"
SETFNIFBK,EQ,2020-03-11,269.94,267.45,273.11,265.55,269.55,269.2,269.28,"4,06,731","10,95,22,876.50",763
SETFNIFBK,EQ,2020-03-12,269.2,260.0,268.1,240.0,245.72,242.05,248.52,"1,83,343","4,55,64,702.92","2,506"
SETFNIFBK,EQ,2020-03-13,242.05,236.95,261.57,215.0,258.66,255.41,247.48,"87,733","2,17,11,728.54","5,083"
SETFNIFBK,EQ,2020-03-16,255.41,255.41,265.6,244.0,248.0,249.14,248.41,"36,620","90,96,603.26","1,124"
SETFNIFBK,EQ,2020-03-17,249.14,250.0,250.0,225.0,226.98,226.15,233.01,"97,290","2,26,69,730.17","5,975"
SETFNIFBK,EQ,2020-03-18,226.15,230.7,231.41,207.0,214.5,210.91,214.83,"1,18,952","2,55,54,369.87","2,194"
SETFNIFBK,EQ,2020-03-19,210.91,217.2,217.2,191.7,203.12,203.22,198.75,"2,16,094","4,29,48,815.35","2,411"
SETFNIFBK,EQ,2020-03-20,203.22,203.22,214.0,196.01,202.9,202.13,200.81,"3,97,113","7,97,44,492.81","4,947"
SETFNIFBK,EQ,2020-03-23,202.13,202.0,205.0,176.9,182.0,179.64,183.95,"2,51,511","4,62,66,564.33","4,680"
SETFNIFBK,EQ,2020-03-24,179.64,200.0,200.0,169.0,175.0,172.23,176.54,"2,23,866","3,95,20,322.48","3,313"
SETFNIFBK,EQ,2020-03-25,172.23,180.0,185.0,170.0,182.1,183.7,175.58,"10,82,995","19,01,49,451.00","1,888"
SETFNIFBK,EQ,2020-03-26,183.7,189.0,204.0,185.0,199.2,197.65,197.02,"1,46,523","2,88,67,729.61","4,793"
SETFNIFBK,EQ,2020-03-27,197.65,197.65,213.0,196.0,200.0,200.82,204.14,"1,64,354","3,35,50,832.27","3,469"
SETFNIFBK,EQ,2020-03-30,200.82,204.8,208.9,188.5,191.0,189.45,192.73,"2,26,368","4,36,28,806.78","2,235"
SETFNIFBK,EQ,2020-03-31,189.45,193.01,195.99,190.0,192.29,192.81,193.86,"1,44,475","2,80,07,365.45","4,451"
SETFNIFBK,EQ,2020-04-01,192.81,198.6,204.4,187.0,189.8,190.44,190.25,"1,06,612","2,02,83,101.26","1,549"
SETFNIFBK,EQ,2020-04-03,190.44,190.5,191.0,175.1,177.8,176.7,178.91,"3,54,872","6,34,90,384.53","4,062"
SETFNIFBK,EQ,2020-04-07,176.7,206.7,206.7,178.95,193.0,191.74,186.94,"1,75,302","3,27,71,298.07","1,738"
SETFNIFBK,EQ,2020-04-08,191.74,191.2,204.0,186.0,191.3,190.94,193.47,"1,53,195","2,96,38,230.56","1,965"
SETFNIFBK,EQ,2020-04-09,190.94,196.7,199.92,192.0,195.0,196.51,196.11,"4,02,392","7,89,12,176.99","1,536"
SETFNIFBK,EQ,2020-04-13,196.51,198.99,198.99,192.0,196.0,194.99,194.15,"1,55,893","3,02,66,409.40","1,184"
SETFNIFBK,EQ,2020-04-15,194.99,198.85,200.4,187.46,191.0,190.35,199.2,"5,75,988","11,47,34,958.30","1,770"
SETFNIFBK,EQ,2020-04-16,190.35,190.5,194.49,186.9,194.0,193.19,191.58,"56,724","1,08,67,391.49",943
SETFNIFBK,EQ,2020-04-17,193.19,193.19,207.5,193.19,206.5,205.71,201.29,"2,76,473","5,56,50,890.12","1,861"
SETFNIFBK,EQ,2020-04-20,205.71,210.0,218.1,203.0,204.5,204.51,207.84,"3,76,702","7,82,92,200.33","1,532"
SETFNIFBK,EQ,2020-04-21,204.51,200.09,200.09,192.8,193.54,193.91,195.23,"1,15,180","2,24,86,079.29","1,921"
SETFNIFBK,EQ,2020-04-22,193.91,195.85,197.99,190.0,197.0,196.36,194.33,"72,138","1,40,18,406.97","1,101"
SETFNIFBK,EQ,2020-04-23,196.36,198.3,202.49,196.4,200.55,201.16,200.58,"3,44,798","6,91,58,588.50",946
SETFNIFBK,EQ,2020-04-24,201.16,200.55,200.55,194.0,196.98,195.01,195.73,"47,234","92,44,893.20","1,205"
SETFNIFBK,EQ,2020-04-27,195.01,198.78,201.22,196.69,199.8,199.97,199.81,"4,49,904","8,98,93,865.26",920
SETFNIFBK,EQ,2020-04-28,199.97,202.2,206.0,201.35,206.0,205.39,203.7,"52,634","1,07,21,721.65","1,041"
SETFNIFBK,EQ,2020-04-29,205.39,206.52,212.1,203.83,209.0,209.06,207.8,"51,141","1,06,27,256.61",910
SETFNIFBK,EQ,2020-04-30,209.06,212.22,218.64,212.01,213.0,213.54,215.89,"3,33,308","7,19,56,407.32","1,626"
SETFNIFBK,EQ,2020-05-04,213.54,213.54,226.4,196.53,197.5,197.39,199.35,"1,35,918","2,70,95,489.50","2,376"
SETFNIFBK,EQ,2020-05-05,197.39,207.39,207.39,192.3,193.25,192.81,196.32,"1,32,928","2,60,96,135.03","1,969"
SETFNIFBK,EQ,2020-05-06,192.81,192.81,197.47,189.8,196.6,195.97,194.75,"2,19,162","4,26,82,624.93","1,387"
SETFNIFBK,EQ,2020-05-07,195.97,195.92,196.79,192.97,195.67,195.08,195.0,"42,154","82,20,191.51",657
SETFNIFBK,EQ,2020-05-08,195.08,197.57,198.66,192.4,193.2,193.01,195.62,"79,488","1,55,49,501.63",970
SETFNIFBK,EQ,2020-05-11,193.01,197.0,197.0,188.9,190.0,189.54,191.85,"84,832","1,62,74,750.25","1,496"
SETFNIFBK,EQ,2020-05-12,189.54,188.0,190.0,183.2,189.3,188.49,185.32,"1,18,228","2,19,10,028.71","1,889"
SETFNIFBK,EQ,2020-05-13,188.49,196.0,200.9,194.02,195.4,195.24,197.08,"1,65,221","3,25,61,137.53","1,379"
SETFNIFBK,EQ,2020-05-14,195.24,191.75,192.8,189.89,190.85,190.26,191.13,"71,573","1,36,79,742.54","1,145"
SETFNIFBK,EQ,2020-05-15,190.26,190.26,190.26,186.53,187.41,188.06,187.83,"49,000","92,03,571.76","1,088"
SETFNIFBK,EQ,2020-05-18,188.06,195.6,198.0,175.2,176.75,175.98,178.46,"1,81,908","3,24,63,589.61","3,544"
SETFNIFBK,EQ,2020-05-19,175.98,200.0,200.0,173.5,175.15,174.71,177.19,"1,17,870","2,08,85,558.66","1,637"
SETFNIFBK,EQ,2020-05-20,174.71,175.98,182.0,173.95,178.85,178.09,176.15,"61,392","1,08,14,434.60",849
SETFNIFBK,EQ,2020-05-21,178.09,179.0,180.8,175.35,176.61,176.54,179.11,"1,26,598","2,26,74,871.38","1,655"
SETFNIFBK,EQ,2020-05-22,176.54,177.0,178.45,170.35,172.5,172.33,171.88,"4,12,406","7,08,85,032.30","2,402"
SETFNIFBK,EQ,2020-05-26,172.33,177.5,177.5,173.0,174.59,174.09,174.82,"71,341","1,24,72,010.03",917
SETFNIFBK,EQ,2020-05-27,174.09,175.25,187.0,174.61,185.8,185.85,181.45,"1,45,842","2,64,62,916.44","1,565"
SETFNIFBK,EQ,2020-05-28,185.85,185.85,193.0,185.8,189.07,189.25,190.43,"4,03,016","7,67,44,956.76","4,153"
SETFNIFBK,EQ,2020-05-29,189.25,190.0,191.5,186.0,190.0,190.58,189.08,"99,944","1,88,96,959.76",942
SETFNIFBK,EQ,2020-06-01,190.58,193.1,201.0,193.1,197.0,197.92,198.8,"3,41,752","6,79,39,842.60","2,957"
SETFNIFBK,EQ,2020-06-02,197.92,198.01,204.5,196.78,204.5,203.79,201.26,"3,47,622","6,99,60,803.72","2,687"
SETFNIFBK,EQ,2020-06-03,203.79,207.95,214.84,206.34,207.94,207.94,210.07,"4,21,102","8,84,61,817.35","2,278"
SETFNIFBK,EQ,2020-06-04,207.94,207.5,209.8,201.9,202.6,202.73,205.89,"1,95,292","4,02,09,346.02","2,555"
SETFNIFBK,EQ,2020-06-05,202.73,210.8,221.0,203.28,210.5,209.28,206.29,"3,66,137","7,55,31,148.14","5,301"
SETFNIFBK,EQ,2020-06-08,209.28,213.71,216.75,208.18,210.9,210.88,213.89,"3,10,086","6,63,24,047.97","2,174"
SETFNIFBK,EQ,2020-06-09,210.88,210.88,214.46,204.93,205.4,205.91,210.42,"3,47,643","7,31,50,479.69","2,437"
SETFNIFBK,EQ,2020-06-10,205.91,202.0,211.79,202.0,211.79,210.07,209.68,"2,90,062","6,08,21,060.60","1,085"
SETFNIFBK,EQ,2020-06-11,210.07,210.12,211.52,203.59,204.69,204.21,207.29,"1,43,228","2,96,89,406.87","2,131"
SETFNIFBK,EQ,2020-06-12,204.21,201.0,206.74,195.66,205.01,206.16,200.97,"2,92,746","5,88,33,974.42","1,785"
SETFNIFBK,EQ,2020-06-15,206.16,207.0,207.0,196.85,198.78,198.64,198.82,"1,88,909","3,75,58,359.33","2,352"
SETFNIFBK,EQ,2020-06-16,198.64,203.45,206.0,195.1,201.89,201.76,201.03,"1,73,966","3,49,72,394.34","1,506"
SETFNIFBK,EQ,2020-06-17,201.76,206.8,210.0,198.24,201.04,201.53,202.6,"1,25,392","2,54,04,807.17","1,033"
SETFNIFBK,EQ,2020-06-18,201.53,198.1,208.83,195.63,207.51,208.03,202.34,"6,10,624","12,35,51,754.06","1,050"
SETFNIFBK,EQ,2020-06-19,208.03,208.66,213.13,207.56,211.84,211.97,211.12,"2,54,570","5,37,44,698.88","1,225"
SETFNIFBK,EQ,2020-06-22,211.97,215.0,219.8,210.0,216.32,215.91,216.19,"1,92,658","4,16,51,434.89","1,525"
SETFNIFBK,EQ,2020-06-23,215.91,211.0,223.22,211.0,223.0,222.4,220.08,"1,93,515","4,25,88,776.26","1,167"
SETFNIFBK,EQ,2020-06-24,222.4,222.48,223.9,212.56,213.98,213.49,218.17,"3,09,791","6,75,86,372.94","2,043"
SETFNIFBK,EQ,2020-06-25,213.49,213.98,215.6,208.6,214.0,214.04,212.37,"1,39,058","2,95,32,174.41","1,510"
SETFNIFBK,EQ,2020-06-26,214.04,218.7,218.7,212.37,214.7,215.05,214.69,"76,640","1,64,53,998.03","1,050"
SETFNIFBK,EQ,2020-06-29,215.05,213.0,214.0,210.33,212.97,213.04,211.77,"63,023","1,33,46,454.66","1,325"
SETFNIFBK,EQ,2020-06-30,213.04,217.0,217.0,211.7,214.0,213.43,214.09,"35,360","75,70,370.12",688
SETFNIFBK,EQ,2020-07-01,213.43,215.1,219.28,212.38,218.5,218.57,217.36,"96,234","2,09,17,191.32",973
SETFNIFBK,EQ,2020-07-02,218.57,218.5,222.69,218.1,218.5,218.47,220.11,"3,15,519","6,94,49,373.00","1,228"
SETFNIFBK,EQ,2020-07-03,218.47,219.0,220.0,216.8,217.79,217.57,217.96,"57,102","1,24,45,975.90",849
SETFNIFBK,EQ,2020-07-06,217.57,218.0,223.2,218.0,221.77,221.14,221.33,"1,77,522","3,92,91,191.12","1,179"
SETFNIFBK,EQ,2020-07-07,221.14,222.0,225.79,217.0,224.7,225.22,222.22,"1,29,349","2,87,43,483.38","1,245"
SETFNIFBK,EQ,2020-07-08,225.22,225.0,229.54,224.21,225.0,225.15,227.09,"1,16,027","2,63,49,049.58","1,481"
SETFNIFBK,EQ,2020-07-09,225.15,225.0,228.8,225.0,228.4,228.08,227.59,"55,026","1,25,23,617.38",709
SETFNIFBK,EQ,2020-07-10,228.08,227.93,227.93,223.12,224.32,224.09,224.74,"97,858","2,19,92,831.01","1,409"
SETFNIFBK,EQ,2020-07-13,224.09,227.94,227.94,219.9,221.0,220.88,222.78,"1,12,204","2,49,97,158.14","1,390"
SETFNIFBK,EQ,2020-07-14,220.88,224.8,224.8,211.3,213.15,212.75,215.14,"13,54,655","29,14,46,578.54","3,942"
SETFNIFBK,EQ,2020-07-15,212.75,212.75,218.0,211.5,213.0,213.07,215.43,"1,55,165","3,34,26,456.52","1,763"
SETFNIFBK,EQ,2020-07-16,213.07,219.5,223.5,210.01,214.8,215.32,212.88,"72,856","1,55,09,386.87","1,313"
SETFNIFBK,EQ,2020-07-17,215.32,216.07,219.5,214.57,219.15,218.2,215.37,"3,95,327","8,51,42,586.73","1,124"
SETFNIFBK,EQ,2020-07-20,218.2,218.2,223.5,218.2,222.23,222.06,222.17,"1,08,123","2,40,22,153.00","1,377"
SETFNIFBK,EQ,2020-07-21,222.06,224.5,227.72,224.5,226.8,226.55,226.15,"2,53,423","5,73,12,378.62","1,974"
SETFNIFBK,EQ,2020-07-22,226.55,228.43,229.18,225.18,227.5,227.19,226.68,"1,38,242","3,13,36,864.17","1,202"
SETFNIFBK,EQ,2020-07-23,227.19,230.0,230.0,226.8,229.28,229.46,227.26,"2,61,035","5,93,21,805.06",834
SETFNIFBK,EQ,2020-07-24,229.46,222.6,226.73,215.7,225.98,225.79,224.71,"1,25,466","2,81,93,802.66","1,376"
SETFNIFBK,EQ,2020-07-27,225.79,229.0,229.0,218.01,219.48,218.37,220.3,"1,09,214","2,40,60,329.71","1,936"
SETFNIFBK,EQ,2020-07-28,218.37,226.0,227.49,216.0,220.04,220.86,218.88,"1,01,103","2,21,29,296.36","1,153"
SETFNIFBK,EQ,2020-07-29,220.86,220.5,222.85,218.5,220.2,220.25,221.22,"1,02,004","2,25,65,699.93","1,118"
SETFNIFBK,EQ,2020-07-30,220.25,220.31,221.9,215.9,217.59,216.4,218.8,"67,537","1,47,77,063.26",891
SETFNIFBK,EQ,2020-07-31,216.4,218.0,218.0,214.0,216.8,216.64,215.63,"76,340","1,64,60,817.44","1,150"
SETFNIFBK,EQ,2020-08-03,216.64,207.96,225.96,207.0,212.3,211.25,212.48,"98,273","2,08,80,956.47","1,839"
SETFNIFBK,EQ,2020-08-04,211.25,212.05,214.92,210.5,213.99,214.17,213.65,"58,852","1,25,73,599.51",967
SETFNIFBK,EQ,2020-08-05,214.17,218.0,218.68,214.01,215.3,214.91,216.76,"66,525","1,44,20,277.12","1,007"
SETFNIFBK,EQ,2020-08-06,214.91,208.5,218.5,205.98,216.19,216.02,215.93,"53,178","1,14,82,634.24","1,105"
SETFNIFBK,EQ,2020-08-07,216.02,216.0,217.0,213.9,217.0,216.22,214.31,"4,19,479","8,98,97,279.63",892
SETFNIFBK,EQ,2020-08-10,216.22,218.0,219.76,217.16,218.45,218.43,218.68,"53,635","1,17,28,918.17",909
SETFNIFBK,EQ,2020-08-11,218.43,220.14,221.9,219.75,221.55,221.65,220.79,"49,457","1,09,19,499.79",898
SETFNIFBK,EQ,2020-08-12,221.65,221.65,222.2,218.76,221.83,221.71,221.28,"54,973","1,21,64,563.31",857
SETFNIFBK,EQ,2020-08-13,221.71,222.0,223.26,220.47,220.9,220.92,222.0,"48,558","1,07,79,994.80",738
SETFNIFBK,EQ,2020-08-14,220.92,221.39,221.87,214.5,216.5,216.43,217.96,"84,505","1,84,18,830.95","1,838"
SETFNIFBK,EQ,2020-08-17,216.43,248.9,248.9,214.2,216.9,216.33,215.14,"1,27,297","2,73,86,139.21","1,435"
SETFNIFBK,EQ,2020-08-18,216.33,216.9,221.19,215.15,220.56,220.62,219.27,"86,051","1,88,68,184.09",792
SETFNIFBK,EQ,2020-08-19,220.62,221.0,222.96,221.0,221.43,221.74,222.14,"68,832","1,52,90,507.71",901
SETFNIFBK,EQ,2020-08-20,221.74,222.0,222.0,217.96,218.42,218.6,218.7,"62,644","1,37,00,086.78","1,037"
SETFNIFBK,EQ,2020-08-21,218.6,220.85,222.29,220.12,222.0,221.99,221.9,"1,37,533","3,05,18,136.58",724
SETFNIFBK,EQ,2020-08-24,221.99,223.5,227.9,223.13,226.57,226.98,225.8,"95,362","2,15,32,558.26","1,229"
SETFNIFBK,EQ,2020-08-25,226.98,227.2,230.7,227.2,230.0,229.78,229.03,"1,60,845","3,68,38,434.47","1,267"
SETFNIFBK,EQ,2020-08-26,229.78,230.43,233.69,229.48,233.03,232.93,231.75,"60,428","1,40,04,203.09",892
SETFNIFBK,EQ,2020-08-27,232.93,246.9,246.9,232.93,235.48,234.99,234.98,"63,391","1,48,95,926.06",821
SETFNIFBK,EQ,2020-08-28,234.99,235.8,245.7,235.8,245.0,244.51,240.91,"86,307","2,07,91,927.23","1,593"
SETFNIFBK,EQ,2020-08-31,244.51,245.06,251.52,233.09,236.0,236.92,242.73,"1,98,880","4,82,73,953.78","7,459"
SETFNIFBK,EQ,2020-09-01,236.92,240.0,241.54,234.86,238.35,237.59,238.4,"1,13,634","2,70,90,759.09","1,758"
SETFNIFBK,EQ,2020-09-02,237.59,251.8,251.8,234.41,237.56,238.12,236.29,"48,929","1,15,61,250.42",939
SETFNIFBK,EQ,2020-09-03,238.12,240.0,240.0,233.48,234.74,234.3,235.72,"1,97,495","4,65,54,179.73","1,120"
SETFNIFBK,EQ,2020-09-04,234.3,230.0,233.13,227.38,231.9,230.33,230.12,"89,641","2,06,28,512.94","1,729"
SETFNIFBK,EQ,2020-09-07,230.33,230.35,230.86,226.32,229.0,228.92,228.56,"88,627","2,02,57,010.66","3,567"
SETFNIFBK,EQ,2020-09-08,228.92,228.08,230.0,226.5,227.05,227.28,228.6,"37,709","86,20,416.59",835
SETFNIFBK,EQ,2020-09-09,227.28,226.42,226.42,221.0,223.5,222.73,222.68,"91,924","2,04,69,535.55","1,659"
SETFNIFBK,EQ,2020-09-10,222.73,220.0,226.65,212.1,224.9,224.08,224.57,"66,887","1,50,20,897.01",878
SETFNIFBK,EQ,2020-09-11,224.08,224.0,225.75,222.18,225.0,224.24,223.84,"40,859","91,45,681.14",723
SETFNIFBK,EQ,2020-09-14,224.24,224.24,234.0,219.73,220.0,220.72,221.53,"2,57,614","5,70,69,588.86","1,413"
SETFNIFBK,EQ,2020-09-15,220.72,249.4,249.4,219.16,223.81,223.79,221.89,"58,309","1,29,38,241.97",997
SETFNIFBK,EQ,2020-09-16,223.79,224.0,225.45,221.5,224.39,224.43,223.6,"67,824","1,51,65,145.87",913
SETFNIFBK,EQ,2020-09-17,224.43,222.97,224.0,215.66,221.8,222.04,222.43,"71,805","1,59,71,717.09",704
SETFNIFBK,EQ,2020-09-18,222.04,222.81,224.2,217.99,220.73,220.42,223.36,"5,13,584","11,47,11,732.96","1,372"
SETFNIFBK,EQ,2020-09-21,220.42,219.99,220.64,212.8,212.88,213.68,215.5,"1,57,890","3,40,26,037.51","2,742"
SETFNIFBK,EQ,2020-09-22,213.68,214.0,214.0,209.2,211.92,211.18,210.61,"2,16,830","4,56,65,521.37","2,004"
SETFNIFBK,EQ,2020-09-23,211.18,238.6,238.6,208.35,212.64,211.47,211.24,"1,14,544","2,41,96,197.55","1,328"
SETFNIFBK,EQ,2020-09-24,211.47,208.4,210.9,204.0,205.95,204.76,206.96,"1,39,508","2,88,73,144.53","2,497"
SETFNIFBK,EQ,2020-09-25,204.76,235.5,235.5,204.43,209.15,209.82,207.29,"73,290","1,51,91,924.77","1,199"
SETFNIFBK,EQ,2020-09-28,209.82,211.0,216.76,210.06,216.0,216.23,214.49,"69,881","1,49,88,727.70","1,174"
SETFNIFBK,EQ,2020-09-29,216.23,217.29,217.5,212.6,214.39,213.79,213.75,"42,736","91,34,951.94",889
SETFNIFBK,EQ,2020-09-30,213.79,214.0,215.0,211.0,213.75,213.63,212.48,"34,122","72,50,294.16",792
SETFNIFBK,EQ,2020-10-01,213.63,216.0,221.99,216.0,221.35,221.34,219.61,"74,417","1,63,42,725.75",882
SETFNIFBK,EQ,2020-10-05,221.34,234.6,234.6,221.27,224.0,222.82,224.37,"1,30,768","2,93,41,050.41","2,477"
SETFNIFBK,EQ,2020-10-06,222.82,224.95,227.5,224.0,227.5,227.28,225.94,"69,533","1,57,10,569.18",767
SETFNIFBK,EQ,2020-10-07,227.28,226.66,230.0,224.85,228.75,228.95,229.16,"10,98,712","25,17,80,505.30","1,524"
SETFNIFBK,EQ,2020-10-08,228.95,229.15,233.0,229.15,230.74,230.46,231.4,"1,94,766","4,50,68,013.01","2,061"
SETFNIFBK,EQ,2020-10-09,230.46,231.0,238.0,230.03,237.5,237.28,235.32,"11,37,856","26,77,62,950.90","1,499"
SETFNIFBK,EQ,2020-10-12,237.28,245.0,249.0,234.6,235.58,235.85,237.97,"89,657","2,13,35,506.72","1,462"
SETFNIFBK,EQ,2020-10-13,235.85,235.85,236.9,233.14,233.5,234.03,234.6,"61,481","1,44,23,138.14",878
SETFNIFBK,EQ,2020-10-14,234.03,234.05,238.5,230.86,237.99,237.51,232.85,"77,752","1,81,04,251.16","1,124"
SETFNIFBK,EQ,2020-10-15,237.51,236.65,239.5,229.0,229.0,229.9,233.83,"83,255","1,94,67,647.08","1,556"
SETFNIFBK,EQ,2020-10-16,229.9,232.0,235.5,230.7,233.78,234.16,233.19,"61,738","1,43,96,626.71","1,143"
SETFNIFBK,EQ,2020-10-19,234.16,239.49,242.0,236.2,241.5,241.29,239.81,"1,25,481","3,00,91,997.67","1,081"
SETFNIFBK,EQ,2020-10-20,241.29,246.0,246.0,239.34,243.0,242.91,242.27,"2,70,500","6,55,34,698.51","3,005"
SETFNIFBK,EQ,2020-10-21,242.91,242.0,247.9,240.5,246.36,245.57,243.65,"7,06,998","17,22,58,975.60","4,344"
SETFNIFBK,EQ,2020-10-22,245.57,244.95,246.0,242.3,244.75,244.47,244.25,"86,578","2,11,46,958.53","1,275"
SETFNIFBK,EQ,2020-10-23,244.47,244.0,246.74,243.49,244.58,244.54,244.82,"46,858","1,14,71,570.07",826
SETFNIFBK,EQ,2020-10-26,244.54,259.2,259.2,238.24,240.5,240.27,241.4,"98,779","2,38,45,432.60","1,545"
SETFNIFBK,EQ,2020-10-27,240.27,245.0,246.75,238.41,246.3,246.14,243.53,"58,522","1,42,51,595.74",924
SETFNIFBK,EQ,2020-10-28,246.14,243.61,246.88,240.0,242.0,241.65,242.5,"63,708","1,54,49,036.47","1,492"
SETFNIFBK,EQ,2020-10-29,241.65,239.5,242.4,237.7,240.44,239.96,239.59,"66,713","1,59,83,869.22","1,281"
SETFNIFBK,EQ,2020-10-30,239.96,254.4,254.4,236.01,238.7,238.61,238.59,"49,887","1,19,02,695.54","1,128"
SETFNIFBK,EQ,2020-11-02,238.61,240.5,250.0,240.15,247.21,248.13,245.9,"97,604","2,40,00,527.13","1,352"
SETFNIFBK,EQ,2020-11-03,248.13,249.75,256.5,249.75,255.5,255.67,253.49,"1,32,716","3,36,42,782.05","1,423"
SETFNIFBK,EQ,2020-11-04,255.67,254.94,258.0,250.24,255.36,256.81,254.73,"1,00,341","2,55,59,821.05","1,560"
SETFNIFBK,EQ,2020-11-05,256.81,259.59,262.46,259.14,261.54,261.57,260.8,"66,610","1,73,71,954.42","1,065"
SETFNIFBK,EQ,2020-11-06,261.57,265.0,275.0,260.5,267.71,267.18,267.02,"8,26,127","22,05,92,726.71","1,225"
SETFNIFBK,EQ,2020-11-09,267.18,267.65,275.0,267.65,274.8,274.25,272.64,"1,05,504","2,87,64,105.03","1,528"
SETFNIFBK,EQ,2020-11-10,274.25,278.34,286.99,277.75,285.15,285.36,282.69,"1,03,852","2,93,57,703.01","1,899"
SETFNIFBK,EQ,2020-11-11,285.36,285.36,288.8,280.66,287.0,286.89,285.59,"2,00,434","5,72,41,274.33","1,990"
SETFNIFBK,EQ,2020-11-12,286.89,285.45,285.84,280.22,282.5,281.81,282.85,"41,406","1,17,11,578.90","1,336"
SETFNIFBK,EQ,2020-11-13,281.81,280.36,284.3,276.1,283.65,284.03,280.38,"60,686","1,70,14,837.64","1,289"
SETFNIFBK,EQ,2020-11-14,284.03,284.99,287.28,283.99,284.9,286.15,286.11,"18,784","53,74,212.22",400
SETFNIFBK,EQ,2020-11-17,286.15,286.15,291.0,286.15,291.0,290.28,288.07,"2,10,198","6,05,51,795.70","1,406"
SETFNIFBK,EQ,2020-11-18,290.28,307.7,307.7,289.1,295.68,295.98,293.59,"1,55,503","4,56,53,552.22","1,410"
SETFNIFBK,EQ,2020-11-19,295.98,294.75,294.8,287.35,287.9,287.71,288.4,"5,93,558","17,11,80,714.26","1,680"
SETFNIFBK,EQ,2020-11-20,287.71,287.0,292.6,284.52,290.0,290.85,288.41,"46,323","1,33,59,990.22","1,164"
SETFNIFBK,EQ,2020-11-23,290.85,292.45,293.43,287.3,290.17,289.55,291.74,"6,44,591","18,80,51,270.13","1,434"
SETFNIFBK,EQ,2020-11-24,289.55,291.04,296.7,290.76,296.0,295.94,293.88,"80,522","2,36,63,949.43",761
SETFNIFBK,EQ,2020-11-25,295.94,296.06,300.2,290.75,291.2,291.34,296.02,"1,63,329","4,83,48,068.80","1,473"
SETFNIFBK,EQ,2020-11-26,291.34,292.0,295.55,288.98,295.0,294.93,292.11,"38,765","1,13,23,761.03","1,041"
SETFNIFBK,EQ,2020-11-27,294.93,295.67,296.28,292.73,295.0,294.86,294.77,"27,794","81,92,948.27",662
SETFNIFBK,EQ,2020-12-01,294.86,294.0,298.0,294.0,297.6,297.49,296.58,"49,922","1,48,05,993.90",856
SETFNIFBK,EQ,2020-12-02,297.49,296.7,297.45,291.13,293.62,294.62,294.74,"71,116","2,09,60,924.39","1,167"
SETFNIFBK,EQ,2020-12-03,294.62,294.62,297.15,293.5,294.5,294.04,295.31,"32,160","94,97,204.09",674
SETFNIFBK,EQ,2020-12-04,294.04,294.0,301.0,294.0,300.9,299.87,297.5,"99,300","2,95,41,326.04","1,466"
SETFNIFBK,EQ,2020-12-07,299.87,317.9,317.9,298.56,300.07,300.31,300.41,"85,071","2,55,55,905.97","1,072"
SETFNIFBK,EQ,2020-12-08,300.31,301.95,301.98,298.91,301.2,300.65,300.54,"53,093","1,59,56,406.27","1,089"
SETFNIFBK,EQ,2020-12-09,300.65,301.58,306.48,301.5,306.24,305.17,304.03,"65,149","1,98,07,346.83",817
SETFNIFBK,EQ,2020-12-10,305.17,305.0,305.13,300.94,304.4,303.94,302.73,"41,714","1,26,28,212.20",861
SETFNIFBK,EQ,2020-12-11,303.94,303.94,306.64,301.46,304.84,304.55,304.27,"67,395","2,05,06,586.12",906
SETFNIFBK,EQ,2020-12-14,304.55,304.45,306.72,304.45,305.6,305.74,305.69,"2,32,006","7,09,21,743.60",684
SETFNIFBK,EQ,2020-12-15,305.74,306.0,306.0,301.97,304.16,304.97,303.65,"64,533","1,95,95,192.29",878
SETFNIFBK,EQ,2020-12-16,304.97,306.3,307.74,304.5,305.19,306.53,307.02,"1,04,650","3,21,29,146.14",758
SETFNIFBK,EQ,2020-12-17,306.53,306.49,308.79,305.0,308.23,308.3,308.4,"5,35,407","16,51,19,248.23",725
SETFNIFBK,EQ,2020-12-18,308.3,307.32,307.34,303.51,305.81,306.29,305.31,"52,047","1,58,90,560.78",769
SETFNIFBK,EQ,2020-12-21,306.29,304.94,304.98,291.0,293.04,293.81,300.31,"8,31,734","24,97,80,400.45","1,962"
SETFNIFBK,EQ,2020-12-22,293.81,294.29,296.78,289.0,294.83,294.89,292.64,"59,484","1,74,07,588.24","1,536"
SETFNIFBK,EQ,2020-12-23,294.89,295.24,298.67,293.08,298.5,297.92,296.08,"23,731","70,26,228.59",538
SETFNIFBK,EQ,2020-12-24,297.92,297.92,303.98,297.92,302.65,302.86,302.39,"31,970","96,67,306.46",640
SETFNIFBK,EQ,2020-12-28,302.86,308.5,308.98,304.2,308.98,308.25,308.1,"5,35,026","16,48,40,803.45",766
SETFNIFBK,EQ,2020-12-29,308.25,310.0,312.07,309.21,311.6,311.6,311.28,"51,906","1,61,57,055.68",746
SETFNIFBK,EQ,2020-12-30,311.6,312.79,313.93,308.5,311.25,311.39,310.04,"2,93,109","9,08,75,203.11",784
SETFNIFBK,EQ,2020-12-31,311.39,309.83,312.33,309.11,311.0,311.05,311.23,"70,312","2,18,83,156.79",538
SETFNIFBK,EQ,2021-01-01,311.05,313.05,313.05,310.7,311.46,310.87,311.79,"80,308","2,50,39,375.29",550
SETFNIFBK,EQ,2021-01-04,310.87,310.0,314.39,308.95,311.55,311.75,311.55,"41,406","1,29,00,028.07",826
SETFNIFBK,EQ,2021-01-05,311.75,311.75,316.0,308.17,315.4,315.58,312.09,"1,74,899","5,45,85,032.08",951
SETFNIFBK,EQ,2021-01-06,315.58,315.0,318.5,314.59,316.24,316.8,316.63,"64,190","2,03,24,719.44",873
SETFNIFBK,EQ,2021-01-07,316.8,316.0,320.5,316.0,318.0,318.05,318.95,"43,461","1,38,61,771.90",733
SETFNIFBK,EQ,2021-01-08,318.05,320.44,320.53,318.22,319.35,318.82,319.66,"44,953","1,43,69,815.16",764
SETFNIFBK,EQ,2021-01-11,318.82,318.82,320.37,317.0,319.15,318.49,318.35,"46,500","1,48,03,328.23","1,045"
SETFNIFBK,EQ,2021-01-12,318.49,318.35,322.0,316.0,322.0,321.81,320.07,"69,363","2,22,01,190.42",916
SETFNIFBK,EQ,2021-01-13,321.81,322.81,325.51,320.59,325.0,324.87,323.38,"98,505","3,18,54,382.18","1,183"
SETFNIFBK,EQ,2021-01-14,324.87,325.0,325.71,323.28,324.6,324.0,324.17,"21,539","69,82,294.76",602
SETFNIFBK,EQ,2021-01-15,324.0,324.0,324.0,319.03,320.6,320.83,320.89,"89,220","2,86,29,610.84",955
SETFNIFBK,EQ,2021-01-18,320.83,320.83,323.0,315.45,316.03,316.21,318.91,"32,515","1,03,69,370.11","1,065"
SETFNIFBK,EQ,2021-01-19,316.21,317.98,323.65,317.69,322.84,322.54,320.73,"21,179","67,92,781.01",593
SETFNIFBK,EQ,2021-01-20,322.54,321.38,324.46,321.38,323.2,323.17,323.51,"52,116","1,68,60,256.60",912
SETFNIFBK,EQ,2021-01-21,323.17,325.0,326.9,318.82,320.7,320.84,323.95,"53,069","1,71,91,652.93",849
SETFNIFBK,EQ,2021-01-22,320.84,340.0,340.0,310.0,311.0,310.77,312.57,"1,22,094","3,81,63,480.60","2,245"
SETFNIFBK,EQ,2021-01-25,310.77,313.99,315.39,308.96,312.5,311.04,312.32,"40,810","1,27,45,754.46","1,018"
SETFNIFBK,EQ,2021-01-27,311.04,309.61,311.82,301.5,303.35,302.59,305.4,"55,837","1,70,52,426.18","2,019"
SETFNIFBK,EQ,2021-01-28,302.59,295.0,304.07,295.0,303.53,302.65,299.58,"80,947","2,42,50,207.92","1,862"
SETFNIFBK,EQ,2021-01-29,302.65,304.48,310.13,302.1,304.5,305.04,305.77,"20,852","63,75,940.23",893
SETFNIFBK,EQ,2021-02-01,305.04,314.0,332.42,307.6,330.32,329.08,318.21,"1,88,887","6,01,05,974.73","2,085"
SETFNIFBK,EQ,2021-02-02,329.08,329.08,344.5,329.08,341.99,340.5,338.83,"1,56,833","5,31,39,892.48","1,838"
SETFNIFBK,EQ,2021-02-03,340.5,341.0,347.0,338.14,345.97,345.67,343.92,"1,56,222","5,37,27,125.02","1,611"
SETFNIFBK,EQ,2021-02-04,345.67,346.0,352.0,340.51,351.3,351.24,348.15,"66,673","2,32,12,088.08","1,474"
SETFNIFBK,EQ,2021-02-05,351.24,360.0,364.88,330.2,355.85,354.72,357.89,"79,920","2,86,02,833.45","1,721"
SETFNIFBK,EQ,2021-02-08,354.72,357.22,364.35,356.68,359.29,358.21,359.8,"43,183","1,55,37,356.58","1,454"
SETFNIFBK,EQ,2021-02-09,358.21,360.0,362.92,355.0,358.3,358.82,359.6,"35,165","1,26,45,233.58","1,159"
SETFNIFBK,EQ,2021-02-10,358.82,358.54,362.06,354.01,358.1,356.96,356.55,"34,230","1,22,04,664.25","1,039"
SETFNIFBK,EQ,2021-02-11,356.96,356.0,358.8,350.0,357.83,356.72,356.5,"26,679","95,10,983.35",662
SETFNIFBK,EQ,2021-02-12,356.72,361.8,361.8,356.0,358.7,359.34,359.13,"29,306","1,05,24,694.82",579
SETFNIFBK,EQ,2021-02-15,359.34,380.9,380.9,359.34,372.95,371.68,367.65,"44,575","1,63,87,795.22",835
SETFNIFBK,EQ,2021-02-16,371.68,377.72,377.72,366.0,370.9,370.1,370.46,"56,922","2,10,87,072.40","1,548"
SETFNIFBK,EQ,2021-02-17,370.1,370.0,371.76,366.47,367.9,367.26,368.66,"37,811","1,39,39,518.06",851
SETFNIFBK,EQ,2021-02-18,367.26,368.0,368.93,362.8,365.66,365.22,364.89,"31,051","1,13,30,055.20",996
SETFNIFBK,EQ,2021-02-19,365.22,364.8,365.55,355.67,358.59,357.48,359.13,"81,814","2,93,82,003.20","1,752"
SETFNIFBK,EQ,2021-02-22,357.48,378.9,378.9,347.54,351.69,352.51,352.89,"57,706","2,03,63,712.30","1,821"
SETFNIFBK,EQ,2021-02-23,352.51,352.79,355.6,349.5,351.17,350.89,352.39,"42,112","1,48,39,895.82","1,051"
SETFNIFBK,EQ,2021-02-24,350.89,367.4,367.4,350.09,363.34,363.45,363.19,"4,31,110","15,65,75,999.96",727
SETFNIFBK,EQ,2021-02-25,363.45,365.0,370.8,364.14,365.15,364.94,367.74,"39,021","1,43,49,405.54",995
SETFNIFBK,EQ,2021-02-26,364.94,386.8,386.8,346.0,349.0,347.24,350.31,"2,75,036","9,63,47,438.83","3,356"
SETFNIFBK,EQ,2021-03-01,347.24,354.8,354.81,349.11,352.66,352.18,352.47,"28,638","1,00,94,146.28","1,018"
SETFNIFBK,EQ,2021-03-02,352.18,355.0,355.96,349.21,353.35,353.35,352.45,"28,054","98,87,760.85",855
SETFNIFBK,EQ,2021-03-03,353.35,356.9,363.0,355.02,362.0,362.22,359.77,"61,754","2,22,16,991.16","1,148"
SETFNIFBK,EQ,2021-03-04,362.22,359.0,361.89,354.35,357.82,357.54,357.36,"52,633","1,88,08,864.22","1,058"
SETFNIFBK,EQ,2021-03-05,357.54,360.0,360.0,348.35,352.88,352.17,351.73,"37,893","1,33,28,139.39","1,475"
SETFNIFBK,EQ,2021-03-08,352.17,383.9,383.9,350.0,352.8,351.71,353.12,"36,735","1,29,71,869.24",766
SETFNIFBK,EQ,2021-03-09,351.71,354.95,358.99,354.0,357.9,356.79,356.48,"36,081","1,28,62,256.15",730
SETFNIFBK,EQ,2021-03-10,356.79,359.26,360.0,356.67,357.25,357.39,357.59,"15,565","55,65,922.91",490
SETFNIFBK,EQ,2021-03-12,357.39,360.0,363.0,350.8,354.4,353.42,355.95,"70,451","2,50,77,056.18","1,220"
SETFNIFBK,EQ,2021-03-15,353.42,360.0,360.0,343.88,351.0,350.4,347.07,"68,783","2,38,72,397.92","2,040"
SETFNIFBK,EQ,2021-03-16,350.4,354.0,355.0,347.11,348.66,347.63,348.74,"46,409","1,61,84,536.71",860
SETFNIFBK,EQ,2021-03-17,347.63,347.63,350.0,341.05,341.92,341.54,343.11,"46,821","1,60,64,967.88","1,115"
SETFNIFBK,EQ,2021-03-18,341.54,342.05,347.0,334.31,338.7,337.94,343.59,"4,46,835","15,35,27,773.82","1,493"
SETFNIFBK,EQ,2021-03-19,337.94,337.9,342.32,333.11,340.0,340.36,337.38,"68,982","2,32,73,472.78","1,823"
SETFNIFBK,EQ,2021-03-22,340.36,338.0,341.0,319.9,336.38,335.82,335.94,"43,007","1,44,47,965.16","1,261"
SETFNIFBK,EQ,2021-03-23,335.82,335.82,342.12,335.52,340.32,340.92,339.0,"33,119","1,12,27,380.87",823
SETFNIFBK,EQ,2021-03-24,340.92,330.7,340.0,330.7,333.45,332.51,333.93,"77,524","2,58,87,435.26","1,585"
SETFNIFBK,EQ,2021-03-25,332.51,338.0,338.0,324.12,330.0,329.78,328.01,"91,584","3,00,40,254.51","1,997"
SETFNIFBK,EQ,2021-03-26,329.78,333.78,335.8,330.94,333.95,333.06,333.0,"38,033","1,26,65,105.59","1,082"
SETFNIFBK,EQ,2021-03-30,333.06,336.0,339.0,334.23,337.85,337.33,337.17,"27,840","93,86,950.82",760
SETFNIFBK,EQ,2021-03-31,337.33,337.0,337.25,331.0,333.05,332.77,333.16,"17,616","58,68,997.22",588
SETFNIFBK,EQ,2021-04-01,332.77,336.0,338.46,331.99,337.89,337.44,335.59,"23,323","78,27,013.47",397
SETFNIFBK,EQ,2021-04-05,337.44,338.0,339.9,307.1,326.84,326.54,327.0,"1,70,159","5,56,41,296.90","2,409"
SETFNIFBK,EQ,2021-04-06,326.54,328.95,330.0,323.0,324.84,324.35,327.57,"85,770","2,80,95,452.54","1,339"
SETFNIFBK,EQ,2021-04-07,324.35,324.0,330.62,321.0,328.84,329.3,327.57,"1,12,129","3,67,30,434.05",949
SETFNIFBK,EQ,2021-04-08,329.3,331.0,332.0,326.52,327.43,327.09,329.98,"79,166","2,61,22,809.46",773
SETFNIFBK,EQ,2021-04-09,327.09,327.95,328.98,323.1,326.09,325.39,326.31,"2,97,714","9,71,46,861.03","5,646"
SETFNIFBK,EQ,2021-04-12,325.39,323.8,323.8,308.0,313.99,309.44,309.85,"6,09,806","18,89,48,688.82","3,889"
SETFNIFBK,EQ,2021-04-13,309.44,310.0,318.13,307.19,316.26,316.7,312.29,"82,115","2,56,43,634.61","1,447"
SETFNIFBK,EQ,2021-04-15,316.7,315.2,320.69,313.66,320.6,320.33,316.86,"79,590","2,52,18,512.83","1,296"
SETFNIFBK,EQ,2021-04-16,320.33,320.33,322.86,318.72,319.11,319.3,320.31,"55,772","1,78,64,186.00",753
SETFNIFBK,EQ,2021-04-19,319.3,319.9,319.9,303.6,311.36,311.2,308.5,"3,29,811","10,17,47,035.14","3,031"
SETFNIFBK,EQ,2021-04-20,311.2,312.0,316.25,308.39,310.49,310.18,313.27,"48,600","1,52,24,771.84","1,047"
SETFNIFBK,EQ,2021-04-22,310.18,310.18,316.98,304.68,316.13,316.44,312.42,"93,396","2,91,78,952.32","1,073"
SETFNIFBK,EQ,2021-04-23,316.44,316.0,319.73,312.62,315.0,315.61,316.23,"1,03,565","3,27,50,508.08","1,309"
SETFNIFBK,EQ,2021-04-26,315.61,318.0,324.19,318.0,320.89,321.07,322.18,"54,619","1,75,96,941.45","1,116"
SETFNIFBK,EQ,2021-04-27,321.07,321.0,326.24,320.5,325.58,325.75,324.14,"38,133","1,23,60,602.95",655
SETFNIFBK,EQ,2021-04-28,325.75,326.0,336.0,326.0,335.0,335.37,332.37,"93,299","3,10,09,442.53","1,254"
SETFNIFBK,EQ,2021-04-29,335.37,337.0,341.95,331.41,334.7,335.04,336.0,"84,445","2,83,73,914.71","1,296"
SETFNIFBK,EQ,2021-04-30,335.04,335.0,335.0,324.63,325.35,326.08,328.41,"57,628","1,89,25,814.40","1,432"
SETFNIFBK,EQ,2021-05-03,326.08,324.25,324.8,317.68,323.88,323.61,320.9,"64,692","2,07,59,791.28","1,753"
SETFNIFBK,EQ,2021-05-04,323.61,324.0,328.95,320.73,321.56,321.73,325.02,"57,838","1,87,98,224.39",958
SETFNIFBK,EQ,2021-05-05,321.73,323.0,327.49,319.95,327.49,326.53,324.6,"51,966","1,68,67,986.72",851
SETFNIFBK,EQ,2021-05-06,326.53,326.49,328.4,324.1,327.29,326.42,326.02,"17,718","57,76,486.44",617
SETFNIFBK,EQ,2021-05-07,326.42,329.0,330.71,325.95,327.45,327.3,328.47,"37,525","1,23,25,843.92",754
SETFNIFBK,EQ,2021-05-10,327.3,329.0,331.14,328.55,330.43,329.58,330.11,"36,658","1,21,01,085.53",790
SETFNIFBK,EQ,2021-05-11,329.58,327.0,329.2,324.21,326.16,326.52,326.48,"31,912","1,04,18,689.85",800
SETFNIFBK,EQ,2021-05-12,326.52,326.0,326.0,322.0,322.89,322.69,323.65,"47,545","1,53,87,758.36","1,026"
SETFNIFBK,EQ,2021-05-14,322.69,325.0,325.0,319.9,320.39,320.38,321.38,"44,534","1,43,12,482.51",960
SETFNIFBK,EQ,2021-05-17,320.38,323.0,333.1,321.45,332.98,332.6,328.73,"57,796","1,89,99,387.85",795
SETFNIFBK,EQ,2021-05-18,332.6,333.0,339.3,333.0,337.37,337.42,337.7,"83,998","2,83,65,734.57","1,029"
SETFNIFBK,EQ,2021-05-19,337.42,336.0,338.0,334.7,335.6,335.26,335.88,"26,888","90,31,078.57",708
SETFNIFBK,EQ,2021-05-20,335.26,335.26,336.4,331.84,332.63,332.1,333.75,"21,249","70,91,945.98",573
SETFNIFBK,EQ,2021-05-21,332.1,334.0,346.0,334.0,345.4,344.12,340.25,"87,252","2,96,87,216.41","1,185"
SETFNIFBK,EQ,2021-05-24,344.12,345.0,351.05,342.7,347.0,347.52,347.41,"1,29,796","4,50,92,977.73","1,382"
SETFNIFBK,EQ,2021-05-25,347.52,350.0,352.24,343.08,346.2,345.77,345.51,"61,028","2,10,85,790.79",918
SETFNIFBK,EQ,2021-05-26,345.77,346.0,347.84,343.6,345.93,345.92,346.35,"22,041","76,33,853.94",578
SETFNIFBK,EQ,2021-05-27,345.92,345.92,350.91,344.35,350.16,350.03,348.11,"52,085","1,81,31,285.57",733
SETFNIFBK,EQ,2021-05-28,350.03,351.0,353.0,348.88,351.05,350.29,350.95,"41,555","1,45,83,556.00",878
SETFNIFBK,EQ,2021-05-31,350.29,350.19,353.97,348.2,352.88,353.3,351.77,"44,667","1,57,12,707.96",790
SETFNIFBK,EQ,2021-06-01,353.3,352.8,355.0,351.0,352.3,352.16,353.03,"46,733","1,64,98,042.70",704
SETFNIFBK,EQ,2021-06-02,352.16,352.0,353.24,349.25,352.9,352.68,350.97,"23,614","82,87,804.75",620
SETFNIFBK,EQ,2021-06-03,352.68,353.0,355.68,353.0,355.01,355.03,354.69,"56,476","2,00,31,452.42",621
SETFNIFBK,EQ,2021-06-04,355.03,355.0,356.82,351.1,352.8,352.7,353.88,"58,359","2,06,52,146.74",900
SETFNIFBK,EQ,2021-06-07,352.7,354.0,355.12,352.05,353.0,352.99,353.14,"54,914","1,93,92,164.44",767
SETFNIFBK,EQ,2021-06-08,352.99,352.55,353.78,348.4,349.33,349.38,349.68,"31,331","1,09,55,675.89",992
SETFNIFBK,EQ,2021-06-09,349.38,352.0,352.11,344.86,348.0,346.7,348.1,"47,168","1,64,19,317.40","1,065"
SETFNIFBK,EQ,2021-06-10,346.7,350.0,350.0,345.85,350.0,349.65,347.73,"59,449","2,06,71,917.86",638
SETFNIFBK,EQ,2021-06-11,349.65,349.0,353.24,345.0,348.7,349.08,349.38,"25,759","89,99,670.15",569
SETFNIFBK,EQ,2021-06-14,349.08,350.0,350.0,342.19,347.54,347.76,345.66,"48,798","1,68,67,622.03","1,230"
SETFNIFBK,EQ,2021-06-15,347.76,347.76,351.42,347.76,350.34,350.56,350.41,"22,121","77,51,446.60",549
SETFNIFBK,EQ,2021-06-16,350.56,351.0,352.0,347.95,348.31,348.29,349.37,"14,857","51,90,592.51",656
SETFNIFBK,EQ,2021-06-17,348.29,348.0,348.0,342.9,343.75,344.54,344.4,"58,045","1,99,90,988.16",880
SETFNIFBK,EQ,2021-06-18,344.54,345.53,346.0,337.95,345.56,344.41,341.49,"1,22,048","4,16,77,794.92","1,359"
SETFNIFBK,EQ,2021-06-21,344.41,342.9,347.86,338.1,347.86,347.12,342.85,"69,847","2,39,47,089.58",986
SETFNIFBK,EQ,2021-06-22,347.12,350.0,351.23,345.51,345.9,346.08,348.98,"72,899","2,54,40,076.09",876
SETFNIFBK,EQ,2021-06-23,346.08,349.0,349.11,344.5,345.42,344.98,346.44,"19,602","67,90,891.32",488
SETFNIFBK,EQ,2021-06-24,344.98,346.0,348.54,345.56,347.97,347.44,347.88,"33,763","1,17,45,395.42",338
SETFNIFBK,EQ,2021-06-25,347.44,352.0,354.0,347.48,351.83,351.95,351.61,"4,06,997","14,31,03,248.23",953
SETFNIFBK,EQ,2021-06-28,351.95,353.03,354.21,351.0,352.26,351.99,352.05,"1,37,209","4,83,04,862.25",701
SETFNIFBK,EQ,2021-06-29,351.99,351.0,352.0,348.99,350.06,349.93,350.05,"43,953","1,53,85,683.35",808
SETFNIFBK,EQ,2021-06-30,349.93,349.97,351.81,347.04,347.75,347.56,348.99,"22,192","77,44,716.62",673
SETFNIFBK,EQ,2021-07-01,347.56,348.32,349.0,346.5,346.66,346.76,348.18,"19,183","66,79,195.47",374
SETFNIFBK,EQ,2021-07-02,346.76,346.0,348.6,346.0,348.6,347.77,347.24,"10,480","36,39,126.59",342
SETFNIFBK,EQ,2021-07-05,347.77,349.85,352.5,343.0,352.0,351.95,351.63,"82,764","2,91,02,506.27",563
SETFNIFBK,EQ,2021-07-06,351.95,354.0,356.5,351.52,353.9,354.64,354.44,"52,559","1,86,28,913.73",964
SETFNIFBK,EQ,2021-07-07,354.64,354.64,357.0,352.62,356.66,356.47,355.94,"65,694","2,33,83,293.33",581
SETFNIFBK,EQ,2021-07-08,356.47,356.99,356.99,351.0,352.9,352.87,352.94,"87,760","3,09,74,347.77",840
SETFNIFBK,EQ,2021-07-09,352.87,352.0,352.0,348.43,350.6,350.86,350.26,"3,26,517","11,43,66,386.76",859
SETFNIFBK,EQ,2021-07-12,350.86,351.0,353.44,350.0,351.2,351.11,351.79,"27,924","98,23,252.14",478
SETFNIFBK,EQ,2021-07-13,351.11,353.0,356.03,352.32,355.4,355.55,354.92,"26,942","95,62,209.02",507
SETFNIFBK,EQ,2021-07-14,355.55,355.0,356.8,353.5,356.6,356.46,356.0,"1,75,491","6,24,74,266.36",420
SETFNIFBK,EQ,2021-07-15,356.46,356.0,359.84,355.06,358.24,359.0,359.14,"5,34,384","19,19,21,335.34","1,179"
SETFNIFBK,EQ,2021-07-16,359.0,358.0,358.66,356.3,357.01,357.4,357.85,"3,31,586","11,86,59,215.29",686
SETFNIFBK,EQ,2021-07-19,357.4,357.0,357.0,349.25,350.8,350.43,350.96,"3,19,137","11,20,04,463.70","1,489"
SETFNIFBK,EQ,2021-07-20,350.43,351.0,351.0,343.58,344.32,344.32,345.48,"3,79,968","13,12,70,592.60","1,782"
SETFNIFBK,EQ,2021-07-22,344.32,345.0,350.0,345.0,347.0,346.53,347.81,"24,504","85,22,821.83",756
SETFNIFBK,EQ,2021-07-23,346.53,347.0,349.84,343.85,349.36,349.4,347.51,"24,890","86,49,404.71",647
SETFNIFBK,EQ,2021-07-26,349.4,349.4,350.0,346.45,348.74,348.55,347.81,"28,996","1,00,85,211.05",638
SETFNIFBK,EQ,2021-07-27,348.55,349.0,350.95,346.38,348.0,347.47,349.04,"87,199","3,04,36,247.53",707
SETFNIFBK,EQ,2021-07-28,347.47,347.47,349.9,341.32,345.25,345.09,343.41,"2,14,833","7,37,76,805.99","1,295"
SETFNIFBK,EQ,2021-07-29,345.09,345.09,347.64,345.09,347.36,346.79,346.16,"3,34,121","11,56,58,157.08",601
SETFNIFBK,EQ,2021-07-30,346.79,345.0,347.45,342.5,345.86,345.24,345.19,"14,348","49,52,802.20",538
SETFNIFBK,EQ,2021-08-02,345.24,346.95,347.96,345.24,346.3,346.38,346.88,"43,423","1,50,62,762.97",729
SETFNIFBK,EQ,2021-08-03,346.38,346.3,351.49,346.3,351.28,351.14,349.17,"28,658","1,00,06,452.54",530
SETFNIFBK,EQ,2021-08-04,351.14,351.14,360.99,351.14,358.69,358.92,357.13,"78,884","2,81,71,847.32","1,325"
SETFNIFBK,EQ,2021-08-05,358.92,358.0,361.0,356.0,357.77,357.7,357.9,"29,402","1,05,22,890.65",693
SETFNIFBK,EQ,2021-08-06,357.7,360.0,360.0,356.93,358.9,358.27,358.69,"28,920","1,03,73,212.89",565
SETFNIFBK,EQ,2021-08-09,358.27,358.0,361.23,336.8,359.23,359.45,359.3,"1,16,318","4,17,92,825.21",877
SETFNIFBK,EQ,2021-08-10,359.45,360.0,361.81,358.16,359.68,359.49,360.57,"37,040","1,33,55,353.20",588
SETFNIFBK,EQ,2021-08-11,359.49,359.49,360.9,355.25,358.48,357.46,356.14,"84,095","2,99,49,554.61",911
SETFNIFBK,EQ,2021-08-12,357.46,358.0,360.0,357.0,360.0,359.43,358.13,"1,93,910","6,94,45,142.42",439
SETFNIFBK,EQ,2021-08-13,359.43,359.43,362.0,358.59,360.82,361.39,361.18,"2,27,107","8,20,26,703.56",565
SETFNIFBK,EQ,2021-08-16,361.39,362.4,362.4,359.61,360.19,360.11,360.48,"19,825","71,46,431.52",461
SETFNIFBK,EQ,2021-08-17,360.11,360.6,361.0,356.66,358.8,358.56,358.16,"1,53,340","5,49,20,186.69","2,657"
SETFNIFBK,EQ,2021-08-18,358.56,359.0,360.85,354.5,354.75,356.53,356.21,"1,44,388","5,14,33,116.48",723
SETFNIFBK,EQ,2021-08-20,356.53,356.53,356.53,349.65,350.0,350.48,350.77,"1,32,297","4,64,05,585.06","1,225"
SETFNIFBK,EQ,2021-08-23,350.48,352.0,353.0,348.0,351.0,352.08,351.59,"1,79,637","6,31,59,344.15",757
SETFNIFBK,EQ,2021-08-24,352.08,353.0,357.74,348.3,356.01,357.03,355.68,"27,303","97,11,176.97",544
SETFNIFBK,EQ,2021-08-25,357.03,356.0,358.16,355.0,355.3,355.57,356.19,"15,025","53,51,829.82",448
SETFNIFBK,EQ,2021-08-26,355.57,355.0,357.27,354.0,355.91,355.88,355.91,"25,598","91,10,578.62",347
SETFNIFBK,EQ,2021-08-27,355.88,355.27,357.4,353.8,357.25,357.05,356.56,"28,432","1,01,37,586.46",447
SETFNIFBK,EQ,2021-08-30,357.05,357.0,363.96,357.0,363.66,363.54,361.69,"53,512","1,93,54,637.82",797
SETFNIFBK,EQ,2021-08-31,363.54,365.0,370.68,356.27,364.06,364.8,364.57,"2,30,639","8,40,83,630.55",847
SETFNIFBK,EQ,2021-09-01,364.8,365.0,369.39,364.8,365.67,366.08,367.35,"1,09,027","4,00,51,577.93",863
SETFNIFBK,EQ,2021-09-02,366.08,368.0,370.0,365.19,368.95,368.31,366.09,"2,03,025","7,43,25,931.39",692
SETFNIFBK,EQ,2021-09-03,368.31,369.0,371.0,365.95,368.22,368.19,367.64,"84,424","3,10,37,477.38",666
SETFNIFBK,EQ,2021-09-06,368.19,370.0,371.1,366.0,366.34,366.41,367.07,"26,299","96,53,502.65",740
SETFNIFBK,EQ,2021-09-07,366.41,367.87,367.87,361.05,364.5,364.77,363.44,"1,96,603","7,14,54,272.15","1,031"
SETFNIFBK,EQ,2021-09-08,364.77,365.0,368.19,363.87,368.0,367.41,366.73,"2,55,608","9,37,38,455.08",698
SETFNIFBK,EQ,2021-09-09,367.41,367.0,370.0,365.1,365.63,365.63,365.97,"17,083","62,51,934.33",466
SETFNIFBK,EQ,2021-09-13,365.63,365.63,367.0,362.9,364.13,364.31,365.16,"1,87,189","6,83,53,332.57",995
SETFNIFBK,EQ,2021-09-14,364.31,365.0,366.99,364.66,365.15,365.42,365.87,"45,463","1,66,33,582.41",411
SETFNIFBK,EQ,2021-09-15,365.42,365.42,369.66,364.52,368.01,368.87,366.79,"1,38,706","5,08,76,588.20",561
SETFNIFBK,EQ,2021-09-16,368.87,366.0,377.04,366.0,376.73,376.17,371.99,"4,44,736","16,54,35,144.60","1,199"
SETFNIFBK,EQ,2021-09-17,376.17,376.17,383.18,373.0,377.68,376.77,377.17,"73,526","2,77,32,057.30","1,130"
SETFNIFBK,EQ,2021-09-20,376.77,376.0,376.99,370.45,370.82,371.43,375.71,"6,13,498","23,04,97,780.93","2,539"
SETFNIFBK,EQ,2021-09-21,371.43,372.0,373.08,365.78,373.04,372.27,370.55,"1,93,068","7,15,42,270.47","1,011"
SETFNIFBK,EQ,2021-09-22,372.27,373.0,374.98,368.31,369.5,369.42,370.39,"27,802","1,02,97,644.93",594
SETFNIFBK,EQ,2021-09-23,369.42,371.0,377.4,371.0,377.15,376.53,376.26,"1,67,364","6,29,71,720.56",868
SETFNIFBK,EQ,2021-09-24,376.53,376.0,380.0,375.99,376.75,377.14,378.42,"1,64,878","6,23,93,028.85",824
SETFNIFBK,EQ,2021-09-27,377.14,379.0,382.56,377.14,381.0,380.86,381.12,"50,913","1,94,03,736.80",872
SETFNIFBK,EQ,2021-09-28,380.86,380.0,382.0,373.51,378.83,379.11,376.93,"1,81,268","6,83,24,827.08","7,291"
SETFNIFBK,EQ,2021-09-29,379.11,378.0,379.52,373.3,377.75,377.82,375.77,"1,61,978","6,08,65,863.49",713
SETFNIFBK,EQ,2021-09-30,377.82,376.0,378.69,374.01,374.6,374.5,374.65,"1,46,335","5,48,24,810.85",486
SETFNIFBK,EQ,2021-10-01,374.5,373.0,374.99,369.38,372.55,372.06,371.08,"23,548","87,38,098.05",718
SETFNIFBK,EQ,2021-10-04,372.06,374.0,376.88,370.31,376.45,375.85,375.71,"27,583","1,03,63,123.91",500
SETFNIFBK,EQ,2021-10-05,375.85,376.0,377.76,371.0,377.06,377.44,374.75,"96,550","3,61,81,806.40",491
SETFNIFBK,EQ,2021-10-06,377.44,377.44,380.5,373.65,373.67,374.54,377.62,"31,878","1,20,37,684.06",619
SETFNIFBK,EQ,2021-10-07,374.54,377.0,378.49,375.61,377.35,376.63,377.1,"20,688","78,01,520.75",290
SETFNIFBK,EQ,2021-10-08,376.63,378.0,379.75,376.0,377.28,376.8,377.95,"14,064","53,15,502.01",392
SETFNIFBK,EQ,2021-10-11,376.8,380.0,383.6,378.0,381.47,381.61,381.35,"37,731","1,43,88,847.80",720
SETFNIFBK,EQ,2021-10-12,381.61,382.0,386.65,380.31,385.52,385.56,385.85,"1,96,088","7,56,60,612.80",831
SETFNIFBK,EQ,2021-10-13,385.56,385.0,387.25,384.1,384.89,384.95,385.33,"98,478","3,79,46,639.80",655
SETFNIFBK,EQ,2021-10-14,384.95,386.0,392.71,385.0,392.41,392.28,387.02,"8,69,850","33,66,48,756.69","1,426"
SETFNIFBK,EQ,2021-10-18,392.28,415.8,415.8,390.01,396.98,396.61,396.49,"1,34,279","5,32,40,876.57","1,057"
SETFNIFBK,EQ,2021-10-19,396.61,401.99,401.99,372.8,395.16,395.21,397.14,"41,293","1,63,99,241.57",806
SETFNIFBK,EQ,2021-10-20,395.21,393.05,397.48,390.31,395.29,395.13,394.86,"27,967","1,10,43,183.27",812
SETFNIFBK,EQ,2021-10-21,395.13,395.13,401.77,394.35,401.7,400.16,397.28,"28,732","1,14,14,593.09",744
SETFNIFBK,EQ,2021-10-22,400.16,398.0,411.93,395.21,402.9,406.37,404.92,"18,54,895","75,10,85,949.00","13,088"
SETFNIFBK,EQ,2021-10-25,406.37,406.37,416.92,405.1,411.5,410.68,412.7,"5,83,841","24,09,50,525.04","2,018"
SETFNIFBK,EQ,2021-10-26,410.68,412.0,420.0,407.76,411.55,411.33,410.72,"12,006","49,31,093.09",525
SETFNIFBK,EQ,2021-10-27,411.33,406.0,411.99,406.0,407.89,408.73,410.54,"30,116","1,23,63,798.79",508
SETFNIFBK,EQ,2021-10-28,408.73,409.0,414.0,393.67,395.94,394.56,399.38,"40,317","1,61,01,771.68","1,099"
SETFNIFBK,EQ,2021-10-29,394.56,390.0,396.95,385.0,392.87,391.52,390.55,"31,087","1,21,41,159.59",985
SETFNIFBK,EQ,2021-11-01,391.52,392.0,399.0,390.05,398.5,397.78,394.33,"16,267","64,14,592.39",633
SETFNIFBK,EQ,2021-11-02,397.78,399.0,401.35,395.95,398.7,399.01,397.99,"17,105","68,07,549.64",451
SETFNIFBK,EQ,2021-11-03,399.01,406.48,406.48,392.25,395.37,393.02,396.25,"17,919","71,00,394.58",539
SETFNIFBK,EQ,2021-11-04,393.02,395.0,399.99,393.0,394.06,394.6,394.95,"5,983","23,62,974.22",284
SETFNIFBK,EQ,2021-11-08,394.6,401.75,401.75,389.0,394.52,394.06,392.15,"13,319","52,23,084.38",663
SETFNIFBK,EQ,2021-11-09,394.06,397.99,397.99,391.75,393.74,392.78,393.24,"12,868","50,60,213.04",444
SETFNIFBK,EQ,2021-11-10,392.78,392.78,392.78,388.48,390.3,389.49,389.92,"47,043","1,83,42,992.91",736
SETFNIFBK,EQ,2021-11-11,389.49,388.02,388.02,383.14,385.51,385.64,385.4,"30,244","1,16,55,934.81","1,007"
SETFNIFBK,EQ,2021-11-12,385.64,389.1,389.1,381.73,387.0,386.79,386.58,"12,857","49,70,231.21",705
SETFNIFBK,EQ,2021-11-15,386.79,389.99,390.06,385.65,386.3,386.57,387.63,"86,103","3,33,76,511.21","1,238"
SETFNIFBK,EQ,2021-11-16,386.57,387.0,387.0,382.01,382.55,382.89,384.01,"19,217","73,79,503.87",769
SETFNIFBK,EQ,2021-11-17,382.89,382.89,384.67,379.3,380.23,380.5,381.08,"58,030","2,21,14,108.45",688
SETFNIFBK,EQ,2021-11-18,380.5,382.0,384.0,377.5,378.7,378.89,378.9,"1,89,501","7,18,02,464.56","1,104"
SETFNIFBK,EQ,2021-11-22,378.89,377.1,378.91,366.5,372.1,371.33,371.54,"57,122","2,12,23,131.13","1,661"
SETFNIFBK,EQ,2021-11-23,371.33,367.86,373.2,366.2,371.92,371.94,370.48,"29,276","1,08,46,092.34","1,291"
SETFNIFBK,EQ,2021-11-24,371.94,372.0,394.3,371.32,372.73,373.13,376.38,"1,21,338","4,56,68,837.58",819
SETFNIFBK,EQ,2021-11-25,373.13,372.0,374.73,370.51,373.5,372.95,372.38,"16,589","61,77,372.87",383
SETFNIFBK,EQ,2021-11-26,372.95,372.0,374.0,359.5,359.81,361.07,362.78,"1,05,014","3,80,96,903.18","2,409"
SETFNIFBK,EQ,2021-11-29,361.07,363.0,365.0,352.18,359.0,359.03,359.43,"3,21,920","11,57,08,263.41","1,372"
SETFNIFBK,EQ,2021-11-30,359.03,359.92,366.8,355.0,355.3,356.28,359.6,"22,742","81,77,952.84",878
SETFNIFBK,EQ,2021-12-01,356.28,358.0,364.18,358.0,363.81,363.21,361.34,"10,322","37,29,769.38",647
SETFNIFBK,EQ,2021-12-02,363.21,362.94,365.37,362.0,365.3,364.95,363.69,"15,735","57,22,706.14",569
SETFNIFBK,EQ,2021-12-03,364.95,355.01,371.99,355.01,362.37,361.95,363.24,"18,254","66,30,631.85",593
SETFNIFBK,EQ,2021-12-06,361.95,361.95,366.99,357.37,358.25,357.69,359.26,"28,161","1,01,17,178.76",860
SETFNIFBK,EQ,2021-12-07,357.69,358.8,368.0,358.8,366.21,366.26,366.12,"40,914","1,49,79,621.64",578
SETFNIFBK,EQ,2021-12-08,366.26,367.95,373.4,367.95,373.02,372.95,371.08,"16,294","60,46,422.76",540
SETFNIFBK,EQ,2021-12-09,372.95,374.0,374.0,369.15,370.85,370.89,371.98,"44,934","1,67,14,662.03",617
SETFNIFBK,EQ,2021-12-10,370.89,368.0,374.0,368.0,371.49,371.42,370.33,"19,076","70,64,395.03",556
SETFNIFBK,EQ,2021-12-13,371.42,374.0,378.0,368.67,369.75,369.17,370.14,"61,016","2,25,84,415.98","2,366"
SETFNIFBK,EQ,2021-12-14,369.17,369.0,370.33,365.73,368.97,369.1,367.91,"10,714","39,41,767.08",490
SETFNIFBK,EQ,2021-12-15,369.1,371.0,374.99,367.61,367.83,368.15,369.61,"37,856","1,39,92,002.52",530
SETFNIFBK,EQ,2021-12-16,368.15,370.0,371.21,364.04,366.71,365.08,365.54,"55,421","2,02,58,699.83","1,000"
SETFNIFBK,EQ,2021-12-17,365.08,368.0,387.0,355.69,357.15,356.29,358.41,"42,752","1,53,22,731.49","1,696"
SETFNIFBK,EQ,2021-12-20,356.29,350.0,363.18,334.9,346.07,344.62,344.21,"1,36,202","4,68,82,344.01","3,512"
SETFNIFBK,EQ,2021-12-21,344.62,346.0,351.48,343.55,346.97,346.59,348.45,"38,645","1,34,65,831.48",761
SETFNIFBK,EQ,2021-12-22,346.59,348.0,351.0,347.0,351.0,350.04,348.87,"15,014","52,37,926.29",591
SETFNIFBK,EQ,2021-12-23,350.04,359.99,359.99,350.0,350.05,350.75,351.86,"14,575","51,28,394.41",817
SETFNIFBK,EQ,2021-12-24,350.75,350.75,353.67,345.5,347.11,347.95,348.6,"1,00,227","3,49,39,367.06",879
SETFNIFBK,EQ,2021-12-27,347.95,348.95,350.74,341.5,350.6,349.61,347.03,"22,032","76,45,784.19",899
SETFNIFBK,EQ,2021-12-28,349.61,351.48,352.48,349.43,349.84,351.09,351.39,"1,23,217","4,32,97,499.37",519
SETFNIFBK,EQ,2021-12-29,351.09,353.0,372.2,348.51,349.17,349.65,351.15,"13,626","47,84,809.14",526
SETFNIFBK,EQ,2021-12-30,349.65,349.18,351.0,348.19,350.62,350.35,349.77,"14,707","51,44,105.51",474
SETFNIFBK,EQ,2021-12-31,350.35,350.35,355.47,350.35,354.0,354.85,354.02,"3,38,583","11,98,66,675.37","1,143"
SETFNIFBK,EQ,2022-01-03,354.85,354.85,364.39,352.01,363.48,363.76,358.82,"46,441","1,66,63,805.65",979
SETFNIFBK,EQ,2022-01-04,363.76,364.72,370.0,363.51,368.44,367.85,368.47,"1,45,561","5,36,34,558.80","1,226"
SETFNIFBK,EQ,2022-01-05,367.85,368.0,377.4,368.0,375.5,376.01,374.11,"59,041","2,20,87,974.37","1,042"
SETFNIFBK,EQ,2022-01-06,376.01,376.0,380.59,370.0,374.25,375.23,373.44,"42,635","1,59,21,556.96","1,000"
SETFNIFBK,EQ,2022-01-07,375.23,375.95,380.9,373.93,378.0,376.98,376.84,"2,52,970","9,53,29,121.95","1,402"
SETFNIFBK,EQ,2022-01-10,376.98,377.0,385.0,377.0,382.81,382.72,381.14,"1,42,491","5,43,08,749.24","1,128"
SETFNIFBK,EQ,2022-01-11,382.72,382.0,384.0,379.97,383.75,383.12,382.6,"22,911","87,65,675.92",721
SETFNIFBK,EQ,2022-01-12,383.12,385.0,387.49,385.0,385.64,385.88,386.24,"20,714","80,00,670.00",583
SETFNIFBK,EQ,2022-01-13,385.88,386.01,386.01,383.03,383.72,384.4,384.68,"91,837","3,53,27,867.68",629
SETFNIFBK,EQ,2022-01-14,384.4,384.0,384.31,379.66,383.0,383.73,382.79,"64,482","2,46,82,953.22",642
SETFNIFBK,EQ,2022-01-17,383.73,384.4,386.8,381.29,382.2,382.15,382.91,"14,250","54,56,415.13",497
SETFNIFBK,EQ,2022-01-18,382.15,381.0,387.8,380.4,381.8,381.57,384.17,"20,561","78,98,900.64",724
SETFNIFBK,EQ,2022-01-19,381.57,383.0,383.0,377.32,380.48,379.87,380.58,"1,17,069","4,45,54,158.55",955
SETFNIFBK,EQ,2022-01-20,379.87,379.2,381.03,376.0,378.9,378.33,378.56,"49,463","1,87,24,503.93","1,075"
SETFNIFBK,EQ,2022-01-21,378.33,380.0,380.0,371.65,376.36,374.57,374.73,"3,94,371","14,77,81,728.24","1,996"
SETFNIFBK,EQ,2022-01-24,374.57,374.77,376.52,363.01,367.94,368.71,367.28,"2,53,482","9,30,99,824.37","1,759"
SETFNIFBK,EQ,2022-01-25,368.71,368.0,378.27,363.98,378.27,377.19,374.0,"1,23,887","4,63,33,737.78","1,307"
SETFNIFBK,EQ,2022-01-27,377.19,371.15,381.5,370.01,381.5,379.33,374.17,"90,874","3,40,02,732.37","1,191"
SETFNIFBK,EQ,2022-01-28,379.33,381.0,384.46,376.0,376.65,376.94,380.08,"30,383","1,15,47,960.52",833
SETFNIFBK,EQ,2022-01-31,376.94,388.0,388.0,376.01,380.03,379.59,379.55,"19,978","75,82,627.04",607
SETFNIFBK,EQ,2022-02-01,379.59,383.47,387.41,377.39,384.5,384.38,384.48,"42,178","1,62,16,485.68","1,247"
SETFNIFBK,EQ,2022-02-02,384.38,392.28,392.91,384.38,392.7,392.08,391.38,"1,90,763","7,46,60,447.55","1,134"
SETFNIFBK,EQ,2022-02-03,392.08,399.6,399.6,388.08,388.1,389.19,392.03,"1,17,829","4,61,92,846.42",804
SETFNIFBK,EQ,2022-02-04,389.19,389.68,392.23,385.82,387.39,387.44,389.3,"1,12,179","4,36,71,806.66",942
SETFNIFBK,EQ,2022-02-07,387.44,386.0,390.1,378.15,379.71,380.03,382.56,"67,483","2,58,16,485.21","1,412"
SETFNIFBK,EQ,2022-02-08,380.03,381.0,382.0,373.27,379.52,380.14,377.31,"39,545","1,49,20,596.05",960
SETFNIFBK,EQ,2022-02-09,380.14,382.0,386.1,381.7,385.77,385.58,384.67,"20,507","78,88,476.67",481
SETFNIFBK,EQ,2022-02-10,385.58,386.0,391.5,385.0,388.53,389.75,388.82,"40,535","1,57,60,949.60",684
SETFNIFBK,EQ,2022-02-11,389.75,389.0,389.75,383.08,383.63,384.52,384.74,"33,330","1,28,23,400.58","1,122"
SETFNIFBK,EQ,2022-02-14,384.52,382.0,384.98,368.0,368.51,369.0,372.57,"1,27,756","4,75,97,443.55","1,959"
SETFNIFBK,EQ,2022-02-15,369.0,370.0,381.6,366.5,381.6,381.0,373.46,"88,303","3,29,77,428.55","1,357"
SETFNIFBK,EQ,2022-02-16,381.0,383.0,386.8,377.08,377.45,378.21,380.89,"43,457","1,65,52,407.81",663
SETFNIFBK,EQ,2022-02-17,378.21,380.0,383.0,374.05,374.25,374.68,376.84,"35,952","1,35,48,170.53",548
SETFNIFBK,EQ,2022-02-18,374.68,374.68,377.78,373.5,375.63,375.66,374.98,"18,426","69,09,436.18",476
SETFNIFBK,EQ,2022-02-21,375.66,377.0,379.5,371.36,377.39,375.98,376.65,"21,530","81,09,374.06",671
SETFNIFBK,EQ,2022-02-22,375.98,374.4,381.88,368.14,372.65,373.24,371.04,"87,859","3,25,99,088.86","1,048"
SETFNIFBK,EQ,2022-02-23,373.24,376.0,379.0,373.2,373.5,373.77,375.11,"9,318","34,95,289.62",452
SETFNIFBK,EQ,2022-02-24,373.77,370.0,372.0,350.2,359.95,354.11,358.61,"2,19,808","7,88,25,655.36","4,790"
SETFNIFBK,EQ,2022-02-25,354.11,357.0,367.0,350.23,365.72,363.79,363.73,"97,744","3,55,52,591.14","1,112"
SETFNIFBK,EQ,2022-02-28,363.79,370.5,370.5,356.0,362.6,362.03,359.15,"47,029","1,68,90,687.68","1,023"
SETFNIFBK,EQ,2022-03-02,362.03,360.3,361.8,349.35,354.8,353.45,350.99,"5,94,027","20,84,99,666.46","4,234"
SETFNIFBK,EQ,2022-03-03,353.45,356.0,357.75,346.66,350.09,348.86,350.26,"76,559","2,68,15,191.80","2,345"
SETFNIFBK,EQ,2022-03-04,348.86,346.0,352.0,340.3,349.4,344.42,345.22,"6,60,946","22,81,72,491.81","3,671"
SETFNIFBK,EQ,2022-03-07,344.42,341.88,344.0,324.5,329.7,330.05,329.18,"2,63,396","8,67,03,894.07","5,279"
SETFNIFBK,EQ,2022-03-08,330.05,334.75,367.36,316.2,331.5,331.46,329.94,"4,00,032","13,19,85,296.49","3,226"
SETFNIFBK,EQ,2022-03-09,331.46,333.0,339.0,329.38,338.75,337.51,334.27,"85,532","2,85,90,983.80","1,108"
SETFNIFBK,EQ,2022-03-10,337.51,339.0,352.65,339.0,343.1,344.04,347.99,"1,11,858","3,89,25,278.80","1,957"
SETFNIFBK,EQ,2022-03-11,344.04,344.94,347.9,340.22,345.61,344.8,344.74,"70,077","2,41,58,667.83",912
SETFNIFBK,EQ,2022-03-14,344.8,350.0,354.7,345.46,352.48,351.73,349.16,"45,682","1,59,50,516.36",907
SETFNIFBK,EQ,2022-03-15,351.73,353.0,355.0,346.0,348.59,349.01,350.0,"55,061","1,92,71,292.60","1,067"
SETFNIFBK,EQ,2022-03-16,349.01,352.0,356.99,352.0,355.86,356.38,355.69,"48,244","1,71,60,071.67",767
SETFNIFBK,EQ,2022-03-17,356.38,359.0,365.5,359.0,362.5,364.66,364.21,"4,60,639","16,77,70,536.99","19,490"
SETFNIFBK,EQ,2022-03-21,364.66,364.75,364.82,358.55,360.2,359.99,360.32,"51,547","1,85,73,309.86","1,078"
SETFNIFBK,EQ,2022-03-22,359.99,362.0,364.2,353.9,363.66,362.7,360.78,"9,77,591","35,26,96,357.41","3,052"
SETFNIFBK,EQ,2022-03-23,362.7,364.0,366.65,359.51,360.09,360.3,360.9,"2,96,325","10,69,42,708.19","1,203"
SETFNIFBK,EQ,2022-03-24,360.3,359.7,359.7,353.64,354.5,354.87,356.63,"6,12,427","21,84,11,741.38","1,953"
SETFNIFBK,EQ,2022-03-25,354.87,356.59,356.59,351.17,354.9,353.26,352.91,"2,64,387","9,33,04,621.87","1,136"
SETFNIFBK,EQ,2022-03-28,353.26,352.5,357.34,349.5,357.21,356.72,353.98,"66,678","2,36,02,861.36","1,017"
SETFNIFBK,EQ,2022-03-29,356.72,358.0,359.07,354.5,358.95,357.87,357.14,"20,591","73,53,913.09",603
SETFNIFBK,EQ,2022-03-30,357.87,359.0,362.79,359.0,362.36,361.96,361.04,"17,99,861","64,98,25,615.07","2,335"
SETFNIFBK,EQ,2022-03-31,361.96,362.0,364.95,360.87,362.1,362.17,362.89,"41,687","1,51,27,656.53",541
SETFNIFBK,EQ,2022-04-01,362.17,368.7,371.16,360.05,369.43,369.58,369.69,"2,63,991","9,75,95,403.80","1,400"
SETFNIFBK,EQ,2022-04-04,369.58,370.0,385.06,370.0,384.18,384.42,381.19,"2,01,993","7,69,98,240.19","2,204"
SETFNIFBK,EQ,2022-04-05,384.42,384.0,385.5,378.4,378.77,379.42,381.93,"97,868","3,73,79,137.74",926
SETFNIFBK,EQ,2022-04-06,379.42,379.0,379.0,374.72,375.75,375.88,375.84,"82,036","3,08,32,503.50",731
SETFNIFBK,EQ,2022-04-07,375.88,375.0,379.74,373.21,376.29,375.46,376.94,"25,639","96,64,382.00",628
SETFNIFBK,EQ,2022-04-08,375.46,378.0,379.45,374.0,377.88,377.54,376.3,"36,707","1,38,12,906.52",874
SETFNIFBK,EQ,2022-04-11,377.54,377.54,378.35,374.52,375.67,375.33,376.63,"25,188","94,86,550.01",503
SETFNIFBK,EQ,2022-04-12,375.33,379.0,379.0,372.01,376.71,376.65,374.23,"22,180","83,00,470.75",499
SETFNIFBK,EQ,2022-04-13,376.65,378.0,379.0,373.5,373.5,374.0,375.35,"27,634","1,03,72,442.61",465
SETFNIFBK,EQ,2022-04-18,374.0,373.98,373.98,364.58,367.37,367.59,367.2,"46,619","1,71,18,498.08","1,463"
SETFNIFBK,EQ,2022-04-19,367.59,368.0,370.73,358.6,358.66,362.76,365.38,"63,779","2,33,03,473.34",815
SETFNIFBK,EQ,2022-04-20,362.76,363.71,364.78,360.98,363.48,362.92,362.94,"46,298","1,68,03,415.47",656
SETFNIFBK,EQ,2022-04-21,362.92,367.0,368.42,363.65,368.4,367.64,365.22,"1,04,062","3,80,05,439.12",563
SETFNIFBK,EQ,2022-04-22,367.64,365.14,365.14,359.5,360.15,359.98,361.43,"54,861","1,98,28,267.44","1,415"
SETFNIFBK,EQ,2022-04-25,359.98,359.5,361.98,355.33,361.32,360.05,359.09,"1,71,298","6,15,11,484.09","1,051"
SETFNIFBK,EQ,2022-04-26,360.05,363.48,388.73,362.25,364.63,363.3,368.37,"1,13,725","4,18,92,853.85","1,174"
SETFNIFBK,EQ,2022-04-27,363.3,363.3,363.3,357.1,360.5,360.51,359.41,"89,091","3,20,20,271.86",736
SETFNIFBK,EQ,2022-04-28,360.51,360.75,364.5,359.54,364.0,363.74,362.3,"17,409","63,07,295.69",461
SETFNIFBK,EQ,2022-04-29,363.74,365.0,366.68,359.7,360.3,360.49,362.64,"34,115","1,23,71,424.52",591
SETFNIFBK,EQ,2022-05-02,360.49,356.0,361.5,356.0,361.1,360.79,360.11,"2,71,770","9,78,66,092.32","1,104"
SETFNIFBK,EQ,2022-05-04,360.79,362.0,363.89,351.0,353.35,352.36,356.23,"64,769","2,30,72,591.27","1,407"
SETFNIFBK,EQ,2022-05-05,352.36,355.0,359.9,350.44,351.0,351.31,356.74,"4,66,284","16,63,41,445.58","1,413"
SETFNIFBK,EQ,2022-05-06,351.31,351.5,351.5,343.13,346.0,346.04,344.91,"3,00,396","10,36,09,474.40","3,576"
SETFNIFBK,EQ,2022-05-09,346.04,344.8,344.9,339.2,343.01,342.61,341.66,"62,357","2,13,05,140.26","1,383"
SETFNIFBK,EQ,2022-05-10,342.61,344.0,350.0,342.22,343.2,344.1,344.25,"26,552","91,40,402.78",636
SETFNIFBK,EQ,2022-05-11,344.1,344.0,348.5,341.1,346.0,345.32,343.94,"26,016","89,48,011.96",793
SETFNIFBK,EQ,2022-05-12,345.32,343.98,343.98,333.1,337.0,335.33,334.98,"4,82,106","16,14,94,945.80","2,328"
SETFNIFBK,EQ,2022-05-13,335.33,337.0,344.15,330.75,331.78,332.0,335.97,"44,152","1,48,33,830.76","1,092"
SETFNIFBK,EQ,2022-05-16,332.0,335.0,338.18,330.7,336.44,336.06,335.93,"26,229","88,11,128.77",715
SETFNIFBK,EQ,2022-05-17,336.06,337.72,343.2,336.75,342.82,342.64,339.89,"26,685","90,69,952.12",531
SETFNIFBK,EQ,2022-05-18,342.64,344.0,346.1,340.76,341.45,341.02,343.37,"90,489","3,10,70,828.65",691
SETFNIFBK,EQ,2022-05-19,341.02,338.0,338.0,331.65,333.2,332.88,334.24,"2,18,639","7,30,77,665.13","1,361"
SETFNIFBK,EQ,2022-05-20,332.88,335.5,343.19,335.5,342.37,342.13,340.29,"24,342","82,83,337.34",555
SETFNIFBK,EQ,2022-05-23,342.13,342.99,347.75,339.22,339.24,341.61,343.7,"7,40,314","25,44,44,267.99","5,048"
SETFNIFBK,EQ,2022-05-24,341.61,345.0,345.9,340.93,342.16,342.62,342.68,"8,36,277","28,65,77,270.69","1,286"
SETFNIFBK,EQ,2022-05-25,342.62,342.0,347.27,342.0,343.71,343.67,345.02,"5,33,873","18,41,95,884.74","1,603"
SETFNIFBK,EQ,2022-05-26,343.67,344.0,352.53,344.0,352.22,350.93,346.65,"7,55,078","26,17,44,322.29","6,122"
SETFNIFBK,EQ,2022-05-27,350.93,352.0,356.72,352.0,356.45,355.92,355.29,"9,68,121","34,39,66,006.15","6,129"
SETFNIFBK,EQ,2022-05-30,355.92,357.0,360.98,357.0,358.8,358.59,359.86,"8,11,463","29,20,13,361.78","5,857"
SETFNIFBK,EQ,2022-05-31,358.59,359.98,359.98,353.25,353.25,354.42,357.44,"6,25,137","22,34,48,498.59",814
SETFNIFBK,EQ,2022-06-01,354.42,355.95,375.7,353.1,356.4,355.73,355.79,"6,06,972","21,59,51,665.08",754
SETFNIFBK,EQ,2022-06-02,355.73,355.78,360.0,354.0,356.75,356.21,355.37,"18,509","65,77,579.64",272
SETFNIFBK,EQ,2022-06-03,356.21,356.8,360.24,352.1,352.98,353.32,356.06,"5,19,410","18,49,41,052.67","5,757"
SETFNIFBK,EQ,2022-06-06,353.32,354.0,354.4,350.84,353.56,353.17,353.02,"6,35,945","22,44,98,794.33","6,829"
SETFNIFBK,EQ,2022-06-07,353.17,353.9,354.0,349.0,350.2,350.26,350.2,"29,150","1,02,08,361.03",468
SETFNIFBK,EQ,2022-06-08,350.26,352.0,354.9,348.76,349.44,349.5,350.98,"40,058","1,40,59,435.55",509
SETFNIFBK,EQ,2022-06-09,349.5,349.0,351.84,347.5,351.84,351.37,349.38,"18,980","66,31,160.03",356
SETFNIFBK,EQ,2022-06-10,351.37,350.5,350.5,343.7,344.4,345.05,345.2,"2,31,333","7,98,55,748.41","1,616"
SETFNIFBK,EQ,2022-06-13,345.05,345.05,345.05,333.35,336.59,336.25,334.9,"1,74,723","5,85,14,122.44","2,527"
SETFNIFBK,EQ,2022-06-14,336.25,334.0,336.88,332.55,334.58,334.52,334.56,"36,613","1,22,49,305.71",744
SETFNIFBK,EQ,2022-06-15,334.52,336.95,336.95,333.4,334.09,333.82,334.54,"27,385","91,61,354.38",469
SETFNIFBK,EQ,2022-06-16,333.82,333.82,338.0,326.05,326.91,327.0,330.12,"97,525","3,21,95,425.48","1,565"
SETFNIFBK,EQ,2022-06-17,327.0,326.98,329.51,323.09,328.5,328.08,327.24,"45,692","1,49,52,061.99","1,021"
SETFNIFBK,EQ,2022-06-20,328.08,328.0,333.5,325.0,327.8,327.49,327.11,"36,271","1,18,64,747.77",741
SETFNIFBK,EQ,2022-06-21,327.49,327.5,336.0,327.5,331.94,332.31,333.33,"50,602","1,68,67,275.70",584
SETFNIFBK,EQ,2022-06-22,332.31,331.59,331.59,327.96,328.06,328.61,328.99,"26,719","87,90,162.77",570
SETFNIFBK,EQ,2022-06-23,328.61,329.0,334.69,327.11,332.15,331.83,333.35,"1,19,253","3,97,52,695.10",609
SETFNIFBK,EQ,2022-06-24,331.83,333.0,337.5,333.0,337.0,336.7,336.38,"1,11,231","3,74,16,139.61",546
SETFNIFBK,EQ,2022-06-27,336.7,338.0,342.0,337.98,338.8,338.74,339.7,"24,707","83,92,974.34",486
SETFNIFBK,EQ,2022-06-28,338.74,338.95,341.28,335.67,337.49,336.84,336.54,"22,365","75,26,763.83",341
SETFNIFBK,EQ,2022-06-29,336.84,338.0,340.0,332.52,334.07,333.2,333.61,"18,770","62,61,904.98",335
SETFNIFBK,EQ,2022-06-30,333.2,333.0,336.69,333.0,334.0,334.44,335.05,"22,957","76,91,845.21",410
SETFNIFBK,EQ,2022-07-01,334.44,333.0,337.2,331.47,336.95,336.5,333.83,"35,975","1,20,09,403.20",657
SETFNIFBK,EQ,2022-07-04,336.5,338.75,340.5,336.22,340.2,340.16,338.8,"29,974","1,01,55,104.76",467
SETFNIFBK,EQ,2022-07-05,340.16,342.0,343.92,337.95,338.05,338.77,341.93,"30,797","1,05,30,451.53",664
SETFNIFBK,EQ,2022-07-06,338.77,339.0,344.25,339.0,344.25,343.45,342.32,"3,64,978","12,49,38,900.75","2,652"
SETFNIFBK,EQ,2022-07-07,343.45,348.0,350.0,344.0,350.0,349.58,347.76,"50,123","1,74,31,020.57",768
SETFNIFBK,EQ,2022-07-08,349.58,352.0,352.94,350.4,351.93,351.75,351.64,"69,883","2,45,73,812.90",621
SETFNIFBK,EQ,2022-07-11,351.75,352.0,356.06,351.26,354.76,355.37,354.27,"69,510","2,46,25,200.08",668
SETFNIFBK,EQ,2022-07-12,355.37,354.0,355.08,351.13,351.2,351.68,352.99,"56,622","1,99,87,153.02",522
SETFNIFBK,EQ,2022-07-13,351.68,352.0,353.98,348.83,349.6,349.58,350.91,"19,127","67,11,784.65",513
SETFNIFBK,EQ,2022-07-14,349.58,350.0,351.25,346.3,347.69,347.17,347.12,"1,99,339","6,91,94,243.68",766
SETFNIFBK,EQ,2022-07-15,347.17,348.78,349.11,345.9,348.64,348.05,347.35,"17,121","59,46,969.72",515
SETFNIFBK,EQ,2022-07-18,348.05,350.0,354.7,348.0,354.49,354.44,351.33,"35,759","1,25,63,142.03",584
SETFNIFBK,EQ,2022-07-19,354.44,354.0,358.0,352.75,358.0,357.54,355.94,"27,910","99,34,182.63",729
SETFNIFBK,EQ,2022-07-20,357.54,357.54,362.3,357.54,358.9,359.93,361.02,"60,529","2,18,52,346.22",880
SETFNIFBK,EQ,2022-07-21,359.93,360.0,363.5,359.31,362.7,362.08,362.09,"39,075","1,41,48,675.50",710
SETFNIFBK,EQ,2022-07-22,362.08,362.0,368.5,362.0,367.7,367.92,367.23,"3,56,880","13,10,56,782.57","1,132"
SETFNIFBK,EQ,2022-07-25,367.92,367.92,370.52,365.15,366.89,367.57,367.74,"46,159","1,69,74,588.85","1,172"
SETFNIFBK,EQ,2022-07-26,367.57,367.0,367.23,364.21,364.5,364.83,365.49,"18,774","68,61,725.02",786
SETFNIFBK,EQ,2022-07-27,364.83,365.0,369.75,363.0,368.73,369.55,368.71,"3,87,724","14,29,56,686.28","1,334"
SETFNIFBK,EQ,2022-07-28,369.55,370.0,376.78,369.0,374.15,374.22,373.35,"95,019","3,54,75,692.70",894
SETFNIFBK,EQ,2022-07-29,374.22,374.22,378.73,372.6,375.55,374.93,374.96,"5,09,291","19,09,64,924.73",988
SETFNIFBK,EQ,2022-08-01,374.93,376.0,379.8,370.03,379.1,379.33,377.53,"85,722","3,23,62,826.00",977
SETFNIFBK,EQ,2022-08-02,379.33,378.74,382.3,376.81,379.38,379.87,379.55,"74,912","2,84,33,187.80","1,226"
SETFNIFBK,EQ,2022-08-03,379.87,379.0,381.06,377.49,380.45,379.07,379.13,"8,24,192","31,24,77,619.17","1,098"
SETFNIFBK,EQ,2022-08-04,379.07,382.0,382.4,373.32,377.73,377.44,377.16,"94,977","3,58,21,677.33",952
SETFNIFBK,EQ,2022-08-05,377.44,380.0,381.94,378.0,379.53,379.57,380.15,"41,205","1,56,63,923.77",965
SETFNIFBK,EQ,2022-08-08,379.57,381.0,386.68,377.75,383.65,383.13,382.64,"3,25,013","12,43,63,366.29",914
SETFNIFBK,EQ,2022-08-10,383.13,383.13,385.8,382.01,383.51,383.79,383.93,"1,24,063","4,76,31,284.25",639
SETFNIFBK,EQ,2022-08-11,383.79,384.01,391.98,384.01,389.55,389.81,389.21,"71,130","2,76,84,747.53",701
SETFNIFBK,EQ,2022-08-12,389.81,393.0,393.0,388.55,391.65,391.6,389.72,"1,14,057","4,44,50,007.06",573
SETFNIFBK,EQ,2022-08-16,391.6,399.99,399.99,392.0,393.7,393.57,394.01,"1,84,189","7,25,72,482.81",840
SETFNIFBK,EQ,2022-08-17,393.57,395.0,396.32,393.26,395.4,395.9,394.62,"52,456","2,07,00,390.55",488
SETFNIFBK,EQ,2022-08-18,395.9,396.0,398.32,393.67,398.04,397.67,396.26,"43,846","1,73,74,286.85",615
SETFNIFBK,EQ,2022-08-19,397.67,399.9,399.9,389.8,390.6,390.95,392.92,"39,417","1,54,87,697.20",776
SETFNIFBK,EQ,2022-08-22,390.95,386.0,390.0,383.75,384.77,384.42,385.31,"58,988","2,27,28,841.51",908
SETFNIFBK,EQ,2022-08-23,384.42,382.0,390.1,381.47,390.1,388.9,387.7,"2,31,308","8,96,78,848.86","1,441"
SETFNIFBK,EQ,2022-08-24,388.9,385.0,392.26,385.0,392.26,391.68,389.35,"50,020","1,94,75,105.70",519
SETFNIFBK,EQ,2022-08-25,391.68,392.55,396.23,389.6,390.92,391.77,394.36,"47,397","1,86,91,343.31",632
SETFNIFBK,EQ,2022-08-26,391.77,394.35,396.0,389.88,392.0,391.28,392.23,"45,791","1,79,60,508.92",627
SETFNIFBK,EQ,2022-08-29,391.28,386.0,386.0,377.83,385.75,384.81,384.02,"29,178","1,12,05,056.32",904
SETFNIFBK,EQ,2022-08-30,384.81,386.0,397.2,386.0,396.36,396.43,392.93,"72,114","2,83,35,837.06",698
SETFNIFBK,EQ,2022-09-01,396.43,396.0,398.28,382.45,394.86,394.12,394.42,"3,97,940","15,69,54,062.78","1,835"
SETFNIFBK,EQ,2022-09-02,394.12,394.0,400.0,393.5,395.07,395.6,395.37,"76,136","3,01,01,869.65",748
SETFNIFBK,EQ,2022-09-05,395.6,396.0,399.7,395.55,398.8,399.33,398.97,"1,75,564","7,00,45,312.51",742
SETFNIFBK,EQ,2022-09-06,399.33,405.0,405.0,396.6,397.58,397.87,399.39,"52,579","2,09,99,597.53",715
SETFNIFBK,EQ,2022-09-07,397.87,396.0,399.39,393.89,396.1,395.86,395.61,"15,116","59,80,034.48",507
SETFNIFBK,EQ,2022-09-08,395.86,399.12,403.7,398.46,403.54,403.09,401.72,"45,651","1,83,38,791.38",698
SETFNIFBK,EQ,2022-09-09,403.09,403.09,407.9,403.09,405.2,405.37,406.44,"1,34,445","5,46,44,045.78",856
SETFNIFBK,EQ,2022-09-12,405.37,407.0,408.31,405.21,406.9,406.87,406.93,"5,32,930","21,68,64,450.91","1,091"
SETFNIFBK,EQ,2022-09-13,406.87,407.0,410.0,407.0,409.33,409.46,409.33,"1,82,426","7,46,73,005.65",712
SETFNIFBK,EQ,2022-09-14,409.46,406.0,417.27,404.99,415.0,415.41,411.91,"1,02,911","4,23,89,593.63","1,240"
SETFNIFBK,EQ,2022-09-15,415.41,415.99,419.67,411.73,411.73,412.72,412.92,"15,66,076","64,66,56,503.59","2,869"
SETFNIFBK,EQ,2022-09-16,412.72,412.73,412.73,406.27,409.38,408.92,411.26,"3,18,895","13,11,47,245.05","1,518"
SETFNIFBK,EQ,2022-09-19,408.92,408.92,412.9,406.27,410.59,410.04,409.36,"1,06,297","4,35,13,388.53","1,028"
SETFNIFBK,EQ,2022-09-20,410.04,411.99,417.89,411.99,414.79,415.72,416.12,"37,829","1,57,41,455.41",676
SETFNIFBK,EQ,2022-09-21,415.72,414.17,415.72,410.23,413.32,413.16,413.47,"82,920","3,42,85,225.24",767
SETFNIFBK,EQ,2022-09-22,413.16,411.01,412.93,404.84,408.6,408.02,408.68,"53,484","2,18,57,884.84","1,029"
SETFNIFBK,EQ,2022-09-23,408.02,406.29,406.54,396.33,397.17,397.75,399.24,"62,937","2,51,27,070.85","2,112"
SETFNIFBK,EQ,2022-09-26,397.75,397.96,397.96,386.5,389.15,388.75,390.34,"1,32,212","5,16,06,992.10","4,930"
SETFNIFBK,EQ,2022-09-27,388.75,390.0,392.37,384.3,387.49,386.35,387.57,"41,523","1,60,93,025.54","1,120"
SETFNIFBK,EQ,2022-09-28,386.35,386.0,386.0,378.28,379.61,379.63,382.48,"63,760","2,43,87,080.80","1,573"
SETFNIFBK,EQ,2022-09-29,379.63,381.99,385.0,376.95,379.15,378.4,379.08,"2,06,604","7,83,18,432.83","1,142"
SETFNIFBK,EQ,2022-09-30,378.4,375.99,389.49,375.99,388.77,387.94,383.09,"40,964","1,56,92,909.13","1,150"
SETFNIFBK,EQ,2022-10-03,387.94,389.99,389.99,381.5,382.0,382.31,384.44,"58,131","2,23,47,888.66","1,109"
SETFNIFBK,EQ,2022-10-04,382.31,386.0,392.86,386.0,392.69,392.56,391.61,"1,00,634","3,94,09,527.39",762
SETFNIFBK,EQ,2022-10-06,392.56,394.0,399.68,393.51,393.9,394.14,395.54,"97,304","3,84,87,177.50",939
SETFNIFBK,EQ,2022-10-07,394.14,392.29,393.6,388.81,393.6,392.81,390.31,"1,08,385","4,23,03,851.15",950
SETFNIFBK,EQ,2022-10-10,392.81,392.82,394.24,385.95,391.37,391.97,389.54,"89,745","3,49,58,986.46","1,039"
SETFNIFBK,EQ,2022-10-11,391.97,391.8,393.27,388.28,388.74,389.1,389.88,"76,972","3,00,10,156.21",619
SETFNIFBK,EQ,2022-10-12,389.1,389.1,393.06,388.18,392.41,392.64,390.99,"29,683","1,16,05,823.83",485
SETFNIFBK,EQ,2022-10-13,392.64,390.99,391.99,386.5,388.9,388.35,388.54,"25,149","97,71,330.17",756
SETFNIFBK,EQ,2022-10-14,388.35,389.99,397.21,389.99,395.47,394.71,395.34,"45,547","1,80,06,705.54",794
SETFNIFBK,EQ,2022-10-17,394.71,393.99,400.8,386.13,399.99,400.1,398.06,"27,985","1,11,39,825.28",772
SETFNIFBK,EQ,2022-10-18,400.1,402.0,405.24,402.0,404.15,404.25,403.79,"28,07,319","1,13,35,71,913.06","5,844"
SETFNIFBK,EQ,2022-10-19,404.25,404.25,410.0,402.99,404.09,404.58,405.25,"81,283","3,29,40,201.56",656
SETFNIFBK,EQ,2022-10-20,404.58,402.0,403.1,400.09,403.0,402.62,401.24,"22,719","91,15,741.75",537
SETFNIFBK,EQ,2022-10-21,402.62,406.0,411.5,403.71,408.65,408.25,408.18,"16,07,349","65,60,81,728.19","2,137"
SETFNIFBK,EQ,2022-10-24,408.25,409.99,415.16,409.99,414.84,413.31,413.35,"34,706","1,43,45,690.70",887
SETFNIFBK,EQ,2022-10-25,413.31,415.17,415.19,410.5,410.5,411.9,413.16,"14,25,207","58,88,42,107.36","3,845"
SETFNIFBK,EQ,2022-10-27,411.9,411.9,416.0,411.9,414.12,413.74,414.23,"31,404","1,30,08,446.93",805
SETFNIFBK,EQ,2022-10-28,413.74,415.99,415.99,409.37,411.5,411.09,412.41,"29,559","1,21,90,425.41",844
SETFNIFBK,EQ,2022-10-31,411.09,413.0,414.89,412.03,413.8,413.89,412.64,"4,06,158","16,75,95,089.22",683
SETFNIFBK,EQ,2022-11-01,413.89,438.69,438.69,413.02,414.0,413.9,415.39,"80,080","3,32,64,196.88","1,088"
SETFNIFBK,EQ,2022-11-02,413.9,415.99,415.99,411.8,411.8,412.46,413.66,"17,138","70,89,338.78",592
SETFNIFBK,EQ,2022-11-03,412.46,411.99,415.75,410.02,413.81,414.07,413.54,"6,77,930","28,03,54,119.57",864
SETFNIFBK,EQ,2022-11-04,414.07,415.39,416.0,412.0,414.23,413.72,413.78,"33,446","1,38,39,173.54",592
SETFNIFBK,EQ,2022-11-07,413.72,416.99,419.38,402.0,418.33,417.24,416.12,"15,57,167","64,79,66,365.85","1,632"
SETFNIFBK,EQ,2022-11-09,417.24,418.99,420.5,417.29,418.25,419.01,418.73,"2,89,955","12,14,12,313.93","1,069"
SETFNIFBK,EQ,2022-11-10,419.01,417.49,418.75,414.8,416.68,417.01,415.82,"41,011","1,70,53,006.01",715
SETFNIFBK,EQ,2022-11-11,417.01,422.11,424.42,420.5,422.74,422.35,422.39,"14,33,161","60,53,51,095.72","1,645"
SETFNIFBK,EQ,2022-11-14,422.35,422.35,423.5,421.22,422.24,422.24,422.57,"1,71,236","7,23,59,488.09",719
SETFNIFBK,EQ,2022-11-15,422.24,422.23,425.5,422.23,425.5,424.78,423.54,"22,704","96,16,117.00",513
SETFNIFBK,EQ,2022-11-16,424.78,425.99,427.61,424.3,426.17,426.43,426.21,"43,240","1,84,29,326.12",626
SETFNIFBK,EQ,2022-11-17,426.43,425.38,427.65,425.12,425.89,426.12,426.8,"63,384","2,70,52,135.90",499
SETFNIFBK,EQ,2022-11-18,426.12,427.23,427.27,424.1,426.23,425.84,425.39,"18,103","77,00,916.14",601
SETFNIFBK,EQ,2022-11-21,425.84,425.84,425.88,423.3,424.75,424.01,423.79,"7,06,167","29,92,69,255.97",790
SETFNIFBK,EQ,2022-11-22,424.01,425.23,425.8,424.5,425.8,425.56,424.9,"50,532","2,14,70,907.81",418
SETFNIFBK,EQ,2022-11-23,425.56,426.01,430.0,426.0,427.76,428.35,428.11,"28,620","1,22,52,481.24",625
SETFNIFBK,EQ,2022-11-24,428.35,428.95,433.0,428.95,433.0,431.67,430.36,"7,17,651","30,88,47,796.97","1,207"
SETFNIFBK,EQ,2022-11-25,431.67,433.0,457.6,430.68,431.43,431.54,432.25,"53,413","2,30,87,575.33",703
SETFNIFBK,EQ,2022-11-28,431.54,431.51,432.98,428.91,432.09,431.66,431.59,"20,012","86,36,904.73",630
SETFNIFBK,EQ,2022-11-29,431.66,431.82,433.9,431.82,433.76,433.44,433.48,"14,36,146","62,25,40,390.06","1,167"
SETFNIFBK,EQ,2022-11-30,433.44,433.99,435.0,430.57,435.0,433.61,431.36,"95,751","4,13,03,305.24",867
SETFNIFBK,EQ,2022-12-01,433.61,435.99,436.0,432.5,432.66,433.22,433.86,"14,19,335","61,57,96,824.97","1,117"
SETFNIFBK,EQ,2022-12-02,433.22,433.23,433.23,430.38,432.3,432.19,430.97,"1,31,381","5,66,21,760.27","1,557"
SETFNIFBK,EQ,2022-12-05,432.19,433.75,434.63,430.73,433.73,434.28,433.11,"21,717","94,05,828.93",663
SETFNIFBK,EQ,2022-12-06,434.28,431.99,434.26,431.99,433.0,433.19,433.49,"16,369","70,95,847.45",495
SETFNIFBK,EQ,2022-12-07,433.19,434.0,434.99,430.91,432.3,431.93,431.82,"14,36,461","62,02,95,562.43","6,412"
SETFNIFBK,EQ,2022-12-08,431.93,432.99,437.52,432.18,437.52,437.0,434.9,"9,28,693","40,38,84,976.56","2,849"
SETFNIFBK,EQ,2022-12-09,437.0,437.01,439.5,435.03,437.2,437.32,438.21,"32,839","1,43,90,285.75",656
SETFNIFBK,EQ,2022-12-12,437.32,435.03,438.73,406.0,438.0,438.44,437.42,"15,963","69,82,498.21",690
SETFNIFBK,EQ,2022-12-13,438.44,439.56,441.18,439.0,441.18,440.15,439.84,"7,19,844","31,66,14,602.57","4,062"
SETFNIFBK,EQ,2022-12-14,440.15,440.97,442.24,440.63,441.18,441.26,441.53,"7,48,677","33,05,66,941.62","5,139"
SETFNIFBK,EQ,2022-12-15,441.26,467.69,467.7,434.65,434.65,435.83,438.99,"7,63,479","33,51,62,445.02","1,263"
SETFNIFBK,EQ,2022-12-16,435.83,435.99,438.9,431.76,433.0,433.24,433.04,"4,08,977","17,71,01,872.14",924
SETFNIFBK,EQ,2022-12-19,433.24,433.99,435.75,432.22,435.13,435.31,434.58,"1,03,064","4,47,89,811.89",632
SETFNIFBK,EQ,2022-12-20,435.31,435.99,435.99,431.4,435.24,434.64,433.3,"5,64,809","24,47,31,491.92","1,119"
SETFNIFBK,EQ,2022-12-21,434.64,436.0,437.0,425.62,428.5,428.19,430.74,"4,68,140","20,16,45,123.48","2,843"
SETFNIFBK,EQ,2022-12-22,428.19,429.99,430.75,424.13,425.17,425.36,425.28,"2,58,291","10,98,46,310.66",891
SETFNIFBK,EQ,2022-12-23,425.36,424.99,424.99,418.29,419.7,419.2,420.44,"13,04,983","54,86,72,962.67","5,559"
SETFNIFBK,EQ,2022-12-26,419.2,418.58,432.17,416.83,429.0,428.82,429.66,"16,51,391","70,95,41,829.79","3,758"
SETFNIFBK,EQ,2022-12-27,428.82,429.67,430.59,425.13,430.0,429.6,427.45,"3,19,195","13,64,38,448.63",787
SETFNIFBK,EQ,2022-12-28,429.6,430.0,431.54,428.01,429.05,429.57,430.27,"2,20,544","9,48,93,992.68",677
SETFNIFBK,EQ,2022-12-29,429.57,428.01,434.55,425.84,432.9,433.4,430.3,"17,061","73,41,289.43",420
SETFNIFBK,EQ,2022-12-30,433.4,435.99,435.99,431.0,433.86,433.69,433.67,"6,06,622","26,30,71,688.40","4,430"
SETFNIFBK,EQ,2023-01-02,433.69,433.67,435.34,431.01,433.31,432.81,432.95,"7,11,305","30,79,60,983.53","1,144"
SETFNIFBK,EQ,2023-01-03,432.81,434.84,436.12,433.31,436.06,435.54,435.1,"19,146","83,30,333.00",838
SETFNIFBK,EQ,2023-01-04,435.54,435.37,436.85,430.12,431.77,431.27,432.82,"83,931","3,63,27,306.60",737
SETFNIFBK,EQ,2023-01-05,431.27,431.26,433.23,425.7,427.26,428.23,429.17,"5,97,694","25,65,13,167.80","1,307"
SETFNIFBK,EQ,2023-01-06,428.23,429.17,429.17,421.0,424.7,423.95,424.66,"6,52,454","27,70,73,616.68","2,242"
SETFNIFBK,EQ,2023-01-09,423.95,426.0,429.76,423.76,426.45,427.92,428.37,"5,44,274","23,31,50,392.51","1,420"
SETFNIFBK,EQ,2023-01-10,427.92,427.92,427.92,420.75,423.33,422.78,422.98,"22,678","95,92,408.67",915
SETFNIFBK,EQ,2023-01-11,422.78,423.0,425.42,419.38,424.75,424.54,423.16,"19,034","80,54,477.49",559
SETFNIFBK,EQ,2023-01-12,424.54,424.77,425.51,419.74,423.2,422.8,422.01,"14,407","60,79,878.18",778
SETFNIFBK,EQ,2023-01-13,422.8,422.9,426.25,421.1,425.84,425.64,423.8,"9,740","41,27,829.85",479
SETFNIFBK,EQ,2023-01-16,425.64,426.74,428.82,423.31,424.45,424.37,425.21,"64,444","2,74,02,345.31","2,315"
SETFNIFBK,EQ,2023-01-17,424.37,425.23,425.94,421.15,424.69,424.64,424.1,"33,692","1,42,88,649.99","3,026"
SETFNIFBK,EQ,2023-01-18,424.64,424.31,427.64,423.68,426.98,426.95,426.79,"22,948","97,94,043.01","2,415"
SETFNIFBK,EQ,2023-01-19,426.95,425.64,426.9,424.42,425.22,425.43,425.43,"34,740","1,47,79,416.80",875
SETFNIFBK,EQ,2023-01-20,425.43,426.29,429.0,425.71,427.22,426.94,427.74,"42,371","1,81,23,648.80",892
SETFNIFBK,EQ,2023-01-23,426.94,428.0,431.5,428.0,430.42,430.65,430.83,"37,730","1,62,55,161.28","3,341"
SETFNIFBK,EQ,2023-01-24,430.65,431.99,432.79,428.46,429.0,428.94,430.07,"17,900","76,98,260.76","1,373"
SETFNIFBK,EQ,2023-01-25,428.94,428.46,428.6,418.0,419.17,419.08,420.91,"51,688","2,17,55,888.29","1,641"
SETFNIFBK,EQ,2023-01-27,419.08,419.11,419.11,404.5,408.4,407.7,407.69,"6,69,917","27,31,19,319.00","4,177"
SETFNIFBK,EQ,2023-01-30,407.7,407.01,412.48,396.78,407.03,406.85,402.77,"8,06,356","32,47,75,838.18","3,451"
SETFNIFBK,EQ,2023-01-31,406.85,407.01,411.98,404.2,411.0,409.53,407.61,"40,802","1,66,31,269.97",939
SETFNIFBK,EQ,2023-02-01,409.53,412.0,421.34,397.15,407.1,406.62,411.38,"95,080","3,91,14,442.67","2,247"
SETFNIFBK,EQ,2023-02-02,406.62,406.49,409.97,400.21,409.03,409.02,404.25,"2,38,480","9,64,06,022.82","3,200"
SETFNIFBK,EQ,2023-02-03,409.02,411.99,416.22,407.83,416.0,415.8,412.4,"36,759","1,51,59,587.33","1,378"
SETFNIFBK,EQ,2023-02-06,415.8,415.0,418.0,414.0,415.0,414.81,415.61,"44,747","1,85,97,110.82",863
SETFNIFBK,EQ,2023-02-07,414.81,415.81,417.0,412.78,416.15,415.99,415.38,"36,031","1,49,66,656.16",731
SETFNIFBK,EQ,2023-02-08,415.99,417.0,418.99,415.2,416.11,416.26,416.16,"1,86,376","7,75,63,042.37","1,253"
SETFNIFBK,EQ,2023-02-09,416.26,416.31,417.54,413.7,417.54,416.85,415.27,"14,129","58,67,360.87",575
SETFNIFBK,EQ,2023-02-10,416.85,416.0,417.46,415.4,416.6,416.71,416.56,"19,482","81,15,327.68","1,381"
SETFNIFBK,EQ,2023-02-13,416.71,416.27,417.47,412.92,414.0,413.81,414.4,"15,857","65,71,131.86","1,320"
SETFNIFBK,EQ,2023-02-14,413.81,414.76,417.99,413.0,417.2,417.1,415.42,"44,985","1,86,87,806.86",793
SETFNIFBK,EQ,2023-02-15,417.1,416.0,419.0,415.66,418.76,418.32,416.99,"21,540","89,81,939.12",946
SETFNIFBK,EQ,2023-02-16,418.32,419.27,420.5,417.19,418.0,418.08,419.13,"27,146","1,13,77,696.43",609
SETFNIFBK,EQ,2023-02-17,418.08,419.54,419.54,410.71,412.89,413.15,413.16,"46,908","1,93,80,596.13","1,435"
SETFNIFBK,EQ,2023-02-20,413.15,416.0,416.0,407.83,409.34,409.14,410.48,"65,226","2,67,73,746.26","1,203"
SETFNIFBK,EQ,2023-02-21,409.14,410.48,410.99,407.02,408.6,408.5,409.25,"26,273","1,07,52,260.19",753
SETFNIFBK,EQ,2023-02-22,408.5,409.26,409.26,401.4,401.75,402.22,403.65,"71,146","2,87,18,098.48","2,334"
SETFNIFBK,EQ,2023-02-23,402.22,404.99,404.99,398.5,402.9,402.17,401.68,"41,020","1,64,76,788.64","1,299"
SETFNIFBK,EQ,2023-02-24,402.17,405.99,405.99,400.3,401.01,401.34,402.23,"14,842","59,69,853.58",788
SETFNIFBK,EQ,2023-02-27,401.34,444.0,444.0,397.87,405.08,405.07,402.7,"31,058","1,25,07,204.78",806
SETFNIFBK,EQ,2023-02-28,405.07,405.01,406.17,403.0,405.0,404.73,404.81,"26,128","1,05,76,793.29",602
SETFNIFBK,EQ,2023-03-01,404.73,406.0,409.5,405.25,408.8,408.79,407.68,"43,191","1,76,08,177.05",687
SETFNIFBK,EQ,2023-03-02,408.79,409.0,409.76,405.5,405.5,406.03,407.51,"16,350","66,62,761.20",644
SETFNIFBK,EQ,2023-03-03,406.03,409.0,414.99,408.68,414.49,414.21,411.83,"61,883","2,54,85,093.77",882
SETFNIFBK,EQ,2023-03-06,414.21,414.99,417.5,413.66,415.75,415.94,415.9,"1,92,541","8,00,77,782.56","1,127"
SETFNIFBK,EQ,2023-03-08,415.94,412.0,417.3,411.95,417.3,416.46,414.17,"37,222","1,54,16,118.77",759
SETFNIFBK,EQ,2023-03-09,416.46,416.01,417.2,413.45,413.95,413.85,415.26,"15,613","64,83,380.65",919
SETFNIFBK,EQ,2023-03-10,413.85,410.01,410.01,405.36,407.3,406.71,406.6,"37,198","1,51,24,732.53","1,464"
SETFNIFBK,EQ,2023-03-13,406.71,406.72,409.0,396.8,397.9,397.69,398.77,"3,15,299","12,57,32,600.64","3,498"
SETFNIFBK,EQ,2023-03-14,397.69,400.0,400.0,393.43,397.0,396.21,395.68,"85,904","3,39,90,577.34","1,818"
SETFNIFBK,EQ,2023-03-15,396.21,400.0,401.0,391.5,392.5,392.52,395.77,"85,166","3,37,06,305.82","1,744"
SETFNIFBK,EQ,2023-03-16,392.52,392.52,395.99,388.5,394.0,392.76,392.16,"3,94,454","15,46,87,426.55","3,031"
SETFNIFBK,EQ,2023-03-17,392.76,393.0,397.62,390.94,397.22,396.05,394.03,"6,26,858","24,70,00,359.58","1,745"
SETFNIFBK,EQ,2023-03-20,396.05,395.51,395.51,390.53,394.3,394.45,392.95,"99,711","3,91,81,524.37","2,076"
SETFNIFBK,EQ,2023-03-21,394.45,396.94,401.6,394.6,399.46,399.7,398.23,"3,09,414","12,32,19,112.45","4,522"
SETFNIFBK,EQ,2023-03-22,399.7,401.06,401.46,399.04,400.45,400.56,400.37,"14,479","57,96,931.30",703
SETFNIFBK,EQ,2023-03-23,400.56,399.0,402.7,396.2,396.58,396.93,399.55,"34,033","1,35,97,745.39","1,141"
SETFNIFBK,EQ,2023-03-24,396.93,396.65,398.32,394.0,394.54,394.94,396.25,"59,807","2,36,98,266.49","1,510"
SETFNIFBK,EQ,2023-03-27,394.94,395.74,397.84,393.74,394.9,396.02,395.55,"16,971","67,12,950.33","1,214"
SETFNIFBK,EQ,2023-03-28,396.02,397.0,401.99,394.4,397.3,397.0,396.42,"41,195","1,63,30,489.48",817
SETFNIFBK,EQ,2023-03-29,397.0,401.9,401.9,397.32,400.7,401.03,399.37,"1,62,887","6,50,51,670.25","1,109"
SETFNIFBK,EQ,2023-03-31,401.03,403.0,407.75,402.7,407.09,406.97,405.57,"75,731","3,07,13,861.81",997
SETFNIFBK,EQ,2023-04-03,406.97,407.99,409.53,406.52,408.82,408.99,407.73,"51,495","2,09,96,147.95","1,237"
SETFNIFBK,EQ,2023-04-05,408.99,409.46,411.35,409.05,410.91,410.57,410.17,"29,308","1,20,21,160.35",774
SETFNIFBK,EQ,2023-04-06,410.57,410.58,413.64,409.2,411.16,411.38,412.46,"2,95,461","12,18,65,284.27","1,511"
SETFNIFBK,EQ,2023-04-10,411.38,412.67,412.67,409.0,409.51,409.84,410.42,"37,801","1,55,14,353.77",846
SETFNIFBK,EQ,2023-04-11,409.84,413.66,414.9,411.92,414.5,414.52,413.69,"41,816","1,72,98,761.93",981
SETFNIFBK,EQ,2023-04-12,414.52,414.52,417.23,414.52,416.55,416.84,415.68,"27,663","1,14,99,043.51",765
SETFNIFBK,EQ,2023-04-13,416.84,416.01,422.74,416.01,421.8,421.99,419.44,"63,342","2,65,68,445.42","1,345"
SETFNIFBK,EQ,2023-04-17,421.99,421.98,425.08,418.97,422.71,423.33,421.91,"62,347","2,63,04,837.61","1,157"
SETFNIFBK,EQ,2023-04-18,423.33,424.99,425.62,422.1,423.03,423.41,423.67,"52,245","2,21,34,864.63",854
SETFNIFBK,EQ,2023-04-19,423.41,423.38,423.95,421.4,422.5,422.26,422.35,"39,780","1,68,01,241.46",781
SETFNIFBK,EQ,2023-04-20,422.26,422.5,424.44,422.22,423.3,423.73,423.02,"1,60,512","6,78,99,832.55",644
SETFNIFBK,EQ,2023-04-21,423.73,423.73,424.71,420.8,421.78,422.24,422.64,"14,199","60,01,101.40",474
SETFNIFBK,EQ,2023-04-24,422.24,423.99,430.0,422.01,427.16,427.32,426.2,"24,744","1,05,45,939.27",737
SETFNIFBK,EQ,2023-04-25,427.32,428.0,429.36,427.02,427.89,428.03,428.42,"40,800","1,74,79,385.33",697
SETFNIFBK,EQ,2023-04-26,428.03,428.04,429.5,425.5,429.0,429.16,427.62,"38,708","1,65,52,210.24",556
SETFNIFBK,EQ,2023-04-27,429.16,429.17,432.25,428.6,432.25,431.93,431.65,"3,28,929","14,19,82,329.58","1,061"
SETFNIFBK,EQ,2023-04-28,431.93,431.94,433.75,430.21,433.61,433.21,432.29,"35,324","1,52,70,293.34",773
SETFNIFBK,EQ,2023-05-02,433.21,433.99,436.28,433.04,435.5,434.94,435.08,"44,609","1,94,08,363.99","1,160"
SETFNIFBK,EQ,2023-05-03,434.94,431.99,434.5,431.58,434.21,433.99,432.99,"22,580","97,76,975.94",735
SETFNIFBK,EQ,2023-05-04,433.99,433.57,438.1,433.35,437.1,437.67,435.25,"35,499","1,54,50,879.13",586
SETFNIFBK,EQ,2023-05-05,437.67,437.68,437.68,428.0,429.25,428.61,432.36,"36,532","1,57,94,956.53","1,512"
SETFNIFBK,EQ,2023-05-08,428.61,430.0,435.48,430.0,434.16,433.45,433.58,"45,505","1,97,30,121.93",833
SETFNIFBK,EQ,2023-05-09,433.45,435.0,436.0,432.5,432.95,432.81,435.04,"18,560","80,74,345.77",713
SETFNIFBK,EQ,2023-05-10,432.81,432.81,434.72,429.5,434.45,434.1,432.56,"12,699","54,93,127.16",575
SETFNIFBK,EQ,2023-05-11,434.1,433.0,437.3,432.6,436.52,435.83,436.13,"30,412","1,32,63,524.90",629
SETFNIFBK,EQ,2023-05-12,435.83,433.0,440.0,433.0,439.0,438.93,438.01,"53,009","2,32,18,484.29",682
SETFNIFBK,EQ,2023-05-15,438.93,438.82,442.33,438.05,441.28,441.5,441.07,"70,636","3,11,55,695.70",710
SETFNIFBK,EQ,2023-05-16,441.5,441.0,443.35,440.79,441.2,441.11,442.28,"26,258","1,16,13,364.51",581
SETFNIFBK,EQ,2023-05-17,441.11,441.42,441.84,436.86,439.8,439.3,438.97,"73,529","3,22,76,913.70",747
SETFNIFBK,EQ,2023-05-18,439.3,441.93,442.95,439.5,440.91,440.1,441.66,"29,944","1,32,25,047.23",535
SETFNIFBK,EQ,2023-05-19,440.1,441.0,442.36,438.01,441.96,441.98,439.46,"40,347","1,77,30,911.16",497
SETFNIFBK,EQ,2023-05-22,441.98,444.0,444.0,436.03,441.38,441.83,441.18,"11,829","52,18,759.09",506
SETFNIFBK,EQ,2023-05-23,441.83,442.63,443.0,441.25,442.8,441.86,442.57,"16,662","73,74,146.64",382
SETFNIFBK,EQ,2023-05-24,441.86,441.86,442.59,439.12,439.81,439.57,440.22,"11,157","49,11,571.87",429
SETFNIFBK,EQ,2023-05-25,439.57,439.58,439.92,437.0,439.9,439.48,438.41,"14,154","62,05,224.26",456
SETFNIFBK,EQ,2023-05-26,439.48,440.0,442.96,438.73,442.74,442.66,441.25,"18,348","80,96,056.68",525
SETFNIFBK,EQ,2023-05-29,442.66,444.0,447.45,444.0,446.05,446.58,446.88,"3,20,594","14,32,67,347.56",892
SETFNIFBK,EQ,2023-05-30,446.58,445.99,447.79,445.35,447.66,447.37,446.39,"13,075","58,36,604.45",333
SETFNIFBK,EQ,2023-05-31,447.37,446.81,446.81,442.55,444.48,445.3,443.79,"2,39,256","10,61,79,586.95",816
SETFNIFBK,EQ,2023-06-01,445.3,445.01,445.1,441.4,442.0,442.03,443.49,"32,797","1,45,44,978.08",545
SETFNIFBK,EQ,2023-06-02,442.03,444.45,445.65,442.52,443.15,444.04,444.41,"2,77,569","12,33,55,725.09",489
SETFNIFBK,EQ,2023-06-05,444.04,446.0,447.0,445.31,445.55,445.52,446.31,"11,520","51,41,525.93",459
SETFNIFBK,EQ,2023-06-06,445.52,446.31,446.43,443.67,445.66,445.73,445.31,"13,157","58,58,995.32",322
SETFNIFBK,EQ,2023-06-07,445.73,447.0,447.49,445.84,447.0,446.85,446.38,"15,932","71,11,737.82",341
SETFNIFBK,EQ,2023-06-08,446.85,446.64,448.3,443.58,444.5,444.47,446.88,"20,706","92,53,161.71",491
SETFNIFBK,EQ,2023-06-09,444.47,446.88,446.88,443.67,444.38,444.3,444.83,"30,632","1,36,26,023.17",432
SETFNIFBK,EQ,2023-06-12,444.3,445.22,445.31,442.71,444.11,443.77,443.76,"19,864","88,14,878.58",753
SETFNIFBK,EQ,2023-06-13,443.77,443.76,445.59,443.38,445.43,445.32,444.85,"10,892","48,45,348.91",487
SETFNIFBK,EQ,2023-06-14,445.32,444.85,445.93,443.5,444.2,444.32,444.18,"21,022","93,37,528.27",362
SETFNIFBK,EQ,2023-06-15,444.32,444.23,444.25,438.07,438.91,438.46,440.57,"94,479","4,16,24,972.17","1,324"
SETFNIFBK,EQ,2023-06-16,438.46,440.0,444.49,439.5,443.3,443.05,441.38,"50,609","2,23,37,798.57",564
SETFNIFBK,EQ,2023-06-19,443.05,443.01,445.99,436.18,440.65,440.62,441.19,"22,539","99,43,961.62",833
SETFNIFBK,EQ,2023-06-20,440.62,441.19,441.6,437.49,441.5,441.35,438.78,"1,67,188","7,33,58,791.52","1,457"
SETFNIFBK,EQ,2023-06-21,441.35,441.51,442.68,440.7,442.3,441.99,441.71,"7,212","31,85,590.06",360
SETFNIFBK,EQ,2023-06-22,441.99,441.99,453.94,440.1,440.8,440.61,442.09,"10,052","44,43,871.76",476
SETFNIFBK,EQ,2023-06-23,440.61,442.0,442.99,438.8,440.42,439.98,440.01,"51,968","2,28,66,675.46",576
SETFNIFBK,EQ,2023-06-26,439.98,441.99,444.0,439.06,440.33,439.95,439.9,"10,261","45,13,856.77",431
SETFNIFBK,EQ,2023-06-27,439.95,442.0,445.41,440.39,445.0,444.28,442.63,"35,865","1,58,74,898.06",409
SETFNIFBK,EQ,2023-06-28,444.28,447.23,448.26,445.13,446.86,446.85,446.37,"60,951","2,72,06,598.79",578
SETFNIFBK,EQ,2023-06-30,446.85,449.99,453.98,448.01,450.55,450.83,450.16,"24,232","1,09,08,230.75",635
SETFNIFBK,EQ,2023-07-03,450.83,450.83,456.85,448.51,455.78,455.5,455.32,"67,651","3,08,03,004.31",965
SETFNIFBK,EQ,2023-07-04,455.5,455.5,459.9,454.0,457.52,457.62,457.5,"69,799","3,19,33,257.35","1,807"
SETFNIFBK,EQ,2023-07-05,457.62,455.9,458.43,455.2,456.05,456.01,456.49,"20,533","93,73,114.59",561
SETFNIFBK,EQ,2023-07-06,456.01,462.0,462.0,455.0,456.5,457.96,456.86,"32,062","1,46,47,709.24",534
SETFNIFBK,EQ,2023-07-07,457.96,456.09,456.92,451.87,453.35,453.69,452.72,"72,367","3,27,62,159.20",721
SETFNIFBK,EQ,2023-07-10,453.69,453.38,456.0,451.64,454.11,452.72,453.12,"18,370","83,23,842.50",671
SETFNIFBK,EQ,2023-07-11,452.72,455.0,459.57,451.2,453.42,451.76,453.56,"20,126","91,28,378.22",490
SETFNIFBK,EQ,2023-07-12,451.76,453.28,453.84,450.24,450.73,450.71,452.0,"1,16,277","5,25,57,299.03",509
SETFNIFBK,EQ,2023-07-13,450.71,458.0,460.0,450.25,451.65,451.06,453.05,"13,761","62,34,379.28",455
SETFNIFBK,EQ,2023-07-14,451.06,451.06,457.97,450.0,453.58,452.94,451.79,"2,80,234","12,66,06,054.51","1,814"
SETFNIFBK,EQ,2023-07-17,452.94,459.97,459.97,450.0,455.55,457.72,454.63,"3,68,361","16,74,67,312.52","2,180"
SETFNIFBK,EQ,2023-07-18,457.72,457.71,463.82,455.01,458.06,457.93,460.89,"43,939","2,02,50,838.96",777
SETFNIFBK,EQ,2023-07-19,457.93,457.99,461.11,455.01,460.34,460.23,459.46,"12,334","56,66,940.74",491
SETFNIFBK,EQ,2023-07-20,460.23,460.23,466.0,460.0,464.87,465.38,463.04,"57,627","2,66,83,747.75","1,253"
SETFNIFBK,EQ,2023-07-21,465.38,463.99,468.0,460.1,465.12,464.91,465.22,"17,586","81,81,423.35",909
SETFNIFBK,EQ,2023-07-24,464.91,464.0,465.76,462.74,463.76,463.12,463.98,"34,757","1,61,26,698.31",828
SETFNIFBK,EQ,2023-07-25,463.12,463.99,470.0,460.91,469.0,463.87,463.16,"7,36,731","34,12,26,264.08","1,598"
SETFNIFBK,EQ,2023-07-26,463.87,464.01,467.79,463.05,465.26,464.75,464.2,"5,000","23,20,984.81",352
SETFNIFBK,EQ,2023-07-27,464.75,467.49,471.78,460.51,463.0,461.58,464.42,"46,651","2,16,65,631.73",637
SETFNIFBK,EQ,2023-07-28,461.58,461.49,461.49,457.3,459.28,458.9,458.85,"34,277","1,57,28,157.71",649
SETFNIFBK,EQ,2023-07-31,458.9,458.89,461.5,458.39,460.11,460.52,458.97,"5,26,353","24,15,77,936.33","2,114"
SETFNIFBK,EQ,2023-08-01,460.52,462.99,462.99,458.74,460.25,460.24,460.23,"1,77,144","8,15,26,471.68",571
SETFNIFBK,EQ,2023-08-02,460.24,460.2,460.2,451.91,454.24,454.43,455.23,"12,41,319","56,50,87,193.33","2,464"
SETFNIFBK,EQ,2023-08-03,454.43,452.0,455.39,447.54,450.0,450.2,450.36,"44,461","2,00,23,327.46","1,170"
SETFNIFBK,EQ,2023-08-04,450.2,450.52,455.22,450.0,453.65,453.44,451.69,"37,967","1,71,49,474.86",614
SETFNIFBK,EQ,2023-08-07,453.44,455.92,455.92,451.57,451.7,451.89,452.13,"80,360","3,63,33,478.13",856
SETFNIFBK,EQ,2023-08-08,451.89,452.99,454.99,451.94,453.69,453.32,453.04,"3,59,575","16,29,02,329.96","1,021"
SETFNIFBK,EQ,2023-08-09,453.32,453.65,453.99,450.2,453.91,453.51,452.47,"43,031","1,94,70,268.24",859
SETFNIFBK,EQ,2023-08-10,453.51,452.79,454.0,449.0,450.83,450.71,451.08,"18,572","83,77,486.94","1,227"
SETFNIFBK,EQ,2023-08-11,450.71,452.7,452.7,446.64,448.58,447.51,448.41,"32,019","1,43,57,687.71","1,989"
SETFNIFBK,EQ,2023-08-14,447.51,448.99,448.99,443.0,445.0,445.93,445.04,"20,974","93,34,358.01",934
SETFNIFBK,EQ,2023-08-16,445.93,445.93,445.93,441.01,443.7,443.98,442.0,"1,84,498","8,15,47,797.84",916
SETFNIFBK,EQ,2023-08-17,443.98,443.8,445.6,442.3,443.28,443.43,443.72,"15,563","69,05,562.34",629
SETFNIFBK,EQ,2023-08-18,443.43,445.99,445.99,442.1,442.79,442.92,442.94,"12,708","56,28,847.66",547
SETFNIFBK,EQ,2023-08-21,442.92,443.9,445.46,442.47,444.57,444.38,443.55,"27,435","1,21,68,799.37",630
SETFNIFBK,EQ,2023-08-22,444.38,444.9,445.76,444.03,444.41,444.44,445.0,"15,470","68,84,149.69",525
SETFNIFBK,EQ,2023-08-23,444.44,446.35,449.45,443.81,448.91,449.14,448.07,"1,21,057","5,42,42,172.07",457
SETFNIFBK,EQ,2023-08-24,449.14,449.13,453.8,449.13,449.68,449.54,452.07,"19,611","88,65,596.32",512
SETFNIFBK,EQ,2023-08-25,449.54,447.78,447.87,444.29,446.0,447.05,446.57,"14,423","64,40,875.06",631
SETFNIFBK,EQ,2023-08-28,447.05,450.0,451.99,446.55,448.91,449.28,449.04,"18,289","82,12,414.92",436
SETFNIFBK,EQ,2023-08-29,449.28,451.19,451.19,449.0,449.97,449.56,449.73,"6,342","28,52,200.94",216
SETFNIFBK,EQ,2023-08-30,449.56,451.1,452.27,446.1,447.66,447.41,450.88,"2,64,734","11,93,62,248.43","1,224"
SETFNIFBK,EQ,2023-08-31,447.41,447.52,449.25,444.64,448.25,445.01,446.09,"22,931","1,02,29,347.40",693
SETFNIFBK,EQ,2023-09-01,445.01,448.5,450.31,443.8,449.03,449.01,446.06,"37,963","1,69,33,911.72","1,057"
SETFNIFBK,EQ,2023-09-04,449.01,450.43,451.01,448.1,450.5,450.41,450.23,"44,925","2,02,26,707.82",555
SETFNIFBK,EQ,2023-09-05,450.41,450.4,451.76,449.11,451.12,450.81,450.19,"38,095","1,71,50,047.73",542
SETFNIFBK,EQ,2023-09-06,450.81,450.8,450.83,447.8,450.58,450.14,449.35,"15,151","68,08,163.05",491
SETFNIFBK,EQ,2023-09-07,450.14,450.14,454.0,448.89,454.0,453.46,451.14,"39,980","1,80,36,674.43",499
SETFNIFBK,EQ,2023-09-08,453.46,453.36,458.7,453.36,455.82,456.68,455.72,"1,29,535","5,90,32,274.38","1,024"
SETFNIFBK,EQ,2023-09-11,456.68,456.99,460.49,455.01,460.49,460.15,458.86,"25,538","1,17,18,249.35",847
SETFNIFBK,EQ,2023-09-12,460.15,462.0,462.55,458.5,460.25,459.75,460.13,"30,495","1,40,31,540.52",492
SETFNIFBK,EQ,2023-09-13,459.75,458.93,464.43,457.71,462.9,463.96,463.08,"1,47,617","6,83,58,021.32",978
SETFNIFBK,EQ,2023-09-14,463.96,464.16,465.98,463.0,465.7,465.68,465.26,"2,21,491","10,30,51,149.99",708
SETFNIFBK,EQ,2023-09-15,465.68,465.71,468.05,465.11,466.4,466.92,466.56,"18,183","84,83,520.41",583
SETFNIFBK,EQ,2023-09-18,466.92,466.1,466.92,463.61,464.41,464.41,465.64,"6,31,957","29,42,63,982.57","3,151"
SETFNIFBK,EQ,2023-09-20,464.41,460.6,462.36,457.49,459.05,458.05,458.57,"9,52,628","43,68,43,546.10","1,625"
SETFNIFBK,EQ,2023-09-21,458.05,459.05,459.99,450.44,450.44,450.99,455.28,"96,453","4,39,12,805.69","1,108"
SETFNIFBK,EQ,2023-09-22,450.99,451.79,454.97,450.16,451.7,450.67,451.69,"4,03,219","18,21,28,594.22","1,151"
SETFNIFBK,EQ,2023-09-25,450.67,450.68,453.99,448.99,452.0,452.06,450.92,"48,621","2,19,24,203.12",660
SETFNIFBK,EQ,2023-09-26,452.06,451.88,452.06,450.08,451.43,451.24,451.1,"15,660","70,64,194.08",428
SETFNIFBK,EQ,2023-09-27,451.24,450.01,452.0,446.8,451.56,451.49,448.59,"51,376","2,30,46,742.88",607
SETFNIFBK,EQ,2023-09-28,451.49,452.83,452.83,447.35,448.19,448.1,450.42,"4,77,796","21,52,07,339.14",902
SETFNIFBK,EQ,2023-09-29,448.1,452.1,452.17,448.35,450.91,450.57,450.8,"15,551","70,10,455.37",426
SETFNIFBK,EQ,2023-10-03,450.57,449.72,449.72,447.24,448.64,448.44,448.16,"35,900","1,60,89,065.70",671
SETFNIFBK,EQ,2023-10-04,448.44,450.9,450.9,440.0,444.53,445.15,445.06,"5,83,641","25,97,52,914.16","3,100"
SETFNIFBK,EQ,2023-10-05,445.15,446.64,449.22,446.33,447.82,447.06,447.1,"79,093","3,53,62,719.92",438
SETFNIFBK,EQ,2023-10-06,447.06,448.24,449.82,447.06,448.44,448.96,448.94,"13,077","58,70,762.52",364
SETFNIFBK,EQ,2023-10-09,448.96,446.4,446.4,442.63,444.31,444.32,444.41,"24,897","1,10,64,563.16",720
SETFNIFBK,EQ,2023-10-10,444.32,446.26,450.0,445.9,449.0,449.23,447.01,"17,430","77,91,368.78",711
SETFNIFBK,EQ,2023-10-11,449.23,451.0,452.08,449.4,451.7,450.77,450.69,"14,163","63,83,149.55",345
SETFNIFBK,EQ,2023-10-12,450.77,452.9,459.8,450.57,451.1,451.13,451.49,"18,863","85,16,483.48",223
SETFNIFBK,EQ,2023-10-13,451.13,449.0,451.0,447.5,448.18,448.33,448.52,"7,474","33,52,219.95",322
SETFNIFBK,EQ,2023-10-16,448.33,448.55,449.0,446.0,447.34,447.99,447.97,"5,66,017","25,35,57,548.77",925
SETFNIFBK,EQ,2023-10-17,447.99,450.27,450.65,448.51,448.96,449.12,449.64,"8,488","38,16,583.40",242
SETFNIFBK,EQ,2023-10-18,449.12,449.97,449.97,443.8,444.53,444.34,444.31,"2,04,290","9,07,68,564.00","1,553"
SETFNIFBK,EQ,2023-10-19,444.34,440.05,446.3,440.05,443.03,442.98,445.62,"4,88,822","21,78,26,959.86",694
SETFNIFBK,EQ,2023-10-20,442.98,441.59,443.56,441.14,442.67,442.63,442.25,"15,709","69,47,368.00","1,381"
SETFNIFBK,EQ,2023-10-23,442.63,442.51,443.51,435.54,436.99,436.78,439.46,"30,016","1,31,90,694.85","1,379"
SETFNIFBK,EQ,2023-10-25,436.78,440.0,441.14,432.6,434.49,433.69,437.23,"98,189","4,29,31,366.47","1,470"
SETFNIFBK,EQ,2023-10-26,433.69,435.99,435.99,426.45,429.62,428.21,428.19,"87,566","3,74,94,454.91","2,005"
SETFNIFBK,EQ,2023-10-27,428.21,433.2,433.71,430.46,433.46,432.5,431.03,"1,87,554","8,08,41,958.83",875
SETFNIFBK,EQ,2023-10-30,432.5,432.26,435.3,429.11,435.3,434.79,432.41,"35,419","1,53,15,399.09","2,502"
SETFNIFBK,EQ,2023-10-31,434.79,436.84,436.91,433.21,435.0,433.66,434.34,"53,775","2,33,56,769.28","1,846"
SETFNIFBK,EQ,2023-11-01,433.66,432.86,433.37,431.01,433.05,432.1,431.67,"40,492","1,74,79,251.36","1,658"
SETFNIFBK,EQ,2023-11-02,432.1,436.0,437.59,433.4,435.15,435.38,435.56,"10,092","43,95,697.03",504
SETFNIFBK,EQ,2023-11-03,435.38,437.23,438.94,437.23,438.0,438.48,438.49,"91,848","4,02,74,841.87",355
SETFNIFBK,EQ,2023-11-06,438.48,441.45,441.45,439.29,441.25,441.09,439.92,"98,731","4,34,33,506.88","1,851"
SETFNIFBK,EQ,2023-11-07,441.09,440.38,442.8,438.1,442.8,442.63,439.98,"15,058","66,25,271.42",338
SETFNIFBK,EQ,2023-11-08,442.63,446.1,446.1,441.0,441.65,441.8,441.8,"17,858","78,89,746.03",391
SETFNIFBK,EQ,2023-11-09,441.8,441.5,443.4,440.64,441.1,441.28,442.28,"70,924","3,13,68,612.81",375
SETFNIFBK,EQ,2023-11-10,441.28,443.15,443.7,440.0,443.7,442.64,441.47,"10,487","46,29,717.75",287
SETFNIFBK,EQ,2023-11-12,442.64,446.0,446.0,443.2,444.19,443.7,443.69,"8,174","36,26,735.14",861
SETFNIFBK,EQ,2023-11-13,443.7,446.0,446.0,441.11,443.08,443.23,441.97,"41,249","1,82,30,733.45",418
SETFNIFBK,EQ,2023-11-15,443.23,447.5,448.27,446.31,446.96,446.83,447.39,"33,237","1,48,69,914.33",918
SETFNIFBK,EQ,2023-11-16,446.83,447.0,448.74,445.87,446.2,446.92,447.23,"34,300","1,53,40,019.60",421
SETFNIFBK,EQ,2023-11-17,446.92,447.0,447.0,440.36,441.0,440.88,441.95,"7,31,555","32,33,11,312.26","1,897"
SETFNIFBK,EQ,2023-11-20,440.88,440.89,442.53,439.61,441.19,441.34,440.58,"27,728","1,22,16,505.58",676
SETFNIFBK,EQ,2023-11-21,441.34,441.67,442.72,441.34,441.5,442.36,442.18,"5,79,744","25,63,53,259.13",854
SETFNIFBK,EQ,2023-11-22,442.36,445.8,445.8,437.75,440.75,440.25,439.92,"5,88,549","25,89,15,633.99","1,108"
SETFNIFBK,EQ,2023-11-23,440.25,441.98,441.98,439.88,440.77,440.55,440.7,"17,410","76,72,526.48",371
SETFNIFBK,EQ,2023-11-24,440.55,441.57,443.0,440.07,443.0,441.96,441.15,"1,01,234","4,46,59,812.31","2,147"
SETFNIFBK,EQ,2023-11-28,441.96,442.1,443.96,441.76,443.69,443.37,442.28,"37,801","1,67,18,670.85",428
SETFNIFBK,EQ,2023-11-29,443.37,444.48,450.66,444.19,450.21,449.86,447.8,"28,203","1,26,29,433.80",549
SETFNIFBK,EQ,2023-11-30,449.86,450.78,451.75,448.03,450.0,450.02,450.05,"37,572","1,69,09,156.94",506
SETFNIFBK,EQ,2023-12-01,450.02,463.5,463.5,450.35,453.81,452.99,452.92,"28,573","1,29,41,314.16",539
SETFNIFBK,EQ,2023-12-04,452.99,461.63,469.98,454.01,469.06,469.37,463.9,"8,36,855","38,82,17,542.79","2,156"
SETFNIFBK,EQ,2023-12-05,469.37,469.37,476.85,464.65,476.0,474.96,474.17,"2,43,697","11,55,53,979.03","1,406"
SETFNIFBK,EQ,2023-12-06,474.96,474.96,477.0,472.08,473.0,472.81,473.36,"48,401","2,29,11,328.85",801
SETFNIFBK,EQ,2023-12-07,472.81,465.02,474.63,463.35,474.0,473.23,472.27,"19,856","93,77,436.70",680
SETFNIFBK,EQ,2023-12-08,473.23,473.23,478.41,472.78,478.4,477.53,475.28,"45,684","2,17,12,505.11",700
SETFNIFBK,EQ,2023-12-11,477.53,477.53,480.35,476.98,478.58,478.28,479.3,"52,819","2,53,16,281.69",653
SETFNIFBK,EQ,2023-12-12,478.28,480.13,480.13,475.36,476.25,475.99,477.61,"9,592","45,81,241.73",383
SETFNIFBK,EQ,2023-12-13,475.99,475.98,477.0,473.95,476.87,476.42,475.45,"19,818","94,22,429.05",532
SETFNIFBK,EQ,2023-12-14,476.42,481.04,484.57,479.77,483.49,482.66,482.61,"18,503","89,29,668.02",426
SETFNIFBK,EQ,2023-12-15,482.66,482.66,487.79,481.05,483.93,486.2,483.95,"25,126","1,21,59,736.03",700
SETFNIFBK,EQ,2023-12-18,486.2,484.22,485.62,483.3,483.97,484.0,484.54,"2,10,090","10,17,98,032.27",627
SETFNIFBK,EQ,2023-12-19,484.0,483.73,486.0,481.8,482.5,484.43,484.08,"15,466","74,86,747.30",446
SETFNIFBK,EQ,2023-12-20,484.43,484.43,489.3,477.15,478.25,478.77,482.54,"26,461","1,27,68,531.85",770
SETFNIFBK,EQ,2023-12-21,478.77,477.0,485.27,474.5,482.56,483.65,478.41,"38,640","1,84,85,880.31",778
SETFNIFBK,EQ,2023-12-22,483.65,483.92,485.6,478.57,478.8,479.3,481.96,"6,29,410","30,33,52,972.59","1,021"
SETFNIFBK,EQ,2023-12-26,479.3,481.19,483.15,478.93,482.34,481.99,480.93,"37,615","1,80,90,289.48",522
SETFNIFBK,EQ,2023-12-27,481.99,483.48,488.15,482.62,487.25,487.27,485.65,"29,553","1,43,52,524.10",472
SETFNIFBK,EQ,2023-12-28,487.27,487.27,490.82,487.27,490.49,489.94,489.38,"55,048","2,69,39,443.48",468
SETFNIFBK,EQ,2023-12-29,489.94,489.94,489.94,486.11,488.2,488.23,487.97,"31,034","1,51,43,629.59",629
SETFNIFBK,EQ,2024-01-01,488.23,490.0,493.1,481.8,491.0,488.12,488.51,"44,297","2,16,39,348.89",710
SETFNIFBK,EQ,2024-01-02,488.12,489.99,489.99,481.45,482.0,482.57,484.03,"81,485","3,94,41,573.03","1,103"
SETFNIFBK,EQ,2024-01-03,482.57,485.0,485.0,480.5,483.2,482.98,483.31,"18,34,180","88,64,85,182.45","1,476"
SETFNIFBK,EQ,2024-01-04,482.98,483.6,488.0,483.02,487.47,487.02,485.7,"16,929","82,22,424.78",485
SETFNIFBK,EQ,2024-01-05,487.02,493.3,493.3,482.6,485.48,486.7,485.98,"10,068","48,92,858.64",516
SETFNIFBK,EQ,2024-01-08,486.7,489.99,489.99,479.48,480.54,480.01,482.54,"22,673","1,09,40,627.61",914
SETFNIFBK,EQ,2024-01-09,480.01,482.41,484.45,477.0,478.4,477.91,480.82,"24,107","1,15,91,017.22",743
SETFNIFBK,EQ,2024-01-10,477.91,478.9,479.83,476.0,479.78,479.48,478.3,"11,277","53,93,831.04",555
SETFNIFBK,EQ,2024-01-11,479.48,480.0,483.0,477.2,479.4,479.29,479.52,"67,101","3,21,76,373.17","1,575"
SETFNIFBK,EQ,2024-01-12,479.29,482.99,484.0,478.69,482.95,481.74,482.23,"35,940","1,73,31,514.39",498
SETFNIFBK,EQ,2024-01-15,481.74,483.99,487.0,482.91,487.0,486.19,485.38,"12,831","62,27,931.32",644
SETFNIFBK,EQ,2024-01-16,486.19,486.18,487.59,484.6,485.95,485.64,486.36,"23,163","1,12,65,640.79",385
SETFNIFBK,EQ,2024-01-17,485.64,485.0,485.0,465.55,467.76,466.44,470.11,"4,18,564","19,67,71,197.81","5,720"
SETFNIFBK,EQ,2024-01-18,466.44,471.1,485.2,460.01,462.81,462.62,463.75,"1,08,206","5,01,80,218.85","2,547"
SETFNIFBK,EQ,2024-01-19,462.62,464.0,467.99,461.25,462.68,462.25,463.96,"1,08,400","5,02,92,947.73","1,591"
SETFNIFBK,EQ,2024-01-20,462.25,463.53,466.4,462.25,466.3,465.72,464.62,"27,082","1,25,82,837.93","1,240"
SETFNIFBK,EQ,2024-01-23,465.72,467.11,472.29,454.0,462.0,455.19,457.17,"2,13,011","9,73,82,880.67","3,234"
SETFNIFBK,EQ,2024-01-24,455.19,455.0,460.0,451.16,456.2,456.52,454.11,"1,94,662","8,83,97,666.56","1,692"
SETFNIFBK,EQ,2024-01-25,456.52,456.61,459.46,449.55,456.8,452.85,451.57,"1,75,867","7,94,15,728.51","2,874"
SETFNIFBK,EQ,2024-01-29,452.85,459.1,461.49,454.02,460.54,460.27,459.63,"1,22,495","5,63,01,852.93","1,791"
SETFNIFBK,EQ,2024-01-30,460.27,461.34,461.72,457.1,458.58,458.66,458.94,"34,159","1,56,77,020.31",941
SETFNIFBK,EQ,2024-01-31,458.66,462.99,466.45,456.3,464.6,464.9,463.33,"24,837","1,15,07,611.59",854
SETFNIFBK,EQ,2024-02-01,464.9,464.89,467.25,462.02,466.74,466.2,465.7,"1,12,586","5,24,31,233.40","1,000"
SETFNIFBK,EQ,2024-02-02,466.2,469.0,473.01,463.63,463.99,464.25,468.76,"57,415","2,69,14,067.84",861
SETFNIFBK,EQ,2024-02-05,464.25,464.26,468.09,461.13,462.15,462.74,463.1,"24,788","1,14,79,388.98",866
SETFNIFBK,EQ,2024-02-06,462.74,463.99,463.99,460.91,463.9,462.22,462.23,"5,50,314","25,43,74,212.75","2,266"
SETFNIFBK,EQ,2024-02-07,462.22,463.96,466.14,461.53,465.0,463.15,462.95,"31,294","1,44,87,511.76",606
SETFNIFBK,EQ,2024-02-08,463.15,463.15,468.5,454.48,456.3,455.62,459.65,"1,16,395","5,35,00,486.21","1,493"
SETFNIFBK,EQ,2024-02-09,455.62,459.5,462.25,454.33,462.25,461.55,457.21,"1,83,207","8,37,63,370.76",927
SETFNIFBK,EQ,2024-02-12,461.55,455.14,466.99,451.9,454.7,454.21,454.85,"52,373","2,38,21,906.36","1,719"
SETFNIFBK,EQ,2024-02-13,454.21,454.2,462.3,453.53,458.05,459.47,458.27,"5,42,179","24,84,65,572.10","3,087"
SETFNIFBK,EQ,2024-02-14,459.47,452.0,467.24,452.0,464.0,464.7,461.21,"6,48,630","29,91,54,460.46","2,384"
SETFNIFBK,EQ,2024-02-15,464.7,464.0,468.99,460.5,465.72,466.52,465.43,"1,54,044","7,16,96,239.07",892
SETFNIFBK,EQ,2024-02-16,466.52,465.99,472.0,464.61,468.79,468.48,469.67,"2,27,324","10,67,67,860.87","1,742"
SETFNIFBK,EQ,2024-02-19,468.48,471.99,473.0,467.51,468.39,469.63,470.55,"36,383","1,71,19,927.87","2,533"
SETFNIFBK,EQ,2024-02-20,469.63,472.43,475.72,468.2,475.45,475.09,474.03,"2,37,716","11,26,85,257.97","3,568"
SETFNIFBK,EQ,2024-02-21,475.09,478.19,478.2,473.3,473.3,474.36,475.6,"1,19,486","5,68,27,817.23","1,004"
SETFNIFBK,EQ,2024-02-22,474.36,474.0,474.37,469.0,474.0,473.43,470.62,"2,31,766","10,90,74,780.96",885
SETFNIFBK,EQ,2024-02-23,473.43,474.0,476.59,471.58,472.2,472.34,474.44,"23,622","1,12,07,283.19",622
SETFNIFBK,EQ,2024-02-26,472.34,472.33,473.38,469.41,470.04,469.79,470.52,"1,27,541","6,00,10,868.15","2,184"
SETFNIFBK,EQ,2024-02-27,469.79,469.83,471.29,467.67,470.0,470.1,469.19,"14,201","66,62,905.27",511
SETFNIFBK,EQ,2024-02-28,470.1,470.56,471.88,463.18,468.0,464.19,466.19,"32,562","1,51,80,055.34","1,378"
SETFNIFBK,EQ,2024-02-29,464.19,463.51,468.61,461.31,468.51,467.25,464.49,"33,597","1,56,05,392.39",906
SETFNIFBK,EQ,2024-03-01,467.25,475.4,477.7,469.4,477.0,476.9,475.0,"1,02,570","4,87,20,435.08",799
SETFNIFBK,EQ,2024-03-02,476.9,478.6,478.6,476.63,477.03,477.3,477.28,"9,215","43,98,128.16",131
SETFNIFBK,EQ,2024-03-04,477.3,478.41,480.0,476.21,479.71,479.28,479.22,"1,46,234","7,00,78,082.20","2,182"
SETFNIFBK,EQ,2024-03-05,479.28,480.29,481.8,477.06,479.77,480.46,479.83,"51,849","2,48,78,633.78",731
SETFNIFBK,EQ,2024-03-06,480.46,479.67,485.92,478.97,484.32,484.89,484.07,"1,45,614","7,04,87,750.98",987
SETFNIFBK,EQ,2024-03-07,484.89,486.0,486.0,482.5,482.66,482.79,483.52,"35,841","1,73,29,819.73",575
SETFNIFBK,EQ,2024-03-11,482.79,480.01,483.99,477.86,477.96,478.62,481.6,"1,40,877","6,78,46,511.02","1,040"
SETFNIFBK,EQ,2024-03-12,478.62,478.62,483.42,474.52,478.57,477.73,477.81,"6,10,956","29,19,19,826.81","2,495"
SETFNIFBK,EQ,2024-03-13,477.73,479.99,479.99,472.95,472.95,473.68,474.79,"6,66,280","31,63,41,639.94","2,048"
SETFNIFBK,EQ,2024-03-14,473.68,487.9,487.9,470.0,473.91,472.07,473.57,"6,35,278","30,08,47,152.38","1,970"
SETFNIFBK,EQ,2024-03-15,472.07,472.07,473.69,467.91,468.75,469.91,469.19,"6,30,981","29,60,47,502.17","2,488"
SETFNIFBK,EQ,2024-03-18,469.91,472.97,472.97,465.65,470.15,470.29,469.51,"6,19,388","29,08,09,045.44","1,054"
SETFNIFBK,EQ,2024-03-19,470.29,469.27,470.2,466.8,466.8,467.89,468.23,"8,40,546","39,35,66,086.04","2,238"
SETFNIFBK,EQ,2024-03-20,467.89,469.52,470.58,463.7,468.25,467.16,467.22,"6,19,606","28,94,90,683.27","1,959"
SETFNIFBK,EQ,2024-03-21,467.16,470.99,474.0,470.47,472.0,471.39,471.65,"6,50,150","30,66,45,156.46","5,519"
SETFNIFBK,EQ,2024-03-22,471.39,471.0,473.77,469.87,472.35,472.66,472.91,"6,07,233","28,71,65,669.37","2,858"
SETFNIFBK,EQ,2024-03-26,472.66,471.34,472.35,470.11,470.65,470.4,471.14,"6,29,154","29,64,21,176.32","1,889"
SETFNIFBK,EQ,2024-03-27,470.4,472.13,474.3,471.57,472.83,473.18,472.98,"1,63,642","7,73,99,651.54",441
SETFNIFBK,EQ,2024-03-28,473.18,474.23,478.32,474.23,476.81,476.55,476.3,"53,493","2,54,78,724.13",455
SETFNIFBK,EQ,2024-04-01,476.55,476.56,481.78,476.55,481.78,480.89,479.65,"1,09,530","5,25,36,600.26",981
SETFNIFBK,EQ,2024-04-02,480.89,480.64,482.11,479.16,479.5,479.94,480.14,"4,12,074","19,78,52,749.15","2,830"
SETFNIFBK,EQ,2024-04-03,479.94,478.03,481.47,477.45,480.64,480.81,480.07,"16,919","81,22,264.06",384
SETFNIFBK,EQ,2024-04-04,480.81,484.8,487.15,482.13,485.5,485.01,484.09,"41,461","2,00,70,781.64",877
SETFNIFBK,EQ,2024-04-05,485.01,484.67,490.0,483.65,489.11,489.24,488.26,"96,309","4,70,23,522.10",633
SETFNIFBK,EQ,2024-04-08,489.24,490.41,491.66,488.57,489.52,489.86,490.05,"5,69,104","27,88,89,460.14","12,373"
SETFNIFBK,EQ,2024-04-09,489.86,489.86,495.1,489.86,492.06,492.36,492.19,"6,51,536","32,06,78,521.59","1,711"
SETFNIFBK,EQ,2024-04-10,492.36,492.36,494.74,491.02,492.46,494.36,493.4,"5,75,515","28,39,59,925.96","2,719"
SETFNIFBK,EQ,2024-04-12,494.36,492.42,493.35,490.0,491.1,490.48,491.9,"32,004","1,57,42,731.20",882
SETFNIFBK,EQ,2024-04-15,490.48,488.0,488.0,481.8,481.95,482.14,483.38,"3,78,746","18,30,80,008.73","1,167"
SETFNIFBK,EQ,2024-04-16,482.14,480.8,481.0,477.94,481.0,480.04,479.75,"56,154","2,69,40,045.28",973
SETFNIFBK,EQ,2024-04-18,480.04,480.25,483.63,475.1,476.5,476.28,478.38,"26,446","1,26,51,306.32",816
SETFNIFBK,EQ,2024-04-19,476.28,473.01,482.95,471.11,479.56,480.3,477.47,"1,08,110","5,16,18,988.71","1,126"
SETFNIFBK,EQ,2024-04-22,480.3,494.7,494.7,480.3,484.35,483.98,483.1,"57,394","2,77,26,880.39","1,073"
SETFNIFBK,EQ,2024-04-23,483.98,485.0,486.06,483.52,484.0,484.2,484.68,"87,185","4,22,56,431.50",577
SETFNIFBK,EQ,2024-04-24,484.2,484.63,486.69,484.63,486.54,486.38,485.98,"39,139","1,90,20,687.84",309
SETFNIFBK,EQ,2024-04-25,486.38,500.95,500.95,480.1,490.0,489.2,487.83,"17,929","87,46,336.93",469
SETFNIFBK,EQ,2024-04-26,489.2,490.09,490.99,485.88,487.9,486.61,488.06,"2,63,942","12,88,18,776.46","1,813"
SETFNIFBK,EQ,2024-04-29,486.61,488.09,499.0,487.03,497.71,498.37,495.25,"97,537","4,83,05,122.43","1,268"
SETFNIFBK,EQ,2024-04-30,498.37,513.3,513.3,496.63,496.63,497.33,500.09,"6,05,627","30,28,70,017.63","1,562"
SETFNIFBK,EQ,2024-05-02,497.33,497.56,500.02,495.99,496.76,496.81,496.35,"3,82,610","18,99,08,605.77","1,351"
SETFNIFBK,EQ,2024-05-03,496.81,498.69,500.48,491.98,494.0,494.48,493.51,"64,928","3,20,42,457.36",786
SETFNIFBK,EQ,2024-05-06,494.48,496.59,497.33,492.78,494.5,493.39,495.01,"40,810","2,02,01,268.54",947
SETFNIFBK,EQ,2024-05-07,493.39,493.49,494.15,486.51,489.0,487.3,488.14,"55,611","2,71,45,990.48","1,655"
SETFNIFBK,EQ,2024-05-08,487.3,487.3,487.3,483.51,486.39,485.86,485.2,"60,813","2,95,06,761.91","1,310"
SETFNIFBK,EQ,2024-05-09,485.86,487.25,487.25,480.01,481.42,480.41,482.97,"47,745","2,30,59,599.77","1,193"
SETFNIFBK,EQ,2024-05-10,480.41,482.99,485.0,480.0,481.94,481.34,482.67,"1,84,443","8,90,25,290.51","1,123"
SETFNIFBK,EQ,2024-05-13,481.34,495.8,495.8,477.2,485.6,484.67,479.34,"1,28,345","6,15,21,214.17",815
SETFNIFBK,EQ,2024-05-14,484.67,485.33,486.49,483.55,486.0,486.18,485.6,"44,690","2,17,01,659.05",457
SETFNIFBK,EQ,2024-05-15,486.18,486.7,486.7,482.17,484.77,484.25,483.25,"1,99,900","9,66,02,454.24",760
SETFNIFBK,EQ,2024-05-16,484.25,486.36,487.16,480.5,485.55,486.38,482.57,"4,89,864","23,63,93,055.47","1,119"
SETFNIFBK,EQ,2024-05-17,486.38,488.37,489.09,485.06,488.0,487.12,487.26,"1,47,605","7,19,21,792.69",953
SETFNIFBK,EQ,2024-05-18,487.12,491.99,491.99,487.35,488.01,488.21,488.02,"4,459","21,76,069.82",95
SETFNIFBK,EQ,2024-05-21,488.21,487.01,489.9,481.5,489.9,487.07,487.37,"24,450","1,19,16,273.12",615
SETFNIFBK,EQ,2024-05-22,487.07,481.7,490.1,481.7,486.59,485.86,485.24,"43,899","2,13,01,515.88","1,162"
SETFNIFBK,EQ,2024-05-23,485.86,485.87,495.0,485.87,493.88,494.43,491.92,"66,480","3,27,03,010.40",710
SETFNIFBK,EQ,2024-05-24,494.43,496.17,501.48,492.01,497.5,496.87,495.35,"71,025","3,51,82,067.53",679
SETFNIFBK,EQ,2024-05-27,496.87,497.73,504.01,497.7,501.0,500.39,501.28,"70,165","3,51,72,633.42",905
SETFNIFBK,EQ,2024-05-28,500.39,500.39,501.88,498.15,498.15,498.64,499.3,"1,42,502","7,11,50,653.55",744
SETFNIFBK,EQ,2024-05-29,498.64,496.88,497.05,492.02,494.94,493.31,493.56,"1,10,757","5,46,65,477.09","1,305"
SETFNIFBK,EQ,2024-05-30,493.31,493.29,498.31,493.29,496.19,494.79,495.41,"29,405","1,45,67,586.64",541
SETFNIFBK,EQ,2024-05-31,494.79,499.55,499.55,490.01,498.38,497.64,496.21,"1,35,755","6,73,63,443.97","1,037"
SETFNIFBK,EQ,2024-06-03,497.64,512.55,525.0,503.0,518.78,518.03,514.25,"1,54,012","7,92,00,765.37","1,762"
SETFNIFBK,EQ,2024-06-04,518.03,518.03,530.0,469.99,501.0,511.69,491.69,"8,06,738","39,66,64,766.98","9,867"
SETFNIFBK,EQ,2024-06-05,511.69,505.3,509.0,472.15,494.1,497.35,484.77,"3,10,665","15,06,00,747.76","4,935"
SETFNIFBK,EQ,2024-06-06,497.35,503.09,503.1,496.41,501.0,499.78,500.94,"86,526","4,33,44,516.09","1,167"
SETFNIFBK,EQ,2024-06-07,499.78,498.0,507.74,496.01,504.17,506.28,504.93,"2,90,475","14,66,69,445.18","2,686"
SETFNIFBK,EQ,2024-06-10,506.28,521.45,521.45,503.61,504.08,504.86,505.98,"1,23,935","6,27,08,690.35","1,603"
SETFNIFBK,EQ,2024-06-11,504.86,504.75,507.1,502.8,503.2,503.95,504.85,"1,26,788","6,40,08,422.79","1,046"
SETFNIFBK,EQ,2024-06-12,503.95,504.68,509.0,503.8,506.5,506.35,507.95,"72,609","3,68,81,834.79",697
SETFNIFBK,EQ,2024-06-13,506.35,508.89,508.9,506.02,506.99,506.4,507.04,"33,406","1,69,38,094.37",547
SETFNIFBK,EQ,2024-06-14,506.4,507.9,509.14,504.43,506.74,507.56,507.78,"27,228","1,38,25,780.17",603
SETFNIFBK,EQ,2024-06-18,507.56,509.89,512.0,506.19,509.81,511.17,509.8,"1,03,710","5,28,70,924.80",689
SETFNIFBK,EQ,2024-06-19,511.17,513.9,526.66,510.06,516.03,521.6,520.09,"1,05,379","5,48,06,922.26","1,467"
SETFNIFBK,EQ,2024-06-20,521.6,521.59,526.5,520.5,525.75,525.61,524.34,"5,51,166","28,89,97,725.11",810
SETFNIFBK,EQ,2024-06-21,525.61,526.0,534.5,520.5,524.24,524.21,523.27,"76,023","3,97,80,873.69","1,183"
SETFNIFBK,EQ,2024-06-24,524.21,508.5,525.62,508.5,524.6,524.27,524.32,"1,08,461","5,68,68,346.03",750
SETFNIFBK,EQ,2024-06-25,524.27,523.01,534.6,523.01,533.98,533.56,529.97,"1,21,352","6,43,12,946.87",741
SETFNIFBK,EQ,2024-06-26,533.56,533.89,537.46,531.41,534.91,535.48,535.3,"44,678","2,39,16,284.61",732
SETFNIFBK,EQ,2024-06-27,535.48,537.99,539.56,533.15,534.2,535.84,535.58,"4,38,075","23,46,22,900.87",978
SETFNIFBK,EQ,2024-06-28,535.84,535.84,538.29,531.5,532.69,531.99,533.64,"3,29,478","17,58,23,572.28","4,774"
SETFNIFBK,EQ,2024-07-01,531.99,531.99,534.71,530.9,532.46,533.54,533.09,"50,584","2,69,65,664.86",561
SETFNIFBK,EQ,2024-07-02,533.54,535.89,535.9,528.29,530.76,530.43,530.37,"92,380","4,89,95,260.50",817
SETFNIFBK,EQ,2024-07-03,530.43,538.33,540.5,532.14,536.4,538.14,538.62,"2,41,493","13,00,74,139.01",769
SETFNIFBK,EQ,2024-07-04,538.14,539.94,540.0,536.18,539.6,538.87,537.95,"29,517","1,58,78,710.45",447
SETFNIFBK,EQ,2024-07-05,538.87,554.3,554.3,531.34,534.91,534.3,533.39,"1,12,086","5,97,85,512.90","1,293"
SETFNIFBK,EQ,2024-07-08,534.3,534.3,540.0,529.1,532.41,533.05,533.69,"20,985","1,11,99,430.18",641
SETFNIFBK,EQ,2024-07-09,533.05,535.04,535.04,532.7,533.94,534.15,534.19,"22,751","1,21,53,284.46",377
SETFNIFBK,EQ,2024-07-10,534.15,533.22,533.22,529.59,531.0,530.94,531.16,"25,024","1,32,91,686.95","1,676"
SETFNIFBK,EQ,2024-07-11,530.94,534.4,534.41,526.6,532.5,531.91,531.5,"2,81,165","14,94,40,355.36","1,548"
SETFNIFBK,EQ,2024-07-12,531.91,532.99,535.45,530.15,531.99,531.22,530.98,"65,733","3,49,03,167.01",583
SETFNIFBK,EQ,2024-07-15,531.22,532.99,536.98,530.0,533.15,533.23,533.21,"49,670","2,64,84,622.70",641
SETFNIFBK,EQ,2024-07-16,533.23,533.23,536.19,531.48,533.31,532.12,532.64,"26,205","1,39,57,832.58",436
SETFNIFBK,EQ,2024-07-18,532.12,532.28,535.17,530.0,533.87,533.79,532.46,"1,69,902","9,04,65,606.05",540
SETFNIFBK,EQ,2024-07-19,533.79,539.99,540.0,529.36,529.61,530.34,530.87,"23,836","1,26,53,711.17",556
SETFNIFBK,EQ,2024-07-22,530.34,528.01,537.48,526.9,529.88,530.39,530.06,"3,15,369","16,71,64,996.17","1,402"
SETFNIFBK,EQ,2024-07-23,530.39,534.99,534.99,524.0,530.9,526.69,526.1,"8,12,368","42,73,89,939.93","2,699"
SETFNIFBK,EQ,2024-07-24,526.69,524.0,528.15,516.42,523.23,522.2,518.93,"3,37,332","17,50,50,970.72","1,814"
SETFNIFBK,EQ,2024-07-25,522.2,522.5,522.5,514.5,516.3,516.73,515.54,"8,55,944","44,12,77,649.21","3,550"
SETFNIFBK,EQ,2024-07-26,516.73,514.77,522.08,514.2,521.96,520.73,518.67,"1,26,851","6,57,93,804.12",972
SETFNIFBK,EQ,2024-07-29,520.73,523.99,530.89,520.09,522.41,521.58,525.27,"2,32,925","12,23,49,238.38","1,521"
SETFNIFBK,EQ,2024-07-30,521.58,524.74,527.0,521.01,523.15,522.91,524.07,"40,219","2,10,77,711.01",776
SETFNIFBK,EQ,2024-07-31,522.91,521.01,527.79,521.0,525.5,524.35,523.77,"3,06,299","16,04,28,896.83",769
SETFNIFBK,EQ,2024-08-01,524.35,528.71,528.98,523.31,525.13,524.54,525.89,"18,526","97,42,626.73",564
SETFNIFBK,EQ,2024-08-02,524.54,523.0,524.81,520.48,521.0,521.34,521.88,"90,323","4,71,37,704.88",692
SETFNIFBK,EQ,2024-08-05,521.34,537.0,537.0,506.5,512.0,511.91,509.91,"13,06,929","66,64,13,916.25","4,356"
SETFNIFBK,EQ,2024-08-06,511.91,514.02,516.98,504.48,506.15,505.87,508.69,"2,43,983","12,41,11,838.35","1,336"
SETFNIFBK,EQ,2024-08-07,505.87,508.0,512.99,506.5,510.5,509.96,508.52,"19,350","98,39,948.19",581
SETFNIFBK,EQ,2024-08-08,509.96,509.96,512.0,506.85,509.69,509.28,510.73,"41,844","2,13,70,991.33",490
SETFNIFBK,EQ,2024-08-09,509.28,512.0,517.6,511.35,512.2,512.64,515.52,"85,896","4,42,81,452.29","1,104"
SETFNIFBK,EQ,2024-08-12,512.64,511.01,517.2,509.01,516.0,514.45,514.66,"26,301","1,35,36,078.26",690
SETFNIFBK,EQ,2024-08-13,514.45,515.97,515.97,507.09,508.2,507.85,507.8,"2,28,680","11,61,22,681.72",983
SETFNIFBK,EQ,2024-08-14,507.85,509.99,511.55,506.31,507.37,506.84,507.01,"28,625","1,45,13,176.22",691
SETFNIFBK,EQ,2024-08-16,506.84,509.02,514.6,507.99,514.6,513.64,511.19,"39,696","2,02,92,145.08",620
SETFNIFBK,EQ,2024-08-19,513.64,498.25,521.5,498.25,514.0,512.89,514.73,"25,207","1,29,74,724.05",708
SETFNIFBK,EQ,2024-08-20,512.89,512.02,519.0,512.02,516.21,516.41,515.24,"80,657","4,15,57,742.34",616
SETFNIFBK,EQ,2024-08-21,516.41,516.01,519.38,512.71,516.2,515.9,513.52,"1,57,486","8,08,71,518.02","1,104"
SETFNIFBK,EQ,2024-08-22,515.9,518.1,519.38,516.95,517.9,518.61,518.34,"17,222","89,26,859.35",404
SETFNIFBK,EQ,2024-08-23,518.61,518.18,519.4,516.13,518.39,517.95,518.09,"10,869","56,31,167.58",313
SETFNIFBK,EQ,2024-08-26,517.95,520.99,521.68,517.96,520.0,520.27,520.82,"92,962","4,84,16,923.58",568
SETFNIFBK,EQ,2024-08-27,520.27,520.99,523.46,518.0,520.0,521.45,521.51,"3,77,809","19,70,31,428.52",818
SETFNIFBK,EQ,2024-08-28,521.45,505.8,524.99,505.8,521.0,520.44,520.72,"29,509","1,53,65,987.24",610
SETFNIFBK,EQ,2024-08-29,520.44,520.01,523.0,519.06,523.0,521.75,521.63,"1,24,012","6,46,88,337.25",557
SETFNIFBK,EQ,2024-08-30,521.75,526.79,526.79,521.05,523.4,523.28,524.49,"1,49,940","7,86,41,666.02",787
SETFNIFBK,EQ,2024-09-02,523.28,525.99,525.99,521.01,522.17,522.88,522.89,"23,517","1,22,96,822.98",612
SETFNIFBK,EQ,2024-09-03,522.88,538.55,538.55,517.26,524.65,525.63,524.26,"1,10,202","5,77,74,258.32",618
SETFNIFBK,EQ,2024-09-04,525.63,523.99,524.59,522.13,523.91,523.31,523.05,"49,396","2,58,36,440.13","1,540"
SETFNIFBK,EQ,2024-09-05,523.31,527.98,527.98,523.12,523.52,523.79,524.46,"17,474","91,64,414.69",470
SETFNIFBK,EQ,2024-09-06,523.79,522.01,526.5,514.55,519.25,516.25,518.39,"27,212","1,41,06,483.96","1,398"
SETFNIFBK,EQ,2024-09-09,516.25,515.99,521.28,512.35,521.0,520.81,516.74,"14,031","72,50,391.85",611
SETFNIFBK,EQ,2024-09-10,520.81,518.01,522.45,518.01,521.0,521.29,520.74,"1,75,621","9,14,53,112.16",442
SETFNIFBK,EQ,2024-09-11,521.29,521.63,523.0,518.13,520.73,518.43,519.82,"10,340","53,74,936.71",378
SETFNIFBK,EQ,2024-09-12,518.43,518.51,527.33,518.51,525.42,525.89,524.48,"33,027","1,73,21,926.11",443
SETFNIFBK,EQ,2024-09-13,525.89,529.41,530.99,525.0,527.37,527.79,527.14,"26,165","1,37,92,675.52",508
SETFNIFBK,EQ,2024-09-16,527.79,528.47,531.82,527.79,531.0,530.05,530.08,"1,25,049","6,62,85,997.63",849
SETFNIFBK,EQ,2024-09-17,530.05,530.06,531.8,529.55,530.0,530.87,530.52,"13,908","73,78,478.76",376
SETFNIFBK,EQ,2024-09-18,530.87,531.87,538.75,528.64,535.0,536.28,535.17,"1,12,584","6,02,51,466.54","1,384"
SETFNIFBK,EQ,2024-09-19,536.28,536.28,542.5,536.28,539.53,539.57,539.51,"78,962","4,26,01,033.85",957
SETFNIFBK,EQ,2024-09-20,539.57,541.1,550.05,539.25,547.3,549.4,544.11,"12,59,296","68,51,97,560.92","3,272"
SETFNIFBK,EQ,2024-09-23,549.4,548.0,552.29,546.38,550.77,550.02,548.8,"10,63,537","58,36,72,250.98","2,557"
SETFNIFBK,EQ,2024-09-24,550.02,550.02,551.67,548.34,549.0,549.28,549.8,"9,02,093","49,59,66,863.25","1,985"
SETFNIFBK,EQ,2024-09-25,549.28,548.3,550.5,547.81,550.47,549.96,549.58,"18,961","1,04,20,545.21",990
SETFNIFBK,EQ,2024-09-26,549.96,549.99,553.45,547.01,551.11,552.06,551.98,"3,18,437","17,57,70,640.85",887
SETFNIFBK,EQ,2024-09-27,552.06,551.99,552.65,548.0,548.51,548.7,549.87,"22,389","1,23,11,116.59","1,692"
SETFNIFBK,EQ,2024-09-30,548.7,547.56,547.56,539.88,542.1,540.34,541.1,"5,35,323","28,96,62,728.08","2,732"
SETFNIFBK,EQ,2024-10-01,540.34,540.93,542.7,538.72,540.2,539.84,540.04,"25,025","1,35,14,562.38",637
SETFNIFBK,EQ,2024-10-03,539.84,536.13,537.8,527.8,531.98,530.77,532.52,"2,61,774","13,94,00,686.23","2,602"
SETFNIFBK,EQ,2024-10-04,530.77,530.78,533.5,523.85,528.15,524.75,527.25,"67,794","3,57,44,234.75","1,879"
SETFNIFBK,EQ,2024-10-07,524.75,540.5,540.5,512.48,514.76,517.92,519.07,"1,38,846","7,20,70,356.13","2,051"
SETFNIFBK,EQ,2024-10-08,517.92,520.29,521.56,516.0,520.62,520.23,519.42,"1,63,655","8,50,05,730.60",977
SETFNIFBK,EQ,2024-10-09,520.23,524.08,526.77,519.4,526.0,520.15,521.75,"35,503","1,85,23,604.31",912
SETFNIFBK,EQ,2024-10-10,520.15,528.3,528.3,520.97,526.0,524.6,523.87,"52,462","2,74,83,473.42","1,008"
SETFNIFBK,EQ,2024-10-11,524.6,528.48,528.49,519.5,524.0,521.94,521.7,"27,694","1,44,47,984.71",648
SETFNIFBK,EQ,2024-10-14,521.94,523.99,528.11,520.06,527.26,526.88,526.98,"47,608","2,50,88,603.67",486
SETFNIFBK,EQ,2024-10-15,526.88,532.24,532.25,525.79,529.12,528.68,528.57,"2,09,831","11,09,11,097.16","1,024"
SETFNIFBK,EQ,2024-10-16,528.68,528.49,529.64,522.08,528.07,527.21,528.09,"17,984","94,97,163.14",337
SETFNIFBK,EQ,2024-10-17,527.21,531.0,533.86,520.52,523.11,522.13,522.61,"51,517","2,69,23,380.63","1,131"
SETFNIFBK,EQ,2024-10-18,522.13,523.99,531.79,518.85,529.86,531.5,528.47,"69,331","3,66,39,539.03",772
SETFNIFBK,EQ,2024-10-21,531.5,531.5,533.99,527.03,527.59,528.11,527.9,"4,45,274","23,50,61,791.14",942
SETFNIFBK,EQ,2024-10-22,528.11,532.0,533.21,521.05,521.05,521.98,526.77,"1,00,455","5,29,17,037.64",831
SETFNIFBK,EQ,2024-10-23,521.98,523.43,523.99,519.55,521.96,521.61,521.96,"50,704","2,64,65,321.21","1,527"
SETFNIFBK,EQ,2024-10-24,521.61,521.6,526.3,520.9,524.01,523.56,524.48,"45,992","2,41,21,746.77",411
SETFNIFBK,EQ,2024-10-25,523.56,523.41,523.41,513.13,517.89,516.13,516.08,"4,15,001","21,41,74,069.70","1,734"
SETFNIFBK,EQ,2024-10-28,516.13,519.99,524.11,516.16,520.92,521.46,521.82,"2,25,635","11,77,39,802.89",721
SETFNIFBK,EQ,2024-10-29,521.46,521.55,531.97,521.01,530.77,531.25,526.71,"2,61,763","13,78,73,385.10",683
SETFNIFBK,EQ,2024-10-30,531.25,529.99,531.27,525.58,528.87,528.29,529.44,"1,07,851","5,71,00,740.08","1,603"
SETFNIFBK,EQ,2024-10-31,528.29,532.99,532.99,523.33,530.19,525.22,525.88,"22,877","1,20,30,625.15",475
SETFNIFBK,EQ,2024-11-01,525.22,525.23,548.3,525.05,525.5,525.68,526.86,"8,548","45,03,586.91",425
SETFNIFBK,EQ,2024-11-04,525.68,530.68,530.68,518.85,521.97,521.16,519.48,"2,12,365","11,03,19,312.68","1,081"
SETFNIFBK,EQ,2024-11-05,521.16,520.97,531.16,513.96,527.96,530.4,525.5,"53,399","2,80,61,156.90","1,019"
SETFNIFBK,EQ,2024-11-06,530.4,532.0,538.97,530.64,531.75,533.04,532.75,"59,394","3,16,42,331.27","1,105"
SETFNIFBK,EQ,2024-11-07,533.04,528.05,533.33,526.77,529.49,528.56,528.63,"1,27,827","6,75,73,133.12","1,977"
SETFNIFBK,EQ,2024-11-08,528.56,528.55,531.39,524.64,525.31,524.98,526.45,"10,047","52,89,210.55",522
SETFNIFBK,EQ,2024-11-11,524.98,528.41,530.83,520.01,527.2,527.8,526.44,"25,804","1,35,84,129.83",421
SETFNIFBK,EQ,2024-11-12,527.8,527.01,530.99,520.5,525.0,521.24,524.12,"22,830","1,19,65,693.86",654
SETFNIFBK,EQ,2024-11-13,521.24,524.48,524.48,508.0,513.0,509.25,513.31,"79,106","4,06,05,746.43","1,639"
SETFNIFBK,EQ,2024-11-14,509.25,514.24,515.23,509.24,511.79,511.77,512.79,"19,087","97,87,596.82",598
SETFNIFBK,EQ,2024-11-18,511.77,516.77,516.77,510.0,513.19,512.23,511.66,"50,965","2,60,76,580.14",659
SETFNIFBK,EQ,2024-11-19,512.23,512.24,519.07,511.76,519.07,514.85,516.36,"15,739","81,26,987.63",835
SETFNIFBK,EQ,2024-11-21,514.85,518.43,518.43,507.65,512.64,512.87,511.44,"51,910","2,65,48,990.80",785
SETFNIFBK,EQ,2024-11-22,512.87,514.99,521.5,514.99,521.0,519.45,519.6,"1,82,144","9,46,41,432.09",768
SETFNIFBK,EQ,2024-11-25,519.45,538.0,539.5,522.59,531.5,530.79,529.74,"26,602","1,40,92,030.76",576
SETFNIFBK,EQ,2024-11-26,530.79,530.13,535.79,528.01,530.94,530.27,530.72,"19,363","1,02,76,340.11",461
SETFNIFBK,EQ,2024-11-27,530.27,534.94,534.94,528.71,530.56,531.26,530.91,"29,272","1,55,40,842.82",298
SETFNIFBK,EQ,2024-11-28,531.26,531.26,536.4,527.82,529.2,528.41,531.71,"16,634","88,44,522.53",758
SETFNIFBK,EQ,2024-11-29,528.41,523.42,533.4,523.41,528.3,528.95,528.96,"1,64,174","8,68,42,216.48",847
SETFNIFBK,EQ,2024-12-02,528.95,528.01,530.48,525.69,529.67,529.42,526.96,"3,35,265","17,66,71,354.45","2,044"
SETFNIFBK,EQ,2024-12-03,529.42,532.99,536.34,530.46,535.15,535.34,533.52,"62,362","3,32,71,381.80",517
SETFNIFBK,EQ,2024-12-04,535.34,539.75,542.49,534.98,540.25,541.29,540.14,"26,054","1,40,72,715.73",435
SETFNIFBK,EQ,2024-12-05,541.29,541.29,547.5,537.8,544.88,544.94,543.91,"46,959","2,55,41,481.36",680
SETFNIFBK,EQ,2024-12-06,544.94,544.93,547.85,540.4,546.44,545.06,545.8,"42,382","2,31,32,124.19",516
SETFNIFBK,EQ,2024-12-09,545.06,543.97,546.88,541.01,543.0,542.71,544.22,"1,33,570","7,26,91,469.92",933
SETFNIFBK,EQ,2024-12-10,542.71,543.42,545.99,542.0,545.22,544.58,544.19,"14,424","78,49,346.41",406
SETFNIFBK,EQ,2024-12-11,544.58,541.02,546.48,541.02,543.0,542.36,542.7,"25,203","1,36,77,575.16",820
SETFNIFBK,EQ,2024-12-12,542.36,542.36,544.03,540.45,541.06,540.96,541.68,"15,990","86,61,504.49",251
SETFNIFBK,EQ,2024-12-13,540.96,543.98,544.89,531.74,544.88,544.48,538.42,"38,900","2,09,44,380.54",575
SETFNIFBK,EQ,2024-12-16,544.48,540.02,547.96,540.02,545.31,544.39,544.35,"13,727","74,72,342.26",451
SETFNIFBK,EQ,2024-12-17,544.39,543.81,543.81,535.99,537.92,537.11,538.97,"2,20,364","11,87,69,185.41",838
SETFNIFBK,EQ,2024-12-18,537.11,535.27,537.13,529.59,531.79,530.9,531.4,"27,210","1,44,59,433.36",753
SETFNIFBK,EQ,2024-12-19,530.9,527.36,528.1,522.05,526.6,526.24,525.35,"14,78,536","77,67,50,430.27","2,522"
SETFNIFBK,EQ,2024-12-20,526.24,528.69,528.7,516.0,517.9,517.45,520.58,"42,376","2,20,59,890.40","1,636"
SETFNIFBK,EQ,2024-12-23,517.45,520.0,523.94,519.08,523.34,522.54,521.78,"38,317","1,99,92,895.81","1,311"
SETFNIFBK,EQ,2024-12-24,522.54,523.01,523.01,521.2,522.94,522.15,521.78,"20,416","1,06,52,615.63",254
SETFNIFBK,EQ,2024-12-26,522.15,523.54,529.3,519.75,521.85,521.0,522.26,"12,269","64,07,569.03",422
SETFNIFBK,EQ,2024-12-27,521.0,521.0,525.85,521.0,522.79,522.63,523.46,"23,456","1,22,78,281.77",710
SETFNIFBK,EQ,2024-12-30,522.63,518.02,528.77,517.0,519.88,519.33,519.75,"2,27,990","11,84,98,717.86",915
SETFNIFBK,EQ,2024-12-31,519.33,524.33,524.33,516.2,517.71,517.93,517.74,"34,289","1,77,52,844.47",755
SETFNIFBK,EQ,2025-01-01,517.93,518.0,522.59,514.0,519.99,519.51,518.12,"22,628","1,17,24,126.96",952
SETFNIFBK,EQ,2025-01-02,519.51,524.44,525.0,518.63,523.82,523.95,522.58,"15,318","80,04,904.87","1,419"
SETFNIFBK,EQ,2025-01-03,523.95,523.96,526.99,518.92,520.23,520.12,521.16,"10,41,230","54,26,45,674.00","3,044"
SETFNIFBK,EQ,2025-01-06,520.12,515.19,525.11,507.79,510.2,509.44,510.14,"10,57,983","53,97,17,791.95","6,387"
SETFNIFBK,EQ,2025-01-07,509.44,515.54,515.54,509.45,511.5,511.07,511.8,"25,900","1,32,55,543.67",689
SETFNIFBK,EQ,2025-01-08,511.07,511.5,511.5,501.73,508.17,507.55,504.38,"10,87,244","54,83,86,761.36","1,933"
SETFNIFBK,EQ,2025-01-09,507.55,511.8,511.8,502.0,504.15,503.68,503.59,"31,002","1,56,12,191.14",912
SETFNIFBK,EQ,2025-01-10,503.68,505.99,551.6,495.6,500.0,497.73,499.3,"1,50,081","7,49,35,057.61","1,896"
SETFNIFBK,EQ,2025-01-13,497.73,496.99,497.0,487.5,489.78,489.0,490.13,"2,37,670","11,64,89,504.40","2,989"
SETFNIFBK,EQ,2025-01-14,489.0,493.99,498.78,492.0,498.36,497.25,495.88,"34,988","1,73,49,951.58","1,008"
SETFNIFBK,EQ,2025-01-15,497.25,497.25,499.65,494.0,497.42,496.25,496.56,"14,594","72,46,828.12",552
SETFNIFBK,EQ,2025-01-16,496.25,497.01,503.61,497.01,500.82,500.4,500.58,"14,19,398","71,05,24,502.10","1,025"
SETFNIFBK,EQ,2025-01-17,500.4,495.41,499.99,490.64,493.5,493.13,491.62,"11,65,884","57,31,76,491.09","2,633"
SETFNIFBK,EQ,2025-01-20,493.13,498.12,504.0,493.14,500.99,500.88,500.42,"3,54,936","17,76,16,491.30","1,678"
SETFNIFBK,EQ,2025-01-21,500.88,496.38,502.99,493.3,495.27,494.91,498.17,"68,433","3,40,91,345.08","1,266"
SETFNIFBK,EQ,2025-01-22,494.91,494.51,497.29,490.0,495.1,495.91,492.4,"1,26,582","6,23,29,114.69",916
SETFNIFBK,EQ,2025-01-23,495.91,496.41,497.73,493.58,494.86,494.83,494.86,"19,265","95,33,439.74",341
SETFNIFBK,EQ,2025-01-24,494.83,494.87,497.01,490.9,492.07,492.13,493.25,"37,616","1,85,54,049.96",476
SETFNIFBK,EQ,2025-01-27,492.13,487.14,494.58,487.01,488.42,488.91,489.44,"1,48,251","7,25,60,603.00","1,083"
SETFNIFBK,EQ,2025-01-28,488.91,490.09,500.91,490.09,497.75,497.5,497.59,"1,59,388","7,93,10,225.74","2,130"
SETFNIFBK,EQ,2025-01-29,497.5,497.51,503.9,497.51,503.9,499.61,500.16,"7,15,451","35,78,40,386.12",806
SETFNIFBK,EQ,2025-01-30,499.61,504.34,504.34,499.23,501.62,501.3,500.84,"1,56,424","7,83,42,729.86","1,773"
SETFNIFBK,EQ,2025-01-31,501.3,502.99,505.14,499.07,504.9,504.1,502.47,"27,731","1,39,34,083.91",719
SETFNIFBK,EQ,2025-02-01,504.1,504.1,509.11,497.95,503.05,503.81,504.88,"39,462","1,99,23,748.54",895
SETFNIFBK,EQ,2025-02-03,503.81,499.99,502.32,496.87,501.54,501.84,501.71,"2,47,192","12,40,17,478.43","1,725"
SETFNIFBK,EQ,2025-02-04,501.84,503.0,509.89,503.0,508.9,509.31,506.93,"3,34,256","16,94,44,658.71","1,472"
SETFNIFBK,EQ,2025-02-05,509.31,510.0,513.43,509.46,511.2,511.95,511.99,"20,592","1,05,42,900.31",550
SETFNIFBK,EQ,2025-02-06,511.95,512.99,513.19,510.01,513.19,512.6,511.93,"17,692","90,57,078.92",437
SETFNIFBK,EQ,2025-02-07,512.6,512.59,515.64,508.0,511.4,510.43,512.48,"63,141","3,23,58,189.30",699
SETFNIFBK,EQ,2025-02-10,510.43,511.36,511.36,506.0,506.25,506.9,507.4,"18,745","95,11,226.22","1,475"
SETFNIFBK,EQ,2025-02-11,506.9,506.9,507.43,501.42,503.06,503.41,504.39,"38,048","1,91,91,098.82",435
SETFNIFBK,EQ,2025-02-12,503.41,505.99,506.0,496.32,504.0,504.09,502.05,"58,353","2,92,95,999.23","1,053"
SETFNIFBK,EQ,2025-02-13,504.09,505.0,507.32,501.64,503.0,502.56,505.77,"31,821","1,60,94,109.80",470
SETFNIFBK,EQ,2025-02-14,502.56,503.01,505.99,495.3,499.6,499.93,498.49,"37,125","1,85,06,364.01",662
SETFNIFBK,EQ,2025-02-17,499.93,502.91,502.91,494.01,502.1,501.87,499.42,"62,301","3,11,14,295.31",443
SETFNIFBK,EQ,2025-02-18,501.87,501.86,501.86,497.2,499.77,499.58,498.68,"7,385","36,82,722.74",278
SETFNIFBK,EQ,2025-02-19,499.58,503.39,505.0,497.0,504.52,504.46,503.16,"13,154","66,18,560.77",258
SETFNIFBK,EQ,2025-02-20,504.46,504.43,504.43,500.39,502.7,502.56,502.59,"2,04,001","10,25,27,907.85",982
SETFNIFBK,EQ,2025-02-21,502.56,503.43,503.43,497.05,498.9,497.78,498.3,"47,615","2,37,26,554.04",946
SETFNIFBK,EQ,2025-02-24,497.78,500.0,500.99,491.46,496.4,495.94,493.19,"31,442","1,55,06,783.82",624
SETFNIFBK,EQ,2025-02-25,495.94,495.94,496.82,493.2,493.2,493.93,494.47,"1,14,517","5,66,25,202.37","1,798"
SETFNIFBK,EQ,2025-02-27,493.93,494.99,497.99,494.99,496.31,495.79,496.02,"2,64,364","13,11,31,091.50",397
SETFNIFBK,EQ,2025-02-28,495.79,499.98,500.49,490.1,493.7,492.39,491.66,"1,22,510","6,02,33,114.01","1,077"
SETFNIFBK,EQ,2025-03-03,492.39,490.0,496.96,487.35,490.11,489.77,489.04,"38,488","1,88,22,306.48",949
SETFNIFBK,EQ,2025-03-04,489.77,491.99,492.73,488.55,492.44,491.2,491.32,"14,878","73,09,838.51",378
SETFNIFBK,EQ,2025-03-05,491.2,492.99,495.6,491.21,494.9,493.85,494.01,"51,326","2,53,55,482.47",845
SETFNIFBK,EQ,2025-03-06,493.85,501.87,501.88,492.0,495.15,494.99,494.69,"31,674","1,56,68,894.23",540
SETFNIFBK,EQ,2025-03-07,494.99,494.96,495.9,492.37,493.0,493.75,493.9,"10,232","50,53,631.15",447
SETFNIFBK,EQ,2025-03-10,493.75,493.75,494.61,490.28,490.28,490.59,492.22,"16,541","81,41,840.27",473
SETFNIFBK,EQ,2025-03-11,490.59,488.0,489.0,485.0,487.92,487.18,486.98,"87,714","4,27,14,610.01",754
SETFNIFBK,EQ,2025-03-12,487.18,489.99,491.97,487.18,489.4,489.2,489.57,"1,33,851","6,55,29,668.98",415
SETFNIFBK,EQ,2025-03-13,489.2,489.2,494.49,487.5,487.5,489.12,490.6,"30,732","1,50,77,252.09","1,677"
SETFNIFBK,EQ,2025-03-17,489.12,489.21,493.5,488.8,491.53,491.96,492.15,"11,055","54,40,741.77",409
SETFNIFBK,EQ,2025-03-18,491.96,493.02,503.33,493.01,502.32,501.05,499.87,"10,66,313","53,30,12,866.23","1,030"
SETFNIFBK,EQ,2025-03-19,501.05,505.86,507.0,501.86,506.2,506.63,505.92,"32,900","1,66,44,614.96",971
SETFNIFBK,EQ,2025-03-20,506.63,511.99,512.0,503.25,508.12,508.67,508.78,"1,04,502","5,31,68,109.35","1,152"
SETFNIFBK,EQ,2025-03-21,508.67,504.03,514.53,504.03,513.44,514.04,512.82,"1,04,666","5,36,75,298.17","1,405"
SETFNIFBK,EQ,2025-03-24,514.04,519.99,526.0,510.01,525.61,524.68,524.42,"4,53,863","23,80,15,167.43","1,561"
SETFNIFBK,EQ,2025-03-25,524.68,525.99,529.01,522.73,524.75,523.81,527.2,"9,72,143","51,25,13,425.72","2,386"
SETFNIFBK,EQ,2025-03-26,523.81,524.2,527.34,519.8,522.05,520.27,523.25,"16,588","86,79,739.38",496
SETFNIFBK,EQ,2025-03-27,520.27,519.43,525.91,519.04,524.58,524.83,525.12,"10,80,986","56,76,50,044.59",849
SETFNIFBK,EQ,2025-03-28,524.83,528.98,528.98,522.61,528.0,525.46,524.66,"5,28,657","27,73,62,909.89","1,113"
SETFNIFBK,EQ,2025-04-01,525.46,524.99,525.95,516.54,517.36,517.73,519.29,"36,228","1,88,13,019.00","1,491"
SETFNIFBK,EQ,2025-04-02,517.73,512.02,522.73,510.13,522.18,521.9,521.06,"39,824","2,07,50,653.85",790
SETFNIFBK,EQ,2025-04-03,521.9,520.09,525.48,515.34,524.15,524.71,523.89,"83,592","4,37,92,745.47",754
SETFNIFBK,EQ,2025-04-04,524.71,524.37,527.66,521.64,522.9,523.38,524.61,"5,75,585","30,19,56,629.48","1,915"
SETFNIFBK,EQ,2025-04-07,523.38,505.11,516.76,501.43,512.93,510.64,508.03,"6,18,551","31,42,43,366.89","4,675"
SETFNIFBK,EQ,2025-04-08,510.64,516.1,521.88,509.3,513.5,513.22,513.98,"12,09,432","62,16,21,598.74","2,891"
SETFNIFBK,EQ,2025-04-09,513.22,516.99,516.99,507.35,511.5,511.71,510.51,"2,69,887","13,77,80,994.01","2,581"
SETFNIFBK,EQ,2025-04-11,511.71,514.0,520.06,514.0,517.85,517.8,517.13,"12,50,285","64,65,65,614.39","2,001"
SETFNIFBK,EQ,2025-04-15,517.8,522.0,532.75,522.0,531.94,532.01,530.29,"7,49,944","39,76,90,246.51","2,139"
SETFNIFBK,EQ,2025-04-16,532.01,532.6,541.5,532.37,539.71,540.96,537.71,"5,57,065","29,95,38,447.73","2,643"
SETFNIFBK,EQ,2025-04-17,540.96,539.01,552.67,535.96,551.0,551.35,551.05,"6,34,349","34,95,57,739.55","3,760"
SETFNIFBK,EQ,2025-04-21,551.35,552.42,563.1,552.41,561.06,561.55,561.77,"6,51,722","36,61,17,923.10","4,552"
SETFNIFBK,EQ,2025-04-22,561.55,561.77,568.35,561.11,564.31,565.2,567.25,"5,90,752","33,51,03,133.70","1,791"
SETFNIFBK,EQ,2025-04-23,565.2,566.11,574.97,560.38,563.39,562.09,562.5,"3,08,726","17,36,59,251.80","1,351"
SETFNIFBK,EQ,2025-04-24,562.09,563.33,563.8,557.09,559.76,561.01,561.52,"48,029","2,69,69,460.85",448
SETFNIFBK,EQ,2025-04-25,561.01,561.06,562.69,550.5,554.44,555.06,555.2,"4,45,666","24,74,34,964.50","2,250"
SETFNIFBK,EQ,2025-04-28,555.06,560.05,564.53,554.79,563.2,562.87,561.92,"28,914","1,62,47,306.66",605
SETFNIFBK,EQ,2025-04-29,562.87,564.94,568.94,561.52,561.94,562.15,562.79,"1,77,958","10,01,52,866.51",920
SETFNIFBK,EQ,2025-04-30,562.15,561.35,563.72,558.32,559.15,559.95,560.35,"33,776","1,89,26,420.51",577
SETFNIFBK,EQ,2025-05-02,559.95,560.91,566.0,558.4,558.4,559.61,560.65,"2,25,848","12,66,20,665.01","1,028"
SETFNIFBK,EQ,2025-05-05,559.61,558.99,561.29,556.38,558.96,557.92,558.73,"59,058","3,29,97,502.30",708
SETFNIFBK,EQ,2025-05-06,557.92,564.96,565.88,549.63,551.99,551.04,554.49,"1,34,203","7,44,14,732.67","1,305"
SETFNIFBK,EQ,2025-05-07,551.04,550.0,555.66,548.29,553.8,554.46,551.36,"5,58,714","30,80,55,000.50","3,149"
SETFNIFBK,EQ,2025-05-08,554.46,555.99,557.47,548.62,553.5,552.15,552.34,"1,96,973","10,87,96,779.53",484
SETFNIFBK,EQ,2025-05-09,552.15,544.86,548.91,543.38,545.6,544.78,545.27,"5,64,845","30,79,93,695.61","7,603"
SETFNIFBK,EQ,2025-05-12,544.78,556.07,564.54,556.01,564.54,562.24,561.61,"10,26,048","57,62,41,863.85","1,753"
SETFNIFBK,EQ,2025-05-13,562.24,564.42,564.42,558.16,560.0,558.81,560.18,"20,931","1,17,25,190.71",780
SETFNIFBK,EQ,2025-05-14,558.81,563.8,563.8,553.95,557.24,557.17,555.37,"2,78,825","15,48,51,254.91","1,108"
SETFNIFBK,EQ,2025-05-15,557.17,562.16,563.64,553.1,562.35,562.34,559.79,"53,514","2,99,56,867.69","1,238"
SETFNIFBK,EQ,2025-05-16,562.34,563.11,564.6,561.28,564.0,563.27,563.78,"2,67,060","15,05,62,925.25","1,508"
SETFNIFBK,EQ,2025-05-19,563.27,562.59,566.9,562.59,564.84,563.67,564.79,"17,848","1,00,80,293.80",617
SETFNIFBK,EQ,2025-05-20,563.67,564.0,565.82,558.0,559.23,558.26,558.5,"4,22,331","23,58,72,784.84",699
SETFNIFBK,EQ,2025-05-21,558.26,558.25,563.05,557.0,559.4,560.2,559.87,"3,15,158","17,64,48,288.90",798
SETFNIFBK,EQ,2025-05-22,560.2,563.0,563.0,555.34,558.9,558.98,555.71,"3,15,843","17,55,16,435.19","1,618"
SETFNIFBK,EQ,2025-05-23,558.98,562.99,564.0,552.88,563.3,563.41,562.29,"43,565","2,44,96,236.55",535
SETFNIFBK,EQ,2025-05-26,563.41,566.23,568.29,562.63,565.07,565.36,565.7,"20,151","1,13,99,424.17",515
SETFNIFBK,EQ,2025-05-27,565.36,565.36,567.56,560.0,563.39,563.55,564.19,"36,797","2,07,60,410.63",921
SETFNIFBK,EQ,2025-05-28,563.55,563.0,564.78,562.01,563.16,564.16,564.1,"1,41,516","7,98,29,698.70",523
SETFNIFBK,EQ,2025-05-29,564.16,564.01,566.96,561.2,566.84,565.31,562.87,"18,908","1,06,42,707.11",552
SETFNIFBK,EQ,2025-05-30,565.31,565.4,567.88,563.56,567.82,567.32,566.17,"50,624","2,86,61,906.51","1,177"
SETFNIFBK,EQ,2025-06-02,567.32,567.31,569.46,563.58,568.0,568.93,567.65,"14,489","82,24,629.25",568
SETFNIFBK,EQ,2025-06-03,568.93,568.01,570.0,564.26,564.5,565.51,566.6,"3,42,149","19,38,62,406.91","1,630"
SETFNIFBK,EQ,2025-06-04,565.51,562.01,567.0,562.01,566.56,566.34,565.64,"7,767","43,93,355.91",287
SETFNIFBK,EQ,2025-06-05,566.34,566.33,569.29,565.75,566.12,567.66,567.28,"3,23,743","18,36,51,739.14",402
SETFNIFBK,EQ,2025-06-06,567.66,567.66,577.23,565.01,573.38,576.64,574.62,"1,67,023","9,59,75,496.39","1,303"
SETFNIFBK,EQ,2025-06-09,576.64,576.63,581.99,576.07,578.54,578.7,579.36,"41,580","2,40,89,747.42",977
SETFNIFBK,EQ,2025-06-10,578.7,584.42,584.43,575.8,576.0,576.2,576.37,"1,42,379","8,20,62,333.35",726
SETFNIFBK,EQ,2025-06-11,576.2,579.94,579.95,574.09,574.5,574.84,575.59,"36,695","2,11,21,303.13",402
SETFNIFBK,EQ,2025-06-12,574.84,574.84,576.33,569.78,570.41,570.51,571.1,"20,453","1,16,80,631.14",433
SETFNIFBK,EQ,2025-06-13,570.51,566.0,567.87,563.01,566.46,564.78,564.36,"4,60,273","25,97,61,731.16","1,415"
SETFNIFBK,EQ,2025-06-16,564.78,561.79,569.5,561.79,569.29,569.04,566.95,"6,88,338","39,02,54,637.55","3,819"
SETFNIFBK,EQ,2025-06-17,569.04,569.66,569.98,566.09,566.38,566.73,566.96,"14,526","82,35,649.34",831
SETFNIFBK,EQ,2025-06-18,566.73,569.56,569.56,565.01,568.44,568.04,567.53,"4,14,997","23,55,24,256.54",944
SETFNIFBK,EQ,2025-06-19,568.04,570.99,570.99,564.49,564.59,565.19,566.49,"16,594","94,00,273.71",415
SETFNIFBK,EQ,2025-06-20,565.19,565.99,573.99,565.99,571.07,571.88,569.14,"5,63,088","32,04,73,312.23","3,906"
SETFNIFBK,EQ,2025-06-23,571.88,567.99,571.8,567.71,569.65,570.01,570.86,"1,92,027","10,96,20,659.21",522
SETFNIFBK,EQ,2025-06-24,570.01,575.0,578.46,572.69,574.54,574.63,575.83,"31,756","1,82,86,002.21",672
SETFNIFBK,EQ,2025-06-25,574.63,575.15,577.67,575.0,575.83,576.55,577.12,"3,03,146","17,49,51,369.71",778
SETFNIFBK,EQ,2025-06-26,576.55,579.43,582.65,576.01,580.83,581.62,580.22,"26,803","1,55,51,585.48",626
SETFNIFBK,EQ,2025-06-27,581.62,575.0,587.85,575.0,587.5,587.56,586.02,"51,631","3,02,56,738.59",653
SETFNIFBK,EQ,2025-06-30,587.56,583.0,588.1,582.56,584.46,584.69,585.28,"64,957","3,80,18,030.33",865
SETFNIFBK,EQ,2025-07-01,584.69,588.23,588.24,583.25,586.04,586.33,586.08,"24,171","1,41,66,221.74",328
SETFNIFBK,EQ,2025-07-02,586.33,586.34,588.22,579.67,581.42,581.98,580.43,"1,93,552","11,23,44,220.07",563
SETFNIFBK,EQ,2025-07-03,581.98,582.0,583.55,579.2,579.32,579.49,579.73,"3,22,594","18,70,17,254.12",694
SETFNIFBK,EQ,2025-07-04,579.49,593.97,593.97,577.83,581.0,581.41,581.34,"3,81,553","22,18,11,031.13",355
SETFNIFBK,EQ,2025-07-07,581.41,582.99,584.0,579.82,580.53,580.83,580.35,"42,446","2,46,33,715.27",442
SETFNIFBK,EQ,2025-07-08,580.83,583.73,584.41,580.85,584.22,584.11,583.47,"12,351","72,06,426.40",396
SETFNIFBK,EQ,2025-07-09,584.11,583.95,584.54,581.93,583.2,583.52,583.12,"2,86,151","16,68,61,621.03",523
SETFNIFBK,EQ,2025-07-10,583.52,584.34,584.34,580.82,580.86,581.02,581.5,"3,10,568","18,05,95,689.58",574
SETFNIFBK,EQ,2025-07-11,581.02,580.01,583.99,578.21,579.0,579.43,580.39,"6,797","39,44,888.18",416
SETFNIFBK,EQ,2025-07-14,579.43,579.99,581.59,577.75,580.58,579.8,580.02,"9,203","53,37,921.52",356
SETFNIFBK,EQ,2025-07-15,579.8,578.0,583.7,565.3,582.74,582.33,582.41,"18,187","1,05,92,303.66",479
SETFNIFBK,EQ,2025-07-16,582.33,582.98,584.81,581.64,583.23,584.04,583.23,"6,753","39,38,560.67",329
SETFNIFBK,EQ,2025-07-17,584.04,584.04,584.45,580.0,581.0,580.26,580.63,"1,01,844","5,91,33,698.23",440
SETFNIFBK,EQ,2025-07-18,580.26,583.16,583.74,574.96,575.93,575.99,576.37,"13,454","77,54,543.23","1,011"
SETFNIFBK,EQ,2025-07-21,575.99,590.38,590.38,575.01,582.5,581.76,581.02,"63,814","3,70,77,106.73",733
SETFNIFBK,EQ,2025-07-22,581.76,596.3,596.3,578.93,579.52,579.38,580.83,"48,097","2,79,36,278.88",344
SETFNIFBK,EQ,2025-07-23,579.38,582.27,585.88,579.18,582.63,584.39,584.12,"2,82,616","16,50,81,341.75",660
SETFNIFBK,EQ,2025-07-24,584.39,584.39,584.48,580.81,583.37,582.72,582.2,"11,015","64,12,953.09",320
SETFNIFBK,EQ,2025-07-25,582.72,582.57,583.58,576.82,577.55,577.75,579.73,"20,065","1,16,32,285.88",509
SETFNIFBK,EQ,2025-07-28,577.75,577.68,578.3,572.64,573.83,573.12,576.29,"51,586","2,97,28,592.44",723
SETFNIFBK,EQ,2025-07-29,573.12,587.44,587.44,571.5,575.6,574.65,573.68,"9,532","54,68,270.74",438
SETFNIFBK,EQ,2025-07-30,574.65,575.35,575.94,573.5,574.64,573.98,574.64,"12,596","72,38,213.48",722
SETFNIFBK,EQ,2025-07-31,573.98,572.99,576.53,568.51,573.75,572.26,570.79,"23,589","1,34,64,295.47",408
SETFNIFBK,EQ,2025-08-01,572.26,575.12,575.12,568.51,569.78,569.12,570.81,"13,722","78,32,692.21",658
SETFNIFBK,EQ,2025-08-04,569.12,569.82,570.54,567.56,569.45,569.19,569.79,"9,130","52,02,162.47",407
SETFNIFBK,EQ,2025-08-05,569.19,568.92,568.97,565.5,567.21,566.57,565.69,"53,394","3,02,04,635.85",352
SETFNIFBK,EQ,2025-08-06,566.57,566.55,568.37,565.26,567.48,566.59,566.61,"19,217","1,08,88,591.70",239
SETFNIFBK,EQ,2025-08-07,566.59,569.42,569.43,562.75,569.37,568.73,565.05,"19,393","1,09,58,072.35",599
SETFNIFBK,EQ,2025-08-08,568.73,568.74,568.74,561.76,562.16,563.02,564.06,"74,845","4,22,17,357.11",750
SETFNIFBK,EQ,2025-08-11,563.02,565.83,570.0,560.87,570.0,567.27,565.89,"11,373","64,35,812.42",413
SETFNIFBK,EQ,2025-08-12,567.27,567.99,569.26,564.0,565.9,564.43,565.44,"8,498","48,05,085.47",643
SETFNIFBK,EQ,2025-08-13,564.43,565.9,566.83,564.51,566.17,565.69,565.54,"10,096","57,09,642.59",213
SETFNIFBK,EQ,2025-08-14,565.69,567.81,568.5,564.59,568.5,567.0,567.24,"3,853","21,85,594.13",181
SETFNIFBK,EQ,2025-08-18,567.0,573.09,575.0,570.14,572.5,570.87,572.64,"18,349","1,05,07,446.83",435
SETFNIFBK,EQ,2025-08-19,570.87,572.51,573.79,569.95,573.0,572.36,572.18,"1,36,448","7,80,73,448.34",766
SETFNIFBK,EQ,2025-08-20,572.36,574.99,575.0,569.37,571.0,570.8,570.59,"4,941","28,19,306.28",301
SETFNIFBK,EQ,2025-08-21,570.8,569.01,574.99,569.01,571.38,571.23,571.82,"3,299","18,86,448.56",199
SETFNIFBK,EQ,2025-08-22,571.23,571.27,571.27,564.75,565.61,565.37,566.52,"12,931","73,25,725.62",491
SETFNIFBK,EQ,2025-08-25,565.37,568.19,570.11,564.51,566.93,564.64,565.12,"32,946","1,86,18,364.23",544
SETFNIFBK,EQ,2025-08-26,564.64,564.53,569.64,558.11,560.5,558.84,558.96,"1,33,087","7,43,90,070.21","2,129"
SETFNIFBK,EQ,2025-08-28,558.84,558.84,562.79,551.91,554.0,552.52,554.25,"35,396","1,96,18,403.63","1,006"
SETFNIFBK,EQ,2025-08-29,552.52,554.06,555.11,549.55,551.65,550.43,551.81,"37,727","2,08,18,112.36",747
SETFNIFBK,EQ,2025-09-01,550.43,564.19,564.19,549.3,554.27,553.48,553.13,"49,984","2,76,47,883.62","1,401"
SETFNIFBK,EQ,2025-09-02,553.48,556.45,556.45,549.39,551.0,550.63,551.93,"15,663","86,44,906.12","1,431"
SETFNIFBK,EQ,2025-09-03,550.63,550.99,555.0,548.52,554.97,553.94,552.53,"26,245","1,45,01,172.30",554
SETFNIFBK,EQ,2025-09-04,553.94,557.81,557.81,553.0,554.17,553.93,555.14,"17,270","95,87,283.91",435
SETFNIFBK,EQ,2025-09-05,553.93,555.31,555.8,551.0,555.47,554.83,553.09,"14,499","80,19,271.73",433
SETFNIFBK,EQ,2025-09-08,554.83,555.99,558.86,554.34,557.09,555.6,556.0,"15,547","86,44,196.50",452
SETFNIFBK,EQ,2025-09-09,555.6,555.61,557.32,554.28,556.71,556.12,555.73,"8,002","44,46,967.61",282
SETFNIFBK,EQ,2025-09-10,556.12,557.0,560.81,557.0,559.72,559.24,559.02,"1,14,255","6,38,71,189.84","4,059"
SETFNIFBK,EQ,2025-09-11,559.24,559.24,561.78,558.25,560.88,561.05,560.17,"11,765","65,90,423.50",454
SETFNIFBK,EQ,2025-09-12,561.05,561.05,563.25,560.05,563.25,562.24,561.88,"77,797","4,37,12,631.64","1,646"
SETFNIFBK,EQ,2025-09-15,562.24,564.99,566.99,561.0,563.0,563.01,563.09,"10,696","60,22,829.99",538
SETFNIFBK,EQ,2025-09-16,563.01,563.5,565.67,562.4,565.17,565.14,564.83,"15,560","87,88,720.34",221
SETFNIFBK,EQ,2025-09-17,565.14,566.79,569.85,565.18,569.45,569.01,567.84,"12,533","71,16,705.71",320
SETFNIFBK,EQ,2025-09-18,569.01,573.59,573.59,569.0,570.2,570.59,570.91,"12,428","70,95,284.10",432
SETFNIFBK,EQ,2025-09-19,570.59,572.28,572.28,567.71,569.6,569.05,568.85,"71,875","4,08,86,440.13",427
SETFNIFBK,EQ,2025-09-22,569.05,569.0,571.89,566.0,566.81,566.82,569.17,"3,26,761","18,59,82,469.89","2,094"
SETFNIFBK,EQ,2025-09-23,566.82,566.82,570.11,565.26,568.0,567.94,568.46,"10,55,958","60,02,69,304.78","1,004"
SETFNIFBK,EQ,2025-09-24,567.94,567.94,568.83,563.17,563.17,563.97,564.85,"5,43,569","30,70,36,630.37",838
SETFNIFBK,EQ,2025-09-25,563.97,565.94,565.94,562.8,562.81,563.16,564.31,"16,374","92,39,953.83",342
SETFNIFBK,EQ,2025-09-26,563.16,563.0,563.0,556.41,557.72,557.51,559.93,"42,290","2,36,79,559.95",955
SETFNIFBK,EQ,2025-09-29,557.51,561.99,561.99,555.61,558.56,556.98,557.13,"1,33,204","7,42,12,529.34",643
SETFNIFBK,EQ,2025-09-30,556.98,559.76,561.48,557.81,561.48,558.88,558.86,"59,864","3,34,55,685.22",603
SETFNIFBK,EQ,2025-10-01,558.88,559.45,567.4,559.45,567.39,566.9,565.91,"6,46,328","36,57,65,471.28",976
SETFNIFBK,EQ,2025-10-03,566.9,562.0,569.46,562.0,568.05,568.65,567.71,"2,60,334","14,77,95,219.22",909
SETFNIFBK,EQ,2025-10-06,568.65,568.65,576.23,565.06,575.9,575.12,574.33,"6,17,505","35,46,52,015.93","1,172"
SETFNIFBK,EQ,2025-10-07,575.12,573.95,578.61,573.53,576.0,575.51,576.42,"12,709","73,25,700.86",563
SETFNIFBK,EQ,2025-10-08,575.51,576.32,576.87,571.64,573.0,573.42,574.0,"7,931","45,52,363.55",373
SETFNIFBK,EQ,2025-10-09,573.42,575.68,576.25,572.01,575.71,575.76,574.01,"44,012","2,52,63,525.87",402
SETFNIFBK,EQ,2025-10-10,575.76,577.84,581.0,573.08,580.02,580.02,579.78,"42,904","2,48,74,991.74",527
SETFNIFBK,EQ,2025-10-13,580.02,579.99,581.53,577.01,581.15,580.16,579.29,"2,03,267","11,77,50,607.34",843
SETFNIFBK,EQ,2025-10-14,580.16,580.16,581.53,576.58,578.72,578.64,578.42,"34,717","2,00,80,877.15","1,299"
SETFNIFBK,EQ,2025-10-15,578.64,578.01,582.84,465.64,580.0,566.92,567.4,"3,00,600","17,05,60,531.44",782
SETFNIFBK,EQ,2025-10-16,566.92,580.01,588.38,579.84,585.5,587.11,586.1,"1,57,116","9,20,85,393.68","1,056"
SETFNIFBK,EQ,2025-10-17,587.11,584.29,591.8,584.29,591.8,590.33,589.17,"2,81,735","16,59,88,971.46","1,097"
SETFNIFBK,EQ,2025-10-20,590.33,590.5,595.92,590.5,594.1,594.11,594.59,"34,917","2,07,61,213.77","1,240"
SETFNIFBK,EQ,2025-10-21,594.11,594.11,597.37,592.34,592.6,593.44,593.9,"8,040","47,74,964.46",373
SETFNIFBK,EQ,2025-10-23,593.44,596.1,599.84,592.5,592.5,594.52,597.67,"67,816","4,05,31,772.68",830
SETFNIFBK,EQ,2025-10-24,594.52,594.52,595.0,588.04,589.2,590.27,590.45,"46,309","2,73,43,257.71",702
SETFNIFBK,EQ,2025-10-27,590.27,590.45,596.0,590.25,595.45,594.4,594.19,"40,315","2,39,54,885.51",784
SETFNIFBK,EQ,2025-10-28,594.4,595.36,596.69,591.51,595.66,595.54,594.84,"17,174","1,02,15,756.19",328
SETFNIFBK,EQ,2025-10-29,595.54,595.41,598.89,594.8,597.83,597.54,597.23,"1,00,886","6,02,51,711.18",599
SETFNIFBK,EQ,2025-10-30,597.54,597.4,597.4,594.43,595.78,595.41,595.76,"1,07,645","6,41,30,864.01","1,106"
SETFNIFBK,EQ,2025-10-31,595.41,595.31,597.11,591.95,593.08,592.67,593.61,"15,601","92,60,912.38",450
SETFNIFBK,EQ,2025-11-03,592.67,592.96,596.33,591.8,595.69,595.5,594.21,"22,479","1,33,57,167.63",506
SETFNIFBK,EQ,2025-11-04,595.5,595.5,595.5,590.95,592.11,591.75,592.11,"41,427","2,45,29,516.88",399
SETFNIFBK,EQ,2025-11-06,591.75,592.57,594.21,589.24,589.69,589.61,590.22,"2,92,331","17,25,40,186.94","2,293"
SETFNIFBK,EQ,2025-11-07,589.61,590.69,594.56,586.4,593.24,592.87,593.14,"83,848","4,97,33,690.24",440
SETFNIFBK,EQ,2025-11-10,592.87,593.17,595.33,592.87,593.08,593.68,594.12,"55,022","3,26,89,720.29","1,262"
SETFNIFBK,EQ,2025-11-11,593.68,596.55,596.63,590.0,595.82,595.15,591.84,"17,354","1,02,70,818.36",639
SETFNIFBK,EQ,2025-11-12,595.15,595.15,598.26,592.04,595.61,595.65,596.89,"19,197","1,14,58,422.28",334
SETFNIFBK,EQ,2025-11-13,595.65,595.62,599.55,595.17,596.4,597.02,598.05,"31,508","1,88,43,487.51",324
SETFNIFBK,EQ,2025-11-14,597.02,596.28,599.48,595.69,598.5,598.37,598.15,"1,01,192","6,05,28,261.35",911
SETFNIFBK,EQ,2025-11-17,598.37,600.07,603.3,599.67,603.1,603.02,602.01,"24,897","1,49,88,221.43",463
SETFNIFBK,EQ,2025-11-18,603.02,602.6,604.73,601.79,602.43,602.97,603.35,"88,343","5,33,02,141.61",521
SETFNIFBK,EQ,2025-11-19,602.97,601.81,605.99,598.02,605.07,605.47,603.47,"32,520","1,96,24,791.50",651
SETFNIFBK,EQ,2025-11-20,605.47,606.0,608.03,604.74,606.86,607.14,606.38,"18,647","1,13,07,078.13",470
SETFNIFBK,EQ,2025-11-21,607.14,605.0,606.07,599.04,602.13,601.99,602.98,"29,735","1,79,29,546.21",467
SETFNIFBK,EQ,2025-11-24,601.99,602.48,606.62,600.17,600.98,602.16,605.15,"62,430","3,77,79,395.61",378
SETFNIFBK,EQ,2025-11-25,602.16,601.79,605.0,600.82,601.77,601.47,602.39,"16,486","99,30,983.28",358
SETFNIFBK,EQ,2025-11-26,601.47,597.0,609.55,597.0,609.2,609.24,607.95,"2,76,500","16,80,97,527.72",390
SETFNIFBK,EQ,2025-11-27,609.24,609.99,612.5,609.12,611.66,610.92,610.9,"39,006","2,38,28,905.24",628
SETFNIFBK,EQ,2025-11-28,610.92,610.92,615.04,610.35,612.0,611.23,612.12,"2,37,264","14,52,34,696.29","1,027"
SETFNIFBK,EQ,2025-12-01,611.23,612.11,615.0,609.2,610.88,610.48,612.89,"68,193","4,17,94,524.60","1,275"
SETFNIFBK,EQ,2025-12-02,610.48,625.74,625.74,607.0,608.42,607.38,608.58,"97,913","5,95,87,659.45","6,926"
SETFNIFBK,EQ,2025-12-03,607.38,608.19,609.0,604.17,608.0,608.7,605.65,"17,304","1,04,80,166.00",403
SETFNIFBK,EQ,2025-12-04,608.7,609.79,610.0,604.4,607.03,606.26,605.49,"6,47,728","39,21,94,941.17",949
SETFNIFBK,EQ,2025-12-05,606.26,606.27,611.7,601.26,610.22,611.12,609.85,"2,88,239","17,57,83,746.67",456
SETFNIFBK,EQ,2025-12-08,611.12,612.0,616.0,604.78,605.52,606.36,607.09,"14,983","90,96,102.94",647
SETFNIFBK,EQ,2025-12-09,606.36,603.98,607.25,603.18,605.8,605.71,605.42,"12,282","74,35,774.66",386
SETFNIFBK,EQ,2025-12-10,605.71,602.76,609.12,602.13,603.35,603.14,604.71,"18,340","1,10,90,464.76",642
SETFNIFBK,EQ,2025-12-11,603.14,606.15,607.98,601.61,605.69,605.3,605.39,"62,361","3,77,52,538.91",491
SETFNIFBK,EQ,2025-12-12,605.3,607.6,609.3,606.0,608.0,607.89,607.85,"11,393","69,25,262.36",399
SETFNIFBK,EQ,2025-12-15,607.89,604.85,609.19,604.85,608.75,608.69,607.79,"23,285","1,41,52,501.30",399
SETFNIFBK,EQ,2025-12-16,608.69,606.01,607.29,604.01,604.35,604.7,605.82,"9,833","59,56,981.28",414
SETFNIFBK,EQ,2025-12-17,604.7,606.0,607.04,602.0,603.1,602.73,602.87,"88,421","5,33,06,662.82","1,710"
SETFNIFBK,EQ,2025-12-18,602.73,603.59,605.6,601.01,603.32,603.05,603.79,"41,283","2,49,26,458.99",341
SETFNIFBK,EQ,2025-12-19,603.05,587.97,605.12,587.97,604.89,604.8,604.52,"12,463","75,34,150.14",229
SETFNIFBK,EQ,2025-12-22,604.8,605.06,607.58,605.06,606.77,606.69,606.45,"10,972","66,53,982.24",320
SETFNIFBK,EQ,2025-12-23,606.69,606.4,607.5,605.51,606.0,606.64,606.54,"7,648","46,38,841.62",363
SETFNIFBK,EQ,2025-12-24,606.64,606.69,608.16,604.75,604.79,605.45,605.72,"27,239","1,64,99,231.66",516
SETFNIFBK,EQ,2025-12-26,605.45,605.45,605.59,603.09,604.0,603.61,604.51,"18,595","1,12,40,926.40",422
SETFNIFBK,EQ,2025-12-29,603.61,604.69,604.69,601.51,602.8,602.63,602.53,"12,675","76,37,026.68",429
SETFNIFBK,EQ,2025-12-30,602.63,605.93,606.99,601.0,606.99,606.15,604.42,"6,17,883","37,34,62,556.89",562
SETFNIFBK,EQ,2025-12-31,606.15,608.38,612.0,605.57,611.37,609.82,611.25,"59,191","3,61,80,339.41",525
SETFNIFBK,EQ,2026-01-01,609.82,609.83,611.79,608.87,610.75,610.42,610.66,"4,826","29,47,069.19",364
SETFNIFBK,EQ,2026-01-02,610.42,612.1,616.37,612.0,615.52,614.83,614.97,"45,348","2,78,87,823.21",437
SETFNIFBK,EQ,2026-01-05,614.83,614.83,619.08,612.04,614.12,614.15,615.98,"25,005","1,54,02,596.56",701
SETFNIFBK,EQ,2026-01-06,614.15,615.27,616.99,614.2,616.5,615.61,615.48,"67,153","4,13,31,385.92","1,046"
SETFNIFBK,EQ,2026-01-07,615.61,615.7,615.7,612.0,613.54,614.27,613.77,"14,778","90,70,276.92",402
SETFNIFBK,EQ,2026-01-08,614.27,614.27,615.27,610.75,612.1,611.7,614.65,"1,60,484","9,86,40,787.31",396
SETFNIFBK,EQ,2026-01-09,611.7,611.5,612.06,606.52,607.57,607.04,607.68,"61,528","3,73,89,586.08",555
SETFNIFBK,EQ,2026-01-12,607.04,608.9,609.99,603.0,608.55,608.44,607.41,"62,362","3,78,79,248.58",680
SETFNIFBK,EQ,2026-01-13,608.44,609.53,611.0,607.0,609.26,609.56,609.3,"6,882","41,93,219.95",252
SETFNIFBK,EQ,2026-01-14,609.56,609.15,611.34,607.73,610.12,609.62,609.63,"26,666","1,62,56,517.66",299
SETFNIFBK,EQ,2026-01-16,609.62,612.25,615.43,609.66,612.85,614.9,613.75,"28,246","1,73,35,861.46","1,205"
SETFNIFBK,EQ,2026-01-19,614.9,616.49,616.49,609.74,611.91,612.28,611.98,"1,08,128","6,61,72,593.43",604
SETFNIFBK,EQ,2026-01-20,612.28,612.28,612.93,604.17,608.6,607.01,608.51,"29,381","1,78,78,642.18",855
SETFNIFBK,EQ,2026-01-21,607.01,625.22,625.22,596.3,602.0,601.39,601.77,"26,545","1,59,73,865.39",941
SETFNIFBK,EQ,2026-01-22,601.39,607.16,609.45,602.01,606.37,605.83,605.75,"7,789","47,18,148.28",354
SETFNIFBK,EQ,2026-01-23,605.83,609.93,609.93,597.06,601.0,599.07,601.26,"20,259","1,21,80,915.00",631
SETFNIFBK,EQ,2026-01-27,599.07,599.07,608.51,594.51,607.9,605.69,599.38,"1,44,635","8,66,91,269.76",819
SETFNIFBK,EQ,2026-01-28,605.69,608.0,611.68,605.63,608.45,609.13,608.63,"1,23,481","7,51,54,557.99",944
SETFNIFBK,EQ,2026-01-29,609.13,610.71,615.0,607.29,614.0,613.34,613.08,"55,202","3,38,43,158.94",411
SETFNIFBK,EQ,2026-01-30,613.34,612.44,613.82,609.0,611.5,611.18,611.33,"22,913","1,40,07,414.92",638
SETFNIFBK,EQ,2026-02-01,611.18,610.54,612.77,590.96,597.8,598.24,607.22,"97,575","5,92,49,458.96","1,057"
SETFNIFBK,EQ,2026-02-02,598.24,598.24,600.68,592.46,600.4,599.76,596.89,"76,007","4,53,67,504.42",720
SETFNIFBK,EQ,2026-02-03,599.76,615.0,621.93,611.94,611.94,613.92,615.01,"1,29,367","7,95,61,911.09",943
SETFNIFBK,EQ,2026-02-04,613.92,614.83,617.85,612.88,615.0,615.65,615.83,"93,865","5,78,04,882.12",517
SETFNIFBK,EQ,2026-02-05,615.65,615.82,616.43,613.0,614.7,614.53,614.74,"13,948","85,74,416.38",460
SETFNIFBK,EQ,2026-02-06,614.53,614.54,617.05,610.5,614.54,615.13,613.06,"9,610","58,91,530.85",468
SETFNIFBK,EQ,2026-02-09,615.13,618.89,625.28,617.33,620.5,620.37,620.09,"15,781","97,85,660.66",528
SETFNIFBK,EQ,2026-02-10,620.37,620.37,622.1,619.41,620.09,620.95,620.98,"42,344","2,62,94,936.26",895
SETFNIFBK,EQ,2026-02-11,620.95,636.47,636.47,618.94,621.88,622.01,620.95,"11,721","72,78,206.42",414
SETFNIFBK,EQ,2026-02-12,622.01,621.75,623.43,620.98,622.92,622.83,622.73,"2,14,058","13,32,99,738.50","1,645"
SETFNIFBK,EQ,2026-02-13,622.83,622.82,622.82,616.01,617.13,617.68,618.5,"1,16,003","7,17,47,574.31","1,084"
SETFNIFBK,EQ,2026-02-16,617.68,616.59,624.39,614.42,622.8,623.54,622.7,"1,45,461","9,05,78,831.92",810
SETFNIFBK,EQ,2026-02-17,623.54,623.54,640.0,620.16,635.0,627.59,627.37,"2,66,554","16,72,28,580.89","1,796"
SETFNIFBK,EQ,2026-02-18,627.59,626.64,631.6,625.98,630.0,630.36,628.66,"2,59,977","16,34,37,687.87","1,773"
SETFNIFBK,EQ,2026-02-19,630.36,646.11,646.11,620.5,620.6,621.52,624.89,"28,804","1,79,99,270.73",908
SETFNIFBK,EQ,2026-02-20,621.52,621.53,628.49,621.53,627.37,626.1,625.53,"9,586","59,96,321.99",533
SETFNIFBK,EQ,2026-02-23,626.1,626.1,629.24,625.37,627.8,627.64,627.16,"14,286","89,59,585.33",732
SETFNIFBK,EQ,2026-02-24,627.64,627.58,629.31,623.34,624.02,625.0,625.36,"9,908","61,96,030.48",540
SETFNIFBK,EQ,2026-02-25,625.0,627.37,627.37,622.75,624.7,624.71,626.02,"43,732","2,73,76,985.85",428
SETFNIFBK,EQ,2026-02-26,624.71,624.71,627.4,622.59,625.05,625.28,625.23,"2,23,662","13,98,39,217.52","1,323"
SETFNIFBK,EQ,2026-02-27,625.28,625.28,625.28,618.12,618.83,619.87,621.1,"16,835","1,04,56,180.20",937
SETFNIFBK,EQ,2026-03-02,619.87,619.87,619.87,606.7,614.0,613.19,612.92,"53,129","3,25,63,883.61","1,460"
SETFNIFBK,EQ,2026-03-04,613.19,603.19,605.15,593.83,602.2,601.81,600.84,"1,21,777","7,31,68,033.56","1,894"
SETFNIFBK,EQ,2026-03-05,601.81,602.58,607.02,598.85,602.22,603.74,602.82,"80,947","4,87,96,458.06","1,069"
SETFNIFBK,EQ,2026-03-06,603.74,603.74,603.74,591.01,599.0,592.74,597.73,"88,040","5,26,23,826.42","1,596"
SETFNIFBK,EQ,2026-03-09,592.74,592.74,592.74,566.58,574.6,574.71,569.79,"2,41,168","13,74,15,036.78","4,036"
SETFNIFBK,EQ,2026-03-10,574.71,579.99,585.15,577.75,584.91,583.95,583.02,"1,01,840","5,93,74,772.88","1,266"
SETFNIFBK,EQ,2026-03-11,583.95,584.91,584.91,570.0,570.43,571.53,574.53,"45,692","2,62,51,416.54","1,468"
SETFNIFBK,EQ,2026-03-12,571.53,585.81,585.81,560.56,566.7,564.73,564.45,"1,53,518","8,66,53,780.60","5,605"
SETFNIFBK,EQ,2026-03-13,564.73,561.69,600.0,550.07,568.0,555.24,555.83,"4,87,223","27,08,11,361.90","3,716"
SETFNIFBK,EQ,2026-03-16,555.24,555.24,559.15,546.25,556.0,556.41,550.87,"1,28,956","7,10,38,440.89","2,816"
SETFNIFBK,EQ,2026-03-17,556.41,557.47,562.37,554.13,560.41,561.37,556.96,"1,35,092","7,52,41,444.79","1,572"
SETFNIFBK,EQ,2026-03-18,561.37,564.69,567.66,559.7,565.74,565.56,563.18,"1,26,040","7,09,83,289.80","2,847"
SETFNIFBK,EQ,2026-03-19,565.56,565.0,565.0,540.0,550.0,547.43,549.32,"8,23,649","45,24,48,208.77","4,482"
SETFNIFBK,EQ,2026-03-20,547.43,550.0,556.27,545.25,547.0,546.43,551.18,"80,449","4,43,41,687.23","2,076"
SETFNIFBK,EQ,2026-03-23,546.43,532.76,538.09,526.0,534.0,528.38,530.56,"6,66,939","35,38,51,259.34","6,521"
SETFNIFBK,EQ,2026-03-24,528.38,528.38,541.52,528.38,541.0,539.11,535.96,"52,479","2,81,26,784.76","2,009"
SETFNIFBK,EQ,2026-03-25,539.11,545.1,553.66,544.28,549.1,549.2,550.89,"1,07,348","5,91,36,644.71","2,438"
SETFNIFBK,EQ,2026-03-27,549.2,549.2,549.2,535.21,537.82,537.24,538.29,"5,24,888","28,25,39,389.65","2,751"
SETFNIFBK,EQ,2026-03-30,537.24,537.24,537.24,514.0,517.78,515.85,519.06,"4,11,484","21,35,86,426.52","4,455"
SETFNIFBK,EQ,2026-04-01,515.85,529.74,535.0,523.42,535.0,528.89,528.2,"93,048","4,91,48,248.05","1,662"
SETFNIFBK,EQ,2026-04-02,528.89,520.24,530.66,512.0,528.65,528.94,524.64,"2,75,879","14,47,36,530.19","3,616"
SETFNIFBK,EQ,2026-04-06,528.94,530.81,540.5,524.44,540.5,539.52,532.35,"73,356","3,90,51,125.71","2,033"
SETFNIFBK,EQ,2026-04-07,539.52,526.03,540.27,526.03,539.0,539.47,535.26,"73,805","3,95,04,984.51","1,082"
SETFNIFBK,EQ,2026-04-08,539.47,551.93,571.5,551.93,571.5,570.44,565.44,"1,82,548","10,32,19,749.56","2,095"
SETFNIFBK,EQ,2026-04-09,570.44,566.99,569.1,559.31,560.5,561.55,562.66,"1,99,561","11,22,84,986.15","1,673"
SETFNIFBK,EQ,2026-04-10,561.55,565.0,573.0,565.0,571.05,571.87,570.55,"58,537","3,33,98,351.06","1,497"
SETFNIFBK,EQ,2026-04-13,571.87,571.87,571.87,556.91,568.99,568.7,563.88,"52,625","2,96,74,097.84","1,424"
SETFNIFBK,EQ,2026-04-15,568.7,577.1,580.88,575.01,576.88,577.26,577.68,"51,417","2,97,02,675.60","1,270"
SETFNIFBK,EQ,2026-04-16,577.26,577.26,582.52,572.2,574.55,574.24,576.19,"1,06,393","6,13,02,343.63","3,556"
SETFNIFBK,EQ,2026-04-17,574.24,572.89,579.0,571.63,577.67,578.15,576.37,"28,708","1,65,46,377.02",636
SETFNIFBK,EQ,2026-04-20,578.15,577.81,583.0,576.4,578.88,579.06,579.87,"34,139","1,97,96,274.75","1,003"
SETFNIFBK,EQ,2026-04-21,579.06,581.0,586.99,581.0,586.5,586.34,585.2,"41,132","2,40,70,407.72",605
SETFNIFBK,EQ,2026-04-22,586.34,586.34,587.67,583.01,583.62,584.73,585.61,"20,731","1,21,40,309.13",617
SETFNIFBK,EQ,2026-04-23,584.73,584.73,584.73,575.12,576.95,576.71,578.29,"48,459","2,80,23,232.18","1,059"
SETFNIFBK,EQ,2026-04-24,576.71,575.0,578.02,570.5,574.86,574.01,572.5,"1,05,083","6,01,59,799.49","2,389"
SETFNIFBK,EQ,2026-04-27,574.01,574.11,577.51,572.5,577.0,575.91,575.6,"4,29,640","24,73,01,089.04","1,069"
SETFNIFBK,EQ,2026-04-28,575.91,570.91,574.45,565.82,568.67,567.14,569.35,"1,69,411","9,64,53,377.57","1,615"
SETFNIFBK,EQ,2026-04-29,567.14,569.04,574.4,565.62,566.3,566.65,570.14,"32,205","1,83,61,448.51",598
SETFNIFBK,EQ,2026-04-30,566.65,580.81,580.81,556.38,563.6,561.89,558.68,"74,724","4,17,46,555.09","1,132"
SETFNIFBK,EQ,2026-05-04,561.89,560.86,569.36,559.39,560.8,560.23,564.91,"1,53,184","8,65,35,490.29","1,067"
SETFNIFBK,EQ,2026-05-05,560.23,557.89,561.58,554.11,559.94,558.56,558.79,"1,06,951","5,97,63,253.96",919
SETFNIFBK,EQ,2026-05-06,558.56,559.55,574.3,558.51,574.3,572.67,560.61,"2,41,551","13,54,16,818.08","1,023"
SETFNIFBK,EQ,2026-05-07,572.67,574.13,575.12,570.15,574.05,572.65,572.15,"55,507","3,17,58,056.25",698
SETFNIFBK,EQ,2026-05-08,572.65,571.0,571.0,564.0,566.78,566.23,566.61,"2,77,660","15,73,24,418.22","2,377"
SETFNIFBK,EQ,2026-05-11,566.23,563.01,563.33,556.71,557.55,557.71,558.5,"86,552","4,83,39,235.08","1,496"
SETFNIFBK,EQ,2026-05-12,557.71,574.44,574.44,546.6,549.9,548.11,550.6,"85,920","4,73,07,355.94","1,911"
SETFNIFBK,EQ,2026-05-13,548.11,550.85,554.25,545.0,550.0,547.79,548.07,"2,02,917","11,12,12,762.28","1,138"
SETFNIFBK,EQ,2026-05-14,547.79,549.36,556.67,544.7,555.94,554.42,552.68,"74,789","4,13,34,222.10","1,282"
SETFNIFBK,EQ,2026-05-15,554.42,555.23,557.0,549.02,551.0,550.07,553.86,"66,132","3,66,28,157.98",826
SETFNIFBK,EQ,2026-05-18,550.07,545.02,550.0,541.11,549.9,548.86,545.86,"83,839","4,57,64,331.27","1,190"
SETFNIFBK,EQ,2026-05-19,548.86,548.86,552.4,547.05,552.4,548.06,549.21,"1,09,220","5,99,84,247.36","2,458"
SETFNIFBK,EQ,2026-05-20,548.06,545.0,550.0,541.62,550.0,549.16,544.35,"66,900","3,64,16,764.03",809
SETFNIFBK,EQ,2026-05-21,549.16,562.88,562.88,544.8,548.2,548.04,549.23,"62,714","3,44,44,153.18",928
SETFNIFBK,EQ,2026-05-22,548.04,548.82,556.5,548.82,556.5,555.19,555.52,"5,57,977","30,99,66,252.82","1,619"
SETFNIFBK,EQ,2026-05-25,555.19,562.94,568.0,557.97,566.93,566.28,564.03,"97,381","5,49,25,425.85","2,370"
SETFNIFBK,EQ,2026-05-26,566.28,566.01,568.59,563.02,566.21,564.72,566.15,"27,738","1,57,03,851.42",662
SETFNIFBK,EQ,2026-05-27,564.72,564.26,566.03,561.4,563.54,562.32,563.05,"40,905","2,30,31,370.98",695
SETFNIFBK,EQ,2026-05-29,562.32,559.78,565.56,555.5,557.58,556.47,557.98,"1,20,890","6,74,54,734.35","1,167"
SETFNIFBK,EQ,2026-06-01,556.47,558.38,560.06,547.29,549.38,549.11,548.02,"6,51,908","35,72,56,148.92","1,479"
SETFNIFBK,EQ,2026-06-02,549.11,549.1,553.05,544.85,551.5,551.05,548.86,"25,705","1,41,08,334.31",900
SETFNIFBK,EQ,2026-06-03,551.05,551.05,556.19,543.53,556.15,555.59,549.74,"1,01,199","5,56,32,709.76",982
SETFNIFBK,EQ,2026-06-04,555.59,569.47,569.47,551.06,556.45,556.28,555.55,"58,577","3,25,42,726.10",784
SETFNIFBK,EQ,2026-06-05,556.28,557.61,561.82,555.08,559.5,558.51,559.15,"57,871","3,23,58,566.43",777
SETFNIFBK,EQ,2026-06-08,558.51,554.55,557.95,553.0,553.83,554.14,555.1,"5,87,659","32,62,06,933.98",952
SETFNIFBK,EQ,2026-06-09,554.14,553.87,565.77,553.87,565.0,564.76,561.98,"1,56,681","8,80,51,763.20","1,160"
SETFNIFBK,EQ,2026-06-10,564.76,578.87,578.87,562.79,564.31,563.61,566.51,"71,463","4,04,84,298.10",594
SETFNIFBK,EQ,2026-06-11,563.61,558.75,568.99,558.75,564.53,564.69,565.98,"66,498","3,76,36,235.52",768
SETFNIFBK,EQ,2026-06-12,564.69,570.0,581.33,569.87,580.41,580.66,574.01,"1,16,664","6,69,65,813.07",921
SETFNIFBK,EQ,2026-06-15,580.66,585.07,591.62,584.16,586.85,585.42,587.34,"1,01,054","5,93,53,150.54","1,029"
SETFNIFBK,EQ,2026-06-16,585.42,586.01,587.71,583.67,585.84,586.03,585.19,"44,156","2,58,39,633.58","1,098"
SETFNIFBK,EQ,2026-06-17,586.03,586.97,589.78,585.58,589.0,588.94,588.65,"90,647","5,33,59,749.36",810
SETFNIFBK,EQ,2026-06-18,588.94,588.94,594.45,587.0,593.14,593.02,592.06,"49,332","2,92,07,318.87",959
SETFNIFBK,EQ,2026-06-19,593.02,591.24,593.21,590.1,592.0,591.79,591.47,"47,441","2,80,59,934.50",669
SETFNIFBK,EQ,2026-06-22,591.79,592.3,595.0,592.3,593.44,594.15,594.13,"21,145","1,25,62,796.89",541
SETFNIFBK,EQ,2026-06-23,594.15,591.56,595.64,586.57,587.25,587.59,590.71,"36,002","2,12,66,737.06",595
SETFNIFBK,EQ,2026-06-24,587.59,587.6,598.99,587.59,598.99,597.91,596.75,"1,34,376","8,01,88,468.83","1,170"
SETFNIFBK,EQ,2026-06-25,597.91,599.99,603.0,596.52,598.78,597.94,599.66,"37,904","2,27,29,377.32",769
SETFNIFBK,EQ,2026-06-29,597.94,594.95,599.55,591.05,594.55,593.2,592.31,"7,38,688","43,75,30,096.49","1,524"
SETFNIFBK,EQ,2026-06-30,593.2,622.86,622.86,589.5,593.78,591.75,591.88,"1,01,547","6,01,04,013.89",881
SETFNIFBK,EQ,2026-07-01,591.75,591.74,597.55,591.07,596.4,595.8,594.04,"56,944","3,38,26,745.52",501
SETFNIFBK,EQ,2026-07-02,595.8,592.82,600.0,592.82,595.85,596.32,597.56,"17,704","1,05,79,209.93",437
SETFNIFBK,EQ,2026-07-03,596.32,599.22,599.22,593.74,595.5,595.41,595.8,"70,400","4,19,44,232.09",800
SETFNIFBK,EQ,2026-07-06,595.41,593.76,601.0,593.73,599.5,598.31,598.59,"48,962","2,93,08,136.78",615
SETFNIFBK,EQ,2026-07-07,598.31,599.35,601.31,597.18,599.1,598.66,599.45,"47,386","2,84,05,717.09",840
SETFNIFBK,EQ,2026-07-08,598.66,595.37,596.68,581.11,584.5,583.37,590.55,"1,04,888","6,19,41,888.45","1,517"
SETFNIFBK,EQ,2026-07-09,583.37,585.99,590.65,584.59,588.65,587.68,587.73,"5,09,740","29,95,90,932.58","1,670"
SETFNIFBK,EQ,2026-07-10,587.68,589.41,597.44,589.4,596.7,595.55,594.76,"29,765","1,77,03,147.65",633
SETFNIFBK,EQ,2026-07-13,595.55,580.66,597.5,580.66,597.5,596.41,594.35,"15,206","90,37,611.40",576
SETFNIFBK,EQ,2026-07-14,596.41,596.41,596.41,588.01,588.86,590.21,590.37,"29,117","1,71,89,871.70",830
SETFNIFBK,EQ,2026-07-15,590.21,592.78,596.63,590.28,592.01,592.6,594.32,"13,440","79,87,723.92",466
SETFNIFBK,EQ,2026-07-16,592.6,592.64,594.57,590.76,592.85,592.36,592.08,"2,12,665","12,59,15,568.41",936
SETFNIFBK,EQ,2026-07-17,592.36,592.53,601.0,592.12,600.45,600.14,597.19,"31,260","1,86,68,112.25","1,504"
SETFNIFBK,EQ,2026-07-20,600.14,615.14,615.14,592.09,596.5,595.84,594.52,"60,106","3,57,34,308.89",971
SETFNIFBK,EQ,2026-07-21,595.84,596.94,597.75,594.01,595.0,594.71,595.04,"17,707","1,05,36,318.44",477
SETFNIFBK,EQ,2026-07-22,594.71,593.79,593.8,586.2,589.0,587.69,588.0,"1,75,885","10,34,20,428.56","5,984"
SETFNIFBK,EQ,2026-07-23,587.69,585.6,585.6,580.01,583.0,582.1,582.1,"1,19,961","6,98,29,652.58","1,565"
SETFNIFBK,EQ,2026-07-24,582.1,578.0,584.0,576.25,583.5,583.2,578.44,"51,346","2,97,00,443.27","2,361"
SETFNIFBK,EQ,2026-07-27,583.2,587.4,588.71,585.0,587.25,587.2,585.88,"93,554","5,48,10,968.04","3,642"
SETFNIFBK,EQ,2026-07-28,587.2,585.0,586.04,582.48,584.07,583.17,584.13,"68,740","4,01,52,911.38","2,138"
SETFNIFBK,EQ,2026-07-29,583.17,585.59,588.0,585.04,586.36,587.1,586.93,"14,769","86,68,441.33",363
SETFNIFBK,EQ,2026-07-30,587.1,587.1,587.1,583.11,586.2,586.02,584.89,"11,620","67,96,415.78","1,346"
SETFNIFBK,EQ,2026-07-31,586.02,588.03,589.49,586.76,588.38,588.0,588.51,"21,288","1,25,28,100.84",435
SETFNIFBK,EQ,2026-08-03,588.0,588.4,595.3,588.4,593.09,594.08,594.66,"2,82,537","16,80,12,739.70","1,770"
